# File generated by ImageToStl.com - Free Image and 3D model conversion tools

mtllib link3.mtl

o obj1
v 0.271 -0.035981 0.091935
v 0.306501 -0.03731 0.098728
v 0.271 -0.0375 0.1025
v 0.307059 -0.037447 0.100515
v 0.307282 -0.0375 0.1025
v 0.271 -0.031547 0.082226
v 0.300204 -0.03511 0.089327
v 0.304798 -0.036834 0.095465
v 0.271 -0.024557 0.074159
v 0.289792 -0.028202 0.077785
v 0.294962 -0.032243 0.083352
v 0.285101 -0.022967 0.072856
v 0.271 -0.015578 0.068389
v 0.281105 -0.016266 0.068712
v 0.278431 -0.008417 0.065957
v 0.271 -0.005337 0.065382
v 0.2775 0 0.065
v 0.271 0.005337 0.065382
v 0.278431 0.008417 0.065957
v 0.271 0.015578 0.068389
v 0.281105 0.016266 0.068712
v 0.285101 0.022967 0.072856
v 0.271 0.024557 0.074159
v 0.289792 0.028202 0.077785
v 0.271 0.031547 0.082226
v 0.294962 0.032243 0.083352
v 0.300204 0.03511 0.089327
v 0.271 0.035981 0.091935
v 0.304798 0.036834 0.095465
v 0.306501 0.03731 0.098728
v 0.271 0.0375 0.1025
v 0.307059 0.037447 0.100515
v 0.307282 0.0375 0.1025
v 0.316 0.0385 0.136418
v 0.326847 0.03694 0.133512
v 0.316 0.0385 0.0532
v 0.326847 0.03694 0.0532
v 0.336815 0.032388 0.130841
v 0.336815 0.032388 0.0532
v 0.345096 0.025212 0.128622
v 0.345096 0.025212 0.0532
v 0.351021 0.015993 0.127034
v 0.351021 0.015993 0.0532
v 0.354108 0.005479 0.126207
v 0.354108 0.005479 0.0532
v 0.354108 -0.005479 0.126207
v 0.354108 -0.005479 0.0532
v 0.351021 -0.015993 0.0532
v 0.351021 -0.015993 0.127034
v 0.345096 -0.025212 0.0532
v 0.345096 -0.025212 0.128622
v 0.336815 -0.032388 0.0532
v 0.336815 -0.032388 0.130841
v 0.326847 -0.03694 0.0532
v 0.326847 -0.03694 0.133512
v 0.316 -0.0385 0.0532
v 0.316 -0.0385 0.136418
v 0.055611 0 0.140365
v 0.066 0 0.14
v 0.059153 0.00749 0.13961
v 0.066 0.007314 0.13928
v 0.05934 0.014692 0.137444
v 0.066 0.014353 0.137145
v 0.059607 0.020739 0.134317
v 0.066 0.020835 0.133679
v 0.059957 0.02613 0.130189
v 0.066 0.026515 0.129018
v 0.060379 0.030697 0.12519
v 0.066 0.031179 0.123334
v 0.060859 0.034294 0.11948
v 0.066 0.034645 0.116852
v 0.061382 0.036808 0.113238
v 0.066 0.036779 0.109816
v 0.061933 0.038159 0.10666
v 0.066 0.0375 0.1025
v 0.062494 0.038306 0.099951
v 0.066 0.036779 0.095184
v 0.063049 0.037243 0.093322
v 0.066 0.034645 0.088148
v 0.063545 0.035194 0.087404
v 0.066 0.031179 0.081666
v 0.064007 0.032182 0.081896
v 0.064424 0.028289 0.076948
v 0.062033 0.032931 0.081633
v 0.062867 0.028947 0.076665
v 0.061327 0.029607 0.076298
v 0.062407 0.024721 0.072025
v 0.061254 0.025269 0.071598
v 0.06242 0.019583 0.068146
v 0.059 0.026378 0.070553
v 0.060743 0.020443 0.067182
v 0.056881 0.027477 0.069285
v 0.059181 0.021294 0.066062
v 0.054886 0.028581 0.067787
v 0.057723 0.02215 0.064782
v 0.053049 0.029685 0.066079
v 0.056395 0.023006 0.063355
v 0.051635 0.030621 0.064477
v 0.05538 0.023731 0.062039
v 0.050366 0.031557 0.062748
v 0.054478 0.024456 0.060636
v 0.048986 0.032742 0.0604
v 0.053509 0.025375 0.058748
v 0.047875 0.033928 0.057895
v 0.052743 0.026294 0.056753
v 0.047046 0.035113 0.055254
v 0.052191 0.027212 0.054665
v 0.049055 0.03278 0.0525
v 0.054508 0.022582 0.0525
v 0.055977 0.018566 0.054225
v 0.057867 0.011507 0.0525
v 0.058297 0.009412 0.053951
v 0.059 0 0.0525
v 0.058533 0.009094 0.05537
v 0.059516 0 0.056216
v 0.058898 0.008777 0.05675
v 0.059385 0.008459 0.058082
v 0.056846 0.017313 0.057516
v 0.057516 0.016686 0.059061
v 0.066 0.026515 0.075982
v 0.064784 0.023621 0.072696
v 0.063586 0.02417 0.072392
v 0.063284 0.019158 0.068559
v 0.063284 0.013361 0.065594
v 0.062034 0.013948 0.064684
v 0.060883 0.014529 0.063671
v 0.059824 0.015113 0.062548
v 0.058869 0.015696 0.061328
v 0.058149 0.016191 0.060223
v 0.066 0.020835 0.071321
v 0.065077 0.018306 0.069256
v 0.064171 0.018732 0.06893
v 0.063934 0.013071 0.066001
v 0.063817 0.006773 0.064023
v 0.06283 0.007071 0.063142
v 0.061934 0.007365 0.062191
v 0.061119 0.007661 0.061163
v 0.060394 0.007957 0.06007
v 0.059854 0.008208 0.059095
v 0.066 0.014353 0.067855
v 0.065293 0.01249 0.066725
v 0.064605 0.01278 0.066379
v 0.064335 0.006626 0.064429
v 0.063101 0 0.062618
v 0.066 0.007314 0.06572
v 0.065427 0.006332 0.065175
v 0.064872 0.006479 0.064813
v 0.066 0 0.065
v 0.060911 0 0.05964
v 0.041722 0.041717 0.0525
v 0.040685 0.042052 0.055974
v 0.041864 0.040633 0.059289
v 0.043408 0.039213 0.062418
v 0.045299 0.037793 0.065332
v 0.047023 0.036672 0.06746
v 0.048931 0.035551 0.069415
v 0.051393 0.034229 0.071473
v 0.054051 0.032907 0.073242
v 0.056856 0.031591 0.074699
v 0.05982 0.030263 0.07585
v 0.060077 0.033682 0.08126
v 0.061109 0.036013 0.087158
v 0.03278 0.049055 0.0525
v 0.033284 0.04784 0.056803
v 0.034877 0.046225 0.060897
v 0.03693 0.04461 0.064746
v 0.039419 0.042995 0.068314
v 0.041672 0.04172 0.070904
v 0.044155 0.040444 0.073268
v 0.047345 0.03894 0.075733
v 0.050772 0.037436 0.07782
v 0.054371 0.035939 0.079502
v 0.058158 0.034428 0.080784
v 0.058689 0.036835 0.086776
v 0.060117 0.038109 0.093091
v 0.025046 0.052318 0.057719
v 0.02258 0.054508 0.0525
v 0.016195 0.055363 0.058698
v 0.01151 0.057866 0.0525
v 0.006279 0.056943 0.059791
v 0 0.059 0.0525
v -0.003755 0.056725 0.060896
v -0.01151 0.057866 0.0525
v -0.013594 0.054716 0.061981
v -0.02258 0.054508 0.0525
v -0.022931 0.050979 0.063015
v -0.03278 0.049055 0.0525
v -0.031472 0.045632 0.063967
v -0.041722 0.041717 0.0525
v -0.038948 0.038844 0.064808
v -0.049055 0.03278 0.0525
v -0.045124 0.030829 0.06551
v -0.054508 0.022582 0.0525
v -0.0498 0.021841 0.066051
v -0.057867 0.011507 0.0525
v -0.053041 0.011134 0.066432
v -0.055787 0 0.062386
v -0.051759 0 0.071902
v -0.059 0 0.0525
v -0.046581 0.010759 0.079572
v -0.041372 0 0.089647
v -0.038572 0.010383 0.091791
v -0.028072 0 0.105379
v -0.029099 0.010007 0.10296
v -0.020661 0.00971 0.110939
v -0.018283 0.019047 0.10937
v -0.009346 0.018465 0.116323
v -0.006296 0.026063 0.113831
v 0.004592 0.025094 0.120607
v 0.00799 0.031618 0.117014
v 0.018901 0.030397 0.122234
v 0.022219 0.035708 0.117599
v 0.032744 0.03428 0.121295
v 0.035605 0.038297 0.115765
v 0.045608 0.036687 0.118113
v 0.047694 0.039377 0.111909
v 0.050623 0.035894 0.11885
v 0.052196 0.038525 0.112604
v 0.055739 0.035092 0.11931
v 0.056786 0.037664 0.113051
v -0.012198 0 0.118675
v -0.011472 0.009413 0.118073
v 0.002004 0.017778 0.123354
v 0.016148 0.024125 0.126089
v 0.03023 0.029181 0.126156
v 0.043694 0.032839 0.123798
v 0.049179 0.03213 0.124571
v 0.05478 0.031411 0.12504
v 0.000198 0.009063 0.125281
v 0.005729 0 0.12904
v 0.012586 0.008713 0.131093
v 0.025063 0 0.136151
v 0.025443 0.008365 0.135417
v 0.038809 0.008013 0.138261
v 0.039552 0.015718 0.13607
v 0.045487 0.00784 0.139092
v 0.04605 0.015379 0.136897
v 0.052329 0.007664 0.139548
v 0.052702 0.015034 0.137361
v 0.045291 0 0.139838
v 0.059008 0.039197 0.099735
v 0.0572 0.038979 0.092696
v 0.056314 0.037651 0.086264
v 0.051614 0.039303 0.08483
v 0.047132 0.04094 0.082895
v 0.042851 0.042585 0.080451
v 0.038852 0.04423 0.077534
v 0.035729 0.045624 0.074715
v 0.032885 0.047019 0.071611
v 0.029729 0.048785 0.067319
v 0.027106 0.050552 0.062674
v 0.057886 0.039047 0.106458
v 0.055535 0.040092 0.099322
v 0.054337 0.039842 0.092143
v 0.048658 0.04159 0.090542
v 0.04323 0.043323 0.088331
v 0.038032 0.045063 0.085502
v 0.033165 0.046804 0.082098
v 0.029354 0.04828 0.078791
v 0.025875 0.049755 0.075137
v 0.022 0.051624 0.07007
v 0.018761 0.053494 0.064573
v 0.053936 0.026738 0.13006
v 0.053236 0.021221 0.134212
v 0.038864 0.04456 0.094409
v 0.045352 0.042777 0.096931
v 0.052126 0.040979 0.098722
v 0.05385 0.039939 0.106027
v 0.034448 0.044389 0.100558
v 0.042007 0.042614 0.103395
v 0.049889 0.040822 0.105379
v 0.032641 0.04635 0.091149
v 0.026801 0.04814 0.087199
v 0.02222 0.049658 0.083346
v 0.018029 0.051176 0.079076
v 0.013347 0.053098 0.073143
v 0.009416 0.055021 0.066693
v 0.030115 0.042817 0.106592
v 0.038725 0.041104 0.109737
v 0.027186 0.046173 0.09686
v 0.020363 0.047956 0.092358
v 0.015002 0.049468 0.087952
v 0.010091 0.05098 0.08306
v 0.004591 0.052895 0.07625
v -4E-05 0.05481 0.068837
v 0.025996 0.039893 0.11233
v 0.021835 0.044537 0.102466
v 0.014046 0.046257 0.097422
v 0.007921 0.047716 0.092474
v 0.002303 0.049174 0.086971
v -0.003997 0.051022 0.079302
v -0.009315 0.052869 0.070943
v 0.012086 0.037143 0.112699
v -0.002289 0.032839 0.110577
v -0.01487 0.026885 0.107139
v -0.026491 0.019629 0.101599
v 0.016749 0.041495 0.107799
v 0.008044 0.043098 0.102242
v 0.001194 0.044457 0.096778
v -0.005094 0.045816 0.090695
v -0.012152 0.047537 0.082207
v -0.018118 0.049258 0.072949
v 0.01405 0.017091 0.129032
v 0.028143 0.02316 0.130191
v 0.026553 0.016408 0.133268
v 0.040616 0.022186 0.132924
v 0.042012 0.027954 0.128788
v 0.04791 0.02735 0.129588
v -0.004972 0.039794 0.100737
v 0.002542 0.038578 0.106672
v -0.010384 0.033874 0.104228
v -0.011871 0.04101 0.09412
v -0.019621 0.042551 0.084881
v -0.026177 0.044091 0.074795
v -0.022745 0.027707 0.099664
v -0.035709 0.020366 0.090725
v -0.017818 0.03491 0.097143
v -0.02617 0.036221 0.087241
v -0.033238 0.037533 0.076426
v 0.056331 0.01794 0.055901
v -0.039077 0.029788 0.077788
v -0.031592 0.028748 0.089212
v -0.043506 0.021104 0.078834
v 0.046855 0.021707 0.133742
v 0 0.056 0.0595
v -0.013402 0.054373 0.0595
v 0 0.056 0.0525
v -0.013402 0.054373 0.0525
v -0.026024 0.049586 0.0595
v -0.026024 0.049586 0.0525
v -0.037135 0.041917 0.0595
v -0.037135 0.041917 0.0525
v -0.046087 0.031812 0.0595
v -0.046087 0.031812 0.0525
v -0.052361 0.019858 0.0595
v -0.052361 0.019858 0.0525
v -0.055592 0.00675 0.0595
v -0.055592 0.00675 0.0525
v -0.055592 -0.00675 0.0595
v -0.055592 -0.00675 0.0525
v -0.052361 -0.019858 0.0595
v -0.052361 -0.019858 0.0525
v -0.046087 -0.031812 0.0595
v -0.046087 -0.031812 0.0525
v -0.037135 -0.041917 0.0595
v -0.037135 -0.041917 0.0525
v -0.026024 -0.049586 0.0595
v -0.026024 -0.049586 0.0525
v -0.013402 -0.054373 0.0595
v -0.013402 -0.054373 0.0525
v 0 -0.056 0.0525
v 0 -0.056 0.0595
v 0.071 -0.0375 0.1025
v 0.071 -0.035981 0.091935
v 0.266 -0.0375 0.1025
v 0.266 -0.035981 0.091935
v 0.071 -0.031547 0.082226
v 0.266 -0.031547 0.082226
v 0.071 -0.024557 0.074159
v 0.266 -0.024557 0.074159
v 0.071 -0.015578 0.068389
v 0.266 -0.015578 0.068389
v 0.071 -0.005337 0.065382
v 0.266 -0.005337 0.065382
v 0.071 0.005337 0.065382
v 0.266 0.005337 0.065382
v 0.071 0.015578 0.068389
v 0.266 0.015578 0.068389
v 0.071 0.024557 0.074159
v 0.266 0.024557 0.074159
v 0.071 0.031547 0.082226
v 0.266 0.031547 0.082226
v 0.071 0.035981 0.091935
v 0.266 0.035981 0.091935
v 0.266 0.0375 0.1025
v 0.071 0.0375 0.1025
v 0.266 0.0375 0.1025
v 0.071 0.0375 0.1025
v 0.266 0.035981 0.113065
v 0.071 0.035981 0.113065
v 0.071 0.031547 0.122774
v 0.266 0.031547 0.122774
v 0.071 0.024557 0.130841
v 0.266 0.024557 0.130841
v 0.071 0.015578 0.136611
v 0.266 0.015578 0.136611
v 0.071 0.005337 0.139618
v 0.266 0.005337 0.139618
v 0.071 -0.005337 0.139618
v 0.266 -0.005337 0.139618
v 0.071 -0.015578 0.136611
v 0.266 -0.015578 0.136611
v 0.071 -0.024557 0.130841
v 0.266 -0.024557 0.130841
v 0.071 -0.031547 0.122774
v 0.266 -0.031547 0.122774
v 0.071 -0.035981 0.113065
v 0.266 -0.035981 0.113065
v 0.071 -0.035981 0.113065
v 0.071 -0.035885 0.113037
v 0.071 -0.0375 0.1025
v 0.071 -0.0374 0.1025
v 0.071 -0.035885 0.091963
v 0.071 -0.031463 0.12272
v 0.071 -0.031547 0.122774
v 0.071 -0.024492 0.130765
v 0.071 -0.024557 0.130841
v 0.071 -0.015537 0.13652
v 0.071 -0.015578 0.136611
v 0.071 -0.005323 0.139519
v 0.071 -0.005337 0.139618
v 0.071 0.005337 0.139618
v 0.071 0.005323 0.139519
v 0.071 0.015578 0.136611
v 0.071 0.015537 0.13652
v 0.071 0.024557 0.130841
v 0.071 0.024492 0.130765
v 0.071 0.031547 0.122774
v 0.071 0.031463 0.12272
v 0.071 0.035981 0.113065
v 0.071 0.035885 0.113037
v 0.071 0.0375 0.1025
v 0.071 0.0374 0.1025
v 0.071 0.035885 0.091963
v 0.071 0.035981 0.091935
v 0.071 0.031463 0.08228
v 0.071 0.031547 0.082226
v 0.071 0.024492 0.074235
v 0.071 0.024557 0.074159
v 0.071 0.015537 0.06848
v 0.071 0.015578 0.068389
v 0.071 0.005323 0.065481
v 0.071 0.005337 0.065382
v 0.071 -0.005337 0.065382
v 0.071 -0.005323 0.065481
v 0.071 -0.015578 0.068389
v 0.071 -0.015537 0.06848
v 0.071 -0.024557 0.074159
v 0.071 -0.024492 0.074235
v 0.071 -0.031547 0.082226
v 0.071 -0.031463 0.08228
v 0.071 -0.035981 0.091935
v 0.066 0.007314 0.13928
v 0.066 0 0.14
v 0.066 0 0.1399
v 0.066 -0.007314 0.13928
v 0.066 -0.007296 0.139181
v 0.066 -0.014312 0.137053
v 0.066 -0.014353 0.137145
v 0.066 -0.020778 0.133597
v 0.066 -0.020835 0.133679
v 0.066 -0.026515 0.129018
v 0.066 -0.026446 0.128946
v 0.066 -0.031179 0.123334
v 0.066 -0.031097 0.123278
v 0.066 -0.034645 0.116852
v 0.066 -0.034553 0.116812
v 0.066 -0.036779 0.109816
v 0.066 -0.036681 0.109796
v 0.066 -0.0375 0.1025
v 0.066 -0.0374 0.1025
v 0.066 -0.036681 0.095204
v 0.066 -0.036779 0.095184
v 0.066 -0.034553 0.088188
v 0.066 -0.034645 0.088148
v 0.066 -0.031097 0.081722
v 0.066 -0.031179 0.081666
v 0.066 -0.026446 0.076054
v 0.066 -0.026515 0.075982
v 0.066 -0.020778 0.071403
v 0.066 -0.020835 0.071321
v 0.066 -0.014353 0.067855
v 0.066 -0.014312 0.067947
v 0.066 -0.007314 0.06572
v 0.066 -0.007296 0.065819
v 0.066 0 0.0651
v 0.066 0 0.065
v 0.066 0.007314 0.06572
v 0.066 0.014353 0.067855
v 0.066 0.014312 0.067947
v 0.066 0.007296 0.065819
v 0.066 0.020778 0.071403
v 0.066 0.020835 0.071321
v 0.066 0.026515 0.075982
v 0.066 0.026446 0.076054
v 0.066 0.031179 0.081666
v 0.066 0.031097 0.081722
v 0.066 0.034645 0.088148
v 0.066 0.034553 0.088188
v 0.066 0.036779 0.095184
v 0.066 0.036681 0.095204
v 0.066 0.0375 0.1025
v 0.066 0.0374 0.1025
v 0.066 0.036681 0.109796
v 0.066 0.036779 0.109816
v 0.066 0.034553 0.116812
v 0.066 0.034645 0.116852
v 0.066 0.031097 0.123278
v 0.066 0.031179 0.123334
v 0.066 0.026446 0.128946
v 0.066 0.026515 0.129018
v 0.066 0.020778 0.133597
v 0.066 0.020835 0.133679
v 0.066 0.014353 0.137145
v 0.066 0.014312 0.137053
v 0.066 0.007296 0.139181
v -0.013402 -0.054373 0.0595
v -0.013402 0.054373 0.0595
v 0 -0.056 0.0595
v 0 0.056 0.0595
v 0.013402 -0.054373 0.0595
v 0.013402 0.054373 0.0595
v 0.026024 -0.049586 0.0595
v 0.026024 0.049586 0.0595
v 0.037135 -0.041917 0.0595
v 0.037135 0.041917 0.0595
v 0.046087 -0.031812 0.0595
v 0.046087 0.031812 0.0595
v 0.052361 -0.019858 0.0595
v 0.052361 0.019858 0.0595
v 0.055592 -0.00675 0.0595
v 0.055592 0.00675 0.0595
v -0.026024 0.049586 0.0595
v -0.026024 -0.049586 0.0595
v -0.037135 0.041917 0.0595
v -0.037135 -0.041917 0.0595
v -0.046087 0.031812 0.0595
v -0.046087 -0.031812 0.0595
v -0.052361 0.019858 0.0595
v -0.052361 -0.019858 0.0595
v -0.055592 0.00675 0.0595
v -0.055592 -0.00675 0.0595
v 0 -0.056 0.0525
v 0 -0.056 0.0595
v 0.013402 -0.054373 0.0525
v 0.013402 -0.054373 0.0595
v 0.026024 -0.049586 0.0595
v 0.026024 -0.049586 0.0525
v 0.037135 -0.041917 0.0595
v 0.037135 -0.041917 0.0525
v 0.046087 -0.031812 0.0595
v 0.046087 -0.031812 0.0525
v 0.052361 -0.019858 0.0595
v 0.052361 -0.019858 0.0525
v 0.055592 -0.00675 0.0595
v 0.055592 -0.00675 0.0525
v 0.055592 0.00675 0.0595
v 0.055592 0.00675 0.0525
v 0.052361 0.019858 0.0595
v 0.052361 0.019858 0.0525
v 0.046087 0.031812 0.0595
v 0.046087 0.031812 0.0525
v 0.037135 0.041917 0.0595
v 0.037135 0.041917 0.0525
v 0.026024 0.049586 0.0595
v 0.026024 0.049586 0.0525
v 0.013402 0.054373 0.0595
v 0.013402 0.054373 0.0525
v -0.057867 0.011507 0.0525
v -0.055592 0.00675 0.0525
v -0.059 0 0.0525
v -0.055592 -0.00675 0.0525
v -0.057867 -0.011507 0.0525
v -0.052361 -0.019858 0.0525
v -0.054508 -0.022582 0.0525
v -0.046087 -0.031812 0.0525
v -0.049055 -0.03278 0.0525
v -0.041722 -0.041717 0.0525
v -0.037135 -0.041917 0.0525
v -0.03278 -0.049055 0.0525
v -0.026024 -0.049586 0.0525
v -0.02258 -0.054508 0.0525
v -0.013402 -0.054373 0.0525
v -0.01151 -0.057866 0.0525
v 0 -0.056 0.0525
v 0 -0.059 0.0525
v 0.01151 -0.057866 0.0525
v 0.013402 -0.054373 0.0525
v 0.02258 -0.054508 0.0525
v 0.026024 -0.049586 0.0525
v 0.03278 -0.049055 0.0525
v 0.037135 -0.041917 0.0525
v 0.041722 -0.041717 0.0525
v 0.046087 -0.031812 0.0525
v 0.049055 -0.03278 0.0525
v 0.054508 -0.022582 0.0525
v 0.052361 -0.019858 0.0525
v 0.057867 -0.011507 0.0525
v 0.055592 -0.00675 0.0525
v 0.059 0 0.0525
v 0.055592 0.00675 0.0525
v 0.057867 0.011507 0.0525
v 0.052361 0.019858 0.0525
v 0.054508 0.022582 0.0525
v 0.046087 0.031812 0.0525
v 0.049055 0.03278 0.0525
v 0.041722 0.041717 0.0525
v 0.037135 0.041917 0.0525
v 0.03278 0.049055 0.0525
v 0.026024 0.049586 0.0525
v 0.02258 0.054508 0.0525
v 0.013402 0.054373 0.0525
v 0.01151 0.057866 0.0525
v 0 0.056 0.0525
v 0 0.059 0.0525
v -0.01151 0.057866 0.0525
v -0.013402 0.054373 0.0525
v -0.02258 0.054508 0.0525
v -0.026024 0.049586 0.0525
v -0.03278 0.049055 0.0525
v -0.037135 0.041917 0.0525
v -0.041722 0.041717 0.0525
v -0.046087 0.031812 0.0525
v -0.049055 0.03278 0.0525
v -0.054508 0.022582 0.0525
v -0.052361 0.019858 0.0525
v 0.057867 -0.011507 0.0525
v 0.058803 -0.005594 0.05389
v 0.059015 -0.005405 0.055252
v 0.059347 -0.005216 0.05658
v 0.057677 -0.014509 0.057207
v 0.058273 -0.013983 0.058666
v 0.055373 -0.022498 0.060173
v 0.056196 -0.02183 0.061506
v 0.052398 -0.029403 0.063982
v 0.05373 -0.028504 0.065525
v 0.049423 -0.034945 0.069017
v 0.051811 -0.033645 0.071033
v 0.047504 -0.038784 0.075566
v 0.0509 -0.037286 0.077641
v 0.046992 -0.041049 0.08309
v 0.051508 -0.039407 0.085036
v 0.048321 -0.041775 0.091194
v 0.054111 -0.040019 0.092814
v 0.051894 -0.041023 0.099411
v 0.058892 -0.039239 0.10043
v 0.057771 -0.038961 0.107149
v 0.066 -0.0375 0.1025
v 0.066 -0.036779 0.109816
v 0.059795 -0.005028 0.057865
v 0.058839 -0.013569 0.059768
v 0.057123 -0.021163 0.062759
v 0.055463 -0.027444 0.067176
v 0.054389 -0.032346 0.072769
v 0.054469 -0.035795 0.079314
v 0.056243 -0.037751 0.086475
v 0.060004 -0.038278 0.093768
v 0.066 -0.036779 0.095184
v 0.061403 -0.004553 0.060858
v 0.060729 -0.004729 0.059792
v 0.060228 -0.004878 0.058846
v 0.059486 -0.013154 0.06082
v 0.063934 -0.004026 0.063679
v 0.063005 -0.004202 0.062803
v 0.062164 -0.004378 0.061865
v 0.062356 -0.011689 0.06406
v 0.061308 -0.012176 0.063073
v 0.061123 -0.018806 0.066447
v 0.059682 -0.019589 0.065359
v 0.059354 -0.025329 0.069867
v 0.057349 -0.026384 0.06863
v 0.057112 -0.031052 0.074204
v 0.064931 -0.003851 0.06447
v 0.066 -0.007314 0.06572
v 0.064713 -0.01071 0.065744
v 0.066 -0.014353 0.067855
v 0.064299 -0.017232 0.068178
v 0.066 -0.020835 0.071321
v 0.063705 -0.023209 0.071686
v 0.066 -0.026515 0.075982
v 0.062953 -0.028453 0.076154
v 0.066 -0.031179 0.081666
v 0.062066 -0.032799 0.081438
v 0.066 -0.034645 0.088148
v 0.061073 -0.036109 0.087371
v 0.056674 -0.037452 0.113718
v 0.066 -0.034645 0.116852
v 0.055636 -0.03476 0.119931
v 0.066 -0.031179 0.123334
v 0.054686 -0.030971 0.125595
v 0.066 -0.026515 0.129018
v 0.053857 -0.026204 0.130532
v 0.066 -0.020835 0.133679
v 0.053172 -0.020609 0.134586
v 0.066 -0.014353 0.137145
v 0.052657 -0.014364 0.137625
v 0.066 -0.007314 0.13928
v 0.052329 -0.007664 0.139548
v 0.055611 0 0.140365
v 0.045291 0 0.139838
v 0.066 0 0.14
v 0.038809 -0.008013 0.138261
v 0.025063 0 0.136151
v 0.025443 -0.008365 0.135417
v 0.012586 -0.008713 0.131093
v 0.013873 -0.016329 0.12928
v 0.001786 -0.016985 0.123586
v 0.004285 -0.02437 0.120932
v -0.006658 -0.025311 0.114126
v -0.002745 -0.032183 0.110946
v -0.010893 -0.033197 0.104558
v -0.005569 -0.039237 0.101122
v -0.012529 -0.040436 0.094453
v -0.005827 -0.045383 0.091065
v -0.01296 -0.047088 0.082496
v -0.004865 -0.050734 0.07961
v -0.010252 -0.052571 0.071156
v -0.001013 -0.054689 0.069058
v -0.004787 -0.0566 0.061009
v 0.005242 -0.057004 0.059905
v 0 -0.059 0.0525
v 0.01151 -0.057866 0.0525
v 0.005729 0 0.12904
v 0.000198 -0.009063 0.125281
v -0.009602 -0.017641 0.116533
v -0.015275 -0.02611 0.107403
v -0.018378 -0.034212 0.097428
v -0.020345 -0.041955 0.085141
v -0.018991 -0.048793 0.073148
v -0.014589 -0.054408 0.062091
v -0.01151 -0.057866 0.0525
v -0.012198 0 0.118675
v -0.011472 -0.009413 0.118073
v -0.01857 -0.018197 0.109558
v -0.02319 -0.026908 0.099893
v -0.026786 -0.035497 0.087465
v -0.026958 -0.043474 0.074975
v -0.023856 -0.050498 0.063117
v -0.02258 -0.054508 0.0525
v -0.020661 -0.00971 0.110939
v -0.028072 0 0.105379
v -0.029099 -0.010007 0.10296
v -0.038572 -0.010383 0.091791
v -0.036055 -0.019458 0.090853
v -0.043878 -0.020162 0.078922
v -0.039604 -0.028929 0.077911
v -0.04568 -0.02994 0.065574
v -0.039651 -0.038068 0.064887
v -0.049055 -0.03278 0.0525
v -0.041722 -0.041717 0.0525
v -0.041372 0 0.089647
v -0.046581 -0.010759 0.079572
v -0.050192 -0.020867 0.066096
v -0.054508 -0.022582 0.0525
v -0.051759 0 0.071902
v -0.053041 -0.011134 0.066432
v -0.055787 0 0.062386
v -0.057867 -0.011507 0.0525
v -0.059 0 0.0525
v -0.032299 -0.044993 0.064059
v -0.03278 -0.049055 0.0525
v 0.015184 -0.055609 0.058809
v 0.02258 -0.054508 0.0525
v 0.024728 -0.052457 0.057754
v 0.03278 -0.049055 0.0525
v 0.033575 -0.047648 0.056771
v 0.041447 -0.041335 0.055888
v 0.035151 -0.04604 0.060834
v 0.042583 -0.03994 0.059123
v 0.037184 -0.044431 0.064655
v 0.044075 -0.038544 0.062178
v 0.039649 -0.042822 0.068197
v 0.045905 -0.037149 0.065024
v 0.041882 -0.041552 0.07077
v 0.047574 -0.036047 0.067104
v 0.044342 -0.040282 0.073118
v 0.041722 -0.041717 0.0525
v 0.048095 -0.033717 0.055135
v 0.048867 -0.032578 0.057663
v 0.049907 -0.03144 0.060064
v 0.051204 -0.030302 0.062319
v 0.049055 -0.03278 0.0525
v 0.053308 -0.025033 0.054536
v 0.053801 -0.024188 0.056503
v 0.054492 -0.023343 0.058387
v 0.054508 -0.022582 0.0525
v 0.056918 -0.015559 0.054114
v 0.057223 -0.015034 0.055687
v 0.026806 -0.050686 0.062742
v 0.029451 -0.048915 0.067418
v 0.032633 -0.047144 0.071738
v 0.0355 -0.045746 0.074862
v 0.038647 -0.044347 0.077698
v 0.042678 -0.042698 0.080633
v 0.017808 -0.053731 0.064789
v 0.021117 -0.051854 0.070384
v 0.025075 -0.049976 0.075539
v 0.028627 -0.048494 0.079256
v 0.032516 -0.047012 0.082619
v 0.037482 -0.045264 0.086079
v 0.042785 -0.043515 0.088951
v 0.008438 -0.05508 0.066915
v 0.012441 -0.053155 0.073465
v 0.017208 -0.051231 0.079488
v 0.021474 -0.049711 0.083822
v 0.026135 -0.048192 0.087733
v 0.032077 -0.0464 0.09174
v 0.038408 -0.044608 0.095045
v 0.045006 -0.042823 0.0976
v -0.033902 -0.036783 0.07658
v 0.003691 -0.052778 0.07657
v 0.001516 -0.048897 0.087367
v 0.000527 -0.044037 0.097206
v 0.002008 -0.038038 0.107103
v 0.007604 -0.030986 0.117422
v 0.015899 -0.023429 0.126438
v 0.026419 -0.015676 0.133527
v 0.009274 -0.050867 0.083469
v 0.01426 -0.049359 0.088426
v 0.0197 -0.04785 0.092889
v 0.026625 -0.046071 0.097448
v 0.033994 -0.044291 0.10119
v 0.041663 -0.04252 0.10406
v 0.049659 -0.040732 0.106064
v -0.032081 -0.027918 0.089391
v -0.026806 -0.018753 0.101762
v 0.060347 -0.012665 0.061989
v 0.058342 -0.020376 0.064125
v 0.021294 -0.044286 0.103033
v 0.013407 -0.045997 0.097934
v 0.007205 -0.047447 0.092931
v 0.016245 -0.041104 0.108329
v 0.007449 -0.042691 0.102721
v 0.029676 -0.042576 0.107202
v 0.038393 -0.040873 0.110378
v 0.047472 -0.039155 0.11257
v 0.011633 -0.036623 0.113175
v 0.025588 -0.039516 0.1129
v 0.035296 -0.037936 0.116363
v 0.045401 -0.036341 0.118728
v 0.018589 -0.029789 0.122672
v 0.027954 -0.022492 0.130556
v 0.039463 -0.015017 0.136334
v 0.021853 -0.035209 0.11811
v 0.032466 -0.0338 0.121832
v 0.043508 -0.03238 0.12435
v 0.0635 -0.011197 0.064958
v 0.062674 -0.018015 0.067394
v 0.061491 -0.024264 0.070895
v 0.059991 -0.029747 0.075342
v 0.058223 -0.03429 0.08059
v 0.041854 -0.027396 0.129258
v 0.029993 -0.028598 0.126614
v 0.04049 -0.021546 0.133298
v 0.271 -0.035981 0.113065
v 0.271 -0.035885 0.113037
v 0.271 -0.0375 0.1025
v 0.271 -0.0374 0.1025
v 0.271 -0.035885 0.091963
v 0.271 -0.031463 0.12272
v 0.271 -0.031547 0.122774
v 0.271 -0.024492 0.130765
v 0.271 -0.024557 0.130841
v 0.271 -0.015537 0.13652
v 0.271 -0.015578 0.136611
v 0.271 -0.005323 0.139519
v 0.271 -0.005337 0.139618
v 0.271 0.005337 0.139618
v 0.271 0.005323 0.139519
v 0.271 0.015578 0.136611
v 0.271 0.015537 0.13652
v 0.271 0.024557 0.130841
v 0.271 0.024492 0.130765
v 0.271 0.031547 0.122774
v 0.271 0.031463 0.12272
v 0.271 0.035981 0.113065
v 0.271 0.035885 0.113037
v 0.271 0.0375 0.1025
v 0.271 0.0374 0.1025
v 0.271 0.035885 0.091963
v 0.271 0.035981 0.091935
v 0.271 0.031463 0.08228
v 0.271 0.031547 0.082226
v 0.271 0.024492 0.074235
v 0.271 0.024557 0.074159
v 0.271 0.015537 0.06848
v 0.271 0.015578 0.068389
v 0.271 0.005323 0.065481
v 0.271 0.005337 0.065382
v 0.271 -0.005337 0.065382
v 0.271 -0.005323 0.065481
v 0.271 -0.015578 0.068389
v 0.271 -0.015537 0.06848
v 0.271 -0.024557 0.074159
v 0.271 -0.024492 0.074235
v 0.271 -0.031547 0.082226
v 0.271 -0.031463 0.08228
v 0.271 -0.035981 0.091935
v 0.266 0.035981 0.113065
v 0.266 0.035885 0.113037
v 0.266 0.0375 0.1025
v 0.266 0.0374 0.1025
v 0.266 0.035885 0.091963
v 0.266 0.031463 0.12272
v 0.266 0.031547 0.122774
v 0.266 0.024492 0.130765
v 0.266 0.024557 0.130841
v 0.266 0.015537 0.13652
v 0.266 0.015578 0.136611
v 0.266 0.005323 0.139519
v 0.266 0.005337 0.139618
v 0.266 -0.005337 0.139618
v 0.266 -0.005323 0.139519
v 0.266 -0.015578 0.136611
v 0.266 -0.015537 0.13652
v 0.266 -0.024557 0.130841
v 0.266 -0.024492 0.130765
v 0.266 -0.031547 0.122774
v 0.266 -0.031463 0.12272
v 0.266 -0.035981 0.113065
v 0.266 -0.035885 0.113037
v 0.266 -0.0375 0.1025
v 0.266 -0.0374 0.1025
v 0.266 -0.035885 0.091963
v 0.266 -0.035981 0.091935
v 0.266 -0.031463 0.08228
v 0.266 -0.031547 0.082226
v 0.266 -0.024492 0.074235
v 0.266 -0.024557 0.074159
v 0.266 -0.015537 0.06848
v 0.266 -0.015578 0.068389
v 0.266 -0.005323 0.065481
v 0.266 -0.005337 0.065382
v 0.266 0.005337 0.065382
v 0.266 0.005323 0.065481
v 0.266 0.015578 0.068389
v 0.266 0.015537 0.06848
v 0.266 0.024557 0.074159
v 0.266 0.024492 0.074235
v 0.266 0.031547 0.082226
v 0.266 0.031463 0.08228
v 0.266 0.035981 0.091935
v 0.305153 -0.03694 0.139324
v 0.316 -0.0385 0.136418
v 0.316 -0.0383 0.136418
v 0.326847 -0.03694 0.133512
v 0.32679 -0.036749 0.133527
v 0.336815 -0.032388 0.130841
v 0.336706 -0.03222 0.13087
v 0.345096 -0.025212 0.128622
v 0.344945 -0.025081 0.128662
v 0.351021 -0.015993 0.127034
v 0.350839 -0.01591 0.127083
v 0.354108 -0.005479 0.126207
v 0.35391 -0.005451 0.12626
v 0.354108 0.005479 0.126207
v 0.35391 0.005451 0.12626
v 0.350839 0.01591 0.127083
v 0.351021 0.015993 0.127034
v 0.344945 0.025081 0.128662
v 0.345096 0.025212 0.128622
v 0.336706 0.03222 0.13087
v 0.336815 0.032388 0.130841
v 0.32679 0.036749 0.133527
v 0.326847 0.03694 0.133512
v 0.316 0.0383 0.136418
v 0.316 0.0385 0.136418
v 0.305153 0.03694 0.139324
v 0.30521 0.036749 0.139309
v 0.295185 0.032388 0.141995
v 0.295293 0.03222 0.141966
v 0.286904 0.025212 0.144214
v 0.287055 0.025081 0.144174
v 0.280979 0.015993 0.145802
v 0.281161 0.01591 0.145753
v 0.277892 0.005479 0.146629
v 0.27809 0.005451 0.146576
v 0.27809 -0.005451 0.146576
v 0.277892 -0.005479 0.146629
v 0.281161 -0.01591 0.145753
v 0.280979 -0.015993 0.145802
v 0.287055 -0.025081 0.144174
v 0.286904 -0.025212 0.144214
v 0.295293 -0.03222 0.141966
v 0.295185 -0.032388 0.141995
v 0.30521 -0.036749 0.139309
v 0.305153 -0.03694 0.0532
v 0.30521 -0.036749 0.0532
v 0.316 -0.0385 0.0532
v 0.316 -0.0383 0.0532
v 0.32679 -0.036749 0.0532
v 0.295293 -0.03222 0.0532
v 0.295185 -0.032388 0.0532
v 0.287055 -0.025081 0.0532
v 0.286904 -0.025212 0.0532
v 0.281161 -0.01591 0.0532
v 0.280979 -0.015993 0.0532
v 0.27809 -0.005451 0.0532
v 0.277892 -0.005479 0.0532
v 0.277892 0.005479 0.0532
v 0.27809 0.005451 0.0532
v 0.280979 0.015993 0.0532
v 0.281161 0.01591 0.0532
v 0.286904 0.025212 0.0532
v 0.287055 0.025081 0.0532
v 0.295185 0.032388 0.0532
v 0.295293 0.03222 0.0532
v 0.305153 0.03694 0.0532
v 0.30521 0.036749 0.0532
v 0.316 0.0385 0.0532
v 0.316 0.0383 0.0532
v 0.32679 0.036749 0.0532
v 0.326847 0.03694 0.0532
v 0.336706 0.03222 0.0532
v 0.336815 0.032388 0.0532
v 0.344945 0.025081 0.0532
v 0.345096 0.025212 0.0532
v 0.350839 0.01591 0.0532
v 0.351021 0.015993 0.0532
v 0.35391 0.005451 0.0532
v 0.354108 0.005479 0.0532
v 0.354108 -0.005479 0.0532
v 0.35391 -0.005451 0.0532
v 0.351021 -0.015993 0.0532
v 0.350839 -0.01591 0.0532
v 0.345096 -0.025212 0.0532
v 0.344945 -0.025081 0.0532
v 0.336815 -0.032388 0.0532
v 0.336706 -0.03222 0.0532
v 0.326847 -0.03694 0.0532
v 0.316 -0.0385 0.136418
v 0.307282 -0.0375 0.1025
v 0.316 -0.0385 0.0532
v 0.307059 -0.037447 0.100515
v 0.305153 -0.03694 0.0532
v 0.306501 -0.03731 0.098728
v 0.304798 -0.036834 0.095465
v 0.307059 -0.037447 0.104485
v 0.305153 -0.03694 0.139324
v 0.306501 -0.03731 0.106272
v 0.304798 -0.036834 0.109535
v 0.300204 -0.03511 0.115673
v 0.295185 -0.032388 0.141995
v 0.294962 -0.032243 0.121648
v 0.289792 -0.028202 0.127215
v 0.286904 -0.025212 0.144214
v 0.285101 -0.022967 0.132144
v 0.280979 -0.015993 0.145802
v 0.281105 -0.016266 0.136288
v 0.278431 -0.008417 0.139043
v 0.277892 -0.005479 0.146629
v 0.2775 0 0.14
v 0.277892 0.005479 0.146629
v 0.278431 0.008417 0.139043
v 0.280979 0.015993 0.145802
v 0.281105 0.016266 0.136288
v 0.285101 0.022967 0.132144
v 0.286904 0.025212 0.144214
v 0.289792 0.028202 0.127215
v 0.295185 0.032388 0.141995
v 0.294962 0.032243 0.121648
v 0.300204 0.03511 0.115673
v 0.305153 0.03694 0.139324
v 0.304798 0.036834 0.109535
v 0.306501 0.03731 0.106272
v 0.307059 0.037447 0.104485
v 0.307282 0.0375 0.1025
v 0.305153 0.03694 0.0532
v 0.307059 0.037447 0.100515
v 0.306501 0.03731 0.098728
v 0.304798 0.036834 0.095465
v 0.300204 0.03511 0.089327
v 0.295185 0.032388 0.0532
v 0.294962 0.032243 0.083352
v 0.289792 0.028202 0.077785
v 0.286904 0.025212 0.0532
v 0.285101 0.022967 0.072856
v 0.280979 0.015993 0.0532
v 0.281105 0.016266 0.068712
v 0.278431 0.008417 0.065957
v 0.277892 0.005479 0.0532
v 0.2775 0 0.065
v 0.277892 -0.005479 0.0532
v 0.278431 -0.008417 0.065957
v 0.280979 -0.015993 0.0532
v 0.281105 -0.016266 0.068712
v 0.285101 -0.022967 0.072856
v 0.286904 -0.025212 0.0532
v 0.289792 -0.028202 0.077785
v 0.295185 -0.032388 0.0532
v 0.294962 -0.032243 0.083352
v 0.300204 -0.03511 0.089327
v 0.307282 0.0375 0.1025
v 0.271 0.0375 0.1025
v 0.307059 0.037447 0.104485
v 0.306501 0.03731 0.106272
v 0.304798 0.036834 0.109535
v 0.271 0.035981 0.113065
v 0.300204 0.03511 0.115673
v 0.271 0.031547 0.122774
v 0.294962 0.032243 0.121648
v 0.289792 0.028202 0.127215
v 0.271 0.024557 0.130841
v 0.285101 0.022967 0.132144
v 0.271 0.015578 0.136611
v 0.281105 0.016266 0.136288
v 0.278431 0.008417 0.139043
v 0.271 0.005337 0.139618
v 0.2775 0 0.14
v 0.271 -0.005337 0.139618
v 0.278431 -0.008417 0.139043
v 0.271 -0.015578 0.136611
v 0.281105 -0.016266 0.136288
v 0.285101 -0.022967 0.132144
v 0.271 -0.024557 0.130841
v 0.289792 -0.028202 0.127215
v 0.271 -0.031547 0.122774
v 0.294962 -0.032243 0.121648
v 0.300204 -0.03511 0.115673
v 0.271 -0.035981 0.113065
v 0.304798 -0.036834 0.109535
v 0.306501 -0.03731 0.106272
v 0.307059 -0.037447 0.104485
v 0.316 0.0383 0.0532
v 0.32679 0.036749 0.0532
v 0.316 0.0383 0.0482
v 0.32679 0.036749 0.0482
v 0.336706 0.03222 0.0532
v 0.336706 0.03222 0.0482
v 0.344945 0.025081 0.0532
v 0.344945 0.025081 0.0482
v 0.350839 0.01591 0.0532
v 0.350839 0.01591 0.0482
v 0.35391 0.005451 0.0532
v 0.35391 0.005451 0.0482
v 0.35391 -0.005451 0.0532
v 0.35391 -0.005451 0.0482
v 0.350839 -0.01591 0.0532
v 0.350839 -0.01591 0.0482
v 0.344945 -0.025081 0.0532
v 0.344945 -0.025081 0.0482
v 0.336706 -0.03222 0.0532
v 0.336706 -0.03222 0.0482
v 0.32679 -0.036749 0.0532
v 0.32679 -0.036749 0.0482
v 0.316 -0.0383 0.0482
v 0.316 -0.0383 0.0532
v 0.316 -0.0383 0.1573
v 0.316 -0.0383 0.136418
v 0.32679 -0.036749 0.1573
v 0.32679 -0.036749 0.133527
v 0.336706 -0.03222 0.1573
v 0.336706 -0.03222 0.13087
v 0.344945 -0.025081 0.1573
v 0.344945 -0.025081 0.128662
v 0.350839 -0.01591 0.1573
v 0.350839 -0.01591 0.127083
v 0.35391 -0.005451 0.1573
v 0.35391 -0.005451 0.12626
v 0.35391 0.005451 0.12626
v 0.35391 0.005451 0.1573
v 0.350839 0.01591 0.127083
v 0.350839 0.01591 0.1573
v 0.344945 0.025081 0.128662
v 0.344945 0.025081 0.1573
v 0.336706 0.03222 0.13087
v 0.336706 0.03222 0.1573
v 0.32679 0.036749 0.133527
v 0.32679 0.036749 0.1573
v 0.316 0.0383 0.136418
v 0.316 0.0383 0.1573
v 0.316 0.034845 0.162055
v 0.316 0.0333 0.1623
v 0.321092 0.033787 0.162224
v 0.32629 0.03167 0.1623
v 0.330825 0.030785 0.162224
v 0.335573 0.02694 0.1623
v 0.33924 0.025047 0.162224
v 0.34294 0.019573 0.1623
v 0.34559 0.017084 0.162224
v 0.34767 0.01029 0.1623
v 0.349311 0.007603 0.162224
v 0.3493 0 0.1623
v 0.350073 -0.002553 0.162224
v 0.34767 -0.01029 0.1623
v 0.347806 -0.012483 0.162224
v 0.34294 -0.019573 0.1623
v 0.342714 -0.021304 0.162224
v 0.335573 -0.02694 0.1623
v 0.335248 -0.028231 0.162224
v 0.32629 -0.03167 0.1623
v 0.326071 -0.03265 0.162224
v 0.316 -0.0333 0.1623
v 0.316 -0.034845 0.162055
v 0.326552 -0.034209 0.16163
v 0.316 -0.036239 0.161345
v 0.326944 -0.035481 0.160514
v 0.316 -0.037345 0.160239
v 0.3272 -0.03631 0.15901
v 0.316 -0.038055 0.158845
v 0.32679 -0.036749 0.1573
v 0.316 -0.0383 0.1573
v 0.336706 -0.03222 0.1573
v 0.337405 -0.031396 0.15901
v 0.336916 -0.030678 0.160514
v 0.34503 -0.02315 0.160514
v 0.34399 -0.022321 0.16163
v 0.349325 -0.013079 0.16163
v 0.344945 -0.025081 0.1573
v 0.345708 -0.023692 0.15901
v 0.350563 -0.013565 0.160514
v 0.3517 -0.002675 0.16163
v 0.350839 -0.01591 0.1573
v 0.351372 -0.013882 0.15901
v 0.353026 -0.002775 0.160514
v 0.350902 0.007966 0.16163
v 0.35391 -0.005451 0.1573
v 0.353892 -0.00284 0.15901
v 0.352199 0.008262 0.160514
v 0.347004 0.0179 0.16163
v 0.35391 0.005451 0.1573
v 0.353046 0.008455 0.15901
v 0.348156 0.018565 0.160514
v 0.34035 0.026243 0.16163
v 0.350839 0.01591 0.1573
v 0.348908 0.018999 0.15901
v 0.341255 0.027218 0.160514
v 0.331533 0.032255 0.16163
v 0.344945 0.025081 0.1573
v 0.341845 0.027855 0.15901
v 0.33211 0.033453 0.160514
v 0.321336 0.0354 0.16163
v 0.336706 0.03222 0.1573
v 0.332487 0.034235 0.15901
v 0.321534 0.036716 0.160514
v 0.316 0.036239 0.161345
v 0.32679 0.036749 0.1573
v 0.321663 0.037574 0.15901
v 0.316 0.037345 0.160239
v 0.316 0.0383 0.1573
v 0.316 0.038055 0.158845
v 0.336167 -0.029579 0.16163
v 0.316 -0.0355 0.0482
v 0.316 -0.0355 0.042
v 0.32697 -0.033763 0.0482
v 0.32697 -0.033763 0.042
v 0.336866 -0.02872 0.0482
v 0.336866 -0.02872 0.042
v 0.34472 -0.020866 0.0482
v 0.34472 -0.020866 0.042
v 0.349762 -0.01097 0.0482
v 0.349762 -0.01097 0.042
v 0.3515 0 0.0482
v 0.3515 0 0.042
v 0.349762 0.01097 0.0482
v 0.349762 0.01097 0.042
v 0.34472 0.020866 0.0482
v 0.34472 0.020866 0.042
v 0.336866 0.02872 0.0482
v 0.336866 0.02872 0.042
v 0.32697 0.033763 0.0482
v 0.32697 0.033763 0.042
v 0.316 0.0355 0.0482
v 0.316 0.0355 0.042
v 0.271 0.0374 0.1025
v 0.271 0.035885 0.091963
v 0.266 0.0374 0.1025
v 0.266 0.035885 0.091963
v 0.271 0.031463 0.08228
v 0.266 0.031463 0.08228
v 0.271 0.024492 0.074235
v 0.266 0.024492 0.074235
v 0.271 0.015537 0.06848
v 0.266 0.015537 0.06848
v 0.271 0.005323 0.065481
v 0.266 0.005323 0.065481
v 0.271 -0.005323 0.065481
v 0.266 -0.005323 0.065481
v 0.271 -0.015537 0.06848
v 0.266 -0.015537 0.06848
v 0.271 -0.024492 0.074235
v 0.266 -0.024492 0.074235
v 0.271 -0.031463 0.08228
v 0.266 -0.031463 0.08228
v 0.271 -0.035885 0.091963
v 0.266 -0.035885 0.091963
v 0.266 -0.0374 0.1025
v 0.271 -0.0374 0.1025
v 0.066 0.0374 0.1025
v 0.071 0.0374 0.1025
v 0.066 0.036681 0.095204
v 0.071 0.035885 0.091963
v 0.066 0.034553 0.088188
v 0.071 0.031463 0.08228
v 0.066 0.031097 0.081722
v 0.066 0.026446 0.076054
v 0.071 0.024492 0.074235
v 0.066 0.020778 0.071403
v 0.071 0.015537 0.06848
v 0.066 0.014312 0.067947
v 0.066 0.007296 0.065819
v 0.071 0.005323 0.065481
v 0.066 0 0.0651
v 0.071 -0.005323 0.065481
v 0.066 -0.007296 0.065819
v 0.071 -0.015537 0.06848
v 0.066 -0.014312 0.067947
v 0.066 -0.020778 0.071403
v 0.071 -0.024492 0.074235
v 0.066 -0.026446 0.076054
v 0.071 -0.031463 0.08228
v 0.066 -0.031097 0.081722
v 0.066 -0.034553 0.088188
v 0.071 -0.035885 0.091963
v 0.066 -0.036681 0.095204
v 0.071 -0.0374 0.1025
v 0.066 -0.0374 0.1025
v 0.066 -0.0374 0.1025
v 0.071 -0.0374 0.1025
v 0.066 -0.036681 0.109796
v 0.071 -0.035885 0.113037
v 0.066 -0.034553 0.116812
v 0.071 -0.031463 0.12272
v 0.066 -0.031097 0.123278
v 0.066 -0.026446 0.128946
v 0.071 -0.024492 0.130765
v 0.066 -0.020778 0.133597
v 0.071 -0.015537 0.13652
v 0.066 -0.014312 0.137053
v 0.066 -0.007296 0.139181
v 0.071 -0.005323 0.139519
v 0.066 0 0.1399
v 0.071 0.005323 0.139519
v 0.066 0.007296 0.139181
v 0.071 0.015537 0.13652
v 0.066 0.014312 0.137053
v 0.066 0.020778 0.133597
v 0.071 0.024492 0.130765
v 0.066 0.026446 0.128946
v 0.071 0.031463 0.12272
v 0.066 0.031097 0.123278
v 0.066 0.034553 0.116812
v 0.071 0.035885 0.113037
v 0.066 0.036681 0.109796
v 0.266 -0.0374 0.1025
v 0.271 -0.0374 0.1025
v 0.266 -0.035885 0.113037
v 0.271 -0.035885 0.113037
v 0.271 -0.031463 0.12272
v 0.266 -0.031463 0.12272
v 0.271 -0.024492 0.130765
v 0.266 -0.024492 0.130765
v 0.271 -0.015537 0.13652
v 0.266 -0.015537 0.13652
v 0.271 -0.005323 0.139519
v 0.266 -0.005323 0.139519
v 0.271 0.005323 0.139519
v 0.266 0.005323 0.139519
v 0.271 0.015537 0.13652
v 0.266 0.015537 0.13652
v 0.271 0.024492 0.130765
v 0.266 0.024492 0.130765
v 0.271 0.031463 0.12272
v 0.266 0.031463 0.12272
v 0.271 0.035885 0.113037
v 0.266 0.035885 0.113037
v 0.30503 -0.033763 0.042
v 0.30503 0.033763 0.042
v 0.316 -0.0355 0.042
v 0.316 0.0355 0.042
v 0.32697 -0.033763 0.042
v 0.32697 0.033763 0.042
v 0.336866 -0.02872 0.042
v 0.336866 0.02872 0.042
v 0.34472 -0.020866 0.042
v 0.34472 0.020866 0.042
v 0.349762 -0.01097 0.042
v 0.349762 0.01097 0.042
v 0.3515 0 0.042
v 0.295134 0.02872 0.042
v 0.295134 -0.02872 0.042
v 0.28728 0.020866 0.042
v 0.28728 -0.020866 0.042
v 0.282237 0.01097 0.042
v 0.282237 -0.01097 0.042
v 0.2805 0 0.042
v 0.30571 0.03167 0.1623
v 0.30571 -0.03167 0.1623
v 0.316 0.0333 0.1623
v 0.316 -0.0333 0.1623
v 0.32629 0.03167 0.1623
v 0.32629 -0.03167 0.1623
v 0.335573 0.02694 0.1623
v 0.335573 -0.02694 0.1623
v 0.34294 0.019573 0.1623
v 0.34294 -0.019573 0.1623
v 0.34767 0.01029 0.1623
v 0.34767 -0.01029 0.1623
v 0.3493 0 0.1623
v 0.296427 -0.02694 0.1623
v 0.296427 0.02694 0.1623
v 0.28906 -0.019573 0.1623
v 0.28906 0.019573 0.1623
v 0.28433 -0.01029 0.1623
v 0.28433 0.01029 0.1623
v 0.2827 0 0.1623
v 0.316 0.0355 0.0482
v 0.316 0.0355 0.042
v 0.30503 0.033763 0.0482
v 0.30503 0.033763 0.042
v 0.295134 0.02872 0.0482
v 0.295134 0.02872 0.042
v 0.28728 0.020866 0.0482
v 0.28728 0.020866 0.042
v 0.282237 0.01097 0.0482
v 0.282237 0.01097 0.042
v 0.2805 0 0.0482
v 0.2805 0 0.042
v 0.282237 -0.01097 0.0482
v 0.282237 -0.01097 0.042
v 0.28728 -0.020866 0.0482
v 0.28728 -0.020866 0.042
v 0.295134 -0.02872 0.0482
v 0.295134 -0.02872 0.042
v 0.30503 -0.033763 0.0482
v 0.30503 -0.033763 0.042
v 0.316 -0.0383 0.1573
v 0.316 -0.038055 0.158845
v 0.30521 -0.036749 0.1573
v 0.3048 -0.03631 0.15901
v 0.295293 -0.03222 0.1573
v 0.294595 -0.031396 0.15901
v 0.287055 -0.025081 0.1573
v 0.286292 -0.023692 0.15901
v 0.281161 -0.01591 0.1573
v 0.280628 -0.013882 0.15901
v 0.27809 -0.005451 0.1573
v 0.278108 -0.00284 0.15901
v 0.27809 0.005451 0.1573
v 0.278954 0.008455 0.15901
v 0.281161 0.01591 0.1573
v 0.283092 0.018999 0.15901
v 0.287055 0.025081 0.1573
v 0.290154 0.027855 0.15901
v 0.295293 0.03222 0.1573
v 0.299513 0.034235 0.15901
v 0.30521 0.036749 0.1573
v 0.310337 0.037574 0.15901
v 0.310466 0.036716 0.160514
v 0.310664 0.0354 0.16163
v 0.310907 0.033787 0.162224
v 0.30571 0.03167 0.1623
v 0.301175 0.030785 0.162224
v 0.296427 0.02694 0.1623
v 0.29276 0.025047 0.162224
v 0.28906 0.019573 0.1623
v 0.286409 0.017084 0.162224
v 0.28433 0.01029 0.1623
v 0.282688 0.007603 0.162224
v 0.2827 0 0.1623
v 0.281927 -0.002553 0.162224
v 0.28433 -0.01029 0.1623
v 0.284194 -0.012483 0.162224
v 0.28906 -0.019573 0.1623
v 0.289286 -0.021304 0.162224
v 0.296427 -0.02694 0.1623
v 0.296752 -0.028231 0.162224
v 0.30571 -0.03167 0.1623
v 0.305929 -0.03265 0.162224
v 0.316 -0.0333 0.1623
v 0.316 -0.034845 0.162055
v 0.305448 -0.034209 0.16163
v 0.316 -0.036239 0.161345
v 0.305056 -0.035481 0.160514
v 0.316 -0.037345 0.160239
v 0.295833 -0.029579 0.16163
v 0.28801 -0.022321 0.16163
v 0.282675 -0.013079 0.16163
v 0.2803 -0.002675 0.16163
v 0.281098 0.007966 0.16163
v 0.284996 0.0179 0.16163
v 0.29165 0.026243 0.16163
v 0.300467 0.032255 0.16163
v 0.295084 -0.030678 0.160514
v 0.28697 -0.02315 0.160514
v 0.281436 -0.013565 0.160514
v 0.278974 -0.002775 0.160514
v 0.279801 0.008262 0.160514
v 0.283844 0.018565 0.160514
v 0.290745 0.027218 0.160514
v 0.29989 0.033453 0.160514
v 0.30521 0.036749 0.0482
v 0.316 0.0383 0.0482
v 0.316 0.0355 0.0482
v 0.32679 0.036749 0.0482
v 0.32697 0.033763 0.0482
v 0.336706 0.03222 0.0482
v 0.336866 0.02872 0.0482
v 0.344945 0.025081 0.0482
v 0.34472 0.020866 0.0482
v 0.350839 0.01591 0.0482
v 0.349762 0.01097 0.0482
v 0.35391 0.005451 0.0482
v 0.3515 0 0.0482
v 0.35391 -0.005451 0.0482
v 0.349762 -0.01097 0.0482
v 0.350839 -0.01591 0.0482
v 0.34472 -0.020866 0.0482
v 0.344945 -0.025081 0.0482
v 0.336866 -0.02872 0.0482
v 0.336706 -0.03222 0.0482
v 0.32697 -0.033763 0.0482
v 0.32679 -0.036749 0.0482
v 0.316 -0.0355 0.0482
v 0.316 -0.0383 0.0482
v 0.30521 -0.036749 0.0482
v 0.30503 -0.033763 0.0482
v 0.295293 -0.03222 0.0482
v 0.295134 -0.02872 0.0482
v 0.287055 -0.025081 0.0482
v 0.28728 -0.020866 0.0482
v 0.281161 -0.01591 0.0482
v 0.282237 -0.01097 0.0482
v 0.27809 -0.005451 0.0482
v 0.2805 0 0.0482
v 0.27809 0.005451 0.0482
v 0.282237 0.01097 0.0482
v 0.281161 0.01591 0.0482
v 0.28728 0.020866 0.0482
v 0.287055 0.025081 0.0482
v 0.295134 0.02872 0.0482
v 0.295293 0.03222 0.0482
v 0.30503 0.033763 0.0482
v 0.316 0.0383 0.136418
v 0.30521 0.036749 0.139309
v 0.316 0.0383 0.1573
v 0.30521 0.036749 0.1573
v 0.295293 0.03222 0.141966
v 0.295293 0.03222 0.1573
v 0.287055 0.025081 0.144174
v 0.287055 0.025081 0.1573
v 0.281161 0.01591 0.145753
v 0.281161 0.01591 0.1573
v 0.27809 0.005451 0.146576
v 0.27809 0.005451 0.1573
v 0.27809 -0.005451 0.146576
v 0.27809 -0.005451 0.1573
v 0.281161 -0.01591 0.1573
v 0.281161 -0.01591 0.145753
v 0.287055 -0.025081 0.1573
v 0.287055 -0.025081 0.144174
v 0.295293 -0.03222 0.1573
v 0.295293 -0.03222 0.141966
v 0.30521 -0.036749 0.1573
v 0.30521 -0.036749 0.139309
v 0.316 -0.0383 0.0482
v 0.316 -0.0383 0.0532
v 0.30521 -0.036749 0.0482
v 0.30521 -0.036749 0.0532
v 0.295293 -0.03222 0.0532
v 0.295293 -0.03222 0.0482
v 0.287055 -0.025081 0.0532
v 0.287055 -0.025081 0.0482
v 0.281161 -0.01591 0.0532
v 0.281161 -0.01591 0.0482
v 0.27809 -0.005451 0.0532
v 0.27809 -0.005451 0.0482
v 0.27809 0.005451 0.0532
v 0.27809 0.005451 0.0482
v 0.281161 0.01591 0.0532
v 0.281161 0.01591 0.0482
v 0.287055 0.025081 0.0532
v 0.287055 0.025081 0.0482
v 0.295293 0.03222 0.0532
v 0.295293 0.03222 0.0482
v 0.30521 0.036749 0.0532
v 0.30521 0.036749 0.0482
vn 28.17326 0 95.9493
vn 10.05899 0 99.4928
vn 0 0 100
vn 5.29224 0 99.85986
vn 54.06408 0 84.12535
vn 35.127 0 93.62743
vn 18.75966 0 98.22462
vn 75.57496 0 65.48608
vn 65.9086 0 75.20676
vn 51.06084 0 85.98134
vn 79.05106 0 61.24483
vn 90.9632 0 41.5415
vn 90.10313 0 43.37542
vn 97.44836 0 22.44586
vn 98.98215 0 14.23148
vn 100 0 -0
vn 98.98215 0 -14.23148
vn 97.44836 0 -22.44586
vn 90.9632 0 -41.5415
vn 90.10313 0 -43.37542
vn 79.05106 0 -61.24483
vn 75.57496 0 -65.48608
vn 65.9086 0 -75.20676
vn 54.06408 0 -84.12535
vn 51.06084 0 -85.98134
vn 35.127 0 -93.62743
vn 28.17326 0 -95.9493
vn 18.75966 0 -98.22462
vn 10.05899 0 -99.4928
vn 0 0 -100
vn 5.29224 0 -99.85986
vn 0 28.17326 -95.9493
vn 0 54.06408 -84.12535
vn 0 75.57496 -65.48608
vn 0 90.9632 -41.5415
vn 0 98.98215 -14.23148
vn 0 98.98215 14.23148
vn 0 90.9632 41.5415
vn 0 75.57496 65.48608
vn 0 54.06408 84.12535
vn 0 28.17326 95.9493
vn -99.99677 -0.80349 0
vn -99.69389 7.81844 0
vn -98.08396 2.40734 -19.33238
vn -97.76388 8.01935 -19.43996
vn -92.50671 3.43613 -37.82462
vn -92.03424 8.7103 -38.12911
vn -84.46122 5.03691 -53.3004
vn -82.73061 9.97637 -55.28216
vn -73.8081 7.27501 -67.07785
vn -70.21721 11.8346 -70.2103
vn -60.85659 10.10064 -78.70484
vn -54.99358 14.23218 -82.29916
vn -46.00577 13.41563 -87.76953
vn -37.71114 17.05097 -91.0337
vn -29.75364 17.08113 -93.9306
vn -19.10966 20.13347 -96.0701
vn -12.6816 20.93438 -96.95839
vn -0 23.30921 -97.24547
vn 4.57951 24.81356 -96.76423
vn 18.81497 26.43848 -94.5886
vn 21.39567 28.58861 -93.40726
vn 36.57333 29.45817 -88.28707
vn 36.12475 31.95195 -87.6018
vn 52.55491 32.43791 -78.64963
vn 49.50316 35.1954 -79.44004
vn 61.12253 38.44655 -69.18019
vn 47.21006 37.97673 -79.55488
vn 58.6898 41.81823 -69.33068
vn 56.06481 45.01745 -69.4994
vn 65.22362 49.3229 -57.5598
vn 62.29384 52.72027 -57.79318
vn 68.85419 57.26406 -44.49638
vn 55.90038 58.98125 -58.2783
vn 62.33719 63.90511 -45.05787
vn 49.04318 64.35326 -58.76584
vn 55.35958 69.69841 -45.57904
vn 41.69784 68.93312 -59.24116
vn 47.88269 74.73893 -46.05801
vn 33.89109 72.7415 -59.66631
vn 39.93398 79.03039 -46.47015
vn 27.01552 75.31885 -59.97694
vn 32.91329 82.03812 -46.75962
vn 20.00266 77.27194 -60.24069
vn 25.71888 84.43935 -46.99505
vn 10.99279 78.86472 -60.49392
vn 16.41535 86.61374 -47.20801
vn 2.07658 79.46608 -60.66984
vn 7.0929 87.80095 -47.33586
vn -6.65323 79.13338 -60.77534
vn -2.16084 88.03234 -47.38816
vn -13.56685 82.37671 -55.0456
vn -8.19748 92.07447 -38.14568
vn 3.0789 94.50594 -32.54455
vn -1.9487 98.06117 -19.49894
vn 8.0498 98.28602 -16.58491
vn 1.26221 99.99204 0
vn 17.1093 97.10873 -16.64831
vn 26.04589 96.54849 0
vn 25.9999 95.11208 -16.66425
vn 34.6617 92.31605 -16.6227
vn 21.64529 92.05486 -32.51745
vn 30.76506 89.46876 -32.38597
vn 66.06714 35.65287 -66.06063
vn 70.55688 41.94676 -57.11565
vn 67.98852 45.72221 -57.33272
vn 71.8545 53.69108 -44.20632
vn 72.75904 61.6151 -30.16126
vn 66.38395 68.18107 -30.73292
vn 59.58217 73.993 -31.225
vn 52.30702 79.13528 -31.6478
vn 44.59561 83.59296 -31.99138
vn 37.77845 86.80348 -32.21715
vn 76.34474 39.60998 -51.015
vn 77.35504 45.98747 -43.60447
vn 74.69657 49.92479 -43.9083
vn 75.71207 58.11007 -29.84796
vn 74.29555 65.18066 -15.22012
vn 68.26118 71.38818 -15.62495
vn 61.83156 76.95666 -15.95398
vn 54.96231 81.95155 -16.21999
vn 47.70689 86.33861 -16.42247
vn 41.2896 89.56264 -16.54393
vn 82.59824 44.79435 -34.21984
vn 81.17339 50.60459 -29.15574
vn 78.52283 54.43492 -29.51279
vn 77.10072 61.89349 -14.98921
vn 68.70921 72.65704 0
vn 84.6637 50.48405 -16.83504
vn 82.31467 54.91107 -14.45925
vn 79.77737 58.46727 -14.736
vn 84.59554 53.32537 0
vn 48.86034 87.2506 0
vn -17.21054 69.6591 -69.65204
vn -10.3997 68.15278 -72.43649
vn -2.63202 69.01865 -72.31527
vn 5.41769 69.04439 -72.13544
vn 13.66402 68.15372 -71.89134
vn 20.13845 66.79909 -71.64024
vn 26.52854 64.85123 -71.34812
vn 33.83002 61.81544 -70.95337
vn 40.7368 58.03257 -70.51761
vn 47.21806 53.46378 -70.08623
vn 53.28397 48.01268 -69.68215
vn 44.74813 40.58889 -79.68781
vn 33.95345 34.00336 -87.69797
vn -19.60315 54.48118 -81.53231
vn -13.6755 55.4178 -82.10876
vn -7.22716 56.77043 -82.00541
vn -0.42417 57.43359 -81.86087
vn 6.66646 57.3208 -81.66936
vn 12.30335 56.672 -81.46724
vn 17.92342 55.50422 -81.22828
vn 24.41902 53.46805 -80.90042
vn 30.64021 50.75208 -80.532
vn 36.55279 47.29628 -80.1683
vn 42.15705 43.00191 -79.83495
vn 31.65559 35.88776 -87.80656
vn 19.32589 29.80768 -93.47733
vn -16.7138 41.27198 -89.53922
vn -21.28654 37.39449 -90.26924
vn -19.64746 26.09228 -94.51545
vn -22.60164 19.00432 -95.54057
vn -22.72428 9.12991 -96.9549
vn -23.71395 0 -97.14756
vn -25.69777 -7.96013 -96.31335
vn -24.67871 -18.90576 -95.0449
vn -28.50166 -24.6134 -92.6382
vn -25.49223 -37.00718 -89.33429
vn -31.0567 -40.30082 -86.08906
vn -26.12873 -53.62913 -80.25713
vn -33.2897 -54.55296 -76.91405
vn -26.56545 -68.17339 -68.16647
vn -35.1445 -66.9689 -65.42195
vn -26.80063 -80.10378 -53.52674
vn -36.5874 -77.21235 -51.95783
vn -26.86328 -88.98956 -36.86763
vn -37.60785 -84.99719 -36.89346
vn -26.82061 -94.4863 -18.78809
vn -38.26021 -90.44108 -18.88301
vn -34.98204 -93.68168 0
vn -42.91609 -90.32281 0
vn -26.77722 -96.34822 0
vn -49.09116 -85.03541 -18.94826
vn -57.75116 -81.63825 0
vn -59.16278 -78.35286 -18.98936
vn -70.8665 -70.55451 0
vn -68.3332 -70.49268 -19.00938
vn -74.83292 -63.5485 -19.01636
vn -71.74571 -59.14416 -36.80381
vn -77.16928 -51.88584 -36.77992
vn -72.21012 -46.14383 -51.54071
vn -77.00053 -37.5886 -51.55595
vn -69.60515 -30.81354 -64.85098
vn -72.50887 -22.66471 -65.02902
vn -62.43583 -15.36456 -76.58784
vn -63.35447 -8.0537 -76.9503
vn -50.52518 -0.83734 -86.29314
vn -49.44047 5.10738 -86.773
vn -34.15932 11.48614 -93.28027
vn -48.54229 7.95285 -87.06548
vn -32.87947 13.46175 -93.47578
vn -47.39037 10.74606 -87.39951
vn -31.40082 15.3432 -93.69405
vn -81.9232 -57.34623 0
vn -80.68464 -55.93275 -19.01358
vn -82.60904 -42.69742 -36.77875
vn -80.70265 -28.57693 -51.6763
vn -74.33926 -14.22055 -65.35634
vn -63.19264 -0.63759 -77.50022
vn -62.69902 2.97993 -77.8457
vn -61.91672 6.5899 -78.24892
vn -86.58431 -46.27962 -19.0093
vn -90.54915 -42.43644 0
vn -91.29849 -36.09459 -19.02012
vn -96.47426 -26.31954 0
vn -94.81101 -25.45411 -19.0515
vn -97.09566 -14.38283 -19.11983
vn -91.98702 -12.41319 -37.20618
vn -97.74423 -8.85886 -19.17254
vn -92.47598 -7.18616 -37.37047
vn -98.07861 -3.20961 -19.2428
vn -92.65303 -1.8557 -37.57623
vn -99.55646 -9.40799 0
vn 2.61344 25.06445 -96.77264
vn 17.18836 30.861 -93.55297
vn 29.27276 37.58181 -87.92448
vn 24.21814 40.45486 -88.18665
vn 19.01944 42.56376 -88.468
vn 13.67878 44.01436 -88.74474
vn 8.22839 44.89048 -88.9783
vn 3.604 45.17748 -89.14038
vn -0.95982 45.05479 -89.27006
vn -6.59006 44.35262 -89.38354
vn -11.85502 43.06232 -89.47119
vn -14.51753 20.18421 -96.85989
vn 0.65611 25.15206 -96.78297
vn 15.02528 31.73692 -93.63231
vn 10.587 32.99942 -93.80274
vn 6.21633 33.59992 -93.98086
vn 1.90873 33.65514 -94.14716
vn -2.31351 33.27296 -94.27384
vn -5.77353 32.62299 -94.35257
vn -9.09156 31.69821 -94.4064
vn -13.04309 30.17294 -94.44296
vn -16.56541 28.27686 -94.47755
vn -74.51984 3.03735 -66.61507
vn -84.85239 0.20174 -52.91533
vn -8.33737 23.37923 -96.87053
vn -4.95722 24.49322 -96.82721
vn -1.25156 25.08222 -96.79523
vn -16.26263 19.2774 -96.76729
vn -23.08855 12.9374 -96.43414
vn -20.77553 15.77272 -96.53807
vn -17.87984 18.24079 -96.68291
vn -11.4129 21.86888 -96.90974
vn -14.18063 20.09176 -96.929
vn -16.27198 18.41635 -96.93328
vn -18.13582 16.62651 -96.92601
vn -20.14325 14.22792 -96.91138
vn -21.66582 11.70534 -96.92046
vn -37.37947 2.72746 -92.71104
vn -36.17235 7.20717 -92.94955
vn -24.86162 9.86999 -96.35603
vn -26.11471 6.71307 -96.29619
vn -26.79476 4.02751 -96.25913
vn -27.16865 1.38894 -96.22856
vn -27.19501 -1.86594 -96.21304
vn -26.68845 -5.00213 -96.24295
vn -50.63669 -6.82138 -85.96159
vn -37.84396 -1.82134 -92.54468
vn -37.60608 -6.2947 -92.44544
vn -36.91147 -9.94967 -92.40426
vn -35.84121 -13.40886 -92.38837
vn -33.95174 -17.50437 -92.41686
vn -31.48152 -21.25649 -92.50446
vn -60.5133 -22.47541 -76.37406
vn -65.67322 -38.56263 -64.80703
vn -67.3812 -52.9097 -51.57847
vn -65.7054 -65.77505 -36.82993
vn -49.85076 -12.72753 -85.74912
vn -48.21933 -18.4195 -85.64822
vn -46.25225 -22.98431 -85.62973
vn -43.84902 -27.22598 -85.6505
vn -40.18952 -32.14329 -85.74154
vn -35.89626 -36.51852 -85.89445
vn -86.90948 -33.01039 -36.83825
vn -83.283 -19.19854 -51.91683
vn -90.04769 -22.90496 -36.96994
vn -84.69008 -9.50083 -52.31945
vn -75.02943 -5.5507 -65.87696
vn -74.92741 -1.27454 -66.21374
vn -54.54642 -34.66336 -76.3095
vn -57.63972 -29.26489 -76.29697
vn -61.62293 -44.70122 -64.84146
vn -50.96389 -39.63533 -76.36571
vn -45.73256 -45.33966 -76.50391
vn -39.80812 -50.33114 -76.69479
vn -61.9729 -59.10148 -51.63696
vn -57.16167 -73.30256 -36.8684
vn -57.03599 -50.33136 -64.91263
vn -50.45836 -56.75831 -65.05727
vn -43.125 -62.32675 -65.23504
vn 12.39203 93.73298 -32.56633
vn -45.78589 -72.21262 -51.85547
vn -54.28713 -66.14878 -51.74211
vn -47.75271 -79.74056 -36.89339
vn -84.9266 -4.68637 -52.58811
vn 0 23.93157 97.09418
vn 0 46.47232 88.5456
vn 0 66.31226 74.85107
vn 0 82.29839 56.80647
vn 0 93.50162 35.46049
vn 0 99.27089 12.05367
vn 0 99.27089 -12.05367
vn 0 93.50162 -35.46049
vn 0 82.29839 -56.80647
vn 0 66.31226 -74.85107
vn 0 46.47232 -88.5456
vn 0 23.93157 -97.09418
vn -28.17326 0 -95.9493
vn -54.06408 0 -84.12535
vn -75.57496 0 -65.48608
vn -90.9632 0 -41.5415
vn -98.98215 0 -14.23148
vn -98.98215 0 14.23148
vn -90.9632 0 41.5415
vn -75.57496 0 65.48608
vn -54.06408 0 84.12535
vn -28.17326 0 95.9493
vn 0 -100 0
vn 0 100 0
vn 0 -23.93157 -97.09418
vn 0 -46.47232 -88.5456
vn 0 -66.31226 -74.85107
vn 0 -82.29839 -56.80647
vn 0 -93.50162 -35.46049
vn 0 -99.27089 -12.05367
vn 0 -99.27089 12.05367
vn 0 -93.50162 35.46049
vn 0 -82.29839 56.80647
vn 0 -66.31226 74.85107
vn 0 -46.47232 88.5456
vn 0 -23.93157 97.09418
vn -1.9487 98.06117 19.49894
vn 9.45587 99.06074 9.87701
vn 18.40925 97.78805 9.92959
vn 27.16519 95.72368 9.95135
vn 23.25499 93.33219 27.35522
vn 32.23352 90.65411 27.25497
vn 27.09605 85.95259 43.33539
vn 34.27598 83.46478 43.11367
vn 28.17969 76.70344 57.64103
vn 35.10917 74.03027 57.33119
vn 27.41034 65.80308 70.13293
vn 34.78404 62.66894 69.73288
vn 24.79414 53.79847 80.56659
vn 31.04452 51.03885 80.19522
vn 18.56272 42.24406 88.7179
vn 23.7326 40.18873 88.43998
vn 9.01189 32.13918 94.26483
vn 13.37784 31.06399 94.10665
vn -2.96571 24.37921 96.93739
vn 0.85112 24.56352 96.9325
vn -16.28418 19.67851 96.68289
vn 0 23.30921 97.24547
vn -19.10966 20.13347 96.0701
vn 35.66711 92.8932 9.93536
vn 39.1262 87.94281 27.11461
vn 41.27524 80.38282 42.83639
vn 42.97127 70.10922 56.9049
vn 41.75284 58.7828 69.29129
vn 36.98101 47.53704 79.82878
vn 28.76551 37.37256 88.18071
vn 17.63527 29.3273 93.96226
vn 18.81497 26.43848 94.5886
vn 55.54232 82.58958 9.69599
vn 48.4433 86.92987 9.82058
vn 42.16255 90.1358 9.8923
vn 45.81722 84.71204 26.91939
vn 74.4735 66.1195 9.05041
vn 68.56597 72.19364 9.31588
vn 62.26957 77.66414 9.52798
vn 67.2207 69.40515 25.77406
vn 60.53344 75.15102 26.23029
vn 63.61262 65.08446 41.4421
vn 56.65234 70.9191 41.9642
vn 57.26661 59.93678 55.92957
vn 50.36588 65.41724 56.42574
vn 48.28647 54.10798 68.85306
vn 79.84208 59.57397 8.72838
vn 84.6637 50.48405 16.83504
vn 79.17764 55.90571 24.60596
vn 82.59824 44.79435 34.21984
vn 75.96552 51.07803 40.25264
vn 76.34474 39.60998 51.015
vn 69.43615 46.47243 54.94483
vn 66.06714 35.65287 66.06063
vn 59.83878 42.24445 68.07883
vn 52.55491 32.43791 78.64963
vn 47.67075 38.1204 79.2107
vn 36.57333 29.45817 88.28707
vn 33.4323 33.85217 87.95631
vn -33.10383 14.85318 93.1854
vn -37.71114 17.05097 91.0337
vn -48.96721 10.2929 86.58099
vn -54.99358 14.23218 82.29916
vn -63.315 6.19228 77.15482
vn -70.21721 11.8346 70.2103
vn -75.69884 2.70936 65.28664
vn -82.73061 9.97637 55.28216
vn -85.78157 -0.04792 51.39572
vn -92.03424 8.7103 38.12911
vn -93.30852 -2.02349 35.90857
vn -97.76388 8.01935 19.43996
vn -98.07861 -3.20961 19.2428
vn -97.09566 -14.38283 19.11983
vn -94.81101 -25.45411 19.0515
vn -91.29849 -36.09459 19.02012
vn -87.43465 -33.38226 35.22507
vn -83.08415 -43.12772 35.17135
vn -77.6658 -38.19643 50.09048
vn -72.79832 -46.82564 50.07758
vn -66.42015 -39.42865 63.51177
vn -62.28096 -45.63771 63.54747
vn -55.33619 -35.78075 75.21731
vn -51.64152 -40.82446 75.27628
vn -44.62812 -28.57927 84.80305
vn -40.79641 -33.57983 84.90022
vn -34.62296 -19.07103 91.85612
vn -31.95687 -22.88718 91.95072
vn -27.19637 -6.71187 95.9964
vn -25.99611 -9.70994 96.07247
vn -23.037 7.35974 97.0316
vn -23.71395 -0 97.14756
vn -22.60164 19.00432 95.54057
vn -86.58431 -46.27962 19.0093
vn -77.58946 -52.37087 35.17341
vn -67.89918 -53.64916 50.11456
vn -57.60048 -51.33086 63.61861
vn -46.26029 -46.60701 75.41732
vn -36.32509 -38.01938 85.05888
vn -28.77792 -26.28674 92.09147
vn -24.67871 -18.90576 95.0449
vn -80.68464 -55.93275 19.01358
vn -72.11517 -59.67159 35.19521
vn -62.41651 -59.89256 50.17032
vn -50.89702 -57.82738 63.76118
vn -40.17953 -51.66057 75.60946
vn -31.303 -41.84677 85.25826
vn -25.49223 -37.00718 89.33429
vn -74.83292 -63.5485 19.01636
vn -68.3332 -70.49268 19.00938
vn -59.16278 -78.35286 18.98936
vn -57.40318 -73.90806 35.24875
vn -47.91611 -80.37685 35.26485
vn -46.02236 -73.10555 50.37381
vn -36.71275 -78.13711 50.4655
vn -35.31315 -68.13434 64.11469
vn -26.80063 -80.10378 53.52674
vn -26.56545 -68.17339 68.16647
vn -49.09116 -85.03541 18.94826
vn -37.69003 -85.65356 35.2552
vn -26.86328 -88.98956 36.86763
vn -38.26021 -90.44108 18.88301
vn -26.82061 -94.4863 18.78809
vn -33.49944 -55.92735 75.82822
vn -26.12873 -53.62913 80.25713
vn -19.9694 24.3601 94.90948
vn -21.28654 37.39449 90.26924
vn -16.8244 40.72454 89.76888
vn -19.60315 54.48118 81.53231
vn -13.55882 55.91819 81.78823
vn -10.01159 69.46606 71.23366
vn -7.05612 57.25356 81.68379
vn -2.11771 70.2748 71.11236
vn -0.20108 57.89306 81.53743
vn 6.04874 70.22984 70.93083
vn 6.93843 57.75044 81.34338
vn 14.40091 69.25658 70.68338
vn 12.61099 57.07397 81.13892
vn 20.95114 67.82931 70.42893
vn 18.26402 55.87507 80.89748
vn -17.21054 69.6591 69.65204
vn -5.88627 80.94653 58.42098
vn 2.97553 81.1765 58.32257
vn 12.0035 80.46262 58.15224
vn 21.10494 78.75189 57.90269
vn -13.56685 82.37671 55.0456
vn -0.86192 89.95454 43.67421
vn 8.44994 89.57752 43.64019
vn 17.79746 88.25152 43.53068
vn -8.19748 92.07447 38.14568
vn 4.85963 96.06854 27.33534
vn 14.10753 95.13896 27.37801
vn -12.02874 42.53028 89.7022
vn -6.82532 43.84352 89.61674
vn -1.25402 44.57629 89.50632
vn 3.26628 44.72843 89.37952
vn 7.85012 44.4755 89.22054
vn 13.25788 43.64473 88.99082
vn -17.09276 26.58632 94.87363
vn -13.7729 28.54826 94.84358
vn -10.01754 30.16461 94.81426
vn -6.84574 31.17914 94.76812
vn -3.52292 31.93496 94.69819
vn 0.55409 32.46045 94.58336
vn 4.73925 32.56533 94.43008
vn -22.19071 9.97459 96.99526
vn -20.87823 12.56086 96.98621
vn -19.07571 15.0487 97.00337
vn -17.36569 16.92724 97.01495
vn -15.41965 18.70824 97.01668
vn -12.80716 20.62958 97.0072
vn -9.86407 22.30248 96.98092
vn -6.59125 23.59558 96.95258
vn -43.43139 -63.45157 63.93444
vn -27.91027 -3.51244 95.96187
vn -36.70312 -14.88969 91.82145
vn -47.16083 -24.25949 84.77814
vn -58.5365 -30.30117 75.20185
vn -70.45032 -31.58878 63.55235
vn -81.4394 -29.10583 50.20433
vn -90.61898 -23.21404 35.34557
vn -28.08642 -0.17007 95.9746
vn -27.86512 2.55468 96.00526
vn -27.33006 5.34257 96.04439
vn -26.23348 8.63906 96.11021
vn -24.59647 11.86393 96.19907
vn -22.39669 14.8739 96.31799
vn -19.58912 17.53366 96.48232
vn -54.63004 -66.99673 50.26925
vn -66.02068 -66.34001 35.2175
vn 53.38484 80.26052 26.61404
vn 49.19686 76.01885 42.43586
vn -39.13629 -2.99167 91.975
vn -38.74886 -7.59583 91.87398
vn -37.91714 -11.34777 91.83419
vn -51.01908 -13.79355 84.89282
vn -49.25158 -19.60479 84.79348
vn -38.80472 1.70366 92.1482
vn -37.71218 6.34602 92.3987
vn -35.79365 10.80479 92.74735
vn -61.52836 -23.40588 75.27566
vn -51.92853 -7.75558 85.10745
vn -51.92743 -1.62587 85.4453
vn -50.93936 4.4804 85.93665
vn -73.44546 -23.34244 63.72515
vn -84.08683 -19.64231 50.43396
vn -92.60176 -12.654 35.56389
vn -63.56008 -16.17987 75.48727
vn -64.57928 -8.74278 75.84907
vn -64.50992 -1.18681 76.40067
vn 73.49362 62.94441 25.23268
vn 70.11932 58.42168 40.86795
vn 63.70071 53.57103 55.42892
vn 54.39652 48.5481 68.4405
vn 42.60416 43.19448 79.49291
vn -76.13313 -6.00561 64.55757
vn -75.36153 -14.79234 64.04549
vn -85.55826 -9.85132 50.82063
vn -96.59258 25.8819 0
vn 0 -22.64363 97.4026
vn 0 -23.2229 97.26611
vn 0 -28.17326 95.9493
vn 0 -24.67225 96.90862
vn 0 -29.09526 95.67374
vn 0 -41.02853 91.19572
vn 0 -54.06408 84.12535
vn 0 -54.64563 83.74876
vn 0 -68.07278 73.25365
vn 0 -75.57496 65.48608
vn 0 -80.25832 59.65403
vn 0 -90.9632 41.5415
vn 0 -90.63686 42.24878
vn 0 -97.58082 21.86285
vn 0 -98.98215 14.23148
vn 0 -98.98215 -14.23148
vn 0 -97.58082 -21.86285
vn 0 -90.9632 -41.5415
vn 0 -90.63686 -42.24878
vn 0 -80.25832 -59.65403
vn 0 -75.57496 -65.48608
vn 0 -68.07278 -73.25365
vn 0 -54.06408 -84.12535
vn 0 -54.64563 -83.74876
vn 0 -41.02853 -91.19572
vn 0 -28.17326 -95.9493
vn 0 -29.09526 -95.67374
vn 0 -24.67225 -96.90862
vn 0 -23.2229 -97.26611
vn 0 -22.64363 -97.4026
vn -5.29224 0 -99.85986
vn -10.05899 0 -99.4928
vn -18.75966 0 -98.22462
vn -35.127 0 -93.62743
vn -51.06084 0 -85.98134
vn -65.9086 0 -75.20676
vn -79.05106 0 -61.24483
vn -90.10313 0 -43.37542
vn -97.44836 0 -22.44586
vn -100 0 0
vn -97.44836 0 22.44586
vn -90.10313 0 43.37542
vn -79.05106 0 61.24483
vn -65.9086 0 75.20676
vn -51.06084 0 85.98134
vn -35.127 0 93.62743
vn -18.75966 0 98.22462
vn -10.05899 0 99.4928
vn -5.29224 0 99.85986
vn -95.10565 0 -30.9017
vn -98.48077 2.58809 -17.17087
vn -98.48077 7.53431 -15.64516
vn -98.48077 11.81108 -12.72931
vn -98.48077 15.03837 -8.68241
vn -98.48077 16.92945 -3.86404
vn -98.48077 17.31626 1.29767
vn -98.48077 16.16445 6.34408
vn -98.48077 13.57636 10.82679
vn -98.48077 9.78195 14.34749
vn -98.48077 5.11837 16.59335
vn -95.10565 0 30.9017
vn -86.60254 14.73776 47.77864
vn -80.9017 0 58.77853
vn -64.27876 22.57956 73.20113
vn -58.77853 0 80.9017
vn -34.20202 27.69793 89.79447
vn -30.9017 0 95.10565
vn -34.20202 52.93477 77.64105
vn -64.27876 43.15282 63.29356
vn -64.27876 59.89177 47.76209
vn -86.60254 39.09158 31.17449
vn -86.60254 46.54369 18.26705
vn -34.20202 73.46812 58.58888
vn -64.27876 71.30907 27.98675
vn -86.60254 49.86019 3.7365
vn -34.20202 87.47352 34.33083
vn -64.27876 76.39024 5.72466
vn -86.60254 48.7464 -11.12605
vn -34.20202 93.7065 7.02233
vn -64.27876 74.68381 -17.04609
vn -86.60254 43.30127 -25
vn -34.20202 91.61326 -20.91013
vn -64.27876 66.34139 -38.30222
vn -86.60254 34.00864 -36.65259
vn -34.20202 81.37977 -46.98463
vn -64.27876 52.10426 -56.15503
vn -86.60254 21.69419 -45.04844
vn -34.20202 63.91533 -68.88435
vn -64.27876 33.23742 -69.01822
vn -86.60254 7.45211 -49.44154
vn -34.20202 40.77174 -84.66338
vn -64.27876 11.4173 -75.74883
vn -80.9017 0 -58.77853
vn -34.20202 14.00539 -92.9197
vn -58.77853 0 -80.9017
vn -30.9017 0 -95.10565
vn -86.60254 28.166 41.31194
vn 0 30.9017 95.10565
vn 0 58.77853 80.9017
vn 0 80.9017 58.77853
vn 0 95.10565 30.9017
vn 0 95.10565 -30.9017
vn 0 80.9017 -58.77853
vn 0 58.77853 -80.9017
vn 0 30.9017 -95.10565
vn 19.50903 0 -98.07853
vn 38.26834 0 -92.38796
vn 55.55702 0 -83.14696
vn 70.71068 0 -70.71068
vn 83.14696 0 -55.55702
vn 92.38796 0 -38.26834
vn 98.07853 0 -19.50903
vn 98.07853 0 19.50903
vn 92.38796 0 38.26834
vn 83.14696 0 55.55702
vn 70.71068 0 70.71068
vn 55.55702 0 83.14696
vn 38.26834 0 92.38796
vn 19.50903 0 98.07853
vn -19.50903 0 98.07853
vn -38.26834 0 92.38796
vn -55.55702 0 83.14696
vn -70.71068 0 70.71068
vn -83.14696 0 55.55702
vn -92.38796 0 38.26834
vn -98.07853 0 19.50903
vn -98.07853 0 -19.50903
vn -92.38796 0 -38.26834
vn -83.14696 0 -55.55702
vn -70.71068 0 -70.71068
vn -55.55702 0 -83.14696
vn -38.26834 0 -92.38796
vn -19.50903 0 -98.07853
vn 0 -30.9017 -95.10565
vn 0 -58.77853 -80.9017
vn 0 -80.9017 -58.77853
vn 0 -95.10565 -30.9017
vn 0 -95.10565 30.9017
vn 0 -80.9017 58.77853
vn 0 -58.77853 80.9017
vn 0 -30.9017 95.10565
vn -34.20202 -27.69793 89.79447
vn -34.20202 -52.93477 77.64105
vn -34.20202 -73.46812 58.58888
vn -34.20202 -87.47352 34.33083
vn -34.20202 -93.7065 7.02233
vn -34.20202 -91.61326 -20.91013
vn -34.20202 -81.37977 -46.98463
vn -34.20202 -63.91533 -68.88435
vn -34.20202 -40.77174 -84.66338
vn -34.20202 -14.00539 -92.9197
vn -64.27876 -11.4173 -75.74883
vn -86.60254 -7.45211 -49.44154
vn -98.48077 -2.58809 -17.17087
vn -98.48077 -7.53431 -15.64516
vn -98.48077 -11.81108 -12.72931
vn -98.48077 -15.03837 -8.68241
vn -98.48077 -16.92945 -3.86404
vn -98.48077 -17.31626 1.29767
vn -98.48077 -16.16445 6.34408
vn -98.48077 -13.57636 10.82679
vn -98.48077 -9.78195 14.34749
vn -98.48077 -5.11837 16.59335
vn -86.60254 -14.73776 47.77864
vn -64.27876 -22.57956 73.20113
vn -86.60254 -28.166 41.31194
vn -86.60254 -39.09158 31.17449
vn -86.60254 -46.54369 18.26705
vn -86.60254 -49.86019 3.7365
vn -86.60254 -48.7464 -11.12605
vn -86.60254 -43.30127 -25
vn -86.60254 -34.00864 -36.65259
vn -86.60254 -21.69419 -45.04844
vn -64.27876 -43.15282 63.29356
vn -64.27876 -59.89177 47.76209
vn -64.27876 -71.30907 27.98675
vn -64.27876 -76.39024 5.72466
vn -64.27876 -74.68381 -17.04609
vn -64.27876 -66.34139 -38.30222
vn -64.27876 -52.10426 -56.15503
vn -64.27876 -33.23742 -69.01822
vt -20.8 1.071
vt -24.35012 0.37785
vt -20.8 0
vt -24.40592 0.19855
vt -24.42822 0
vt -20.8 2.142
vt -23.7204 1.34598
vt -24.17983 0.70768
vt -20.8 3.21299
vt -22.67924 2.69851
vt -23.19617 2.0096
vt -22.21008 3.41866
vt -20.8 4.28399
vt -21.8105 4.20803
vt -21.54315 5.04153
vt -20.8 5.35499
vt -21.45 5.89049
vt -20.8 6.42598
vt -21.54315 6.73944
vt -20.8 7.49698
vt -21.8105 7.57294
vt -22.21008 8.36231
vt -20.8 8.56798
vt -22.67924 9.08246
vt -20.8 9.63898
vt -23.19617 9.77138
vt -23.7204 10.435
vt -20.8 10.70998
vt -24.17983 11.07329
vt -24.35012 11.40312
vt -20.8 11.78097
vt -24.40592 11.58242
vt -24.42822 11.78097
vt -2.58819 0
vt -2.87883 1.09956
vt -10.91 0
vt -10.91 1.09956
vt -3.14592 2.19912
vt -10.91 2.19912
vt -3.36782 3.29867
vt -10.91 3.29867
vt -3.52657 4.39823
vt -10.91 4.39823
vt -3.6093 5.49779
vt -10.91 5.49779
vt -3.6093 6.59734
vt -10.91 6.59734
vt -10.91 7.6969
vt -3.52657 7.6969
vt -10.91 8.79646
vt -3.36782 8.79646
vt -10.91 9.89602
vt -3.14592 9.89602
vt -10.91 10.99557
vt -2.87883 10.99557
vt -10.91 12.09513
vt -2.58819 12.09513
vt 0 0.57664
vt 0 0
vt 0.9117 0.3833
vt 0.91143 0
vt 1.82339 0.3833
vt 1.82369 0
vt 2.64961 0.3833
vt 2.73522 0
vt 3.47584 0.3833
vt 3.64654 0
vt 4.30206 0.3833
vt 4.55835 0
vt 5.12828 0.3833
vt 5.47 0
vt 5.9545 0.3833
vt 6.38186 0
vt 6.78073 0.3833
vt 7.29356 0
vt 7.60695 0.3833
vt 8.20526 0
vt 8.43318 0.3833
vt 9.11711 0
vt 9.20242 0.3833
vt 10.02876 0
vt 9.97166 0.3833
vt 10.7409 0.3833
vt 9.97166 0.76659
vt 10.7409 0.76659
vt 10.7409 1.15078
vt 11.51014 1.1506
vt 11.51014 1.53318
vt 12.27939 1.53318
vt 11.51014 2.30658
vt 12.27939 2.30658
vt 11.51014 3.07317
vt 12.27939 3.07317
vt 11.51014 3.84316
vt 12.27939 3.84316
vt 11.51014 4.61315
vt 12.27939 4.61315
vt 11.51014 5.26597
vt 12.27939 5.26597
vt 11.51014 5.9188
vt 12.27939 5.9188
vt 11.51014 6.74567
vt 12.27939 6.74567
vt 11.51014 7.57255
vt 12.27939 7.57255
vt 11.51014 8.39942
vt 12.27939 8.39942
vt 11.8519 9.22626
vt 12.76343 9.2263
vt 13.04863 8.39942
vt 13.67569 9.2263
vt 13.81787 8.39942
vt 14.58711 9.2263
vt 13.81787 7.57255
vt 14.58711 6.91972
vt 13.81787 6.74567
vt 13.81787 5.9188
vt 13.04863 6.74567
vt 13.04863 5.9188
vt 10.94057 0
vt 11.51014 0.3833
vt 11.51014 0.76659
vt 12.27939 1.15042
vt 13.04863 1.53318
vt 13.04863 2.30658
vt 13.04863 3.07317
vt 13.04863 3.84316
vt 13.04863 4.61315
vt 13.04863 5.26597
vt 11.8519 0
vt 12.27939 0.3833
vt 12.27939 0.76659
vt 13.04863 1.15025
vt 13.81787 1.53318
vt 13.81787 2.30658
vt 13.81787 3.07317
vt 13.81787 3.84316
vt 13.81787 4.61315
vt 13.81787 5.26597
vt 12.76342 0
vt 13.04863 0.3833
vt 13.04863 0.76659
vt 13.81787 1.15007
vt 14.58711 2.30658
vt 13.67568 0
vt 13.81787 0.3833
vt 13.81787 0.76659
vt 14.58711 0
vt 14.58711 4.61315
vt 10.94057 9.2263
vt 10.7409 8.39942
vt 10.7409 7.57255
vt 10.7409 6.74567
vt 10.7409 5.9188
vt 10.7409 5.26597
vt 10.7409 4.61315
vt 10.7409 3.84316
vt 10.7409 3.07317
vt 10.7409 2.30658
vt 10.7409 1.53318
vt 9.97166 1.15096
vt 9.20242 0.76659
vt 10.02876 9.22627
vt 9.97166 8.39942
vt 9.97166 7.57255
vt 9.97166 6.74567
vt 9.97166 5.9188
vt 9.97166 5.26597
vt 9.97166 4.61315
vt 9.97166 3.84316
vt 9.97166 3.07317
vt 9.97166 2.30658
vt 9.97166 1.53318
vt 9.20242 1.15114
vt 8.43318 0.76659
vt 9.20242 8.39942
vt 9.11711 9.2263
vt 8.43318 8.39942
vt 8.20525 9.22627
vt 7.60695 8.39942
vt 7.29356 9.2263
vt 6.78073 8.39942
vt 6.38185 9.22628
vt 5.9545 8.39942
vt 5.47 9.2263
vt 5.12828 8.39942
vt 4.55835 9.22628
vt 4.30206 8.39942
vt 3.64654 9.2263
vt 3.47584 8.39942
vt 2.73521 9.22629
vt 2.64961 8.39942
vt 1.82368 9.2263
vt 1.82339 8.39942
vt 0.91143 9.2263
vt 0.9117 8.39942
vt 0 8.64965
vt 0 8.07301
vt 0 9.2263
vt 0.9117 7.57255
vt 0 6.91972
vt 0.9117 6.74567
vt 0 5.76644
vt 0.9117 5.9188
vt 0.9117 5.26597
vt 1.82339 5.26597
vt 1.82339 4.61315
vt 2.64961 4.61315
vt 2.64961 3.84316
vt 3.47584 3.84316
vt 3.47584 3.07317
vt 4.30206 3.07317
vt 4.30206 2.30658
vt 5.12828 2.30658
vt 5.12828 1.53318
vt 5.9545 1.53318
vt 5.12828 1.15209
vt 5.9545 1.1519
vt 5.12828 0.76659
vt 5.9545 0.76659
vt 0 4.61315
vt 0.9117 4.61315
vt 1.82339 3.84316
vt 2.64961 3.07317
vt 3.47584 2.30658
vt 4.30206 1.53318
vt 4.30206 1.15228
vt 4.30206 0.76659
vt 0.9117 3.84316
vt 0 3.45986
vt 0.9117 3.07317
vt 0 2.30658
vt 0.9117 2.30658
vt 0.9117 1.53318
vt 1.82339 1.53318
vt 0.9117 1.15308
vt 1.82339 1.15286
vt 0.9117 0.76659
vt 1.82339 0.76659
vt 0 1.15329
vt 7.60695 0.76659
vt 8.43318 1.15132
vt 9.20242 1.53318
vt 9.20242 2.30658
vt 9.20242 3.07317
vt 9.20242 3.84316
vt 9.20242 4.61315
vt 9.20242 5.26597
vt 9.20242 5.9188
vt 9.20242 6.74567
vt 9.20242 7.57255
vt 6.78073 0.76659
vt 7.60695 1.15151
vt 8.43318 1.53318
vt 8.43318 2.30658
vt 8.43318 3.07317
vt 8.43318 3.84316
vt 8.43318 4.61315
vt 8.43318 5.26597
vt 8.43318 5.9188
vt 8.43318 6.74567
vt 8.43318 7.57255
vt 3.47584 0.76659
vt 2.64961 0.76659
vt 7.60695 3.07317
vt 7.60695 2.30658
vt 7.60695 1.53318
vt 6.78073 1.15171
vt 6.78073 3.07317
vt 6.78073 2.30658
vt 6.78073 1.53318
vt 7.60695 3.84316
vt 7.60695 4.61315
vt 7.60695 5.26597
vt 7.60695 5.9188
vt 7.60695 6.74567
vt 7.60695 7.57255
vt 5.9545 3.07317
vt 5.9545 2.30658
vt 6.78073 3.84316
vt 6.78073 4.61315
vt 6.78073 5.26597
vt 6.78073 5.9188
vt 6.78073 6.74567
vt 6.78073 7.57255
vt 5.12828 3.07317
vt 5.9545 3.84316
vt 5.9545 4.61315
vt 5.9545 5.26597
vt 5.9545 5.9188
vt 5.9545 6.74567
vt 5.9545 7.57255
vt 4.30206 3.84316
vt 3.47584 4.61315
vt 2.64961 5.26597
vt 1.82339 5.9188
vt 5.12828 3.84316
vt 5.12828 4.61315
vt 5.12828 5.26597
vt 5.12828 5.9188
vt 5.12828 6.74567
vt 5.12828 7.57255
vt 1.82339 3.07317
vt 2.64961 2.30658
vt 1.82339 2.30658
vt 2.64961 1.53318
vt 3.47584 1.53318
vt 3.47584 1.15248
vt 4.30206 5.26597
vt 4.30206 4.61315
vt 3.47584 5.26597
vt 4.30206 5.9188
vt 4.30206 6.74567
vt 4.30206 7.57255
vt 2.64961 5.9188
vt 1.82339 6.74567
vt 3.47584 5.9188
vt 3.47584 6.74567
vt 3.47584 7.57255
vt 13.04863 7.57255
vt 2.64961 7.57255
vt 2.64961 6.74567
vt 1.82339 7.57255
vt 2.64961 1.15267
vt 20.13919 0
vt 20.13919 -1.3533
vt 20.83919 0
vt 20.83919 -1.3533
vt 20.13919 -2.7066
vt 20.83919 -2.7066
vt 20.13919 -4.0599
vt 20.83919 -4.0599
vt 20.13919 -5.41321
vt 20.83919 -5.41321
vt 20.13919 -6.76651
vt 20.83919 -6.76651
vt 20.13919 -8.11981
vt 20.83919 -8.11981
vt 20.13919 -9.47311
vt 20.83919 -9.47311
vt 20.13919 -10.82641
vt 20.83919 -10.82641
vt 20.13919 -12.17971
vt 20.83919 -12.17971
vt 20.13919 -13.53301
vt 20.83919 -13.53301
vt 20.13919 -14.88632
vt 20.83919 -14.88632
vt 20.13919 -16.23962
vt 20.83919 -16.23962
vt 20.83919 -17.59292
vt 20.13919 -17.59292
vt -0.8 0
vt -0.8 1.071
vt -20.3 0
vt -20.3 1.071
vt -0.8 2.142
vt -20.3 2.142
vt -0.8 3.21299
vt -20.3 3.21299
vt -0.8 4.28399
vt -20.3 4.28399
vt -0.8 5.35499
vt -20.3 5.35499
vt -0.8 6.42598
vt -20.3 6.42598
vt -0.8 7.49698
vt -20.3 7.49698
vt -0.8 8.56798
vt -20.3 8.56798
vt -0.8 9.63898
vt -20.3 9.63898
vt -0.8 10.70998
vt -20.3 10.70998
vt -20.3 11.78097
vt -0.8 11.78097
vt -20.3 -11.78097
vt -0.8 -11.78097
vt -20.3 -10.70998
vt -0.8 -10.70998
vt -0.8 -9.63898
vt -20.3 -9.63898
vt -0.8 -8.56798
vt -20.3 -8.56798
vt -0.8 -7.49698
vt -20.3 -7.49698
vt -0.8 -6.42598
vt -20.3 -6.42598
vt -0.8 -5.35499
vt -20.3 -5.35499
vt -0.8 -4.28399
vt -20.3 -4.28399
vt -0.8 -3.21299
vt -20.3 -3.21299
vt -0.8 -2.142
vt -20.3 -2.142
vt -0.8 -1.071
vt -20.3 -1.071
vt -3.5981 -1.0915
vt -3.5885 -1.08868
vt -3.75 -0.035
vt -3.74 -0.035
vt -3.5885 1.01868
vt -3.14629 -2.057
vt -3.1547 -2.0624
vt -2.44918 -2.8615
vt -2.45573 -2.86906
vt -1.55365 -3.43702
vt -1.55781 -3.44612
vt -0.53226 -3.73693
vt -0.53368 -3.74683
vt 0.53368 -3.74683
vt 0.53226 -3.73693
vt 1.55781 -3.44612
vt 1.55365 -3.43702
vt 2.45573 -2.86906
vt 2.44918 -2.8615
vt 3.1547 -2.0624
vt 3.14629 -2.057
vt 3.5981 -1.0915
vt 3.5885 -1.08868
vt 3.75 -0.035
vt 3.74 -0.035
vt 3.5885 1.01868
vt 3.5981 1.0215
vt 3.14629 1.987
vt 3.1547 1.9924
vt 2.44918 2.7915
vt 2.45573 2.79906
vt 1.55365 3.36702
vt 1.55781 3.37612
vt 0.53226 3.66693
vt 0.53368 3.67683
vt -0.53368 3.67683
vt -0.53226 3.66693
vt -1.55781 3.37612
vt -1.55365 3.36702
vt -2.45573 2.79906
vt -2.44918 2.7915
vt -3.1547 1.9924
vt -3.14629 1.987
vt -3.5981 1.0215
vt -0.73138 -3.713
vt -0 -3.785
vt -0 -3.775
vt 0.73138 -3.713
vt 0.72964 -3.70314
vt 1.43124 -3.49031
vt 1.43529 -3.49946
vt 2.07783 -3.1447
vt 2.08346 -3.15292
vt 2.65152 -2.68679
vt 2.64458 -2.67958
vt 3.11792 -2.11844
vt 3.1097 -2.11283
vt 3.4645 -1.47019
vt 3.45531 -1.46624
vt 3.6779 -0.76658
vt 3.66814 -0.76464
vt 3.75001 -0.035
vt 3.66814 0.69464
vt 3.6779 0.69658
vt 3.45531 1.39624
vt 3.4645 1.40019
vt 3.1097 2.04283
vt 3.11792 2.04844
vt 2.64458 2.60958
vt 2.65152 2.61679
vt 2.07783 3.0747
vt 2.08346 3.08292
vt 1.43529 3.42946
vt 1.43124 3.42031
vt 0.73138 3.643
vt 0.72964 3.63314
vt -0 3.705
vt -0 3.715
vt -0.73138 3.643
vt -1.43529 3.42946
vt -1.43124 3.42031
vt -0.72964 3.63314
vt -2.07783 3.0747
vt -2.08346 3.08292
vt -2.65152 2.61679
vt -2.64458 2.60958
vt -3.11792 2.04844
vt -3.1097 2.04283
vt -3.4645 1.40019
vt -3.45531 1.39624
vt -3.6779 0.69658
vt -3.66814 0.69464
vt -3.75001 -0.035
vt -3.66814 -0.76464
vt -3.6779 -0.76658
vt -3.45531 -1.46624
vt -3.4645 -1.47019
vt -3.1097 -2.11283
vt -3.11792 -2.11844
vt -2.64458 -2.67958
vt -2.65152 -2.68679
vt -2.07783 -3.1447
vt -2.08346 -3.15292
vt -1.43529 -3.49946
vt -1.43124 -3.49031
vt -0.72964 -3.70314
vt -5.43727 -1.34017
vt 5.43727 -1.34017
vt -5.6 0
vt 5.6 0
vt -5.43727 1.34017
vt 5.43727 1.34017
vt -4.95855 2.60245
vt 4.95855 2.60245
vt -4.19166 3.71349
vt 4.19166 3.71349
vt -3.18116 4.60871
vt 3.18116 4.60871
vt -1.98579 5.23609
vt 1.98579 5.23609
vt -0.675 5.55917
vt 0.675 5.55917
vt 4.95855 -2.60245
vt -4.95855 -2.60245
vt 4.19166 -3.71349
vt -4.19166 -3.71349
vt 3.18116 -4.60871
vt -3.18116 -4.60871
vt 1.98579 -5.23609
vt -1.98579 -5.23609
vt 0.675 -5.55917
vt -0.675 -5.55917
vt 20.83919 17.59292
vt 20.13919 17.59292
vt 20.83919 16.23962
vt 20.13919 16.23962
vt 20.13919 14.88632
vt 20.83919 14.88632
vt 20.13919 13.53301
vt 20.83919 13.53301
vt 20.13919 12.17971
vt 20.83919 12.17971
vt 20.13919 10.82641
vt 20.83919 10.82641
vt 20.13919 9.47311
vt 20.83919 9.47311
vt 20.13919 8.11981
vt 20.83919 8.11981
vt 20.13919 6.76651
vt 20.83919 6.76651
vt 20.13919 5.41321
vt 20.83919 5.41321
vt 20.13919 4.0599
vt 20.83919 4.0599
vt 20.13919 2.7066
vt 20.83919 2.7066
vt 20.13919 1.3533
vt 20.83919 1.3533
vt 1.1507 -5.78671
vt -0 -5.9
vt -1.1507 -5.78671
vt -2.25818 -5.45076
vt -3.27797 -4.90553
vt -4.17173 -4.17215
vt -4.90553 -3.27795
vt -5.45082 -2.25803
vt -5.78656 -1.15103
vt -5.90001 -0
vt -5.78656 1.15103
vt -5.45082 2.25803
vt -4.90553 3.27795
vt -4.17173 4.17215
vt -3.27797 4.90553
vt -2.25818 5.45076
vt -1.1507 5.78671
vt 0 5.9
vt 1.1507 5.78671
vt 2.25818 5.45076
vt 3.27797 4.90553
vt 4.17173 4.17215
vt 4.90553 3.27795
vt 5.45082 2.25803
vt 5.78656 1.15103
vt 5.90001 0
vt 5.78656 -1.15103
vt 5.45082 -2.25803
vt 4.90553 -3.27795
vt 4.17173 -4.17215
vt 3.27797 -4.90553
vt 2.25818 -5.45076
vt 15.49854 9.2263
vt 15.04296 8.39942
vt 15.04296 7.57255
vt 15.04296 6.74567
vt 15.86918 6.74567
vt 15.86918 5.9188
vt 16.69541 5.9188
vt 16.69541 5.26597
vt 17.52163 5.26597
vt 17.52163 4.61315
vt 18.34786 4.61315
vt 18.34786 3.84316
vt 19.17408 3.84316
vt 19.17408 3.07317
vt 20.0003 3.07317
vt 20.0003 2.30658
vt 20.82652 2.30658
vt 20.82652 1.53318
vt 21.65275 1.53318
vt 21.65275 0.76659
vt 22.47897 0.76659
vt 21.88067 0
vt 22.79237 0
vt 15.04296 5.9188
vt 15.86918 5.26597
vt 16.69541 4.61315
vt 17.52163 3.84316
vt 18.34786 3.07317
vt 19.17408 2.30658
vt 20.0003 1.53318
vt 20.82652 0.76659
vt 20.96897 0
vt 15.04296 3.84316
vt 15.04296 4.61315
vt 15.04296 5.26597
vt 15.86918 4.61315
vt 15.04296 1.53318
vt 15.04296 2.30658
vt 15.04296 3.07317
vt 15.86918 2.30658
vt 15.86918 3.07317
vt 16.69541 2.30658
vt 16.69541 3.07317
vt 17.52163 2.30658
vt 17.52163 3.07317
vt 18.34786 2.30658
vt 15.04296 0.76659
vt 15.49855 0
vt 15.86918 0.76659
vt 16.4108 0
vt 16.69541 0.76659
vt 17.32233 0
vt 17.52163 0.76659
vt 18.23366 0
vt 18.34786 0.76659
vt 19.14547 0
vt 19.17408 0.76659
vt 20.05712 0
vt 20.0003 0.76659
vt 23.3052 0.76659
vt 23.70423 0
vt 24.13142 0.76659
vt 24.61587 0
vt 24.95764 0.76659
vt 25.52769 0
vt 25.78386 0.76659
vt 26.43901 0
vt 26.61009 0.76659
vt 27.35054 0
vt 27.43631 0.76659
vt 28.2628 0
vt 28.26253 0.76659
vt 29.17423 0.57664
vt 29.17423 1.15329
vt 29.17423 0
vt 28.26253 1.53318
vt 29.17423 2.30658
vt 28.26253 2.30658
vt 28.26253 3.07317
vt 27.43631 3.07317
vt 27.43631 3.84316
vt 26.61009 3.84316
vt 26.61009 4.61315
vt 25.78386 4.61315
vt 25.78386 5.26597
vt 24.95764 5.26597
vt 24.95764 5.9188
vt 24.13142 5.9188
vt 24.13142 6.74567
vt 23.3052 6.74567
vt 23.3052 7.57255
vt 22.47897 7.57255
vt 22.47897 8.39942
vt 21.65275 8.39942
vt 21.88067 9.2263
vt 20.96898 9.22627
vt 29.17423 3.45986
vt 28.26253 3.84316
vt 27.43631 4.61315
vt 26.61009 5.26597
vt 25.78386 5.9188
vt 24.95764 6.74567
vt 24.13142 7.57255
vt 23.3052 8.39942
vt 22.79238 9.22628
vt 29.17423 4.61315
vt 28.26253 4.61315
vt 27.43631 5.26597
vt 26.61009 5.9188
vt 25.78386 6.74567
vt 24.95764 7.57255
vt 24.13142 8.39942
vt 23.70422 9.2263
vt 28.26253 5.26597
vt 29.17423 5.76644
vt 28.26253 5.9188
vt 28.26253 6.74567
vt 27.43631 6.74567
vt 27.43631 7.57255
vt 26.61009 7.57255
vt 26.61009 8.39942
vt 25.78386 8.39942
vt 26.43902 9.22629
vt 25.52769 9.2263
vt 29.17423 6.91972
vt 28.26253 7.57255
vt 27.43631 8.39942
vt 27.35055 9.2263
vt 29.17423 8.07301
vt 28.26253 8.39942
vt 29.17423 8.64965
vt 28.2628 9.2263
vt 29.17423 9.2263
vt 24.95764 8.39942
vt 24.61588 9.22628
vt 20.82652 8.39942
vt 20.05712 9.2263
vt 20.0003 8.39942
vt 19.14547 9.22627
vt 19.17408 8.39942
vt 18.34786 8.39942
vt 19.17408 7.57255
vt 18.34786 7.57255
vt 19.17408 6.74567
vt 18.34786 6.74567
vt 19.17408 5.9188
vt 18.34786 5.9188
vt 19.17408 5.26597
vt 18.34786 5.26597
vt 19.17408 4.61315
vt 18.23366 9.2263
vt 17.52163 8.39942
vt 17.52163 7.57255
vt 17.52163 6.74567
vt 17.52163 5.9188
vt 17.32233 9.22626
vt 16.69541 8.39942
vt 16.69541 7.57255
vt 16.69541 6.74567
vt 16.4108 9.2263
vt 15.86918 8.39942
vt 15.86918 7.57255
vt 20.0003 7.57255
vt 20.0003 6.74567
vt 20.0003 5.9188
vt 20.0003 5.26597
vt 20.0003 4.61315
vt 20.0003 3.84316
vt 20.82652 7.57255
vt 20.82652 6.74567
vt 20.82652 5.9188
vt 20.82652 5.26597
vt 20.82652 4.61315
vt 20.82652 3.84316
vt 20.82652 3.07317
vt 21.65275 7.57255
vt 21.65275 6.74567
vt 21.65275 5.9188
vt 21.65275 5.26597
vt 21.65275 4.61315
vt 21.65275 3.84316
vt 21.65275 3.07317
vt 21.65275 2.30658
vt 25.78386 7.57255
vt 22.47897 6.74567
vt 23.3052 5.9188
vt 24.13142 5.26597
vt 24.95764 4.61315
vt 25.78386 3.84316
vt 26.61009 3.07317
vt 27.43631 2.30658
vt 22.47897 5.9188
vt 22.47897 5.26597
vt 22.47897 4.61315
vt 22.47897 3.84316
vt 22.47897 3.07317
vt 22.47897 2.30658
vt 22.47897 1.53318
vt 26.61009 6.74567
vt 27.43631 5.9188
vt 15.86918 3.84316
vt 16.69541 3.84316
vt 23.3052 3.84316
vt 23.3052 4.61315
vt 23.3052 5.26597
vt 24.13142 3.84316
vt 24.13142 4.61315
vt 23.3052 3.07317
vt 23.3052 2.30658
vt 23.3052 1.53318
vt 24.95764 3.84316
vt 24.13142 3.07317
vt 24.13142 2.30658
vt 24.13142 1.53318
vt 25.78386 3.07317
vt 26.61009 2.30658
vt 27.43631 1.53318
vt 24.95764 3.07317
vt 24.95764 2.30658
vt 24.95764 1.53318
vt 15.86918 1.53318
vt 16.69541 1.53318
vt 17.52163 1.53318
vt 18.34786 1.53318
vt 19.17408 1.53318
vt 25.78386 1.53318
vt 25.78386 2.30658
vt 26.61009 1.53318
vt -27.22836 3.69405
vt -28.3513 3.85
vt -28.3513 3.83
vt -29.47423 3.69405
vt -29.4684 3.67486
vt -30.50619 3.23883
vt -30.495 3.222
vt -31.36357 2.52121
vt -31.34792 2.50812
vt -31.97692 1.59935
vt -31.95808 1.59104
vt -32.29654 0.54791
vt -32.27604 0.54507
vt -32.29654 -0.54791
vt -32.27604 -0.54507
vt -31.95808 -1.59104
vt -31.97692 -1.59935
vt -31.34792 -2.50812
vt -31.36357 -2.52121
vt -30.495 -3.222
vt -30.50619 -3.23883
vt -29.4684 -3.67486
vt -29.47423 -3.69405
vt -28.3513 -3.83
vt -28.3513 -3.85
vt -27.22836 -3.69405
vt -27.2342 -3.67486
vt -26.1964 -3.23883
vt -26.2076 -3.222
vt -25.33902 -2.52121
vt -25.35467 -2.50812
vt -24.72567 -1.59935
vt -24.74451 -1.59104
vt -24.40605 -0.54791
vt -24.42655 -0.54507
vt -24.42655 0.54507
vt -24.40605 0.54791
vt -24.74451 1.59104
vt -24.72567 1.59935
vt -25.35467 2.50812
vt -25.33902 2.52121
vt -26.2076 3.222
vt -26.1964 3.23883
vt -27.2342 3.67486
vt -3.69405 -1.08467
vt -3.67486 -1.07904
vt -3.85 0
vt -3.83 0
vt -3.67486 1.07904
vt -3.222 -2.07065
vt -3.23883 -2.08147
vt -2.50812 -2.89452
vt -2.52121 -2.90964
vt -1.59104 -3.48389
vt -1.59935 -3.50208
vt -0.54507 -3.79102
vt -0.54791 -3.81081
vt 0.54791 -3.81081
vt 0.54507 -3.79102
vt 1.59935 -3.50208
vt 1.59104 -3.48389
vt 2.52121 -2.90964
vt 2.50812 -2.89452
vt 3.23883 -2.08147
vt 3.222 -2.07065
vt 3.69405 -1.08467
vt 3.67486 -1.07904
vt 3.85 0
vt 3.83 0
vt 3.67486 1.07904
vt 3.69405 1.08467
vt 3.222 2.07065
vt 3.23883 2.08147
vt 2.50812 2.89452
vt 2.52121 2.90964
vt 1.59104 3.48389
vt 1.59935 3.50208
vt 0.54507 3.79102
vt 0.54791 3.81081
vt -0.54791 3.81081
vt -0.54507 3.79102
vt -1.59935 3.50208
vt -1.59104 3.48389
vt -2.52121 2.90964
vt -2.50812 2.89452
vt -3.23883 2.08147
vt -3.222 2.07065
vt -3.69405 1.08467
vt -2.58819 -12.09513
vt -5.98 -11.21572
vt -10.91 -12.09513
vt -6.17846 -11.19281
vt -10.91 -10.99557
vt -6.35721 -11.13534
vt -6.68349 -10.95853
vt -5.78154 -11.19281
vt -2.29755 -10.99557
vt -5.60279 -11.13534
vt -5.27651 -10.95853
vt -4.66274 -10.46748
vt -2.03046 -9.89602
vt -4.06523 -9.86934
vt -3.50846 -9.21242
vt -1.80856 -8.79646
vt -3.01561 -8.50842
vt -1.64981 -7.6969
vt -2.60115 -7.72689
vt -2.32569 -6.89614
vt -1.56709 -6.59734
vt -2.23 -6.04757
vt -1.56709 -5.49779
vt -2.32569 -5.19899
vt -1.64981 -4.39823
vt -2.60115 -4.36824
vt -3.01561 -3.58671
vt -1.80856 -3.29867
vt -3.50846 -2.88271
vt -2.03046 -2.19912
vt -4.06523 -2.22579
vt -4.66274 -1.62765
vt -2.29755 -1.09956
vt -5.27651 -1.13661
vt -5.60279 -0.95979
vt -5.78154 -0.90232
vt -5.98 -0.87941
vt -10.91 -1.09956
vt -6.17846 -0.90232
vt -6.35721 -0.95979
vt -6.68349 -1.13661
vt -7.29726 -1.62765
vt -10.91 -2.19912
vt -7.89477 -2.22579
vt -8.45155 -2.88271
vt -10.91 -3.29867
vt -8.94439 -3.58671
vt -10.91 -4.39823
vt -9.35885 -4.36824
vt -9.63431 -5.19899
vt -10.91 -5.49779
vt -9.73 -6.04757
vt -10.91 -6.59734
vt -9.63431 -6.89614
vt -10.91 -7.6969
vt -9.35885 -7.72689
vt -8.94439 -8.50842
vt -10.91 -8.79646
vt -8.45155 -9.21242
vt -10.91 -9.89602
vt -7.89477 -9.86934
vt -7.29726 -10.46748
vt -24.42822 -11.78097
vt -20.8 -11.78097
vt -24.40592 -11.58242
vt -24.35012 -11.40312
vt -24.17983 -11.07329
vt -20.8 -10.70998
vt -23.7204 -10.435
vt -20.8 -9.63898
vt -23.19617 -9.77138
vt -22.67924 -9.08246
vt -20.8 -8.56798
vt -22.21008 -8.36231
vt -20.8 -7.49698
vt -21.8105 -7.57294
vt -21.54315 -6.73944
vt -20.8 -6.42598
vt -21.45 -5.89049
vt -20.8 -5.35499
vt -21.54315 -5.04153
vt -20.8 -4.28399
vt -21.8105 -4.20803
vt -22.21008 -3.41866
vt -20.8 -3.21299
vt -22.67924 -2.69851
vt -20.8 -2.142
vt -23.19617 -2.0096
vt -23.7204 -1.34598
vt -20.8 -1.071
vt -24.17983 -0.70768
vt -24.35012 -0.37785
vt -24.40592 -0.19855
vt -0 1.09384
vt -0.5 0
vt -0.5 1.09384
vt -0 2.18769
vt -0.5 2.18769
vt -0 3.28154
vt -0.5 3.28154
vt -0 4.37538
vt -0.5 4.37538
vt -0 5.46923
vt -0.5 5.46923
vt -0 6.56307
vt -0.5 6.56307
vt -0 7.65692
vt -0.5 7.65692
vt -0 8.75076
vt -0.5 8.75076
vt -0 9.84461
vt -0.5 9.84461
vt -0 10.93846
vt -0.5 10.93846
vt -0.5 12.0323
vt -0 12.0323
vt -16.04802 0
vt -13.95983 0
vt -16.04802 1.09384
vt -13.6707 1.09384
vt -16.04802 2.18769
vt -13.405 2.18769
vt -16.04802 3.28154
vt -13.18424 3.28154
vt -16.04802 4.37538
vt -13.02632 4.37538
vt -16.04802 5.46923
vt -12.94403 5.46923
vt -12.94403 6.56307
vt -16.04802 6.56307
vt -13.02632 7.65692
vt -16.04802 7.65692
vt -13.18424 8.75076
vt -16.04802 8.75076
vt -13.405 9.84461
vt -16.04802 9.84461
vt -13.6707 10.93846
vt -16.04802 10.93846
vt -13.95983 12.0323
vt -16.04802 12.0323
vt 0.62832 0
vt 0.7854 0
vt 0.69813 0.55106
vt 0.7854 1.15722
vt 0.69813 1.65318
vt 0.7854 2.31444
vt 0.69813 2.75529
vt 0.7854 3.47167
vt 0.69813 3.85741
vt 0.7854 4.62889
vt 0.69813 4.95952
vt 0.7854 5.78611
vt 0.69813 6.06164
vt 0.7854 6.94334
vt 0.69813 7.16376
vt 0.7854 8.10056
vt 0.69813 8.26587
vt 0.7854 9.25778
vt 0.69813 9.36799
vt 0.7854 10.415
vt 0.69813 10.47011
vt 0.7854 11.57222
vt 0.62832 11.57222
vt 0.5236 10.47011
vt 0.47124 11.57222
vt 0.34907 10.47011
vt 0.31416 11.57222
vt 0.17453 10.47011
vt 0.15708 11.57222
vt -0 10.5202
vt -0 11.57222
vt -0 9.46818
vt 0.17453 9.36799
vt 0.34907 9.36799
vt 0.34907 8.26587
vt 0.5236 8.26587
vt 0.5236 7.16376
vt -0 8.41616
vt 0.17453 8.26587
vt 0.34907 7.16376
vt 0.5236 6.06164
vt -0 7.36414
vt 0.17453 7.16376
vt 0.34907 6.06164
vt 0.5236 4.95952
vt -0 6.31212
vt 0.17453 6.06164
vt 0.34907 4.95952
vt 0.5236 3.85741
vt -0 5.2601
vt 0.17453 4.95952
vt 0.34907 3.85741
vt 0.5236 2.75529
vt -0 4.20808
vt 0.17453 3.85741
vt 0.34907 2.75529
vt 0.5236 1.65318
vt -0 3.15606
vt 0.17453 2.75529
vt 0.34907 1.65318
vt 0.5236 0.55106
vt -0 2.10404
vt 0.17453 1.65318
vt 0.34907 0.55106
vt 0.47124 0
vt -0 1.05202
vt 0.17453 0.55106
vt 0.31416 0
vt 0.15708 0
vt 0.5236 9.36799
vt -0.62 0
vt -0.62 1.11526
vt 0 1.11526
vt -0.62 2.23053
vt -0 2.23053
vt -0.62 3.3458
vt -0 3.3458
vt -0.62 4.46106
vt -0 4.46106
vt -0.62 5.57633
vt -0 5.57633
vt -0.62 6.69159
vt -0 6.69159
vt -0.62 7.80686
vt -0 7.80686
vt -0.62 8.92212
vt -0 8.92212
vt -0.62 10.03739
vt -0 10.03739
vt -0.62 11.15265
vt -0 11.15265
vt -0 1.06814
vt -0.5 1.06814
vt -0 2.13628
vt -0.5 2.13628
vt -0 3.20442
vt -0.5 3.20442
vt -0 4.27257
vt -0.5 4.27257
vt -0 5.34071
vt -0.5 5.34071
vt -0 6.40885
vt -0.5 6.40885
vt -0 7.47699
vt -0.5 7.47699
vt -0 8.54513
vt -0.5 8.54513
vt -0 9.61327
vt -0.5 9.61327
vt -0 10.68142
vt -0.5 10.68142
vt -0.5 11.74956
vt -0 11.74956
vt -0.5 0.73435
vt -0.5 1.4687
vt -0.5 2.20304
vt -0.5 2.93739
vt -0.5 3.67174
vt -0.5 4.40608
vt -0.5 5.14043
vt -0.5 5.87478
vt -0.5 6.60913
vt -0.5 7.34347
vt -0.5 8.07782
vt -0.5 8.81217
vt -0.5 9.54652
vt -0.5 10.28086
vt -0.5 11.01521
vt -0.5 -11.74956
vt -0 -11.74956
vt -0.5 -11.01521
vt -0 -10.68142
vt -0.5 -10.28086
vt -0 -9.61327
vt -0.5 -9.54652
vt -0.5 -8.81217
vt -0 -8.54513
vt -0.5 -8.07782
vt -0 -7.47699
vt -0.5 -7.34347
vt -0.5 -6.60913
vt -0 -6.40885
vt -0.5 -5.87478
vt 0 -5.34071
vt -0.5 -5.14043
vt 0 -4.27257
vt -0.5 -4.40608
vt -0.5 -3.67174
vt 0 -3.20442
vt -0.5 -2.93739
vt 0 -2.13628
vt -0.5 -2.20304
vt -0.5 -1.4687
vt 0 -1.06814
vt -0.5 -0.73435
vt -0.5 -10.68142
vt -0.5 -9.61327
vt -0.5 -8.54513
vt -0.5 -7.47699
vt -0.5 -6.40885
vt -0.5 -5.34071
vt -0.5 -4.27257
vt -0.5 -3.20442
vt -0.5 -2.13628
vt -0.5 -1.06814
vt -3.37625 -1.09701
vt 3.37625 -1.09701
vt -3.55 0
vt 3.55 0
vt -3.37625 1.09701
vt 3.37625 1.09701
vt -2.87201 2.08664
vt 2.87201 2.08664
vt -2.08664 2.87201
vt 2.08664 2.87201
vt -1.09701 3.37625
vt 1.09701 3.37625
vt 0 3.55
vt 2.87201 -2.08664
vt -2.87201 -2.08664
vt 2.08664 -2.87201
vt -2.08664 -2.87201
vt 1.09701 -3.37625
vt -1.09701 -3.37625
vt 0 -3.55
vt -3.16702 -1.02903
vt 3.16702 -1.02903
vt -3.33 0
vt 3.33 0
vt -3.16702 1.02903
vt 3.16702 1.02903
vt -2.69403 1.95732
vt 2.69403 1.95732
vt -1.95732 2.69403
vt 1.95732 2.69403
vt -1.02903 3.16702
vt 1.02903 3.16702
vt -0 3.33
vt 2.69403 -1.95732
vt -2.69403 -1.95732
vt 1.95732 -2.69403
vt -1.95732 -2.69403
vt 1.02903 -3.16702
vt -1.02903 -3.16702
vt -0 -3.33
vt -0.62 -11.15265
vt -0 -11.15265
vt -0.62 -10.03739
vt -0 -10.03739
vt -0.62 -8.92212
vt -0 -8.92212
vt -0.62 -7.80686
vt -0 -7.80686
vt -0.62 -6.69159
vt -0 -6.69159
vt -0.62 -5.57633
vt -0 -5.57633
vt -0.62 -4.46106
vt -0 -4.46106
vt -0.62 -3.3458
vt -0 -3.3458
vt -0.62 -2.23053
vt -0 -2.23053
vt -0.62 -1.11526
vt -0 -1.11526
vt -0 -11.57222
vt 0.15708 -11.57222
vt -0 -10.5202
vt 0.17453 -10.47011
vt -0 -9.46818
vt 0.17453 -9.36799
vt -0 -8.41616
vt 0.17453 -8.26587
vt -0 -7.36414
vt 0.17453 -7.16376
vt -0 -6.31212
vt 0.17453 -6.06164
vt -0 -5.2601
vt 0.17453 -4.95952
vt -0 -4.20808
vt 0.17453 -3.85741
vt -0 -3.15606
vt 0.17453 -2.75529
vt -0 -2.10404
vt 0.17453 -1.65318
vt -0 -1.05202
vt 0.17453 -0.55106
vt 0.34907 -0.55106
vt 0.5236 -0.55106
vt 0.69813 -0.55106
vt 0.7854 -1.15722
vt 0.69813 -1.65318
vt 0.7854 -2.31444
vt 0.69813 -2.75529
vt 0.7854 -3.47167
vt 0.69813 -3.85741
vt 0.7854 -4.62889
vt 0.69813 -4.95952
vt 0.7854 -5.78611
vt 0.69813 -6.06164
vt 0.7854 -6.94334
vt 0.69813 -7.16376
vt 0.7854 -8.10056
vt 0.69813 -8.26587
vt 0.7854 -9.25778
vt 0.69813 -9.36799
vt 0.7854 -10.415
vt 0.69813 -10.47011
vt 0.7854 -11.57222
vt 0.62832 -11.57222
vt 0.5236 -10.47011
vt 0.47124 -11.57222
vt 0.34907 -10.47011
vt 0.31416 -11.57222
vt 0.5236 -9.36799
vt 0.5236 -8.26587
vt 0.5236 -7.16376
vt 0.5236 -6.06164
vt 0.5236 -4.95952
vt 0.5236 -3.85741
vt 0.5236 -2.75529
vt 0.5236 -1.65318
vt 0.34907 -9.36799
vt 0.34907 -8.26587
vt 0.34907 -7.16376
vt 0.34907 -6.06164
vt 0.34907 -4.95952
vt 0.34907 -3.85741
vt 0.34907 -2.75529
vt 0.34907 -1.65318
vt -13.95983 -12.0323
vt -14.24896 -10.93846
vt -16.04802 -12.0323
vt -16.04802 -10.93846
vt -14.51466 -9.84461
vt -16.04802 -9.84461
vt -14.73541 -8.75076
vt -16.04802 -8.75076
vt -14.89333 -7.65692
vt -16.04802 -7.65692
vt -14.97563 -6.56307
vt -16.04802 -6.56307
vt -14.97563 -5.46923
vt -16.04802 -5.46923
vt -16.04802 -4.37538
vt -14.89333 -4.37538
vt -16.04802 -3.28154
vt -14.73541 -3.28154
vt -16.04802 -2.18769
vt -14.51466 -2.18769
vt -16.04802 -1.09384
vt -14.24896 -1.09384
vt -0.5 -12.0323
vt -0 -12.0323
vt -0.5 -10.93846
vt -0 -10.93846
vt -0 -9.84461
vt -0.5 -9.84461
vt -0 -8.75076
vt -0.5 -8.75076
vt -0 -7.65692
vt -0.5 -7.65692
vt -0 -6.56307
vt -0.5 -6.56307
vt -0 -5.46923
vt -0.5 -5.46923
vt -0 -4.37538
vt -0.5 -4.37538
vt -0 -3.28154
vt -0.5 -3.28154
vt -0 -2.18769
vt -0.5 -2.18769
vt -0 -1.09384
vt -0.5 -1.09384
usemtl mat0
f 1/1/1 2/2/2 3/3/3
f 3/3/3 2/2/2 4/4/4
f 3/3/3 4/4/4 5/5/3
f 6/6/5 7/7/6 1/1/1
f 1/1/1 7/7/6 8/8/7
f 1/1/1 8/8/7 2/2/2
f 9/9/8 10/10/9 6/6/5
f 6/6/5 10/10/9 11/11/10
f 6/6/5 11/11/10 7/7/6
f 10/10/9 9/9/8 12/12/11
f 12/12/11 9/9/8 13/13/12
f 12/12/11 13/13/12 14/14/13
f 14/14/13 13/13/12 15/15/14
f 15/15/14 13/13/12 16/16/15
f 15/15/14 16/16/15 17/17/16
f 17/17/16 16/16/15 18/18/17
f 17/17/16 18/18/17 19/19/18
f 19/19/18 18/18/17 20/20/19
f 19/19/18 20/20/19 21/21/20
f 21/21/20 20/20/19 22/22/21
f 22/22/21 20/20/19 23/23/22
f 22/22/21 23/23/22 24/24/23
f 24/24/23 23/23/22 25/25/24
f 24/24/23 25/25/24 26/26/25
f 26/26/25 25/25/24 27/27/26
f 27/27/26 25/25/24 28/28/27
f 27/27/26 28/28/27 29/29/28
f 29/29/28 28/28/27 30/30/29
f 30/30/29 28/28/27 31/31/30
f 30/30/29 31/31/30 32/32/31
f 32/32/31 31/31/30 33/33/30
f 34/34/30 35/35/32 36/36/30
f 36/36/30 35/35/32 37/37/32
f 37/37/32 35/35/32 38/38/33
f 37/37/32 38/38/33 39/39/33
f 39/39/33 38/38/33 40/40/34
f 39/39/33 40/40/34 41/41/34
f 41/41/34 40/40/34 42/42/35
f 41/41/34 42/42/35 43/43/35
f 43/43/35 42/42/35 44/44/36
f 43/43/35 44/44/36 45/45/36
f 45/45/36 44/44/36 46/46/37
f 45/45/36 46/46/37 47/47/37
f 47/47/37 46/46/37 48/48/38
f 48/48/38 46/46/37 49/49/38
f 48/48/38 49/49/38 50/50/39
f 50/50/39 49/49/38 51/51/39
f 50/50/39 51/51/39 52/52/40
f 52/52/40 51/51/39 53/53/40
f 52/52/40 53/53/40 54/54/41
f 54/54/41 53/53/40 55/55/41
f 54/54/41 55/55/41 56/56/3
f 56/56/3 55/55/41 57/57/3
f 58/58/42 59/59/43 60/60/44
f 60/60/44 59/59/43 61/61/45
f 60/60/44 61/61/45 62/62/46
f 62/62/46 61/61/45 63/63/47
f 62/62/46 63/63/47 64/64/48
f 64/64/48 63/63/47 65/65/49
f 64/64/48 65/65/49 66/66/50
f 66/66/50 65/65/49 67/67/51
f 66/66/50 67/67/51 68/68/52
f 68/68/52 67/67/51 69/69/53
f 68/68/52 69/69/53 70/70/54
f 70/70/54 69/69/53 71/71/55
f 70/70/54 71/71/55 72/72/56
f 72/72/56 71/71/55 73/73/57
f 72/72/56 73/73/57 74/74/58
f 74/74/58 73/73/57 75/75/59
f 74/74/58 75/75/59 76/76/60
f 76/76/60 75/75/59 77/77/61
f 76/76/60 77/77/61 78/78/62
f 78/78/62 77/77/61 79/79/63
f 78/78/62 79/79/63 80/80/64
f 80/80/64 79/79/63 81/81/65
f 80/80/64 81/81/65 82/82/66
f 82/82/66 81/81/65 83/83/67
f 82/82/66 83/83/67 84/84/68
f 84/84/68 83/83/67 85/85/69
f 84/84/68 85/85/69 86/86/70
f 86/86/70 85/85/69 87/87/71
f 86/86/70 87/87/71 88/88/72
f 88/88/72 87/87/71 89/89/73
f 88/88/72 89/89/73 90/90/74
f 90/90/74 89/89/73 91/91/75
f 90/90/74 91/91/75 92/92/76
f 92/92/76 91/91/75 93/93/77
f 92/92/76 93/93/77 94/94/78
f 94/94/78 93/93/77 95/95/79
f 94/94/78 95/95/79 96/96/80
f 96/96/80 95/95/79 97/97/81
f 96/96/80 97/97/81 98/98/82
f 98/98/82 97/97/81 99/99/83
f 98/98/82 99/99/83 100/100/84
f 100/100/84 99/99/83 101/101/85
f 100/100/84 101/101/85 102/102/86
f 102/102/86 101/101/85 103/103/87
f 102/102/86 103/103/87 104/104/88
f 104/104/88 103/103/87 105/105/89
f 104/104/88 105/105/89 106/106/90
f 106/106/90 105/105/89 107/107/91
f 106/106/90 107/107/91 108/108/92
f 108/108/92 107/107/91 109/109/93
f 109/109/93 107/107/91 110/110/94
f 109/109/93 110/110/94 111/111/95
f 111/111/95 110/110/94 112/112/96
f 111/111/95 112/112/96 113/113/97
f 113/113/97 112/112/96 114/114/98
f 113/113/97 114/114/98 115/115/99
f 115/115/99 114/114/98 116/116/100
f 115/115/99 116/116/100 117/117/101
f 117/117/101 116/116/100 118/118/102
f 117/117/101 118/118/102 119/119/103
f 119/119/103 118/118/102 103/103/87
f 119/119/103 103/103/87 101/101/85
f 81/81/65 120/120/104 83/83/67
f 83/83/67 120/120/104 121/121/105
f 83/83/67 121/121/105 85/85/69
f 85/85/69 121/121/105 122/122/106
f 85/85/69 122/122/106 87/87/71
f 87/87/71 122/122/106 123/123/107
f 87/87/71 123/123/107 89/89/73
f 89/89/73 123/123/107 124/124/108
f 89/89/73 124/124/108 91/91/75
f 91/91/75 124/124/108 125/125/109
f 91/91/75 125/125/109 93/93/77
f 93/93/77 125/125/109 126/126/110
f 93/93/77 126/126/110 95/95/79
f 95/95/79 126/126/110 127/127/111
f 95/95/79 127/127/111 97/97/81
f 97/97/81 127/127/111 128/128/112
f 97/97/81 128/128/112 99/99/83
f 99/99/83 128/128/112 129/129/113
f 99/99/83 129/129/113 101/101/85
f 101/101/85 129/129/113 119/119/103
f 120/120/104 130/130/114 121/121/105
f 121/121/105 130/130/114 131/131/115
f 121/121/105 131/131/115 122/122/106
f 122/122/106 131/131/115 132/132/116
f 122/122/106 132/132/116 123/123/107
f 123/123/107 132/132/116 133/133/117
f 123/123/107 133/133/117 124/124/108
f 124/124/108 133/133/117 134/134/118
f 124/124/108 134/134/118 125/125/109
f 125/125/109 134/134/118 135/135/119
f 125/125/109 135/135/119 126/126/110
f 126/126/110 135/135/119 136/136/120
f 126/126/110 136/136/120 127/127/111
f 127/127/111 136/136/120 137/137/121
f 127/127/111 137/137/121 128/128/112
f 128/128/112 137/137/121 138/138/122
f 128/128/112 138/138/122 129/129/113
f 129/129/113 138/138/122 139/139/123
f 129/129/113 139/139/123 119/119/103
f 119/119/103 139/139/123 117/117/101
f 130/130/114 140/140/124 131/131/115
f 131/131/115 140/140/124 141/141/125
f 131/131/115 141/141/125 132/132/116
f 132/132/116 141/141/125 142/142/126
f 132/132/116 142/142/126 133/133/117
f 133/133/117 142/142/126 143/143/127
f 133/133/117 143/143/127 134/134/118
f 134/134/118 143/143/127 144/144/128
f 134/134/118 144/144/128 135/135/119
f 135/135/119 144/144/128 136/136/120
f 140/140/124 145/145/129 141/141/125
f 141/141/125 145/145/129 146/146/130
f 141/141/125 146/146/130 142/142/126
f 142/142/126 146/146/130 147/147/131
f 142/142/126 147/147/131 143/143/127
f 143/143/127 147/147/131 144/144/128
f 145/145/129 148/148/132 146/146/130
f 146/146/130 148/148/132 144/144/128
f 146/146/130 144/144/128 147/147/131
f 144/144/128 149/149/133 136/136/120
f 136/136/120 149/149/133 137/137/121
f 115/115/99 139/139/123 149/149/133
f 149/149/133 139/139/123 138/138/122
f 149/149/133 138/138/122 137/137/121
f 108/108/92 150/150/134 106/106/90
f 106/106/90 150/150/134 151/151/135
f 106/106/90 151/151/135 104/104/88
f 104/104/88 151/151/135 152/152/136
f 104/104/88 152/152/136 102/102/86
f 102/102/86 152/152/136 153/153/137
f 102/102/86 153/153/137 100/100/84
f 100/100/84 153/153/137 154/154/138
f 100/100/84 154/154/138 98/98/82
f 98/98/82 154/154/138 155/155/139
f 98/98/82 155/155/139 96/96/80
f 96/96/80 155/155/139 156/156/140
f 96/96/80 156/156/140 94/94/78
f 94/94/78 156/156/140 157/157/141
f 94/94/78 157/157/141 92/92/76
f 92/92/76 157/157/141 158/158/142
f 92/92/76 158/158/142 90/90/74
f 90/90/74 158/158/142 159/159/143
f 90/90/74 159/159/143 88/88/72
f 88/88/72 159/159/143 160/160/144
f 88/88/72 160/160/144 86/86/70
f 86/86/70 160/160/144 161/161/145
f 86/86/70 161/161/145 84/84/68
f 84/84/68 161/161/145 162/162/146
f 84/84/68 162/162/146 82/82/66
f 82/82/66 162/162/146 80/80/64
f 150/150/134 163/163/147 151/151/135
f 151/151/135 163/163/147 164/164/148
f 151/151/135 164/164/148 152/152/136
f 152/152/136 164/164/148 165/165/149
f 152/152/136 165/165/149 153/153/137
f 153/153/137 165/165/149 166/166/150
f 153/153/137 166/166/150 154/154/138
f 154/154/138 166/166/150 167/167/151
f 154/154/138 167/167/151 155/155/139
f 155/155/139 167/167/151 168/168/152
f 155/155/139 168/168/152 156/156/140
f 156/156/140 168/168/152 169/169/153
f 156/156/140 169/169/153 157/157/141
f 157/157/141 169/169/153 170/170/154
f 157/157/141 170/170/154 158/158/142
f 158/158/142 170/170/154 171/171/155
f 158/158/142 171/171/155 159/159/143
f 159/159/143 171/171/155 172/172/156
f 159/159/143 172/172/156 160/160/144
f 160/160/144 172/172/156 173/173/157
f 160/160/144 173/173/157 161/161/145
f 161/161/145 173/173/157 174/174/158
f 161/161/145 174/174/158 162/162/146
f 162/162/146 174/174/158 175/175/159
f 162/162/146 175/175/159 80/80/64
f 80/80/64 175/175/159 78/78/62
f 164/164/148 163/163/147 176/176/160
f 176/176/160 163/163/147 177/177/161
f 176/176/160 177/177/161 178/178/162
f 178/178/162 177/177/161 179/179/163
f 178/178/162 179/179/163 180/180/164
f 180/180/164 179/179/163 181/181/165
f 180/180/164 181/181/165 182/182/166
f 182/182/166 181/181/165 183/183/167
f 182/182/166 183/183/167 184/184/168
f 184/184/168 183/183/167 185/185/169
f 184/184/168 185/185/169 186/186/170
f 186/186/170 185/185/169 187/187/171
f 186/186/170 187/187/171 188/188/172
f 188/188/172 187/187/171 189/189/173
f 188/188/172 189/189/173 190/190/174
f 190/190/174 189/189/173 191/191/175
f 190/190/174 191/191/175 192/192/176
f 192/192/176 191/191/175 193/193/177
f 192/192/176 193/193/177 194/194/178
f 194/194/178 193/193/177 195/195/179
f 194/194/178 195/195/179 196/196/180
f 196/196/180 195/195/179 197/197/181
f 196/196/180 197/197/181 198/198/182
f 195/195/179 199/199/183 197/197/181
f 196/196/180 198/198/182 200/200/184
f 200/200/184 198/198/182 201/201/185
f 200/200/184 201/201/185 202/202/186
f 202/202/186 201/201/185 203/203/187
f 202/202/186 203/203/187 204/204/188
f 204/204/188 203/203/187 205/205/189
f 204/204/188 205/205/189 206/206/190
f 206/206/190 205/205/189 207/207/191
f 206/206/190 207/207/191 208/208/192
f 208/208/192 207/207/191 209/209/193
f 208/208/192 209/209/193 210/210/194
f 210/210/194 209/209/193 211/211/195
f 210/210/194 211/211/195 212/212/196
f 212/212/196 211/211/195 213/213/197
f 212/212/196 213/213/197 214/214/198
f 214/214/198 213/213/197 215/215/199
f 214/214/198 215/215/199 216/216/200
f 216/216/200 215/215/199 217/217/201
f 216/216/200 217/217/201 218/218/202
f 218/218/202 217/217/201 219/219/203
f 218/218/202 219/219/203 220/220/204
f 220/220/204 219/219/203 72/72/56
f 220/220/204 72/72/56 74/74/58
f 203/203/187 221/221/205 205/205/189
f 205/205/189 221/221/205 222/222/206
f 205/205/189 222/222/206 207/207/191
f 207/207/191 222/222/206 223/223/207
f 207/207/191 223/223/207 209/209/193
f 209/209/193 223/223/207 224/224/208
f 209/209/193 224/224/208 211/211/195
f 211/211/195 224/224/208 225/225/209
f 211/211/195 225/225/209 213/213/197
f 213/213/197 225/225/209 226/226/210
f 213/213/197 226/226/210 215/215/199
f 215/215/199 226/226/210 227/227/211
f 215/215/199 227/227/211 217/217/201
f 217/217/201 227/227/211 228/228/212
f 217/217/201 228/228/212 219/219/203
f 219/219/203 228/228/212 70/70/54
f 219/219/203 70/70/54 72/72/56
f 222/222/206 221/221/205 229/229/213
f 229/229/213 221/221/205 230/230/214
f 229/229/213 230/230/214 231/231/215
f 231/231/215 230/230/214 232/232/216
f 231/231/215 232/232/216 233/233/217
f 233/233/217 232/232/216 234/234/218
f 233/233/217 234/234/218 235/235/219
f 235/235/219 234/234/218 236/236/220
f 235/235/219 236/236/220 237/237/221
f 237/237/221 236/236/220 238/238/222
f 237/237/221 238/238/222 239/239/223
f 239/239/223 238/238/222 62/62/46
f 239/239/223 62/62/46 64/64/48
f 232/232/216 240/240/224 234/234/218
f 234/234/218 240/240/224 236/236/220
f 236/236/220 240/240/224 238/238/222
f 238/238/222 240/240/224 58/58/42
f 238/238/222 58/58/42 60/60/44
f 139/139/123 115/115/99 117/117/101
f 76/76/60 78/78/62 241/241/225
f 241/241/225 78/78/62 175/175/159
f 241/241/225 175/175/159 242/242/226
f 242/242/226 175/175/159 174/174/158
f 242/242/226 174/174/158 243/243/227
f 243/243/227 174/174/158 173/173/157
f 243/243/227 173/173/157 244/244/228
f 244/244/228 173/173/157 172/172/156
f 244/244/228 172/172/156 245/245/229
f 245/245/229 172/172/156 171/171/155
f 245/245/229 171/171/155 246/246/230
f 246/246/230 171/171/155 170/170/154
f 246/246/230 170/170/154 247/247/231
f 247/247/231 170/170/154 169/169/153
f 247/247/231 169/169/153 248/248/232
f 248/248/232 169/169/153 168/168/152
f 248/248/232 168/168/152 249/249/233
f 249/249/233 168/168/152 167/167/151
f 249/249/233 167/167/151 250/250/234
f 250/250/234 167/167/151 166/166/150
f 250/250/234 166/166/150 251/251/235
f 251/251/235 166/166/150 165/165/149
f 251/251/235 165/165/149 176/176/160
f 176/176/160 165/165/149 164/164/148
f 74/74/58 76/76/60 252/252/236
f 252/252/236 76/76/60 241/241/225
f 252/252/236 241/241/225 253/253/237
f 253/253/237 241/241/225 242/242/226
f 253/253/237 242/242/226 254/254/238
f 254/254/238 242/242/226 243/243/227
f 254/254/238 243/243/227 255/255/239
f 255/255/239 243/243/227 244/244/228
f 255/255/239 244/244/228 256/256/240
f 256/256/240 244/244/228 245/245/229
f 256/256/240 245/245/229 257/257/241
f 257/257/241 245/245/229 246/246/230
f 257/257/241 246/246/230 258/258/242
f 258/258/242 246/246/230 247/247/231
f 258/258/242 247/247/231 259/259/243
f 259/259/243 247/247/231 248/248/232
f 259/259/243 248/248/232 260/260/244
f 260/260/244 248/248/232 249/249/233
f 260/260/244 249/249/233 261/261/245
f 261/261/245 249/249/233 250/250/234
f 261/261/245 250/250/234 262/262/246
f 262/262/246 250/250/234 251/251/235
f 262/262/246 251/251/235 178/178/162
f 178/178/162 251/251/235 176/176/160
f 70/70/54 228/228/212 68/68/52
f 68/68/52 228/228/212 263/263/247
f 68/68/52 263/263/247 66/66/50
f 66/66/50 263/263/247 264/264/248
f 66/66/50 264/264/248 64/64/48
f 64/64/48 264/264/248 239/239/223
f 238/238/222 60/60/44 62/62/46
f 256/256/240 265/265/249 255/255/239
f 255/255/239 265/265/249 266/266/250
f 255/255/239 266/266/250 254/254/238
f 254/254/238 266/266/250 267/267/251
f 254/254/238 267/267/251 253/253/237
f 253/253/237 267/267/251 268/268/252
f 253/253/237 268/268/252 252/252/236
f 252/252/236 268/268/252 220/220/204
f 252/252/236 220/220/204 74/74/58
f 265/265/249 269/269/253 266/266/250
f 266/266/250 269/269/253 270/270/254
f 266/266/250 270/270/254 267/267/251
f 267/267/251 270/270/254 271/271/255
f 267/267/251 271/271/255 268/268/252
f 268/268/252 271/271/255 218/218/202
f 268/268/252 218/218/202 220/220/204
f 265/265/249 256/256/240 272/272/256
f 272/272/256 256/256/240 257/257/241
f 272/272/256 257/257/241 273/273/257
f 273/273/257 257/257/241 258/258/242
f 273/273/257 258/258/242 274/274/258
f 274/274/258 258/258/242 259/259/243
f 274/274/258 259/259/243 275/275/259
f 275/275/259 259/259/243 260/260/244
f 275/275/259 260/260/244 276/276/260
f 276/276/260 260/260/244 261/261/245
f 276/276/260 261/261/245 277/277/261
f 277/277/261 261/261/245 262/262/246
f 277/277/261 262/262/246 180/180/164
f 180/180/164 262/262/246 178/178/162
f 269/269/253 278/278/262 270/270/254
f 270/270/254 278/278/262 279/279/263
f 270/270/254 279/279/263 271/271/255
f 271/271/255 279/279/263 216/216/200
f 271/271/255 216/216/200 218/218/202
f 269/269/253 265/265/249 280/280/264
f 280/280/264 265/265/249 272/272/256
f 280/280/264 272/272/256 281/281/265
f 281/281/265 272/272/256 273/273/257
f 281/281/265 273/273/257 282/282/266
f 282/282/266 273/273/257 274/274/258
f 282/282/266 274/274/258 283/283/267
f 283/283/267 274/274/258 275/275/259
f 283/283/267 275/275/259 284/284/268
f 284/284/268 275/275/259 276/276/260
f 284/284/268 276/276/260 285/285/269
f 285/285/269 276/276/260 277/277/261
f 285/285/269 277/277/261 182/182/166
f 182/182/166 277/277/261 180/180/164
f 278/278/262 286/286/270 279/279/263
f 279/279/263 286/286/270 214/214/198
f 279/279/263 214/214/198 216/216/200
f 278/278/262 269/269/253 287/287/271
f 287/287/271 269/269/253 280/280/264
f 287/287/271 280/280/264 288/288/272
f 288/288/272 280/280/264 281/281/265
f 288/288/272 281/281/265 289/289/273
f 289/289/273 281/281/265 282/282/266
f 289/289/273 282/282/266 290/290/274
f 290/290/274 282/282/266 283/283/267
f 290/290/274 283/283/267 291/291/275
f 291/291/275 283/283/267 284/284/268
f 291/291/275 284/284/268 292/292/276
f 292/292/276 284/284/268 285/285/269
f 292/292/276 285/285/269 184/184/168
f 184/184/168 285/285/269 182/182/166
f 214/214/198 286/286/270 212/212/196
f 212/212/196 286/286/270 293/293/277
f 212/212/196 293/293/277 210/210/194
f 210/210/194 293/293/277 294/294/278
f 210/210/194 294/294/278 208/208/192
f 208/208/192 294/294/278 295/295/279
f 208/208/192 295/295/279 206/206/190
f 206/206/190 295/295/279 296/296/280
f 206/206/190 296/296/280 204/204/188
f 204/204/188 296/296/280 202/202/186
f 286/286/270 278/278/262 297/297/281
f 297/297/281 278/278/262 287/287/271
f 297/297/281 287/287/271 298/298/282
f 298/298/282 287/287/271 288/288/272
f 298/298/282 288/288/272 299/299/283
f 299/299/283 288/288/272 289/289/273
f 299/299/283 289/289/273 300/300/284
f 300/300/284 289/289/273 290/290/274
f 300/300/284 290/290/274 301/301/285
f 301/301/285 290/290/274 291/291/275
f 301/301/285 291/291/275 302/302/286
f 302/302/286 291/291/275 292/292/276
f 302/302/286 292/292/276 186/186/170
f 186/186/170 292/292/276 184/184/168
f 224/224/208 303/303/287 304/304/288
f 304/304/288 303/303/287 305/305/289
f 304/304/288 305/305/289 306/306/290
f 306/306/290 305/305/289 235/235/219
f 306/306/290 235/235/219 237/237/221
f 303/303/287 231/231/215 305/305/289
f 305/305/289 231/231/215 233/233/217
f 305/305/289 233/233/217 235/235/219
f 224/224/208 223/223/207 303/303/287
f 303/303/287 223/223/207 229/229/213
f 303/303/287 229/229/213 231/231/215
f 224/224/208 304/304/288 225/225/209
f 225/225/209 304/304/288 307/307/291
f 225/225/209 307/307/291 226/226/210
f 226/226/210 307/307/291 308/308/292
f 226/226/210 308/308/292 227/227/211
f 227/227/211 308/308/292 263/263/247
f 227/227/211 263/263/247 228/228/212
f 307/307/291 304/304/288 306/306/290
f 299/299/283 309/309/293 298/298/282
f 298/298/282 309/309/293 310/310/294
f 298/298/282 310/310/294 297/297/281
f 297/297/281 310/310/294 293/293/277
f 297/297/281 293/293/277 286/286/270
f 309/309/293 311/311/295 310/310/294
f 310/310/294 311/311/295 294/294/278
f 310/310/294 294/294/278 293/293/277
f 309/309/293 299/299/283 312/312/296
f 312/312/296 299/299/283 300/300/284
f 312/312/296 300/300/284 313/313/297
f 313/313/297 300/300/284 301/301/285
f 313/313/297 301/301/285 314/314/298
f 314/314/298 301/301/285 302/302/286
f 314/314/298 302/302/286 188/188/172
f 188/188/172 302/302/286 186/186/170
f 294/294/278 311/311/295 295/295/279
f 295/295/279 311/311/295 315/315/299
f 295/295/279 315/315/299 296/296/280
f 296/296/280 315/315/299 316/316/300
f 296/296/280 316/316/300 202/202/186
f 202/202/186 316/316/300 200/200/184
f 311/311/295 309/309/293 317/317/301
f 317/317/301 309/309/293 312/312/296
f 317/317/301 312/312/296 318/318/302
f 318/318/302 312/312/296 313/313/297
f 318/318/302 313/313/297 319/319/303
f 319/319/303 313/313/297 314/314/298
f 319/319/303 314/314/298 190/190/174
f 190/190/174 314/314/298 188/188/172
f 223/223/207 222/222/206 229/229/213
f 118/118/102 116/116/100 320/320/304
f 320/320/304 116/116/100 114/114/98
f 320/320/304 114/114/98 110/110/94
f 110/110/94 114/114/98 112/112/96
f 103/103/87 118/118/102 105/105/89
f 105/105/89 118/118/102 320/320/304
f 105/105/89 320/320/304 107/107/91
f 107/107/91 320/320/304 110/110/94
f 319/319/303 321/321/305 318/318/302
f 318/318/302 321/321/305 322/322/306
f 318/318/302 322/322/306 317/317/301
f 317/317/301 322/322/306 315/315/299
f 317/317/301 315/315/299 311/311/295
f 321/321/305 323/323/307 322/322/306
f 322/322/306 323/323/307 316/316/300
f 322/322/306 316/316/300 315/315/299
f 190/190/174 192/192/176 319/319/303
f 319/319/303 192/192/176 321/321/305
f 196/196/180 200/200/184 323/323/307
f 323/323/307 200/200/184 316/316/300
f 192/192/176 194/194/178 321/321/305
f 321/321/305 194/194/178 323/323/307
f 194/194/178 196/196/180 323/323/307
f 307/307/291 306/306/290 324/324/308
f 324/324/308 306/306/290 237/237/221
f 324/324/308 237/237/221 239/239/223
f 239/239/223 264/264/248 324/324/308
f 324/324/308 264/264/248 308/308/292
f 324/324/308 308/308/292 307/307/291
f 264/264/248 263/263/247 308/308/292
f 325/325/3 326/326/309 327/327/3
f 327/327/3 326/326/309 328/328/309
f 328/328/309 326/326/309 329/329/310
f 328/328/309 329/329/310 330/330/310
f 330/330/310 329/329/310 331/331/311
f 330/330/310 331/331/311 332/332/311
f 332/332/311 331/331/311 333/333/312
f 332/332/311 333/333/312 334/334/312
f 334/334/312 333/333/312 335/335/313
f 334/334/312 335/335/313 336/336/313
f 336/336/313 335/335/313 337/337/314
f 336/336/313 337/337/314 338/338/314
f 338/338/314 337/337/314 339/339/315
f 338/338/314 339/339/315 340/340/315
f 340/340/315 339/339/315 341/341/316
f 340/340/315 341/341/316 342/342/316
f 342/342/316 341/341/316 343/343/317
f 342/342/316 343/343/317 344/344/317
f 344/344/317 343/343/317 345/345/318
f 344/344/317 345/345/318 346/346/318
f 346/346/318 345/345/318 347/347/319
f 346/346/318 347/347/319 348/348/319
f 348/348/319 347/347/319 349/349/320
f 348/348/319 349/349/320 350/350/320
f 350/350/320 349/349/320 351/351/30
f 351/351/30 349/349/320 352/352/30
f 353/353/3 354/354/1 355/355/3
f 355/355/3 354/354/1 356/356/1
f 356/356/1 354/354/1 357/357/5
f 356/356/1 357/357/5 358/358/5
f 358/358/5 357/357/5 359/359/8
f 358/358/5 359/359/8 360/360/8
f 360/360/8 359/359/8 361/361/12
f 360/360/8 361/361/12 362/362/12
f 362/362/12 361/361/12 363/363/15
f 362/362/12 363/363/15 364/364/15
f 364/364/15 363/363/15 365/365/17
f 364/364/15 365/365/17 366/366/17
f 366/366/17 365/365/17 367/367/19
f 366/366/17 367/367/19 368/368/19
f 368/368/19 367/367/19 369/369/22
f 368/368/19 369/369/22 370/370/22
f 370/370/22 369/369/22 371/371/24
f 370/370/22 371/371/24 372/372/24
f 372/372/24 371/371/24 373/373/27
f 372/372/24 373/373/27 374/374/27
f 374/374/27 373/373/27 375/375/30
f 375/375/30 373/373/27 376/376/30
f 377/377/30 378/378/30 379/379/321
f 379/379/321 378/378/30 380/380/321
f 379/379/321 380/380/321 381/381/322
f 379/379/321 381/381/322 382/382/322
f 382/382/322 381/381/322 383/383/323
f 382/382/322 383/383/323 384/384/323
f 384/384/323 383/383/323 385/385/324
f 384/384/323 385/385/324 386/386/324
f 386/386/324 385/385/324 387/387/325
f 386/386/324 387/387/325 388/388/325
f 388/388/325 387/387/325 389/389/326
f 388/388/325 389/389/326 390/390/326
f 390/390/326 389/389/326 391/391/327
f 390/390/326 391/391/327 392/392/327
f 392/392/327 391/391/327 393/393/328
f 392/392/327 393/393/328 394/394/328
f 394/394/328 393/393/328 395/395/329
f 394/394/328 395/395/329 396/396/329
f 396/396/329 395/395/329 397/397/330
f 396/396/329 397/397/330 398/398/330
f 398/398/330 397/397/330 353/353/3
f 398/398/330 353/353/3 355/355/3
f 399/399/331 400/400/331 401/401/331
f 401/401/331 400/400/331 402/402/331
f 401/401/331 402/402/331 403/403/331
f 400/400/331 399/399/331 404/404/331
f 404/404/331 399/399/331 405/405/331
f 404/404/331 405/405/331 406/406/331
f 406/406/331 405/405/331 407/407/331
f 406/406/331 407/407/331 408/408/331
f 408/408/331 407/407/331 409/409/331
f 408/408/331 409/409/331 410/410/331
f 410/410/331 409/409/331 411/411/331
f 410/410/331 411/411/331 412/412/331
f 410/410/331 412/412/331 413/413/331
f 413/413/331 412/412/331 414/414/331
f 413/413/331 414/414/331 415/415/331
f 415/415/331 414/414/331 416/416/331
f 415/415/331 416/416/331 417/417/331
f 417/417/331 416/416/331 418/418/331
f 417/417/331 418/418/331 419/419/331
f 419/419/331 418/418/331 420/420/331
f 419/419/331 420/420/331 421/421/331
f 421/421/331 420/420/331 422/422/331
f 421/421/331 422/422/331 423/423/331
f 423/423/331 422/422/331 424/424/331
f 424/424/331 422/422/331 425/425/331
f 424/424/331 425/425/331 426/426/331
f 426/426/331 425/425/331 427/427/331
f 426/426/331 427/427/331 428/428/331
f 428/428/331 427/427/331 429/429/331
f 428/428/331 429/429/331 430/430/331
f 430/430/331 429/429/331 431/431/331
f 430/430/331 431/431/331 432/432/331
f 432/432/331 431/431/331 433/433/331
f 432/432/331 433/433/331 434/434/331
f 432/432/331 434/434/331 435/435/331
f 435/435/331 434/434/331 436/436/331
f 435/435/331 436/436/331 437/437/331
f 437/437/331 436/436/331 438/438/331
f 437/437/331 438/438/331 439/439/331
f 439/439/331 438/438/331 440/440/331
f 439/439/331 440/440/331 441/441/331
f 441/441/331 440/440/331 442/442/331
f 441/441/331 442/442/331 403/403/331
f 403/403/331 442/442/331 401/401/331
f 443/443/332 444/444/332 445/445/332
f 445/445/332 444/444/332 446/446/332
f 445/445/332 446/446/332 447/447/332
f 447/447/332 446/446/332 448/448/332
f 448/448/332 446/446/332 449/449/332
f 448/448/332 449/449/332 450/450/332
f 450/450/332 449/449/332 451/451/332
f 450/450/332 451/451/332 452/452/332
f 450/450/332 452/452/332 453/453/332
f 453/453/332 452/452/332 454/454/332
f 453/453/332 454/454/332 455/455/332
f 455/455/332 454/454/332 456/456/332
f 455/455/332 456/456/332 457/457/332
f 457/457/332 456/456/332 458/458/332
f 457/457/332 458/458/332 459/459/332
f 459/459/332 458/458/332 460/460/332
f 459/459/332 460/460/332 461/423/332
f 461/423/332 460/460/332 462/461/332
f 462/461/332 460/460/332 463/462/332
f 462/461/332 463/462/332 464/463/332
f 464/463/332 463/462/332 465/464/332
f 464/463/332 465/464/332 466/465/332
f 466/465/332 465/464/332 467/466/332
f 466/465/332 467/466/332 468/467/332
f 468/467/332 467/466/332 469/468/332
f 468/467/332 469/468/332 470/469/332
f 470/469/332 469/468/332 471/470/332
f 470/469/332 471/470/332 472/471/332
f 470/469/332 472/471/332 473/472/332
f 473/472/332 472/471/332 474/473/332
f 473/472/332 474/473/332 475/474/332
f 475/474/332 474/473/332 476/475/332
f 476/475/332 474/473/332 477/476/332
f 476/475/332 477/476/332 478/477/332
f 479/478/332 480/479/332 478/477/332
f 478/477/332 480/479/332 481/480/332
f 478/477/332 481/480/332 476/475/332
f 480/479/332 479/478/332 482/481/332
f 482/481/332 479/478/332 483/482/332
f 482/481/332 483/482/332 484/483/332
f 482/481/332 484/483/332 485/484/332
f 485/484/332 484/483/332 486/485/332
f 485/484/332 486/485/332 487/486/332
f 487/486/332 486/485/332 488/487/332
f 487/486/332 488/487/332 489/488/332
f 489/488/332 488/487/332 490/489/332
f 489/488/332 490/489/332 491/490/332
f 491/490/332 490/489/332 492/491/332
f 491/490/332 492/491/332 493/402/332
f 493/402/332 492/491/332 494/492/332
f 494/492/332 492/491/332 495/493/332
f 494/492/332 495/493/332 496/494/332
f 496/494/332 495/493/332 497/495/332
f 496/494/332 497/495/332 498/496/332
f 498/496/332 497/495/332 499/497/332
f 498/496/332 499/497/332 500/498/332
f 500/498/332 499/497/332 501/499/332
f 500/498/332 501/499/332 502/500/332
f 502/500/332 501/499/332 503/501/332
f 502/500/332 503/501/332 504/502/332
f 502/500/332 504/502/332 505/503/332
f 505/503/332 504/502/332 443/443/332
f 505/503/332 443/443/332 506/504/332
f 506/504/332 443/443/332 445/445/332
f 507/505/16 508/506/16 509/507/16
f 509/507/16 508/506/16 510/508/16
f 509/507/16 510/508/16 511/509/16
f 511/509/16 510/508/16 512/510/16
f 511/509/16 512/510/16 513/511/16
f 513/511/16 512/510/16 514/512/16
f 513/511/16 514/512/16 515/513/16
f 515/513/16 514/512/16 516/514/16
f 515/513/16 516/514/16 517/515/16
f 517/515/16 516/514/16 518/516/16
f 517/515/16 518/516/16 519/517/16
f 519/517/16 518/516/16 520/518/16
f 519/517/16 520/518/16 521/519/16
f 521/519/16 520/518/16 522/520/16
f 508/506/16 507/505/16 523/521/16
f 523/521/16 507/505/16 524/522/16
f 523/521/16 524/522/16 525/523/16
f 525/523/16 524/522/16 526/524/16
f 525/523/16 526/524/16 527/525/16
f 527/525/16 526/524/16 528/526/16
f 527/525/16 528/526/16 529/527/16
f 529/527/16 528/526/16 530/528/16
f 529/527/16 530/528/16 531/529/16
f 531/529/16 530/528/16 532/530/16
f 533/531/30 534/532/30 535/533/333
f 535/533/333 534/532/30 536/534/333
f 535/533/333 536/534/333 537/535/334
f 535/533/333 537/535/334 538/536/334
f 538/536/334 537/535/334 539/537/335
f 538/536/334 539/537/335 540/538/335
f 540/538/335 539/537/335 541/539/336
f 540/538/335 541/539/336 542/540/336
f 542/540/336 541/539/336 543/541/337
f 542/540/336 543/541/337 544/542/337
f 544/542/337 543/541/337 545/543/338
f 544/542/337 545/543/338 546/544/338
f 546/544/338 545/543/338 547/545/339
f 546/544/338 547/545/339 548/546/339
f 548/546/339 547/545/339 549/547/340
f 548/546/339 549/547/340 550/548/340
f 550/548/340 549/547/340 551/549/341
f 550/548/340 551/549/341 552/550/341
f 552/550/341 551/549/341 553/551/342
f 552/550/341 553/551/342 554/552/342
f 554/552/342 553/551/342 555/553/343
f 554/552/342 555/553/343 556/554/343
f 556/554/343 555/553/343 557/555/344
f 556/554/343 557/555/344 558/556/344
f 558/556/344 557/555/344 325/325/3
f 558/556/344 325/325/3 327/327/3
f 559/557/16 560/529/16 561/558/16
f 561/558/16 560/529/16 562/530/16
f 561/558/16 562/530/16 563/559/16
f 563/559/16 562/530/16 564/528/16
f 563/559/16 564/528/16 565/560/16
f 565/560/16 564/528/16 566/526/16
f 565/560/16 566/526/16 567/561/16
f 567/561/16 566/526/16 568/562/16
f 568/562/16 566/526/16 569/524/16
f 568/562/16 569/524/16 570/563/16
f 570/563/16 569/524/16 571/522/16
f 570/563/16 571/522/16 572/564/16
f 572/564/16 571/522/16 573/505/16
f 572/564/16 573/505/16 574/565/16
f 574/565/16 573/505/16 575/507/16
f 574/565/16 575/507/16 576/566/16
f 576/566/16 575/507/16 577/567/16
f 577/567/16 575/507/16 578/509/16
f 577/567/16 578/509/16 579/568/16
f 579/568/16 578/509/16 580/511/16
f 579/568/16 580/511/16 581/569/16
f 581/569/16 580/511/16 582/513/16
f 581/569/16 582/513/16 583/570/16
f 583/570/16 582/513/16 584/515/16
f 583/570/16 584/515/16 585/571/16
f 585/571/16 584/515/16 586/572/16
f 586/572/16 584/515/16 587/517/16
f 586/572/16 587/517/16 588/573/16
f 588/573/16 587/517/16 589/519/16
f 588/573/16 589/519/16 590/574/16
f 590/574/16 589/519/16 591/520/16
f 590/574/16 591/520/16 592/575/16
f 592/575/16 591/520/16 593/518/16
f 592/575/16 593/518/16 594/576/16
f 594/576/16 593/518/16 595/516/16
f 594/576/16 595/516/16 596/577/16
f 596/577/16 595/516/16 597/578/16
f 597/578/16 595/516/16 598/514/16
f 597/578/16 598/514/16 599/579/16
f 599/579/16 598/514/16 600/512/16
f 599/579/16 600/512/16 601/580/16
f 601/580/16 600/512/16 602/510/16
f 601/580/16 602/510/16 603/581/16
f 603/581/16 602/510/16 604/508/16
f 603/581/16 604/508/16 605/582/16
f 605/582/16 604/508/16 606/583/16
f 606/583/16 604/508/16 607/506/16
f 606/583/16 607/506/16 608/584/16
f 608/584/16 607/506/16 609/521/16
f 608/584/16 609/521/16 610/585/16
f 610/585/16 609/521/16 611/523/16
f 610/585/16 611/523/16 612/586/16
f 612/586/16 611/523/16 613/525/16
f 612/586/16 613/525/16 614/587/16
f 614/587/16 613/525/16 615/588/16
f 615/588/16 613/525/16 616/527/16
f 615/588/16 616/527/16 559/557/16
f 559/557/16 616/527/16 560/529/16
f 617/589/345 113/113/97 618/590/346
f 618/590/346 113/113/97 115/115/99
f 618/590/346 115/115/99 619/591/347
f 619/591/347 115/115/99 620/592/348
f 619/591/347 620/592/348 621/593/349
f 621/593/349 620/592/348 622/594/350
f 621/593/349 622/594/350 623/595/351
f 623/595/351 622/594/350 624/596/352
f 623/595/351 624/596/352 625/597/353
f 625/597/353 624/596/352 626/598/354
f 625/597/353 626/598/354 627/599/355
f 627/599/355 626/598/354 628/600/356
f 627/599/355 628/600/356 629/601/357
f 629/601/357 628/600/356 630/602/358
f 629/601/357 630/602/358 631/603/359
f 631/603/359 630/602/358 632/604/360
f 631/603/359 632/604/360 633/605/361
f 633/605/361 632/604/360 634/606/362
f 633/605/361 634/606/362 635/607/363
f 635/607/363 634/606/362 636/608/364
f 635/607/363 636/608/364 637/609/365
f 637/609/365 636/608/364 638/610/366
f 637/609/365 638/610/366 639/611/367
f 115/115/99 149/149/133 620/592/348
f 620/592/348 149/149/133 640/612/368
f 620/592/348 640/612/368 622/594/350
f 622/594/350 640/612/368 641/613/369
f 622/594/350 641/613/369 624/596/352
f 624/596/352 641/613/369 642/614/370
f 624/596/352 642/614/370 626/598/354
f 626/598/354 642/614/370 643/615/371
f 626/598/354 643/615/371 628/600/356
f 628/600/356 643/615/371 644/616/372
f 628/600/356 644/616/372 630/602/358
f 630/602/358 644/616/372 645/617/373
f 630/602/358 645/617/373 632/604/360
f 632/604/360 645/617/373 646/618/374
f 632/604/360 646/618/374 634/606/362
f 634/606/362 646/618/374 647/619/375
f 634/606/362 647/619/375 636/608/364
f 636/608/364 647/619/375 648/620/376
f 636/608/364 648/620/376 638/610/366
f 144/144/128 649/621/377 149/149/133
f 149/149/133 649/621/377 650/622/378
f 149/149/133 650/622/378 651/623/379
f 651/623/379 650/622/378 652/624/380
f 651/623/379 652/624/380 641/613/369
f 641/613/369 652/624/380 642/614/370
f 148/148/132 653/625/381 144/144/128
f 144/144/128 653/625/381 654/626/382
f 144/144/128 654/626/382 655/627/383
f 655/627/383 654/626/382 656/628/384
f 655/627/383 656/628/384 657/629/385
f 657/629/385 656/628/384 658/630/386
f 657/629/385 658/630/386 659/631/387
f 659/631/387 658/630/386 660/632/388
f 659/631/387 660/632/388 661/633/389
f 661/633/389 660/632/388 662/634/390
f 661/633/389 662/634/390 644/616/372
f 644/616/372 662/634/390 645/617/373
f 653/625/381 148/148/132 663/635/391
f 663/635/391 148/148/132 664/636/392
f 663/635/391 664/636/392 665/637/393
f 665/637/393 664/636/392 666/638/394
f 665/637/393 666/638/394 667/639/395
f 667/639/395 666/638/394 668/640/396
f 667/639/395 668/640/396 669/641/397
f 669/641/397 668/640/396 670/642/398
f 669/641/397 670/642/398 671/643/399
f 671/643/399 670/642/398 672/644/400
f 671/643/399 672/644/400 673/645/401
f 673/645/401 672/644/400 674/646/402
f 673/645/401 674/646/402 675/647/403
f 675/647/403 674/646/402 648/620/376
f 675/647/403 648/620/376 647/619/375
f 637/609/365 639/611/367 676/648/404
f 676/648/404 639/611/367 677/649/405
f 676/648/404 677/649/405 678/650/406
f 678/650/406 677/649/405 679/651/407
f 678/650/406 679/651/407 680/652/408
f 680/652/408 679/651/407 681/653/409
f 680/652/408 681/653/409 682/654/410
f 682/654/410 681/653/409 683/655/411
f 682/654/410 683/655/411 684/656/412
f 684/656/412 683/655/411 685/657/413
f 684/656/412 685/657/413 686/658/414
f 686/658/414 685/657/413 687/659/415
f 686/658/414 687/659/415 688/660/416
f 688/660/416 687/659/415 689/661/42
f 688/660/416 689/661/42 690/662/224
f 687/659/415 691/663/43 689/661/42
f 688/660/416 690/662/224 692/664/417
f 692/664/417 690/662/224 693/665/216
f 692/664/417 693/665/216 694/666/418
f 694/666/418 693/665/216 695/667/419
f 694/666/418 695/667/419 696/668/420
f 696/668/420 695/667/419 697/669/421
f 696/668/420 697/669/421 698/670/422
f 698/670/422 697/669/421 699/671/423
f 698/670/422 699/671/423 700/672/424
f 700/672/424 699/671/423 701/673/425
f 700/672/424 701/673/425 702/674/426
f 702/674/426 701/673/425 703/675/427
f 702/674/426 703/675/427 704/676/428
f 704/676/428 703/675/427 705/677/429
f 704/676/428 705/677/429 706/678/430
f 706/678/430 705/677/429 707/679/431
f 706/678/430 707/679/431 708/680/432
f 708/680/432 707/679/431 709/681/433
f 708/680/432 709/681/433 710/682/434
f 710/682/434 709/681/433 711/683/435
f 710/682/434 711/683/435 712/684/436
f 693/665/216 713/685/214 695/667/419
f 695/667/419 713/685/214 714/686/437
f 695/667/419 714/686/437 697/669/421
f 697/669/421 714/686/437 715/687/438
f 697/669/421 715/687/438 699/671/423
f 699/671/423 715/687/438 716/688/439
f 699/671/423 716/688/439 701/673/425
f 701/673/425 716/688/439 717/689/440
f 701/673/425 717/689/440 703/675/427
f 703/675/427 717/689/440 718/690/441
f 703/675/427 718/690/441 705/677/429
f 705/677/429 718/690/441 719/691/442
f 705/677/429 719/691/442 707/679/431
f 707/679/431 719/691/442 720/692/443
f 707/679/431 720/692/443 709/681/433
f 709/681/433 720/692/443 721/693/444
f 709/681/433 721/693/444 711/683/435
f 713/685/214 722/694/205 714/686/437
f 714/686/437 722/694/205 723/695/445
f 714/686/437 723/695/445 715/687/438
f 715/687/438 723/695/445 724/696/446
f 715/687/438 724/696/446 716/688/439
f 716/688/439 724/696/446 725/697/447
f 716/688/439 725/697/447 717/689/440
f 717/689/440 725/697/447 726/698/448
f 717/689/440 726/698/448 718/690/441
f 718/690/441 726/698/448 727/699/449
f 718/690/441 727/699/449 719/691/442
f 719/691/442 727/699/449 728/700/450
f 719/691/442 728/700/450 720/692/443
f 720/692/443 728/700/450 729/701/451
f 720/692/443 729/701/451 721/693/444
f 723/695/445 722/694/205 730/702/452
f 730/702/452 722/694/205 731/703/187
f 730/702/452 731/703/187 732/704/453
f 732/704/453 731/703/187 733/705/454
f 732/704/453 733/705/454 734/706/455
f 734/706/455 733/705/454 735/707/456
f 734/706/455 735/707/456 736/708/457
f 736/708/457 735/707/456 737/709/458
f 736/708/457 737/709/458 738/710/459
f 738/710/459 737/709/458 739/711/460
f 738/710/459 739/711/460 740/712/461
f 731/703/187 741/713/185 733/705/454
f 733/705/454 741/713/185 742/714/462
f 733/705/454 742/714/462 735/707/456
f 735/707/456 742/714/462 743/715/463
f 735/707/456 743/715/463 737/709/458
f 737/709/458 743/715/463 744/716/464
f 737/709/458 744/716/464 739/711/460
f 741/713/185 745/717/182 742/714/462
f 742/714/462 745/717/182 746/718/465
f 742/714/462 746/718/465 743/715/463
f 743/715/463 746/718/465 744/716/464
f 745/717/182 747/719/181 746/718/465
f 746/718/465 747/719/181 748/720/466
f 746/718/465 748/720/466 744/716/464
f 747/719/181 749/721/183 748/720/466
f 738/710/459 740/712/461 750/722/467
f 750/722/467 740/712/461 751/723/468
f 750/722/467 751/723/468 728/700/450
f 728/700/450 751/723/468 729/701/451
f 710/682/434 712/684/436 752/724/469
f 752/724/469 712/684/436 753/725/470
f 752/724/469 753/725/470 754/726/471
f 754/726/471 753/725/470 755/727/472
f 754/726/471 755/727/472 756/728/473
f 756/728/473 755/727/472 757/729/474
f 756/728/473 757/729/474 758/730/475
f 758/730/475 757/729/474 759/731/476
f 758/730/475 759/731/476 760/732/477
f 760/732/477 759/731/476 761/733/478
f 760/732/477 761/733/478 762/734/479
f 762/734/479 761/733/478 763/735/480
f 762/734/479 763/735/480 764/736/481
f 764/736/481 763/735/480 765/737/482
f 764/736/481 765/737/482 766/738/483
f 766/738/483 765/737/482 627/599/355
f 766/738/483 627/599/355 629/601/357
f 755/727/472 767/739/484 757/729/474
f 757/729/474 767/739/484 768/740/485
f 757/729/474 768/740/485 759/731/476
f 759/731/476 768/740/485 769/741/486
f 759/731/476 769/741/486 761/733/478
f 761/733/478 769/741/486 770/742/487
f 761/733/478 770/742/487 763/735/480
f 763/735/480 770/742/487 771/743/488
f 763/735/480 771/743/488 765/737/482
f 765/737/482 771/743/488 625/597/353
f 765/737/482 625/597/353 627/599/355
f 767/739/484 772/744/489 768/740/485
f 768/740/485 772/744/489 773/745/490
f 768/740/485 773/745/490 769/741/486
f 769/741/486 773/745/490 774/746/491
f 769/741/486 774/746/491 770/742/487
f 770/742/487 774/746/491 775/747/492
f 770/742/487 775/747/492 771/743/488
f 771/743/488 775/747/492 623/595/351
f 771/743/488 623/595/351 625/597/353
f 772/744/489 776/748/493 773/745/490
f 773/745/490 776/748/493 777/749/494
f 773/745/490 777/749/494 774/746/491
f 774/746/491 777/749/494 778/750/495
f 774/746/491 778/750/495 775/747/492
f 775/747/492 778/750/495 621/593/349
f 775/747/492 621/593/349 623/595/351
f 776/748/493 617/589/345 777/749/494
f 777/749/494 617/589/345 618/590/346
f 777/749/494 618/590/346 778/750/495
f 778/750/495 618/590/346 619/591/347
f 778/750/495 619/591/347 621/593/349
f 649/621/377 144/144/128 655/627/383
f 640/612/368 149/149/133 651/623/379
f 641/613/369 640/612/368 651/623/379
f 754/726/471 756/728/473 779/751/496
f 779/751/496 756/728/473 758/730/475
f 779/751/496 758/730/475 780/752/497
f 780/752/497 758/730/475 760/732/477
f 780/752/497 760/732/477 781/753/498
f 781/753/498 760/732/477 762/734/479
f 781/753/498 762/734/479 782/754/499
f 782/754/499 762/734/479 764/736/481
f 782/754/499 764/736/481 783/755/500
f 783/755/500 764/736/481 766/738/483
f 783/755/500 766/738/483 784/756/501
f 784/756/501 766/738/483 629/601/357
f 784/756/501 629/601/357 631/603/359
f 752/724/469 754/726/471 785/757/502
f 785/757/502 754/726/471 779/751/496
f 785/757/502 779/751/496 786/758/503
f 786/758/503 779/751/496 780/752/497
f 786/758/503 780/752/497 787/759/504
f 787/759/504 780/752/497 781/753/498
f 787/759/504 781/753/498 788/760/505
f 788/760/505 781/753/498 782/754/499
f 788/760/505 782/754/499 789/761/506
f 789/761/506 782/754/499 783/755/500
f 789/761/506 783/755/500 790/762/507
f 790/762/507 783/755/500 784/756/501
f 790/762/507 784/756/501 791/763/508
f 791/763/508 784/756/501 631/603/359
f 791/763/508 631/603/359 633/605/361
f 710/682/434 752/724/469 792/764/509
f 792/764/509 752/724/469 785/757/502
f 792/764/509 785/757/502 793/765/510
f 793/765/510 785/757/502 786/758/503
f 793/765/510 786/758/503 794/766/511
f 794/766/511 786/758/503 787/759/504
f 794/766/511 787/759/504 795/767/512
f 795/767/512 787/759/504 788/760/505
f 795/767/512 788/760/505 796/768/513
f 796/768/513 788/760/505 789/761/506
f 796/768/513 789/761/506 797/769/514
f 797/769/514 789/761/506 790/762/507
f 797/769/514 790/762/507 798/770/515
f 798/770/515 790/762/507 791/763/508
f 798/770/515 791/763/508 799/771/516
f 799/771/516 791/763/508 633/605/361
f 799/771/516 633/605/361 635/607/363
f 728/700/450 727/699/449 750/722/467
f 750/722/467 727/699/449 800/772/517
f 750/722/467 800/772/517 738/710/459
f 738/710/459 800/772/517 736/708/457
f 793/765/510 801/773/518 792/764/509
f 792/764/509 801/773/518 708/680/432
f 792/764/509 708/680/432 710/682/434
f 708/680/432 801/773/518 706/678/430
f 706/678/430 801/773/518 802/774/519
f 706/678/430 802/774/519 704/676/428
f 704/676/428 802/774/519 803/775/520
f 704/676/428 803/775/520 702/674/426
f 702/674/426 803/775/520 804/776/521
f 702/674/426 804/776/521 700/672/424
f 700/672/424 804/776/521 805/777/522
f 700/672/424 805/777/522 698/670/422
f 698/670/422 805/777/522 806/778/523
f 698/670/422 806/778/523 696/668/420
f 696/668/420 806/778/523 807/779/524
f 696/668/420 807/779/524 694/666/418
f 694/666/418 807/779/524 692/664/417
f 801/773/518 793/765/510 808/780/525
f 808/780/525 793/765/510 794/766/511
f 808/780/525 794/766/511 809/781/526
f 809/781/526 794/766/511 795/767/512
f 809/781/526 795/767/512 810/782/527
f 810/782/527 795/767/512 796/768/513
f 810/782/527 796/768/513 811/783/528
f 811/783/528 796/768/513 797/769/514
f 811/783/528 797/769/514 812/784/529
f 812/784/529 797/769/514 798/770/515
f 812/784/529 798/770/515 813/785/530
f 813/785/530 798/770/515 799/771/516
f 813/785/530 799/771/516 814/786/531
f 814/786/531 799/771/516 635/607/363
f 814/786/531 635/607/363 637/609/365
f 800/772/517 727/699/449 726/698/448
f 736/708/457 800/772/517 815/787/532
f 815/787/532 800/772/517 726/698/448
f 815/787/532 726/698/448 725/697/447
f 736/708/457 815/787/532 734/706/455
f 734/706/455 815/787/532 816/788/533
f 734/706/455 816/788/533 732/704/453
f 732/704/453 816/788/533 730/702/452
f 816/788/533 815/787/532 725/697/447
f 652/624/380 650/622/378 817/789/534
f 817/789/534 650/622/378 649/621/377
f 817/789/534 649/621/377 657/629/385
f 657/629/385 649/621/377 655/627/383
f 642/614/370 652/624/380 818/790/535
f 818/790/535 652/624/380 817/789/534
f 818/790/535 817/789/534 659/631/387
f 659/631/387 817/789/534 657/629/385
f 642/614/370 818/790/535 643/615/371
f 643/615/371 818/790/535 661/633/389
f 643/615/371 661/633/389 644/616/372
f 661/633/389 818/790/535 659/631/387
f 811/783/528 819/791/536 810/782/527
f 810/782/527 819/791/536 820/792/537
f 810/782/527 820/792/537 809/781/526
f 809/781/526 820/792/537 821/793/538
f 809/781/526 821/793/538 808/780/525
f 808/780/525 821/793/538 802/774/519
f 808/780/525 802/774/519 801/773/518
f 819/791/536 822/794/539 820/792/537
f 820/792/537 822/794/539 823/795/540
f 820/792/537 823/795/540 821/793/538
f 821/793/538 823/795/540 803/775/520
f 821/793/538 803/775/520 802/774/519
f 819/791/536 811/783/528 824/796/541
f 824/796/541 811/783/528 812/784/529
f 824/796/541 812/784/529 825/797/542
f 825/797/542 812/784/529 813/785/530
f 825/797/542 813/785/530 826/798/543
f 826/798/543 813/785/530 814/786/531
f 826/798/543 814/786/531 676/648/404
f 676/648/404 814/786/531 637/609/365
f 822/794/539 827/799/544 823/795/540
f 823/795/540 827/799/544 804/776/521
f 823/795/540 804/776/521 803/775/520
f 822/794/539 819/791/536 828/800/545
f 828/800/545 819/791/536 824/796/541
f 828/800/545 824/796/541 829/801/546
f 829/801/546 824/796/541 825/797/542
f 829/801/546 825/797/542 830/802/547
f 830/802/547 825/797/542 826/798/543
f 830/802/547 826/798/543 678/650/406
f 678/650/406 826/798/543 676/648/404
f 804/776/521 827/799/544 805/777/522
f 805/777/522 827/799/544 831/803/548
f 805/777/522 831/803/548 806/778/523
f 806/778/523 831/803/548 832/804/549
f 806/778/523 832/804/549 807/779/524
f 807/779/524 832/804/549 833/805/550
f 807/779/524 833/805/550 692/664/417
f 692/664/417 833/805/550 688/660/416
f 827/799/544 822/794/539 834/806/551
f 834/806/551 822/794/539 828/800/545
f 834/806/551 828/800/545 835/807/552
f 835/807/552 828/800/545 829/801/546
f 835/807/552 829/801/546 836/808/553
f 836/808/553 829/801/546 830/802/547
f 836/808/553 830/802/547 680/652/408
f 680/652/408 830/802/547 678/650/406
f 724/696/446 723/695/445 730/702/452
f 656/628/384 654/626/382 837/809/554
f 837/809/554 654/626/382 653/625/381
f 837/809/554 653/625/381 665/637/393
f 665/637/393 653/625/381 663/635/391
f 658/630/386 656/628/384 838/810/555
f 838/810/555 656/628/384 837/809/554
f 838/810/555 837/809/554 667/639/395
f 667/639/395 837/809/554 665/637/393
f 660/632/388 658/630/386 839/811/556
f 839/811/556 658/630/386 838/810/555
f 839/811/556 838/810/555 669/641/397
f 669/641/397 838/810/555 667/639/395
f 662/634/390 660/632/388 840/812/557
f 840/812/557 660/632/388 839/811/556
f 840/812/557 839/811/556 671/643/399
f 671/643/399 839/811/556 669/641/397
f 645/617/373 662/634/390 841/813/558
f 841/813/558 662/634/390 840/812/557
f 841/813/558 840/812/557 673/645/401
f 673/645/401 840/812/557 671/643/399
f 645/617/373 841/813/558 646/618/374
f 646/618/374 841/813/558 675/647/403
f 646/618/374 675/647/403 647/619/375
f 675/647/403 841/813/558 673/645/401
f 836/808/553 842/814/559 835/807/552
f 835/807/552 842/814/559 843/815/560
f 835/807/552 843/815/560 834/806/551
f 834/806/551 843/815/560 831/803/548
f 834/806/551 831/803/548 827/799/544
f 842/814/559 844/816/561 843/815/560
f 843/815/560 844/816/561 832/804/549
f 843/815/560 832/804/549 831/803/548
f 680/652/408 682/654/410 836/808/553
f 836/808/553 682/654/410 842/814/559
f 832/804/549 844/816/561 833/805/550
f 833/805/550 844/816/561 686/658/414
f 833/805/550 686/658/414 688/660/416
f 682/654/410 684/656/412 842/814/559
f 842/814/559 684/656/412 844/816/561
f 684/656/412 686/658/414 844/816/561
f 725/697/447 724/696/446 816/788/533
f 816/788/533 724/696/446 730/702/452
f 845/399/331 846/400/331 847/401/331
f 847/401/331 846/400/331 848/402/331
f 847/401/331 848/402/331 849/403/331
f 846/400/331 845/399/331 850/404/331
f 850/404/331 845/399/331 851/405/331
f 850/404/331 851/405/331 852/406/331
f 852/406/331 851/405/331 853/407/331
f 852/406/331 853/407/331 854/408/331
f 854/408/331 853/407/331 855/409/331
f 854/408/331 855/409/331 856/410/331
f 856/410/331 855/409/331 857/411/331
f 856/410/331 857/411/331 858/412/331
f 856/410/331 858/412/331 859/413/331
f 859/413/331 858/412/331 860/414/331
f 859/413/331 860/414/331 861/415/331
f 861/415/331 860/414/331 862/416/331
f 861/415/331 862/416/331 863/417/331
f 863/417/331 862/416/331 864/418/331
f 863/417/331 864/418/331 865/419/331
f 865/419/331 864/418/331 866/420/331
f 865/419/331 866/420/331 867/421/331
f 867/421/331 866/420/331 868/422/331
f 867/421/331 868/422/331 869/423/331
f 869/423/331 868/422/331 870/424/331
f 870/424/331 868/422/331 871/425/331
f 870/424/331 871/425/331 872/426/331
f 872/426/331 871/425/331 873/427/331
f 872/426/331 873/427/331 874/428/331
f 874/428/331 873/427/331 875/429/331
f 874/428/331 875/429/331 876/430/331
f 876/430/331 875/429/331 877/431/331
f 876/430/331 877/431/331 878/432/331
f 878/432/331 877/431/331 879/433/331
f 878/432/331 879/433/331 880/434/331
f 878/432/331 880/434/331 881/435/331
f 881/435/331 880/434/331 882/436/331
f 881/435/331 882/436/331 883/437/331
f 883/437/331 882/436/331 884/438/331
f 883/437/331 884/438/331 885/439/331
f 885/439/331 884/438/331 886/440/331
f 885/439/331 886/440/331 887/441/331
f 887/441/331 886/440/331 888/442/331
f 887/441/331 888/442/331 849/403/331
f 849/403/331 888/442/331 847/401/331
f 889/399/332 890/400/332 891/401/332
f 891/401/332 890/400/332 892/402/332
f 891/401/332 892/402/332 893/403/332
f 890/400/332 889/399/332 894/404/332
f 894/404/332 889/399/332 895/405/332
f 894/404/332 895/405/332 896/406/332
f 896/406/332 895/405/332 897/407/332
f 896/406/332 897/407/332 898/408/332
f 898/408/332 897/407/332 899/409/332
f 898/408/332 899/409/332 900/410/332
f 900/410/332 899/409/332 901/411/332
f 900/410/332 901/411/332 902/412/332
f 900/410/332 902/412/332 903/413/332
f 903/413/332 902/412/332 904/414/332
f 903/413/332 904/414/332 905/415/332
f 905/415/332 904/414/332 906/416/332
f 905/415/332 906/416/332 907/417/332
f 907/417/332 906/416/332 908/418/332
f 907/417/332 908/418/332 909/419/332
f 909/419/332 908/418/332 910/420/332
f 909/419/332 910/420/332 911/421/332
f 911/421/332 910/420/332 912/422/332
f 911/421/332 912/422/332 913/423/332
f 913/423/332 912/422/332 914/424/332
f 914/424/332 912/422/332 915/425/332
f 914/424/332 915/425/332 916/426/332
f 916/426/332 915/425/332 917/427/332
f 916/426/332 917/427/332 918/428/332
f 918/428/332 917/427/332 919/429/332
f 918/428/332 919/429/332 920/430/332
f 920/430/332 919/429/332 921/431/332
f 920/430/332 921/431/332 922/432/332
f 922/432/332 921/431/332 923/433/332
f 922/432/332 923/433/332 924/434/332
f 922/432/332 924/434/332 925/435/332
f 925/435/332 924/434/332 926/436/332
f 925/435/332 926/436/332 927/437/332
f 927/437/332 926/436/332 928/438/332
f 927/437/332 928/438/332 929/439/332
f 929/439/332 928/438/332 930/440/332
f 929/439/332 930/440/332 931/441/332
f 931/441/332 930/440/332 932/442/332
f 931/441/332 932/442/332 893/403/332
f 893/403/332 932/442/332 891/401/332
f 933/817/562 934/818/562 935/819/562
f 935/819/562 934/818/562 936/820/562
f 935/819/562 936/820/562 937/821/562
f 937/821/562 936/820/562 938/822/562
f 937/821/562 938/822/562 939/823/562
f 939/823/562 938/822/562 940/824/562
f 939/823/562 940/824/562 941/825/562
f 941/825/562 940/824/562 942/826/562
f 941/825/562 942/826/562 943/827/562
f 943/827/562 942/826/562 944/828/562
f 943/827/562 944/828/562 945/829/562
f 945/829/562 944/828/562 946/830/562
f 945/829/562 946/830/562 947/831/562
f 947/831/562 946/830/562 948/832/562
f 948/832/562 946/830/562 949/833/562
f 948/832/562 949/833/562 950/834/562
f 950/834/562 949/833/562 951/835/562
f 950/834/562 951/835/562 952/836/562
f 952/836/562 951/835/562 953/837/562
f 952/836/562 953/837/562 954/838/562
f 954/838/562 953/837/562 955/839/562
f 954/838/562 955/839/562 956/840/562
f 956/840/562 955/839/562 957/841/562
f 956/840/562 957/841/562 958/842/562
f 956/840/562 958/842/562 959/843/562
f 959/843/562 958/842/562 960/844/562
f 959/843/562 960/844/562 961/845/562
f 961/845/562 960/844/562 962/846/562
f 961/845/562 962/846/562 963/847/562
f 963/847/562 962/846/562 964/848/562
f 963/847/562 964/848/562 965/849/562
f 965/849/562 964/848/562 966/850/562
f 965/849/562 966/850/562 967/851/562
f 967/851/562 966/850/562 968/852/562
f 968/852/562 966/850/562 969/853/562
f 968/852/562 969/853/562 970/854/562
f 970/854/562 969/853/562 971/855/562
f 970/854/562 971/855/562 972/856/562
f 972/856/562 971/855/562 973/857/562
f 972/856/562 973/857/562 974/858/562
f 974/858/562 973/857/562 975/859/562
f 974/858/562 975/859/562 976/860/562
f 976/860/562 975/859/562 933/817/562
f 976/860/562 933/817/562 935/819/562
f 977/861/16 978/862/16 979/863/16
f 979/863/16 978/862/16 980/864/16
f 979/863/16 980/864/16 981/865/16
f 978/862/16 977/861/16 982/866/16
f 982/866/16 977/861/16 983/867/16
f 982/866/16 983/867/16 984/868/16
f 984/868/16 983/867/16 985/869/16
f 984/868/16 985/869/16 986/870/16
f 986/870/16 985/869/16 987/871/16
f 986/870/16 987/871/16 988/872/16
f 988/872/16 987/871/16 989/873/16
f 988/872/16 989/873/16 990/874/16
f 988/872/16 990/874/16 991/875/16
f 991/875/16 990/874/16 992/876/16
f 991/875/16 992/876/16 993/877/16
f 993/877/16 992/876/16 994/878/16
f 993/877/16 994/878/16 995/879/16
f 995/879/16 994/878/16 996/880/16
f 995/879/16 996/880/16 997/881/16
f 997/881/16 996/880/16 998/882/16
f 997/881/16 998/882/16 999/883/16
f 999/883/16 998/882/16 1000/884/16
f 999/883/16 1000/884/16 1001/885/16
f 1001/885/16 1000/884/16 1002/886/16
f 1002/886/16 1000/884/16 1003/887/16
f 1002/886/16 1003/887/16 1004/888/16
f 1004/888/16 1003/887/16 1005/889/16
f 1004/888/16 1005/889/16 1006/890/16
f 1006/890/16 1005/889/16 1007/891/16
f 1006/890/16 1007/891/16 1008/892/16
f 1008/892/16 1007/891/16 1009/893/16
f 1008/892/16 1009/893/16 1010/894/16
f 1010/894/16 1009/893/16 1011/895/16
f 1010/894/16 1011/895/16 1012/896/16
f 1010/894/16 1012/896/16 1013/897/16
f 1013/897/16 1012/896/16 1014/898/16
f 1013/897/16 1014/898/16 1015/899/16
f 1015/899/16 1014/898/16 1016/900/16
f 1015/899/16 1016/900/16 1017/901/16
f 1017/901/16 1016/900/16 1018/902/16
f 1017/901/16 1018/902/16 1019/903/16
f 1019/903/16 1018/902/16 1020/904/16
f 1019/903/16 1020/904/16 981/865/16
f 981/865/16 1020/904/16 979/863/16
f 1021/905/3 1022/906/563 1023/907/3
f 1023/907/3 1022/906/563 1024/908/564
f 1023/907/3 1024/908/564 1025/909/565
f 1025/909/565 1024/908/564 1026/910/566
f 1025/909/565 1026/910/566 1027/911/567
f 1022/906/563 1021/905/3 1028/912/564
f 1028/912/564 1021/905/3 1029/913/565
f 1028/912/564 1029/913/565 1030/914/566
f 1030/914/566 1029/913/565 1031/915/567
f 1031/915/567 1029/913/565 1032/916/568
f 1032/916/568 1029/913/565 1033/917/569
f 1032/916/568 1033/917/569 1034/918/570
f 1034/918/570 1033/917/569 1035/919/571
f 1035/919/571 1033/917/569 1036/920/572
f 1035/919/571 1036/920/572 1037/921/573
f 1037/921/573 1036/920/572 1038/922/574
f 1037/921/573 1038/922/574 1039/923/575
f 1039/923/575 1038/922/574 1040/924/576
f 1040/924/576 1038/922/574 1041/925/577
f 1040/924/576 1041/925/577 1042/926/331
f 1042/926/331 1041/925/577 1043/927/578
f 1042/926/331 1043/927/578 1044/928/579
f 1044/928/579 1043/927/578 1045/929/580
f 1044/928/579 1045/929/580 1046/930/581
f 1046/930/581 1045/929/580 1047/931/582
f 1047/931/582 1045/929/580 1048/932/583
f 1047/931/582 1048/932/583 1049/933/584
f 1049/933/584 1048/932/583 1050/934/585
f 1049/933/584 1050/934/585 1051/935/586
f 1051/935/586 1050/934/585 1052/936/587
f 1052/936/587 1050/934/585 1053/937/588
f 1052/936/587 1053/937/588 1054/938/589
f 1054/938/589 1053/937/588 1055/939/590
f 1055/939/590 1053/937/588 1056/940/591
f 1056/940/591 1053/937/588 1057/941/592
f 1057/941/592 1053/937/588 34/34/30
f 1057/941/592 34/34/30 36/36/30
f 36/36/30 1058/942/588 1057/941/592
f 1057/941/592 1058/942/588 1059/943/591
f 1059/943/591 1058/942/588 1060/944/590
f 1060/944/590 1058/942/588 1061/945/589
f 1061/945/589 1058/942/588 1062/946/587
f 1062/946/587 1058/942/588 1063/947/585
f 1062/946/587 1063/947/585 1064/948/586
f 1064/948/586 1063/947/585 1065/949/584
f 1065/949/584 1063/947/585 1066/950/583
f 1065/949/584 1066/950/583 1067/951/582
f 1067/951/582 1066/950/583 1068/952/580
f 1067/951/582 1068/952/580 1069/953/581
f 1069/953/581 1068/952/580 1070/954/579
f 1070/954/579 1068/952/580 1071/955/578
f 1070/954/579 1071/955/578 1072/956/331
f 1072/956/331 1071/955/578 1073/957/577
f 1072/956/331 1073/957/577 1074/958/576
f 1074/958/576 1073/957/577 1075/959/574
f 1074/958/576 1075/959/574 1076/960/575
f 1076/960/575 1075/959/574 1077/961/573
f 1077/961/573 1075/959/574 1078/962/572
f 1077/961/573 1078/962/572 1079/963/571
f 1079/963/571 1078/962/572 1080/964/569
f 1079/963/571 1080/964/569 1081/965/570
f 1081/965/570 1080/964/569 1082/966/568
f 1082/966/568 1080/964/569 1025/909/565
f 1082/966/568 1025/909/565 1027/911/567
f 1083/967/30 1084/968/30 1085/969/593
f 1085/969/593 1084/968/30 1086/970/594
f 1086/970/594 1084/968/30 1087/971/595
f 1087/971/595 1084/968/30 1088/972/321
f 1087/971/595 1088/972/321 1089/973/596
f 1089/973/596 1088/972/321 1090/974/322
f 1089/973/596 1090/974/322 1091/975/597
f 1091/975/597 1090/974/322 1092/976/598
f 1092/976/598 1090/974/322 1093/977/323
f 1092/976/598 1093/977/323 1094/978/599
f 1094/978/599 1093/977/323 1095/979/324
f 1094/978/599 1095/979/324 1096/980/600
f 1096/980/600 1095/979/324 1097/981/601
f 1097/981/601 1095/979/324 1098/982/325
f 1097/981/601 1098/982/325 1099/983/602
f 1099/983/602 1098/982/325 1100/984/326
f 1099/983/602 1100/984/326 1101/985/603
f 1101/985/603 1100/984/326 1102/986/327
f 1101/985/603 1102/986/327 1103/987/604
f 1103/987/604 1102/986/327 1104/988/605
f 1104/988/605 1102/986/327 1105/989/328
f 1104/988/605 1105/989/328 1106/990/606
f 1106/990/606 1105/989/328 1107/991/329
f 1106/990/606 1107/991/329 1108/992/607
f 1108/992/607 1107/991/329 1109/993/608
f 1109/993/608 1107/991/329 1110/994/330
f 1109/993/608 1110/994/330 1111/995/609
f 1111/995/609 1110/994/330 3/3/3
f 1111/995/609 3/3/3 1112/996/610
f 1112/996/610 3/3/3 1113/997/611
f 1113/997/611 3/3/3 5/5/3
usemtl mat1
f 1114/59/30 1115/998/32 1116/999/30
f 1116/999/30 1115/998/32 1117/1000/32
f 1117/1000/32 1115/998/32 1118/1001/33
f 1117/1000/32 1118/1001/33 1119/1002/33
f 1119/1002/33 1118/1001/33 1120/1003/34
f 1119/1002/33 1120/1003/34 1121/1004/34
f 1121/1004/34 1120/1003/34 1122/1005/35
f 1121/1004/34 1122/1005/35 1123/1006/35
f 1123/1006/35 1122/1005/35 1124/1007/36
f 1123/1006/35 1124/1007/36 1125/1008/36
f 1125/1008/36 1124/1007/36 1126/1009/37
f 1125/1008/36 1126/1009/37 1127/1010/37
f 1127/1010/37 1126/1009/37 1128/1011/38
f 1127/1010/37 1128/1011/38 1129/1012/38
f 1129/1012/38 1128/1011/38 1130/1013/39
f 1129/1012/38 1130/1013/39 1131/1014/39
f 1131/1014/39 1130/1013/39 1132/1015/40
f 1131/1014/39 1132/1015/40 1133/1016/40
f 1133/1016/40 1132/1015/40 1134/1017/41
f 1133/1016/40 1134/1017/41 1135/1018/41
f 1135/1018/41 1134/1017/41 1136/1019/3
f 1136/1019/3 1134/1017/41 1137/1020/3
f 1138/1021/3 1139/1022/3 1140/1023/41
f 1140/1023/41 1139/1022/3 1141/1024/41
f 1140/1023/41 1141/1024/41 1142/1025/40
f 1142/1025/40 1141/1024/41 1143/1026/40
f 1142/1025/40 1143/1026/40 1144/1027/39
f 1144/1027/39 1143/1026/40 1145/1028/39
f 1144/1027/39 1145/1028/39 1146/1029/38
f 1146/1029/38 1145/1028/39 1147/1030/38
f 1146/1029/38 1147/1030/38 1148/1031/37
f 1148/1031/37 1147/1030/38 1149/1032/37
f 1148/1031/37 1149/1032/37 1150/1033/36
f 1148/1031/37 1150/1033/36 1151/1034/36
f 1151/1034/36 1150/1033/36 1152/1035/35
f 1151/1034/36 1152/1035/35 1153/1036/35
f 1153/1036/35 1152/1035/35 1154/1037/34
f 1153/1036/35 1154/1037/34 1155/1038/34
f 1155/1038/34 1154/1037/34 1156/1039/33
f 1155/1038/34 1156/1039/33 1157/1040/33
f 1157/1040/33 1156/1039/33 1158/1041/32
f 1157/1040/33 1158/1041/32 1159/1042/32
f 1159/1042/32 1158/1041/32 1160/1043/30
f 1159/1042/32 1160/1043/30 1161/1044/30
f 1162/1045/612 1163/1046/602 1164/1047/613
f 1164/1047/613 1163/1046/602 1165/1048/602
f 1164/1047/613 1165/1048/602 1166/1049/614
f 1166/1049/614 1165/1048/602 1167/1050/602
f 1166/1049/614 1167/1050/602 1168/1051/615
f 1168/1051/615 1167/1050/602 1169/1052/602
f 1168/1051/615 1169/1052/602 1170/1053/616
f 1170/1053/616 1169/1052/602 1171/1054/602
f 1170/1053/616 1171/1054/602 1172/1055/617
f 1172/1055/617 1171/1054/602 1173/1056/602
f 1172/1055/617 1173/1056/602 1174/1057/618
f 1174/1057/618 1173/1056/602 1175/1058/602
f 1174/1057/618 1175/1058/602 1176/1059/619
f 1176/1059/619 1175/1058/602 1177/1060/602
f 1176/1059/619 1177/1060/602 1178/1061/620
f 1178/1061/620 1177/1060/602 1179/1062/602
f 1178/1061/620 1179/1062/602 1180/1063/621
f 1180/1063/621 1179/1062/602 1181/1064/602
f 1180/1063/621 1181/1064/602 1182/1065/622
f 1182/1065/622 1181/1064/602 1183/1066/602
f 1182/1065/622 1183/1066/602 1184/1067/623
f 1182/1065/622 1184/1067/623 1185/1068/624
f 1185/1068/624 1184/1067/623 1186/1069/625
f 1185/1068/624 1186/1069/625 1187/1070/626
f 1187/1070/626 1186/1069/625 1188/1071/627
f 1187/1070/626 1188/1071/627 1189/1072/628
f 1189/1072/628 1188/1071/627 1190/1073/629
f 1189/1072/628 1190/1073/629 1191/1074/41
f 1191/1074/41 1190/1073/629 1192/1075/3
f 1191/1074/41 1193/1076/40 1189/1072/628
f 1189/1072/628 1193/1076/40 1194/1077/630
f 1189/1072/628 1194/1077/630 1195/1078/631
f 1195/1078/631 1194/1077/630 1196/1079/632
f 1195/1078/631 1196/1079/632 1197/1080/633
f 1197/1080/633 1196/1079/632 1198/1081/634
f 1197/1080/633 1198/1081/634 1176/1059/619
f 1176/1059/619 1198/1081/634 1174/1057/618
f 1193/1076/40 1199/1082/39 1194/1077/630
f 1194/1077/630 1199/1082/39 1200/1083/635
f 1194/1077/630 1200/1083/635 1196/1079/632
f 1196/1079/632 1200/1083/635 1201/1084/636
f 1196/1079/632 1201/1084/636 1198/1081/634
f 1198/1081/634 1201/1084/636 1202/1085/637
f 1198/1081/634 1202/1085/637 1174/1057/618
f 1174/1057/618 1202/1085/637 1172/1055/617
f 1199/1082/39 1203/1086/38 1200/1083/635
f 1200/1083/635 1203/1086/38 1204/1087/638
f 1200/1083/635 1204/1087/638 1201/1084/636
f 1201/1084/636 1204/1087/638 1205/1088/639
f 1201/1084/636 1205/1088/639 1202/1085/637
f 1202/1085/637 1205/1088/639 1206/1089/640
f 1202/1085/637 1206/1089/640 1172/1055/617
f 1172/1055/617 1206/1089/640 1170/1053/616
f 1203/1086/38 1207/1090/37 1204/1087/638
f 1204/1087/638 1207/1090/37 1208/1091/641
f 1204/1087/638 1208/1091/641 1205/1088/639
f 1205/1088/639 1208/1091/641 1209/1092/642
f 1205/1088/639 1209/1092/642 1206/1089/640
f 1206/1089/640 1209/1092/642 1210/1093/643
f 1206/1089/640 1210/1093/643 1170/1053/616
f 1170/1053/616 1210/1093/643 1168/1051/615
f 1207/1090/37 1211/1094/36 1208/1091/641
f 1208/1091/641 1211/1094/36 1212/1095/644
f 1208/1091/641 1212/1095/644 1209/1092/642
f 1209/1092/642 1212/1095/644 1213/1096/645
f 1209/1092/642 1213/1096/645 1210/1093/643
f 1210/1093/643 1213/1096/645 1214/1097/646
f 1210/1093/643 1214/1097/646 1168/1051/615
f 1168/1051/615 1214/1097/646 1166/1049/614
f 1211/1094/36 1215/1098/35 1212/1095/644
f 1212/1095/644 1215/1098/35 1216/1099/647
f 1212/1095/644 1216/1099/647 1213/1096/645
f 1213/1096/645 1216/1099/647 1217/1100/648
f 1213/1096/645 1217/1100/648 1214/1097/646
f 1214/1097/646 1217/1100/648 1218/1101/649
f 1214/1097/646 1218/1101/649 1166/1049/614
f 1166/1049/614 1218/1101/649 1164/1047/613
f 1215/1098/35 1219/1102/34 1216/1099/647
f 1216/1099/647 1219/1102/34 1220/1103/650
f 1216/1099/647 1220/1103/650 1217/1100/648
f 1217/1100/648 1220/1103/650 1221/1104/651
f 1217/1100/648 1221/1104/651 1218/1101/649
f 1218/1101/649 1221/1104/651 1222/1105/652
f 1218/1101/649 1222/1105/652 1164/1047/613
f 1164/1047/613 1222/1105/652 1162/1045/612
f 1219/1102/34 1223/1106/33 1220/1103/650
f 1220/1103/650 1223/1106/33 1224/1107/653
f 1220/1103/650 1224/1107/653 1221/1104/651
f 1221/1104/651 1224/1107/653 1225/1108/654
f 1221/1104/651 1225/1108/654 1222/1105/652
f 1222/1105/652 1225/1108/654 1226/1109/655
f 1222/1105/652 1226/1109/655 1162/1045/612
f 1223/1106/33 1227/1110/32 1224/1107/653
f 1224/1107/653 1227/1110/32 1228/1111/656
f 1224/1107/653 1228/1111/656 1225/1108/654
f 1225/1108/654 1228/1111/656 1229/1112/657
f 1225/1108/654 1229/1112/657 1226/1109/655
f 1227/1110/32 1230/59/30 1228/1111/656
f 1228/1111/656 1230/59/30 1231/1113/658
f 1228/1111/656 1231/1113/658 1229/1112/657
f 1176/1059/619 1178/1061/620 1197/1080/633
f 1197/1080/633 1178/1061/620 1232/1114/659
f 1197/1080/633 1232/1114/659 1195/1078/631
f 1195/1078/631 1232/1114/659 1187/1070/626
f 1195/1078/631 1187/1070/626 1189/1072/628
f 1178/1061/620 1180/1063/621 1232/1114/659
f 1232/1114/659 1180/1063/621 1185/1068/624
f 1232/1114/659 1185/1068/624 1187/1070/626
f 1182/1065/622 1185/1068/624 1180/1063/621
f 1233/1115/3 1234/59/3 1235/1116/660
f 1235/1116/660 1234/59/3 1236/1117/660
f 1235/1116/660 1236/1117/660 1237/1118/661
f 1237/1118/661 1236/1117/660 1238/1119/661
f 1237/1118/661 1238/1119/661 1239/1120/662
f 1239/1120/662 1238/1119/661 1240/1121/662
f 1239/1120/662 1240/1121/662 1241/1122/663
f 1241/1122/663 1240/1121/662 1242/1123/663
f 1241/1122/663 1242/1123/663 1243/1124/332
f 1243/1124/332 1242/1123/663 1244/1125/332
f 1243/1124/332 1244/1125/332 1245/1126/664
f 1245/1126/664 1244/1125/332 1246/1127/664
f 1245/1126/664 1246/1127/664 1247/1128/665
f 1247/1128/665 1246/1127/664 1248/1129/665
f 1247/1128/665 1248/1129/665 1249/1130/666
f 1249/1130/666 1248/1129/665 1250/1131/666
f 1249/1130/666 1250/1131/666 1251/1132/667
f 1251/1132/667 1250/1131/666 1252/1133/667
f 1251/1132/667 1252/1133/667 1253/1134/30
f 1253/1134/30 1252/1133/667 1254/1135/30
f 1255/59/30 1256/1136/27 1257/999/30
f 1257/999/30 1256/1136/27 1258/1137/27
f 1258/1137/27 1256/1136/27 1259/1138/24
f 1258/1137/27 1259/1138/24 1260/1139/24
f 1260/1139/24 1259/1138/24 1261/1140/22
f 1260/1139/24 1261/1140/22 1262/1141/22
f 1262/1141/22 1261/1140/22 1263/1142/19
f 1262/1141/22 1263/1142/19 1264/1143/19
f 1264/1143/19 1263/1142/19 1265/1144/17
f 1264/1143/19 1265/1144/17 1266/1145/17
f 1266/1145/17 1265/1144/17 1267/1146/15
f 1266/1145/17 1267/1146/15 1268/1147/15
f 1268/1147/15 1267/1146/15 1269/1148/12
f 1268/1147/15 1269/1148/12 1270/1149/12
f 1270/1149/12 1269/1148/12 1271/1150/8
f 1270/1149/12 1271/1150/8 1272/1151/8
f 1272/1151/8 1271/1150/8 1273/1152/5
f 1272/1151/8 1273/1152/5 1274/1153/5
f 1274/1153/5 1273/1152/5 1275/1154/1
f 1274/1153/5 1275/1154/1 1276/1155/1
f 1276/1155/1 1275/1154/1 1277/1156/3
f 1277/1156/3 1275/1154/1 1278/1157/3
f 1279/999/30 1280/59/30 1281/1158/668
f 1281/1158/668 1280/59/30 1282/1136/27
f 1281/1158/668 1282/1136/27 1283/1159/669
f 1283/1159/669 1282/1136/27 1284/1138/24
f 1283/1159/669 1284/1138/24 1285/1160/670
f 1285/1160/670 1284/1138/24 1286/1161/671
f 1286/1161/671 1284/1138/24 1287/1140/22
f 1286/1161/671 1287/1140/22 1288/1162/672
f 1288/1162/672 1287/1140/22 1289/1142/19
f 1288/1162/672 1289/1142/19 1290/1163/673
f 1290/1163/673 1289/1142/19 1291/1164/674
f 1291/1164/674 1289/1142/19 1292/1144/17
f 1291/1164/674 1292/1144/17 1293/1165/16
f 1293/1165/16 1292/1144/17 1294/1146/15
f 1293/1165/16 1294/1146/15 1295/1166/675
f 1295/1166/675 1294/1146/15 1296/1148/12
f 1295/1166/675 1296/1148/12 1297/1167/676
f 1297/1167/676 1296/1148/12 1298/1168/677
f 1298/1168/677 1296/1148/12 1299/1150/8
f 1298/1168/677 1299/1150/8 1300/1169/678
f 1300/1169/678 1299/1150/8 1301/1152/5
f 1300/1169/678 1301/1152/5 1302/1170/679
f 1302/1170/679 1301/1152/5 1303/1171/680
f 1303/1171/680 1301/1152/5 1304/1154/1
f 1303/1171/680 1304/1154/1 1305/1172/681
f 1305/1172/681 1304/1154/1 1306/1157/3
f 1305/1172/681 1306/1157/3 1307/1156/3
f 1308/1173/3 1309/1174/3 1310/1175/682
f 1310/1175/682 1309/1174/3 1311/1176/330
f 1310/1175/682 1311/1176/330 1312/1177/683
f 1312/1177/683 1311/1176/330 1313/1178/329
f 1312/1177/683 1313/1178/329 1314/1179/684
f 1314/1179/684 1313/1178/329 1315/1180/685
f 1315/1180/685 1313/1178/329 1316/1181/328
f 1315/1180/685 1316/1181/328 1317/1182/686
f 1317/1182/686 1316/1181/328 1318/1183/327
f 1317/1182/686 1318/1183/327 1319/1184/687
f 1319/1184/687 1318/1183/327 1320/1185/688
f 1320/1185/688 1318/1183/327 1321/1186/326
f 1320/1185/688 1321/1186/326 1322/1187/602
f 1322/1187/602 1321/1186/326 1323/1188/325
f 1322/1187/602 1323/1188/325 1324/1189/689
f 1324/1189/689 1323/1188/325 1325/1190/324
f 1324/1189/689 1325/1190/324 1326/1191/690
f 1326/1191/690 1325/1190/324 1327/1192/691
f 1327/1192/691 1325/1190/324 1328/1193/323
f 1327/1192/691 1328/1193/323 1329/1194/692
f 1329/1194/692 1328/1193/323 1330/1195/322
f 1329/1194/692 1330/1195/322 1331/1196/693
f 1331/1196/693 1330/1195/322 1332/1197/694
f 1332/1197/694 1330/1195/322 1333/1198/321
f 1332/1197/694 1333/1198/321 1334/1199/695
f 1334/1199/695 1333/1198/321 1280/59/30
f 1334/1199/695 1280/59/30 1279/999/30
f 1335/1173/3 1336/1174/3 1337/1200/330
f 1337/1200/330 1336/1174/3 1338/1176/330
f 1337/1200/330 1338/1176/330 1339/1178/329
f 1337/1200/330 1339/1178/329 1340/1201/329
f 1340/1201/329 1339/1178/329 1341/1181/328
f 1340/1201/329 1341/1181/328 1342/1202/328
f 1342/1202/328 1341/1181/328 1343/1183/327
f 1342/1202/328 1343/1183/327 1344/1203/327
f 1344/1203/327 1343/1183/327 1345/1186/326
f 1344/1203/327 1345/1186/326 1346/1204/326
f 1346/1204/326 1345/1186/326 1347/1188/325
f 1346/1204/326 1347/1188/325 1348/1205/325
f 1348/1205/325 1347/1188/325 1349/1190/324
f 1348/1205/325 1349/1190/324 1350/1206/324
f 1350/1206/324 1349/1190/324 1351/1193/323
f 1350/1206/324 1351/1193/323 1352/1207/323
f 1352/1207/323 1351/1193/323 1353/1195/322
f 1352/1207/323 1353/1195/322 1354/1208/322
f 1354/1208/322 1353/1195/322 1355/1198/321
f 1354/1208/322 1355/1198/321 1356/1209/321
f 1356/1209/321 1355/1198/321 1255/59/30
f 1356/1209/321 1255/59/30 1257/999/30
f 1357/1210/16 1358/1211/16 1359/1212/16
f 1359/1212/16 1358/1211/16 1360/1213/16
f 1359/1212/16 1360/1213/16 1361/1214/16
f 1361/1214/16 1360/1213/16 1362/1215/16
f 1361/1214/16 1362/1215/16 1363/1216/16
f 1363/1216/16 1362/1215/16 1364/1217/16
f 1363/1216/16 1364/1217/16 1365/1218/16
f 1365/1218/16 1364/1217/16 1366/1219/16
f 1365/1218/16 1366/1219/16 1367/1220/16
f 1367/1220/16 1366/1219/16 1368/1221/16
f 1367/1220/16 1368/1221/16 1369/1222/16
f 1358/1211/16 1357/1210/16 1370/1223/16
f 1370/1223/16 1357/1210/16 1371/1224/16
f 1370/1223/16 1371/1224/16 1372/1225/16
f 1372/1225/16 1371/1224/16 1373/1226/16
f 1372/1225/16 1373/1226/16 1374/1227/16
f 1374/1227/16 1373/1226/16 1375/1228/16
f 1374/1227/16 1375/1228/16 1376/1229/16
f 1377/1230/602 1378/1231/602 1379/1232/602
f 1379/1232/602 1378/1231/602 1380/1233/602
f 1379/1232/602 1380/1233/602 1381/1234/602
f 1381/1234/602 1380/1233/602 1382/1235/602
f 1381/1234/602 1382/1235/602 1383/1236/602
f 1383/1236/602 1382/1235/602 1384/1237/602
f 1383/1236/602 1384/1237/602 1385/1238/602
f 1385/1238/602 1384/1237/602 1386/1239/602
f 1385/1238/602 1386/1239/602 1387/1240/602
f 1387/1240/602 1386/1239/602 1388/1241/602
f 1387/1240/602 1388/1241/602 1389/1242/602
f 1378/1231/602 1377/1230/602 1390/1243/602
f 1390/1243/602 1377/1230/602 1391/1244/602
f 1390/1243/602 1391/1244/602 1392/1245/602
f 1392/1245/602 1391/1244/602 1393/1246/602
f 1392/1245/602 1393/1246/602 1394/1247/602
f 1394/1247/602 1393/1246/602 1395/1248/602
f 1394/1247/602 1395/1248/602 1396/1249/602
f 1397/1250/30 1398/1251/30 1399/1252/696
f 1399/1252/696 1398/1251/30 1400/1253/696
f 1399/1252/696 1400/1253/696 1401/1254/697
f 1401/1254/697 1400/1253/696 1402/1255/697
f 1401/1254/697 1402/1255/697 1403/1256/698
f 1403/1256/698 1402/1255/697 1404/1257/698
f 1403/1256/698 1404/1257/698 1405/1258/699
f 1405/1258/699 1404/1257/698 1406/1259/699
f 1405/1258/699 1406/1259/699 1407/1260/331
f 1407/1260/331 1406/1259/699 1408/1261/331
f 1407/1260/331 1408/1261/331 1409/1262/700
f 1409/1262/700 1408/1261/331 1410/1263/700
f 1409/1262/700 1410/1263/700 1411/1264/701
f 1411/1264/701 1410/1263/700 1412/1265/701
f 1411/1264/701 1412/1265/701 1413/1266/702
f 1413/1266/702 1412/1265/701 1414/1267/702
f 1413/1266/702 1414/1267/702 1415/1268/703
f 1415/1268/703 1414/1267/702 1416/1269/703
f 1415/1268/703 1416/1269/703 1233/1115/3
f 1233/1115/3 1416/1269/703 1234/59/3
f 1417/1270/3 1418/1271/629 1419/1272/565
f 1419/1272/565 1418/1271/629 1420/1273/704
f 1419/1272/565 1420/1273/704 1421/1274/569
f 1421/1274/569 1420/1273/704 1422/1275/705
f 1421/1274/569 1422/1275/705 1423/1276/572
f 1423/1276/572 1422/1275/705 1424/1277/706
f 1423/1276/572 1424/1277/706 1425/1278/574
f 1425/1278/574 1424/1277/706 1426/1279/707
f 1425/1278/574 1426/1279/707 1427/1280/577
f 1427/1280/577 1426/1279/707 1428/1281/708
f 1427/1280/577 1428/1281/708 1429/1282/578
f 1429/1282/578 1428/1281/708 1430/1283/709
f 1429/1282/578 1430/1283/709 1431/1284/580
f 1431/1284/580 1430/1283/709 1432/1285/710
f 1431/1284/580 1432/1285/710 1433/1286/583
f 1433/1286/583 1432/1285/710 1434/1287/711
f 1433/1286/583 1434/1287/711 1435/1288/585
f 1435/1288/585 1434/1287/711 1436/1289/712
f 1435/1288/585 1436/1289/712 1437/1290/588
f 1437/1290/588 1436/1289/712 1438/1291/713
f 1437/1290/588 1438/1291/713 1230/59/30
f 1230/59/30 1438/1291/713 1231/1113/658
f 1231/1113/658 1438/1291/713 1229/1112/657
f 1229/1112/657 1438/1291/713 1439/1292/714
f 1229/1112/657 1439/1292/714 1226/1109/655
f 1226/1109/655 1439/1292/714 1440/1293/715
f 1226/1109/655 1440/1293/715 1162/1045/612
f 1162/1045/612 1440/1293/715 1441/1294/716
f 1162/1045/612 1441/1294/716 1163/1046/602
f 1163/1046/602 1441/1294/716 1442/1295/602
f 1442/1295/602 1441/1294/716 1443/1296/717
f 1442/1295/602 1443/1296/717 1444/1297/602
f 1444/1297/602 1443/1296/717 1445/1298/718
f 1444/1297/602 1445/1298/718 1446/1299/602
f 1446/1299/602 1445/1298/718 1447/1300/719
f 1446/1299/602 1447/1300/719 1448/1301/602
f 1448/1301/602 1447/1300/719 1449/1302/720
f 1448/1301/602 1449/1302/720 1450/1303/602
f 1450/1303/602 1449/1302/720 1451/1304/721
f 1450/1303/602 1451/1304/721 1452/1305/602
f 1452/1305/602 1451/1304/721 1453/1306/722
f 1452/1305/602 1453/1306/722 1454/1307/602
f 1454/1307/602 1453/1306/722 1455/1308/723
f 1454/1307/602 1455/1308/723 1456/1309/602
f 1456/1309/602 1455/1308/723 1457/1310/724
f 1456/1309/602 1457/1310/724 1458/1311/602
f 1458/1311/602 1457/1310/724 1459/1312/725
f 1458/1311/602 1459/1312/725 1460/1313/602
f 1460/1313/602 1459/1312/725 1461/1314/623
f 1461/1314/623 1459/1312/725 1462/1315/726
f 1461/1314/623 1462/1315/726 1463/1316/625
f 1463/1316/625 1462/1315/726 1464/1317/727
f 1463/1316/625 1464/1317/727 1465/1318/627
f 1465/1318/627 1464/1317/727 1420/1273/704
f 1465/1318/627 1420/1273/704 1418/1271/629
f 1462/1315/726 1459/1312/725 1466/1319/728
f 1466/1319/728 1459/1312/725 1457/1310/724
f 1466/1319/728 1457/1310/724 1467/1320/729
f 1467/1320/729 1457/1310/724 1455/1308/723
f 1467/1320/729 1455/1308/723 1468/1321/730
f 1468/1321/730 1455/1308/723 1453/1306/722
f 1468/1321/730 1453/1306/722 1469/1322/731
f 1469/1322/731 1453/1306/722 1451/1304/721
f 1469/1322/731 1451/1304/721 1470/1323/732
f 1470/1323/732 1451/1304/721 1449/1302/720
f 1470/1323/732 1449/1302/720 1471/1324/733
f 1471/1324/733 1449/1302/720 1447/1300/719
f 1471/1324/733 1447/1300/719 1472/1325/734
f 1472/1325/734 1447/1300/719 1445/1298/718
f 1472/1325/734 1445/1298/718 1473/1326/735
f 1473/1326/735 1445/1298/718 1443/1296/717
f 1473/1326/735 1443/1296/717 1440/1293/715
f 1440/1293/715 1443/1296/717 1441/1294/716
f 1422/1275/705 1420/1273/704 1464/1317/727
f 1464/1317/727 1462/1315/726 1474/1327/736
f 1474/1327/736 1462/1315/726 1466/1319/728
f 1474/1327/736 1466/1319/728 1475/1328/737
f 1475/1328/737 1466/1319/728 1467/1320/729
f 1475/1328/737 1467/1320/729 1476/1329/738
f 1476/1329/738 1467/1320/729 1468/1321/730
f 1476/1329/738 1468/1321/730 1477/1330/739
f 1477/1330/739 1468/1321/730 1469/1322/731
f 1477/1330/739 1469/1322/731 1478/1331/740
f 1478/1331/740 1469/1322/731 1470/1323/732
f 1478/1331/740 1470/1323/732 1479/1332/741
f 1479/1332/741 1470/1323/732 1471/1324/733
f 1479/1332/741 1471/1324/733 1480/1333/742
f 1480/1333/742 1471/1324/733 1472/1325/734
f 1480/1333/742 1472/1325/734 1481/1334/743
f 1481/1334/743 1472/1325/734 1473/1326/735
f 1481/1334/743 1473/1326/735 1439/1292/714
f 1439/1292/714 1473/1326/735 1440/1293/715
f 1424/1277/706 1422/1275/705 1474/1327/736
f 1474/1327/736 1422/1275/705 1464/1317/727
f 1424/1277/706 1474/1327/736 1475/1328/737
f 1426/1279/707 1424/1277/706 1475/1328/737
f 1426/1279/707 1475/1328/737 1476/1329/738
f 1428/1281/708 1426/1279/707 1476/1329/738
f 1428/1281/708 1476/1329/738 1477/1330/739
f 1430/1283/709 1428/1281/708 1477/1330/739
f 1430/1283/709 1477/1330/739 1478/1331/740
f 1432/1285/710 1430/1283/709 1478/1331/740
f 1432/1285/710 1478/1331/740 1479/1332/741
f 1434/1287/711 1432/1285/710 1479/1332/741
f 1434/1287/711 1479/1332/741 1480/1333/742
f 1436/1289/712 1434/1287/711 1480/1333/742
f 1436/1289/712 1480/1333/742 1481/1334/743
f 1438/1291/713 1436/1289/712 1481/1334/743
f 1438/1291/713 1481/1334/743 1439/1292/714
f 1482/883/16 1483/885/16 1484/1213/16
f 1484/1213/16 1483/885/16 1485/886/16
f 1484/1213/16 1485/886/16 1486/1215/16
f 1486/1215/16 1485/886/16 1487/888/16
f 1486/1215/16 1487/888/16 1488/1217/16
f 1488/1217/16 1487/888/16 1489/890/16
f 1488/1217/16 1489/890/16 1490/1219/16
f 1490/1219/16 1489/890/16 1491/892/16
f 1490/1219/16 1491/892/16 1492/1221/16
f 1492/1221/16 1491/892/16 1493/894/16
f 1492/1221/16 1493/894/16 1494/1222/16
f 1494/1222/16 1493/894/16 1495/897/16
f 1494/1222/16 1495/897/16 1496/1220/16
f 1496/1220/16 1495/897/16 1497/899/16
f 1496/1220/16 1497/899/16 1498/1218/16
f 1498/1218/16 1497/899/16 1499/901/16
f 1498/1218/16 1499/901/16 1500/1216/16
f 1500/1216/16 1499/901/16 1501/903/16
f 1500/1216/16 1501/903/16 1502/1214/16
f 1502/1214/16 1501/903/16 1503/865/16
f 1502/1214/16 1503/865/16 1504/1212/16
f 1504/1212/16 1503/865/16 1505/864/16
f 1504/1212/16 1505/864/16 1506/862/16
f 1504/1212/16 1506/862/16 1507/1210/16
f 1507/1210/16 1506/862/16 1508/866/16
f 1507/1210/16 1508/866/16 1509/1224/16
f 1509/1224/16 1508/866/16 1510/868/16
f 1509/1224/16 1510/868/16 1511/1226/16
f 1511/1226/16 1510/868/16 1512/870/16
f 1511/1226/16 1512/870/16 1513/1228/16
f 1513/1228/16 1512/870/16 1514/872/16
f 1513/1228/16 1514/872/16 1515/1229/16
f 1515/1229/16 1514/872/16 1516/875/16
f 1515/1229/16 1516/875/16 1517/1227/16
f 1517/1227/16 1516/875/16 1518/877/16
f 1517/1227/16 1518/877/16 1519/1225/16
f 1519/1225/16 1518/877/16 1520/879/16
f 1519/1225/16 1520/879/16 1521/1223/16
f 1521/1223/16 1520/879/16 1522/881/16
f 1521/1223/16 1522/881/16 1523/1211/16
f 1523/1211/16 1522/881/16 1482/883/16
f 1523/1211/16 1482/883/16 1484/1213/16
f 1524/1335/30 1525/1336/588 1526/1337/30
f 1526/1337/30 1525/1336/588 1527/1338/588
f 1527/1338/588 1525/1336/588 1528/1339/585
f 1527/1338/588 1528/1339/585 1529/1340/585
f 1529/1340/585 1528/1339/585 1530/1341/583
f 1529/1340/585 1530/1341/583 1531/1342/583
f 1531/1342/583 1530/1341/583 1532/1343/580
f 1531/1342/583 1532/1343/580 1533/1344/580
f 1533/1344/580 1532/1343/580 1534/1345/578
f 1533/1344/580 1534/1345/578 1535/1346/578
f 1535/1346/578 1534/1345/578 1536/1347/577
f 1535/1346/578 1536/1347/577 1537/1348/577
f 1537/1348/577 1536/1347/577 1538/1349/574
f 1538/1349/574 1536/1347/577 1539/1350/574
f 1538/1349/574 1539/1350/574 1540/1351/572
f 1540/1351/572 1539/1350/574 1541/1352/572
f 1540/1351/572 1541/1352/572 1542/1353/569
f 1542/1353/569 1541/1352/572 1543/1354/569
f 1542/1353/569 1543/1354/569 1544/1355/565
f 1544/1355/565 1543/1354/569 1545/1356/565
f 1544/1355/565 1545/1356/565 1138/1021/3
f 1138/1021/3 1545/1356/565 1139/1022/3
f 1546/1357/3 1547/1358/3 1548/1359/565
f 1548/1359/565 1547/1358/3 1549/1360/565
f 1548/1359/565 1549/1360/565 1550/1361/569
f 1548/1359/565 1550/1361/569 1551/1362/569
f 1551/1362/569 1550/1361/569 1552/1363/572
f 1551/1362/569 1552/1363/572 1553/1364/572
f 1553/1364/572 1552/1363/572 1554/1365/574
f 1553/1364/572 1554/1365/574 1555/1366/574
f 1555/1366/574 1554/1365/574 1556/1367/577
f 1555/1366/574 1556/1367/577 1557/1368/577
f 1557/1368/577 1556/1367/577 1558/1369/578
f 1557/1368/577 1558/1369/578 1559/1370/578
f 1559/1370/578 1558/1369/578 1560/1371/580
f 1559/1370/578 1560/1371/580 1561/1372/580
f 1561/1372/580 1560/1371/580 1562/1373/583
f 1561/1372/580 1562/1373/583 1563/1374/583
f 1563/1374/583 1562/1373/583 1564/1375/585
f 1563/1374/583 1564/1375/585 1565/1376/585
f 1565/1376/585 1564/1375/585 1566/1377/588
f 1565/1376/585 1566/1377/588 1567/1378/588
f 1567/1378/588 1566/1377/588 1114/59/30
f 1567/1378/588 1114/59/30 1116/999/30
# Vertices: 1567, normals: 743, texture coordinates: 1378, faces: 2036

