# File generated by ImageToStl.com - Free Image and 3D model conversion tools

mtllib link1.mtl

o obj1
v 6E-08 0.058555 0.078345
v 6E-08 0.0588 0.0768
v -0.00524394 0.05826301 0.07851
v -0.01021094 0.05790701 0.0768
v -0.01556294 0.05639002 0.07851
v -0.02011094 0.05525402 0.0768
v -0.02538195 0.05270503 0.07851
v -0.02939995 0.05092203 0.0768
v -0.03438495 0.04732603 0.07851
v -0.03779595 0.04504304 0.0768
v -0.04228196 0.04042604 0.07851
v -0.04504296 0.03779605 0.0768
v -0.04882097 0.03222705 0.07851
v -0.05092197 0.02940005 0.0768
v -0.05379098 0.02299105 0.07851
v -0.05525398 0.02011106 0.0768
v -0.05703199 0.01301706 0.07851
v -0.05790699 0.01021106 0.0768
v -0.05844 0.00262506 0.07851
v -0.0588 6E-08 0.0768
v -0.05796901 -0.00785194 0.07851
v -0.05790701 -0.01021094 0.0768
v -0.05563502 -0.01807694 0.07851
v -0.05525402 -0.02011094 0.0768
v -0.05151303 -0.02772095 0.07851
v -0.05092203 -0.02939995 0.0768
v -0.04573604 -0.03647295 0.07851
v -0.04504304 -0.03779595 0.0768
v -0.03848804 -0.04405396 0.07851
v -0.03779605 -0.04504296 0.0768
v -0.03000405 -0.05021797 0.07851
v -0.02940005 -0.05092197 0.0768
v -0.02055505 -0.05476798 0.07851
v -0.02011106 -0.05525398 0.0768
v -0.01044506 -0.05755799 0.07851
v -0.01021106 -0.05790699 0.0768
v -6E-08 -0.058555 0.078345
v -6E-08 -0.0588 0.0768
v -6E-08 -0.057845 0.079739
v -0.01029006 -0.05670399 0.080014
v -0.02025005 -0.05395498 0.080014
v -0.02955805 -0.04947297 0.080014
v -0.03791704 -0.04339996 0.080014
v -0.04505704 -0.03593195 0.080014
v -0.05074903 -0.02730895 0.080014
v -0.05481002 -0.01780895 0.080014
v -0.05710901 -0.00773594 0.080014
v -0.057572 0.00258606 0.080014
v -0.05618499 0.01282406 0.080014
v -0.05299298 0.02265005 0.080014
v -0.04809697 0.03174805 0.080014
v -0.04165496 0.03982604 0.080014
v -0.03387395 0.04662403 0.080014
v -0.02500495 0.05192303 0.080014
v -0.01533194 0.05555302 0.080014
v -0.00516594 0.05739801 0.080014
v 6E-08 0.057845 0.079739
v 6E-08 0.056739 0.080845
v -0.00504694 0.05607301 0.08113
v 6E-08 0.055345 0.081555
v -0.00489995 0.054448 0.081724
v 5E-08 0.0538 0.0818
v -0.00988595 0.05288401 0.0818
v -0.01454395 0.05269801 0.081724
v -0.01943495 0.05016702 0.0818
v -0.02371995 0.04925402 0.081724
v -0.02832195 0.04574203 0.0818
v -0.03213296 0.04422803 0.081724
v -0.03624496 0.03975904 0.0818
v -0.03951396 0.03777904 0.081724
v -0.04293297 0.03242204 0.0818
v -0.04562497 0.03011705 0.081724
v -0.04815998 0.02398105 0.0818
v -0.05026898 0.02148605 0.081724
v -0.05174599 0.01472305 0.0818
v -0.05329799 0.01216505 0.081724
v -0.05357 0.00496405 0.0818
v -0.054613 0.00245305 0.081724
v -0.05357 -0.00496395 0.0818
v -0.05417301 -0.00733795 0.081724
v -0.05174601 -0.01472295 0.0818
v -0.05199302 -0.01689295 0.081724
v -0.04816002 -0.02398095 0.0818
v -0.04814103 -0.02590595 0.081724
v -0.04293303 -0.03242196 0.0818
v -0.04274103 -0.03408496 0.081724
v -0.03624504 -0.03975896 0.0818
v -0.03596804 -0.04116896 0.081724
v -0.02832205 -0.04574197 0.0818
v -0.02803905 -0.04692997 0.081724
v -0.01943505 -0.05016698 0.0818
v -0.01920905 -0.05118198 0.081724
v -0.00988605 -0.05288399 0.0818
v -0.00976105 -0.05378999 0.081724
v -5E-08 -0.0538 0.0818
v -6E-08 -0.055345 0.081555
v -0.01005306 -0.05539499 0.08113
v -6E-08 -0.056739 0.080845
v -0.01497795 0.05427101 0.08113
v -0.02442795 0.05072502 0.08113
v -0.03309195 0.04554803 0.08113
v -0.04069296 0.03890704 0.08113
v -0.04698597 0.03101605 0.08113
v -0.05176898 0.02212705 0.08113
v -0.05488799 0.01252805 0.08113
v -0.056243 0.00252606 0.08113
v -0.05579001 -0.00755694 0.08113
v -0.05354402 -0.01739795 0.08113
v -0.04957803 -0.02667895 0.08113
v -0.04401704 -0.03510196 0.08113
v -0.03704204 -0.04239796 0.08113
v -0.02887605 -0.04833097 0.08113
v -0.01978205 -0.05270998 0.08113
v -6E-08 -0.056 -0.0713
v -0.00972406 -0.05514899 -0.0713
v -6E-08 -0.056 -0.0785
v -0.00972406 -0.05514899 -0.0785
v -0.01915305 -0.05262298 -0.0713
v -0.01915305 -0.05262298 -0.0785
v -0.02800005 -0.04849697 -0.0713
v -0.02800005 -0.04849697 -0.0785
v -0.03599604 -0.04289796 -0.0713
v -0.03599604 -0.04289796 -0.0785
v -0.04289804 -0.03599596 -0.0713
v -0.04289804 -0.03599596 -0.0785
v -0.04849703 -0.02799995 -0.0713
v -0.04849703 -0.02799995 -0.0785
v -0.05262302 -0.01915295 -0.0713
v -0.05262302 -0.01915295 -0.0785
v -0.05514901 -0.00972394 -0.0713
v -0.05514901 -0.00972394 -0.0785
v -0.056 6E-08 -0.0713
v -0.056 6E-08 -0.0785
v -0.05514899 0.00972406 -0.0713
v -0.05514899 0.00972406 -0.0785
v -0.05262298 0.01915305 -0.0713
v -0.05262298 0.01915305 -0.0785
v -0.04849697 0.02800005 -0.0713
v -0.04849697 0.02800005 -0.0785
v -0.04289796 0.03599604 -0.0713
v -0.04289796 0.03599604 -0.0785
v -0.03599596 0.04289804 -0.0713
v -0.03599596 0.04289804 -0.0785
v -0.02799995 0.04849703 -0.0713
v -0.02799995 0.04849703 -0.0785
v -0.01915295 0.05262302 -0.0713
v -0.01915295 0.05262302 -0.0785
v -0.00972394 0.05514901 -0.0713
v -0.00972394 0.05514901 -0.0785
v 6E-08 0.056 -0.0785
v 6E-08 0.056 -0.0713
v -6E-08 -0.0588 -0.0633
v -0.01021106 -0.05790699 -0.0633
v -6E-08 -0.0588 -0.0713
v -0.01021106 -0.05790699 -0.0713
v -0.02011106 -0.05525398 -0.0633
v -0.02011106 -0.05525398 -0.0713
v -0.02940005 -0.05092197 -0.0633
v -0.02940005 -0.05092197 -0.0713
v -0.03779605 -0.04504296 -0.0633
v -0.03779605 -0.04504296 -0.0713
v -0.04504304 -0.03779595 -0.0633
v -0.04504304 -0.03779595 -0.0713
v -0.05092203 -0.02939995 -0.0633
v -0.05092203 -0.02939995 -0.0713
v -0.05525402 -0.02011094 -0.0633
v -0.05525402 -0.02011094 -0.0713
v -0.05790701 -0.01021094 -0.0633
v -0.05790701 -0.01021094 -0.0713
v -0.0588 6E-08 -0.0633
v -0.0588 6E-08 -0.0713
v -0.05790699 0.01021106 -0.0633
v -0.05790699 0.01021106 -0.0713
v -0.05525398 0.02011106 -0.0633
v -0.05525398 0.02011106 -0.0713
v -0.05092197 0.02940005 -0.0633
v -0.05092197 0.02940005 -0.0713
v -0.04504296 0.03779605 -0.0633
v -0.04504296 0.03779605 -0.0713
v -0.03779595 0.04504304 -0.0633
v -0.03779595 0.04504304 -0.0713
v -0.02939995 0.05092203 -0.0633
v -0.02939995 0.05092203 -0.0713
v -0.02011094 0.05525402 -0.0633
v -0.02011094 0.05525402 -0.0713
v -0.01021094 0.05790701 -0.0633
v -0.01021094 0.05790701 -0.0713
v 6E-08 0.0588 -0.0713
v 6E-08 0.0588 -0.0633
v 6E-08 0.0588 0.0768
v 6E-08 0.0588 0.071674
v -0.01021094 0.05790701 0.0768
v -0.01021094 0.05790701 0.071434
v -0.02011094 0.05525402 0.0768
v -0.02011094 0.05525402 0.070723
v -0.02939995 0.05092203 0.0768
v -0.02939995 0.05092203 0.069563
v -0.03779595 0.04504304 0.0768
v -0.03779595 0.04504304 0.067987
v -0.04504296 0.03779605 0.0768
v -0.04504296 0.03779605 0.066045
v -0.05092197 0.02940005 0.0768
v -0.05092197 0.02940005 0.063796
v -0.05525398 0.02011106 0.0768
v -0.05525398 0.02011106 0.061307
v -0.05790699 0.01021106 0.0768
v -0.05790699 0.01021106 0.058654
v -0.0588 6E-08 0.0768
v -0.0588 6E-08 0.055918
v -0.05790701 -0.01021094 0.0768
v -0.05790701 -0.01021094 0.053182
v -0.05525402 -0.02011094 0.0768
v -0.05525402 -0.02011094 0.050529
v -0.05092203 -0.02939995 0.0768
v -0.05092203 -0.02939995 0.04804
v -0.04504304 -0.03779595 0.0768
v -0.04504304 -0.03779595 0.045791
v -0.03779605 -0.04504296 0.0768
v -0.03779605 -0.04504296 0.043849
v -0.02940005 -0.05092197 0.0768
v -0.02940005 -0.05092197 0.042274
v -0.02011106 -0.05525398 0.0768
v -0.02011106 -0.05525398 0.041113
v -0.01021106 -0.05790699 0.0768
v -0.01021106 -0.05790699 0.040402
v -6E-08 -0.0588 0.0768
v -6E-08 -0.0588 0.040163
v -6E-08 -0.0588 0.040163
v 0.01021094 -0.05790701 0.040402
v -6E-08 -0.0588 0.0768
v 0.01021094 -0.05790701 0.0768
v 0.02011094 -0.05525402 0.041113
v 0.02011094 -0.05525402 0.0768
v 0.02939995 -0.05092203 0.042274
v 0.02939995 -0.05092203 0.0768
v 0.03779595 -0.04504304 0.043849
v 0.03779595 -0.04504304 0.0768
v 0.04504296 -0.03779605 0.045791
v 0.04504296 -0.03779605 0.0768
v 0.05092197 -0.02940005 0.04804
v 0.05092197 -0.02940005 0.0768
v 0.05525398 -0.02011106 0.050529
v 0.05525398 -0.02011106 0.0768
v 0.05790699 -0.01021106 0.053182
v 0.05790699 -0.01021106 0.0768
v 0.0588 -6E-08 0.055918
v 0.0588 -6E-08 0.0768
v 0.05790701 0.01021094 0.058654
v 0.05790701 0.01021094 0.0768
v 0.05525402 0.02011094 0.061307
v 0.05525402 0.02011094 0.0768
v 0.05092203 0.02939995 0.063796
v 0.05092203 0.02939995 0.0768
v 0.04504304 0.03779595 0.066045
v 0.04504304 0.03779595 0.0768
v 0.03779605 0.04504296 0.067987
v 0.03779605 0.04504296 0.0768
v 0.02940005 0.05092197 0.069563
v 0.02940005 0.05092197 0.0768
v 0.02011106 0.05525398 0.070723
v 0.02011106 0.05525398 0.0768
v 0.01021106 0.05790699 0.071434
v 0.01021106 0.05790699 0.0768
v 5E-08 0.0538 0.0818
v -0.00988595 0.05288401 0.0818
v 0.00988605 0.05288399 0.0818
v 0.01943505 0.05016698 0.0818
v -0.01943495 0.05016702 0.0818
v 0.02832205 0.04574197 0.0818
v -0.02832195 0.04574203 0.0818
v 0.03624504 0.03975896 0.0818
v -0.03624496 0.03975904 0.0818
v 0.04293303 0.03242196 0.0818
v 0.04816002 0.02398095 0.0818
v 0.05174601 0.01472295 0.0818
v 0.05357 0.00496395 0.0818
v 0.05357 -0.00496405 0.0818
v 0.05174599 -0.01472305 0.0818
v 0.04815998 -0.02398105 0.0818
v 0.04293297 -0.03242204 0.0818
v 0.03624496 -0.03975904 0.0818
v 0.02832195 -0.04574203 0.0818
v -0.04293297 0.03242204 0.0818
v 0.01943495 -0.05016702 0.0818
v 0.00988595 -0.05288401 0.0818
v -5E-08 -0.0538 0.0818
v -0.00988605 -0.05288399 0.0818
v -0.01943505 -0.05016698 0.0818
v -0.02832205 -0.04574197 0.0818
v -0.03624504 -0.03975896 0.0818
v -0.04293303 -0.03242196 0.0818
v -0.04815998 0.02398105 0.0818
v -0.04816002 -0.02398095 0.0818
v -0.05174599 0.01472305 0.0818
v -0.05174601 -0.01472295 0.0818
v -0.05357 0.00496405 0.0818
v -0.05357 -0.00496395 0.0818
v 6E-08 0.0588 -0.0713
v 6E-08 0.0588 -0.0633
v 0.01021106 0.05790699 -0.0713
v 0.01021106 0.05790699 -0.0633
v 0.02011106 0.05525398 -0.0633
v 0.02011106 0.05525398 -0.0713
v 0.02940005 0.05092197 -0.0633
v 0.02940005 0.05092197 -0.0713
v 0.03779605 0.04504296 -0.0633
v 0.03779605 0.04504296 -0.0713
v 0.04504304 0.03779595 -0.0633
v 0.04504304 0.03779595 -0.0713
v 0.05092203 0.02939995 -0.0633
v 0.05092203 0.02939995 -0.0713
v 0.05525402 0.02011094 -0.0633
v 0.05525402 0.02011094 -0.0713
v 0.05790701 0.01021094 -0.0633
v 0.05790701 0.01021094 -0.0713
v 0.0588 -6E-08 -0.0633
v 0.0588 -6E-08 -0.0713
v 0.05790699 -0.01021106 -0.0633
v 0.05790699 -0.01021106 -0.0713
v 0.05525398 -0.02011106 -0.0633
v 0.05525398 -0.02011106 -0.0713
v 0.05092197 -0.02940005 -0.0633
v 0.05092197 -0.02940005 -0.0713
v 0.04504296 -0.03779605 -0.0633
v 0.04504296 -0.03779605 -0.0713
v 0.03779595 -0.04504304 -0.0633
v 0.03779595 -0.04504304 -0.0713
v 0.02939995 -0.05092203 -0.0633
v 0.02939995 -0.05092203 -0.0713
v 0.02011094 -0.05525402 -0.0633
v 0.02011094 -0.05525402 -0.0713
v 0.01021094 -0.05790701 -0.0633
v 0.01021094 -0.05790701 -0.0713
v -6E-08 -0.056 -0.0785
v -0.00972406 -0.05514899 -0.0785
v 0.00972394 -0.05514901 -0.0785
v 0.01915295 -0.05262302 -0.0785
v -0.01915305 -0.05262298 -0.0785
v 0.02799995 -0.04849703 -0.0785
v -0.02800005 -0.04849697 -0.0785
v 0.03599596 -0.04289804 -0.0785
v -0.03599604 -0.04289796 -0.0785
v 0.04289796 -0.03599604 -0.0785
v -0.04289804 -0.03599596 -0.0785
v 0.04849697 -0.02800005 -0.0785
v -0.04849703 -0.02799995 -0.0785
v 0.05262298 -0.01915305 -0.0785
v -0.05262302 -0.01915295 -0.0785
v 0.05514899 -0.00972406 -0.0785
v -0.05514901 -0.00972394 -0.0785
v 0.056 -6E-08 -0.0785
v -0.056 6E-08 -0.0785
v 0.05514901 0.00972394 -0.0785
v -0.05514899 0.00972406 -0.0785
v 0.05262302 0.01915295 -0.0785
v -0.05262298 0.01915305 -0.0785
v 0.04849703 0.02799995 -0.0785
v -0.04849697 0.02800005 -0.0785
v 0.04289804 0.03599596 -0.0785
v -0.04289796 0.03599604 -0.0785
v 0.03599604 0.04289796 -0.0785
v -0.03599596 0.04289804 -0.0785
v 0.02800005 0.04849697 -0.0785
v -0.02799995 0.04849703 -0.0785
v 0.01915305 0.05262298 -0.0785
v -0.01915295 0.05262302 -0.0785
v 0.00972406 0.05514899 -0.0785
v -0.00972394 0.05514901 -0.0785
v 6E-08 0.056 -0.0785
v 6E-08 0.056 -0.0785
v 6E-08 0.056 -0.0713
v 0.00972406 0.05514899 -0.0785
v 0.00972406 0.05514899 -0.0713
v 0.01915305 0.05262298 -0.0713
v 0.01915305 0.05262298 -0.0785
v 0.02800005 0.04849697 -0.0713
v 0.02800005 0.04849697 -0.0785
v 0.03599604 0.04289796 -0.0713
v 0.03599604 0.04289796 -0.0785
v 0.04289804 0.03599596 -0.0713
v 0.04289804 0.03599596 -0.0785
v 0.04849703 0.02799995 -0.0713
v 0.04849703 0.02799995 -0.0785
v 0.05262302 0.01915295 -0.0713
v 0.05262302 0.01915295 -0.0785
v 0.05514901 0.00972394 -0.0713
v 0.05514901 0.00972394 -0.0785
v 0.056 -6E-08 -0.0713
v 0.056 -6E-08 -0.0785
v 0.05514899 -0.00972406 -0.0713
v 0.05514899 -0.00972406 -0.0785
v 0.05262298 -0.01915305 -0.0713
v 0.05262298 -0.01915305 -0.0785
v 0.04849697 -0.02800005 -0.0713
v 0.04849697 -0.02800005 -0.0785
v 0.04289796 -0.03599604 -0.0713
v 0.04289796 -0.03599604 -0.0785
v 0.03599596 -0.04289804 -0.0713
v 0.03599596 -0.04289804 -0.0785
v 0.02799995 -0.04849703 -0.0713
v 0.02799995 -0.04849703 -0.0785
v 0.01915295 -0.05262302 -0.0713
v 0.01915295 -0.05262302 -0.0785
v 0.00972394 -0.05514901 -0.0713
v 0.00972394 -0.05514901 -0.0785
v -0.01021106 -0.05790699 -0.0713
v -0.00972406 -0.05514899 -0.0713
v -6E-08 -0.0588 -0.0713
v -6E-08 -0.056 -0.0713
v 0.01021094 -0.05790701 -0.0713
v 0.00972394 -0.05514901 -0.0713
v 0.01915295 -0.05262302 -0.0713
v -0.01915305 -0.05262298 -0.0713
v -0.02011106 -0.05525398 -0.0713
v -0.02800005 -0.04849697 -0.0713
v -0.02940005 -0.05092197 -0.0713
v -0.03599604 -0.04289796 -0.0713
v -0.03779605 -0.04504296 -0.0713
v -0.04289804 -0.03599596 -0.0713
v -0.04504304 -0.03779595 -0.0713
v -0.04849703 -0.02799995 -0.0713
v -0.05092203 -0.02939995 -0.0713
v -0.05262302 -0.01915295 -0.0713
v -0.05525402 -0.02011094 -0.0713
v -0.05514901 -0.00972394 -0.0713
v -0.05790701 -0.01021094 -0.0713
v -0.056 6E-08 -0.0713
v -0.0588 6E-08 -0.0713
v -0.05790699 0.01021106 -0.0713
v -0.05514899 0.00972406 -0.0713
v -0.05525398 0.02011106 -0.0713
v -0.05262298 0.01915305 -0.0713
v -0.05092197 0.02940005 -0.0713
v -0.04849697 0.02800005 -0.0713
v -0.04504296 0.03779605 -0.0713
v -0.04289796 0.03599604 -0.0713
v -0.03779595 0.04504304 -0.0713
v -0.03599596 0.04289804 -0.0713
v -0.02939995 0.05092203 -0.0713
v -0.02799995 0.04849703 -0.0713
v -0.02011094 0.05525402 -0.0713
v -0.01915295 0.05262302 -0.0713
v -0.01021094 0.05790701 -0.0713
v -0.00972394 0.05514901 -0.0713
v 6E-08 0.0588 -0.0713
v 6E-08 0.056 -0.0713
v 0.00972406 0.05514899 -0.0713
v 0.01021106 0.05790699 -0.0713
v 0.01915305 0.05262298 -0.0713
v 0.02011106 0.05525398 -0.0713
v 0.02800005 0.04849697 -0.0713
v 0.02940005 0.05092197 -0.0713
v 0.03599604 0.04289796 -0.0713
v 0.03779605 0.04504296 -0.0713
v 0.04289804 0.03599596 -0.0713
v 0.04504304 0.03779595 -0.0713
v 0.04849703 0.02799995 -0.0713
v 0.05092203 0.02939995 -0.0713
v 0.05262302 0.01915295 -0.0713
v 0.05525402 0.02011094 -0.0713
v 0.05514901 0.00972394 -0.0713
v 0.05790701 0.01021094 -0.0713
v 0.056 -6E-08 -0.0713
v 0.0588 -6E-08 -0.0713
v 0.05790699 -0.01021106 -0.0713
v 0.05514899 -0.00972406 -0.0713
v 0.05525398 -0.02011106 -0.0713
v 0.05262298 -0.01915305 -0.0713
v 0.05092197 -0.02940005 -0.0713
v 0.04849697 -0.02800005 -0.0713
v 0.04504296 -0.03779605 -0.0713
v 0.04289796 -0.03599604 -0.0713
v 0.03779595 -0.04504304 -0.0713
v 0.03599596 -0.04289804 -0.0713
v 0.02939995 -0.05092203 -0.0713
v 0.02799995 -0.04849703 -0.0713
v 0.02011094 -0.05525402 -0.0713
v 0.00988595 -0.05288401 0.0818
v -5E-08 -0.0538 0.0818
v 0.00976095 -0.05379001 0.081724
v -6E-08 -0.055345 0.081555
v 0.01005294 -0.05539501 0.08113
v -6E-08 -0.056739 0.080845
v 0.01028994 -0.05670401 0.080014
v -6E-08 -0.057845 0.079739
v 0.01044494 -0.05755801 0.07851
v -6E-08 -0.058555 0.078345
v 0.01021094 -0.05790701 0.0768
v -6E-08 -0.0588 0.0768
v 0.02011094 -0.05525402 0.0768
v 0.02055495 -0.05476802 0.07851
v 0.02024995 -0.05395502 0.080014
v 0.02955795 -0.04947303 0.080014
v 0.02887595 -0.04833103 0.08113
v 0.03704196 -0.04239804 0.08113
v 0.03596796 -0.04116904 0.081724
v 0.04274097 -0.03408504 0.081724
v 0.03624496 -0.03975904 0.0818
v 0.04293297 -0.03242204 0.0818
v 0.04814097 -0.02590605 0.081724
v 0.04815998 -0.02398105 0.0818
v 0.05199298 -0.01689305 0.081724
v 0.05174599 -0.01472305 0.0818
v 0.05417299 -0.00733805 0.081724
v 0.05357 -0.00496405 0.0818
v 0.054613 0.00245295 0.081724
v 0.05357 0.00496395 0.0818
v 0.05329801 0.01216495 0.081724
v 0.05174601 0.01472295 0.0818
v 0.05026902 0.02148595 0.081724
v 0.04816002 0.02398095 0.0818
v 0.04562503 0.03011695 0.081724
v 0.04293303 0.03242196 0.0818
v 0.03951404 0.03777896 0.081724
v 0.03624504 0.03975896 0.0818
v 0.03213304 0.04422797 0.081724
v 0.02832205 0.04574197 0.0818
v 0.02372005 0.04925398 0.081724
v 0.01943505 0.05016698 0.0818
v 0.01454405 0.05269799 0.081724
v 0.00988605 0.05288399 0.0818
v 0.00490005 0.054448 0.081724
v 0.00504706 0.05607299 0.08113
v 0.00516606 0.05739799 0.080014
v 0.00524406 0.05826299 0.07851
v 0.01021106 0.05790699 0.0768
v 0.01556306 0.05638998 0.07851
v 0.02011106 0.05525398 0.0768
v 0.02538205 0.05270497 0.07851
v 0.02940005 0.05092197 0.0768
v 0.03438505 0.04732597 0.07851
v 0.03779605 0.04504296 0.0768
v 0.04228204 0.04042596 0.07851
v 0.04504304 0.03779595 0.0768
v 0.04882103 0.03222695 0.07851
v 0.05092203 0.02939995 0.0768
v 0.05379102 0.02299095 0.07851
v 0.05525402 0.02011094 0.0768
v 0.05703201 0.01301694 0.07851
v 0.05790701 0.01021094 0.0768
v 0.05844 0.00262494 0.07851
v 0.0588 -6E-08 0.0768
v 0.05796899 -0.00785206 0.07851
v 0.05790699 -0.01021106 0.0768
v 0.05563498 -0.01807706 0.07851
v 0.05525398 -0.02011106 0.0768
v 0.05151297 -0.02772105 0.07851
v 0.05092197 -0.02940005 0.0768
v 0.04573596 -0.03647305 0.07851
v 0.04504296 -0.03779605 0.0768
v 0.03848796 -0.04405404 0.07851
v 0.03779595 -0.04504304 0.0768
v 0.03000395 -0.05021803 0.07851
v 0.02939995 -0.05092203 0.0768
v 0.02832195 -0.04574203 0.0818
v 0.02803895 -0.04693003 0.081724
v 0.01978195 -0.05271002 0.08113
v 0.01943495 -0.05016702 0.0818
v 0.01920895 -0.05118202 0.081724
v 0.03791696 -0.04340004 0.080014
v 0.04401696 -0.03510204 0.08113
v 0.04505696 -0.03593205 0.080014
v 0.04957797 -0.02667905 0.08113
v 0.05074897 -0.02730905 0.080014
v 0.05354398 -0.01739805 0.08113
v 0.05480998 -0.01780905 0.080014
v 0.05578999 -0.00755706 0.08113
v 0.05710899 -0.00773606 0.080014
v 0.056243 0.00252594 0.08113
v 0.057572 0.00258594 0.080014
v 0.05488801 0.01252795 0.08113
v 0.05618501 0.01282394 0.080014
v 0.05176902 0.02212695 0.08113
v 0.05299302 0.02264995 0.080014
v 0.04698603 0.03101595 0.08113
v 0.04809703 0.03174795 0.080014
v 0.04069304 0.03890696 0.08113
v 0.04165504 0.03982596 0.080014
v 0.03309205 0.04554797 0.08113
v 0.03387405 0.04662397 0.080014
v 0.02442805 0.05072498 0.08113
v 0.02500505 0.05192297 0.080014
v 0.01497805 0.05427099 0.08113
v 0.01533206 0.05555298 0.080014
v -0.05599994 0.06200006 0
v -0.05514894 0.06200006 -0.009724
v -0.05599993 0.06900006 0
v -0.05514893 0.06900006 -0.009724
v -0.05262294 0.06200005 -0.019153
v -0.05262293 0.06900005 -0.019153
v -0.04849694 0.06200005 -0.028
v -0.04849693 0.06900005 -0.028
v -0.04289794 0.06200004 -0.035996
v -0.04289793 0.06900004 -0.035996
v -0.03599594 0.06200004 -0.042898
v -0.03599593 0.06900004 -0.042898
v -0.02799994 0.06200003 -0.048497
v -0.02799993 0.06900003 -0.048497
v -0.01915294 0.06200002 -0.052623
v -0.01915293 0.06900002 -0.052623
v -0.00972394 0.06200001 -0.055149
v -0.00972393 0.06900001 -0.055149
v 6E-08 0.062 -0.056
v 7E-08 0.069 -0.056
v 0.00972406 0.06199999 -0.055149
v 0.00972407 0.06899999 -0.055149
v 0.01915306 0.06199998 -0.052623
v 0.01915307 0.06899998 -0.052623
v 0.02800006 0.06199997 -0.048497
v 0.02800007 0.06899997 -0.048497
v 0.03599606 0.06199996 -0.042898
v 0.03599607 0.06899996 -0.042898
v 0.04289806 0.06199996 -0.035996
v 0.04289807 0.06899996 -0.035996
v 0.04849706 0.06199995 -0.028
v 0.04849707 0.06899995 -0.028
v 0.05262306 0.06199995 -0.019153
v 0.05262307 0.06899995 -0.019153
v 0.05514906 0.06199994 -0.009724
v 0.05514907 0.06899994 -0.009724
v 0.05600007 0.06899994 0
v 0.05600006 0.06199994 0
v 0.059 -6E-08 0
v 0.05900007 0.06899994 0
v 0.05871601 0.00578294 0.005783
v 0.05810407 0.06899994 0.010245
v 0.05786601 0.01150994 0.01151
v 0.05645902 0.01712694 0.017127
v 0.05544207 0.06899994 0.020179
v 0.05450902 0.02257795 0.022578
v 0.05109607 0.06899995 0.0295
v 0.05203303 0.02781195 0.027812
v 0.04905703 0.03277895 0.032779
v 0.04519707 0.06899995 0.037924
v 0.04560804 0.03742895 0.037429
v 0.04171904 0.04171896 0.041719
v 0.03792407 0.06899996 0.045197
v 0.03742905 0.04560796 0.045608
v 0.03277905 0.04905697 0.049057
v 0.02950007 0.06899997 0.051096
v 0.02781205 0.05203297 0.052033
v 0.02257805 0.05450898 0.054509
v 0.02017907 0.06899998 0.055442
v 0.01712706 0.05645898 0.056459
v 0.01024507 0.06899999 0.058104
v 0.01151006 0.05786599 0.057866
v 0.00578306 0.05871599 0.058716
v 7E-08 0.069 0.059
v 6E-08 0.059 0.059
v -0.00578294 0.05871601 0.058716
v -0.01024493 0.06900001 0.058104
v -0.01150994 0.05786601 0.057866
v -0.01712694 0.05645902 0.056459
v -0.02017893 0.06900002 0.055442
v -0.02257795 0.05450902 0.054509
v -0.02949993 0.06900003 0.051096
v -0.02781195 0.05203303 0.052033
v -0.03277895 0.04905703 0.049057
v -0.03792393 0.06900004 0.045197
v -0.03742895 0.04560804 0.045608
v -0.04171896 0.04171904 0.041719
v -0.04519693 0.06900005 0.037924
v -0.04560796 0.03742905 0.037429
v -0.04905697 0.03277905 0.032779
v -0.05109593 0.06900005 0.0295
v -0.05203297 0.02781205 0.027812
v -0.05450898 0.02257805 0.022578
v -0.05544193 0.06900006 0.020179
v -0.05645898 0.01712706 0.017127
v -0.05810393 0.06900006 0.010245
v -0.05786599 0.01151006 0.01151
v -0.05871599 0.00578306 0.005783
v -0.05899993 0.06900006 0
v -0.059 6E-08 0
v -6E-08 -0.059 -0.0633
v -6E-08 -0.059 0.040109
v -0.01024506 -0.05810399 -0.0633
v -0.01024506 -0.05810399 0.040349
v -0.02017906 -0.05544198 -0.0633
v -0.02017906 -0.05544198 0.041062
v -0.02950005 -0.05109597 -0.0633
v -0.02950005 -0.05109597 0.042227
v -0.03792405 -0.04519696 -0.0633
v -0.03792405 -0.04519696 0.043808
v -0.04519704 -0.03792395 -0.0633
v -0.04519704 -0.03792395 0.045756
v -0.05109603 -0.02949995 -0.0633
v -0.05109603 -0.02949995 0.048014
v -0.05544202 -0.02017894 -0.0633
v -0.05544202 -0.02017894 0.050511
v -0.05810401 -0.01024494 -0.0633
v -0.05810401 -0.01024494 0.053173
v -0.059 6E-08 0
v -0.059 6E-08 0.055918
v -0.05871599 0.00578306 0.005783
v -0.05810399 0.01024506 0.058663
v -0.05786599 0.01151006 0.01151
v -0.05645898 0.01712706 0.017127
v -0.05544198 0.02017906 0.061325
v -0.05450898 0.02257805 0.022578
v -0.05203297 0.02781205 0.027812
v -0.05109597 0.02950005 0.063823
v -0.04905697 0.03277905 0.032779
v -0.04519696 0.03792405 0.06608
v -0.04560796 0.03742905 0.037429
v -0.04171896 0.04171904 0.041719
v -0.03792395 0.04519704 0.068028
v -0.03742895 0.04560804 0.045608
v -0.03277895 0.04905703 0.049057
v -0.02949995 0.05109603 0.069609
v -0.02781195 0.05203303 0.052033
v -0.02257795 0.05450902 0.054509
v -0.02017894 0.05544202 0.070774
v -0.01712694 0.05645902 0.056459
v -0.01024494 0.05810401 0.071487
v -0.01150994 0.05786601 0.057866
v -0.00578294 0.05871601 0.058716
v 6E-08 0.059 0.071727
v 6E-08 0.059 0.059
v -0.059 6E-08 -0.0633
v -0.05871599 0.00578306 -0.005783
v -0.05810399 0.01024506 -0.0633
v -0.05786599 0.01151006 -0.01151
v -0.05645898 0.01712706 -0.017127
v -0.05544198 0.02017906 -0.0633
v -0.05450898 0.02257805 -0.022578
v -0.05203297 0.02781205 -0.027812
v -0.05109597 0.02950005 -0.0633
v -0.04905697 0.03277905 -0.032779
v -0.04519696 0.03792405 -0.0633
v -0.04560796 0.03742905 -0.037429
v -0.04171896 0.04171904 -0.041719
v -0.03792395 0.04519704 -0.0633
v -0.03742895 0.04560804 -0.045608
v -0.03277895 0.04905703 -0.049057
v -0.02949995 0.05109603 -0.0633
v -0.02781195 0.05203303 -0.052033
v -0.02257795 0.05450902 -0.054509
v -0.02017894 0.05544202 -0.0633
v -0.01712694 0.05645902 -0.056459
v -0.01024494 0.05810401 -0.0633
v -0.01150994 0.05786601 -0.057866
v -0.00578294 0.05871601 -0.058716
v 6E-08 0.059 -0.059
v 6E-08 0.059 -0.0633
v 6E-08 0.059 0.059
v 6E-08 0.059 0.071727
v 0.00578306 0.05871599 0.058716
v 0.01024506 0.05810399 0.071487
v 0.01151006 0.05786599 0.057866
v 0.01712706 0.05645898 0.056459
v 0.02017906 0.05544198 0.070774
v 0.02257805 0.05450898 0.054509
v 0.02950005 0.05109597 0.069609
v 0.02781205 0.05203297 0.052033
v 0.03277905 0.04905697 0.049057
v 0.03792405 0.04519696 0.068028
v 0.03742905 0.04560796 0.045608
v 0.04171904 0.04171896 0.041719
v 0.04519704 0.03792395 0.06608
v 0.04560804 0.03742895 0.037429
v 0.04905703 0.03277895 0.032779
v 0.05109603 0.02949995 0.063823
v 0.05203303 0.02781195 0.027812
v 0.05544202 0.02017894 0.061325
v 0.05450902 0.02257795 0.022578
v 0.05645902 0.01712694 0.017127
v 0.05810401 0.01024494 0.058663
v 0.05786601 0.01150994 0.01151
v 0.05871601 0.00578294 0.005783
v 0.059 -6E-08 0.055918
v 0.059 -6E-08 0
v 0.05810399 -0.01024506 0.053173
v 0.05810399 -0.01024506 -0.0633
v 0.05544198 -0.02017906 0.050511
v 0.05544198 -0.02017906 -0.0633
v 0.05109597 -0.02950005 0.048014
v 0.05109597 -0.02950005 -0.0633
v 0.04519696 -0.03792405 0.045756
v 0.04519696 -0.03792405 -0.0633
v 0.03792395 -0.04519704 0.043808
v 0.03792395 -0.04519704 -0.0633
v 0.02949995 -0.05109603 0.042227
v 0.02949995 -0.05109603 -0.0633
v 0.02017894 -0.05544202 0.041062
v 0.02017894 -0.05544202 -0.0633
v 0.01024494 -0.05810401 0.040349
v 0.01024494 -0.05810401 -0.0633
v 0.059 -6E-08 -0.0633
v 0.05871601 0.00578294 -0.005783
v 0.05810401 0.01024494 -0.0633
v 0.05786601 0.01150994 -0.01151
v 0.05645902 0.01712694 -0.017127
v 0.05544202 0.02017894 -0.0633
v 0.05450902 0.02257795 -0.022578
v 0.05109603 0.02949995 -0.0633
v 0.05203303 0.02781195 -0.027812
v 0.04905703 0.03277895 -0.032779
v 0.04519704 0.03792395 -0.0633
v 0.04560804 0.03742895 -0.037429
v 0.04171904 0.04171896 -0.041719
v 0.03792405 0.04519696 -0.0633
v 0.03742905 0.04560796 -0.045608
v 0.03277905 0.04905697 -0.049057
v 0.02950005 0.05109597 -0.0633
v 0.02781205 0.05203297 -0.052033
v 0.02257805 0.05450898 -0.054509
v 0.02017906 0.05544198 -0.0633
v 0.01712706 0.05645898 -0.056459
v 0.01024506 0.05810399 -0.0633
v 0.01151006 0.05786599 -0.057866
v 0.00578306 0.05871599 -0.058716
v 6E-08 0.059 -0.0633
v 6E-08 0.059 -0.059
v -0.059 6E-08 0
v -0.05899993 0.06900006 0
v -0.05871599 0.00578306 -0.005783
v -0.05810393 0.06900006 -0.010245
v -0.05786599 0.01151006 -0.01151
v -0.05645898 0.01712706 -0.017127
v -0.05544193 0.06900006 -0.020179
v -0.05450898 0.02257805 -0.022578
v -0.05109593 0.06900005 -0.0295
v -0.05203297 0.02781205 -0.027812
v -0.04905697 0.03277905 -0.032779
v -0.04519693 0.06900005 -0.037924
v -0.04560796 0.03742905 -0.037429
v -0.04171896 0.04171904 -0.041719
v -0.03792393 0.06900004 -0.045197
v -0.03742895 0.04560804 -0.045608
v -0.03277895 0.04905703 -0.049057
v -0.02949993 0.06900003 -0.051095
v -0.02781195 0.05203303 -0.052033
v -0.02257795 0.05450902 -0.054509
v -0.02017893 0.06900002 -0.055442
v -0.01712694 0.05645902 -0.056459
v -0.01024493 0.06900001 -0.058104
v -0.01150994 0.05786601 -0.057866
v -0.00578294 0.05871601 -0.058716
v 7E-08 0.069 -0.059
v 6E-08 0.059 -0.059
v 0.00578306 0.05871599 -0.058716
v 0.01024507 0.06899999 -0.058104
v 0.01151006 0.05786599 -0.057866
v 0.01712706 0.05645898 -0.056459
v 0.02017907 0.06899998 -0.055442
v 0.02257805 0.05450898 -0.054509
v 0.02950007 0.06899997 -0.051095
v 0.02781205 0.05203297 -0.052033
v 0.03277905 0.04905697 -0.049057
v 0.03792407 0.06899996 -0.045197
v 0.03742905 0.04560796 -0.045608
v 0.04171904 0.04171896 -0.041719
v 0.04519707 0.06899995 -0.037924
v 0.04560804 0.03742895 -0.037429
v 0.04905703 0.03277895 -0.032779
v 0.05109607 0.06899995 -0.0295
v 0.05203303 0.02781195 -0.027812
v 0.05544207 0.06899994 -0.020179
v 0.05450902 0.02257795 -0.022578
v 0.05645902 0.01712694 -0.017127
v 0.05810407 0.06899994 -0.010245
v 0.05786601 0.01150994 -0.01151
v 0.05871601 0.00578294 -0.005783
v 0.05810407 0.06899994 -0.010245
v 0.05514907 0.06899994 -0.009724
v 0.05900007 0.06899994 0
v 0.05600007 0.06899994 0
v 0.05514907 0.06899994 0.009724
v 0.05262307 0.06899995 -0.019153
v 0.05544207 0.06899994 -0.020179
v 0.04849707 0.06899995 -0.028
v 0.05109607 0.06899995 -0.0295
v 0.04289807 0.06899996 -0.035996
v 0.04519707 0.06899995 -0.037924
v 0.03599607 0.06899996 -0.042898
v 0.03792407 0.06899996 -0.045197
v 0.02800007 0.06899997 -0.048497
v 0.02950007 0.06899997 -0.051095
v 0.01915307 0.06899998 -0.052623
v 0.02017907 0.06899998 -0.055442
v 0.00972407 0.06899999 -0.055149
v 0.01024507 0.06899999 -0.058104
v 7E-08 0.069 -0.056
v 7E-08 0.069 -0.059
v -0.01024493 0.06900001 -0.058104
v -0.00972393 0.06900001 -0.055149
v -0.02017893 0.06900002 -0.055442
v -0.01915293 0.06900002 -0.052623
v -0.02949993 0.06900003 -0.051095
v -0.02799993 0.06900003 -0.048497
v -0.03792393 0.06900004 -0.045197
v -0.03599593 0.06900004 -0.042898
v -0.04519693 0.06900005 -0.037924
v -0.04289793 0.06900004 -0.035996
v -0.05109593 0.06900005 -0.0295
v -0.04849693 0.06900005 -0.028
v -0.05544193 0.06900006 -0.020179
v -0.05262293 0.06900005 -0.019153
v -0.05810393 0.06900006 -0.010245
v -0.05514893 0.06900006 -0.009724
v -0.05599993 0.06900006 0
v -0.05899993 0.06900006 0
v -0.05514893 0.06900006 0.009724
v -0.05810393 0.06900006 0.010245
v -0.05262293 0.06900005 0.019153
v -0.05544193 0.06900006 0.020179
v -0.04849693 0.06900005 0.028
v -0.05109593 0.06900005 0.0295
v -0.04289793 0.06900004 0.035996
v -0.04519693 0.06900005 0.037924
v -0.03599593 0.06900004 0.042898
v -0.03792393 0.06900004 0.045197
v -0.02799993 0.06900003 0.048497
v -0.02949993 0.06900003 0.051096
v -0.01915293 0.06900002 0.052623
v -0.02017893 0.06900002 0.055442
v -0.00972393 0.06900001 0.055149
v -0.01024493 0.06900001 0.058104
v 7E-08 0.069 0.056
v 7E-08 0.069 0.059
v 0.01024507 0.06899999 0.058104
v 0.00972407 0.06899999 0.055149
v 0.02017907 0.06899998 0.055442
v 0.01915307 0.06899998 0.052623
v 0.02950007 0.06899997 0.051096
v 0.02800007 0.06899997 0.048497
v 0.03792407 0.06899996 0.045197
v 0.03599607 0.06899996 0.042898
v 0.04519707 0.06899995 0.037924
v 0.04289807 0.06899996 0.035996
v 0.05109607 0.06899995 0.0295
v 0.04849707 0.06899995 0.028
v 0.05544207 0.06899994 0.020179
v 0.05262307 0.06899995 0.019153
v 0.05810407 0.06899994 0.010245
v 0.05600007 0.06899994 0
v 0.05600006 0.06199994 0
v 0.05514907 0.06899994 0.009724
v 0.05514906 0.06199994 0.009724
v 0.05262306 0.06199995 0.019153
v 0.05262307 0.06899995 0.019153
v 0.04849706 0.06199995 0.028
v 0.04849707 0.06899995 0.028
v 0.04289806 0.06199996 0.035996
v 0.04289807 0.06899996 0.035996
v 0.03599606 0.06199996 0.042898
v 0.03599607 0.06899996 0.042898
v 0.02800006 0.06199997 0.048497
v 0.02800007 0.06899997 0.048497
v 0.01915306 0.06199998 0.052623
v 0.01915307 0.06899998 0.052623
v 0.00972406 0.06199999 0.055149
v 0.00972407 0.06899999 0.055149
v 6E-08 0.062 0.056
v 7E-08 0.069 0.056
v -0.00972394 0.06200001 0.055149
v -0.00972393 0.06900001 0.055149
v -0.01915294 0.06200002 0.052623
v -0.01915293 0.06900002 0.052623
v -0.02799994 0.06200003 0.048497
v -0.02799993 0.06900003 0.048497
v -0.03599594 0.06200004 0.042898
v -0.03599593 0.06900004 0.042898
v -0.04289794 0.06200004 0.035996
v -0.04289793 0.06900004 0.035996
v -0.04849694 0.06200005 0.028
v -0.04849693 0.06900005 0.028
v -0.05262294 0.06200005 0.019153
v -0.05262293 0.06900005 0.019153
v -0.05514894 0.06200006 0.009724
v -0.05514893 0.06900006 0.009724
v 0.05514906 0.06199994 0.009724
v 0.05600006 0.06199994 0
v -0.04289794 0.06200004 -0.035996
v 0.05514906 0.06199994 -0.009724
v 0.05262306 0.06199995 -0.019153
v 0.04849706 0.06199995 -0.028
v 0.04289806 0.06199996 -0.035996
v -0.03599594 0.06200004 -0.042898
v 0.03599606 0.06199996 -0.042898
v -0.02799994 0.06200003 -0.048497
v 0.02800006 0.06199997 -0.048497
v -0.01915294 0.06200002 -0.052623
v 0.01915306 0.06199998 -0.052623
v -0.00972394 0.06200001 -0.055149
v 0.00972406 0.06199999 -0.055149
v 6E-08 0.062 -0.056
v -0.04849694 0.06200005 -0.028
v -0.04289794 0.06200004 0.035996
v -0.03599594 0.06200004 0.042898
v -0.02799994 0.06200003 0.048497
v -0.04849694 0.06200005 0.028
v -0.05262294 0.06200005 -0.019153
v -0.05262294 0.06200005 0.019153
v -0.05514894 0.06200006 -0.009724
v -0.05514894 0.06200006 0.009724
v -0.05599994 0.06200006 0
v -0.01915294 0.06200002 0.052623
v -0.00972394 0.06200001 0.055149
v 6E-08 0.062 0.056
v 0.00972406 0.06199999 0.055149
v 0.01915306 0.06199998 0.052623
v 0.02800006 0.06199997 0.048497
v 0.03599606 0.06199996 0.042898
v 0.04289806 0.06199996 0.035996
v 0.04849706 0.06199995 0.028
v 0.05262306 0.06199995 0.019153
v -0.01024506 -0.05810399 0.040349
v -6E-08 -0.059 0.040109
v -6E-08 -0.0588 0.040163
v 0.01024494 -0.05810401 0.040349
v 0.01021094 -0.05790701 0.040402
v 0.02017894 -0.05544202 0.041062
v 0.02011094 -0.05525402 0.041113
v 0.02949995 -0.05109603 0.042227
v 0.02939995 -0.05092203 0.042274
v 0.03792395 -0.04519704 0.043808
v 0.03779595 -0.04504304 0.043849
v 0.04519696 -0.03792405 0.045756
v 0.04504296 -0.03779605 0.045791
v 0.05109597 -0.02950005 0.048014
v 0.05092197 -0.02940005 0.04804
v 0.05544198 -0.02017906 0.050511
v 0.05525398 -0.02011106 0.050529
v 0.05810399 -0.01024506 0.053173
v 0.05790699 -0.01021106 0.053182
v 0.0588 -6E-08 0.055918
v 0.059 -6E-08 0.055918
v 0.05790701 0.01021094 0.058654
v 0.05810401 0.01024494 0.058663
v 0.05525402 0.02011094 0.061307
v 0.05544202 0.02017894 0.061325
v 0.05092203 0.02939995 0.063796
v 0.05109603 0.02949995 0.063823
v 0.04504304 0.03779595 0.066045
v 0.04519704 0.03792395 0.06608
v 0.03779605 0.04504296 0.067987
v 0.03792405 0.04519696 0.068028
v 0.02940005 0.05092197 0.069563
v 0.02950005 0.05109597 0.069609
v 0.02011106 0.05525398 0.070723
v 0.02017906 0.05544198 0.070774
v 0.01021106 0.05790699 0.071434
v 0.01024506 0.05810399 0.071487
v 6E-08 0.0588 0.071674
v 6E-08 0.059 0.071727
v -0.01024494 0.05810401 0.071487
v -0.01021094 0.05790701 0.071434
v -0.02017894 0.05544202 0.070774
v -0.02011094 0.05525402 0.070723
v -0.02949995 0.05109603 0.069609
v -0.02939995 0.05092203 0.069563
v -0.03792395 0.04519704 0.068028
v -0.03779595 0.04504304 0.067987
v -0.04519696 0.03792405 0.06608
v -0.04504296 0.03779605 0.066045
v -0.05109597 0.02950005 0.063823
v -0.05092197 0.02940005 0.063796
v -0.05544198 0.02017906 0.061325
v -0.05525398 0.02011106 0.061307
v -0.05810399 0.01024506 0.058663
v -0.05790699 0.01021106 0.058654
v -0.059 6E-08 0.055918
v -0.0588 6E-08 0.055918
v -0.05790701 -0.01021094 0.053182
v -0.05810401 -0.01024494 0.053173
v -0.05525402 -0.02011094 0.050529
v -0.05544202 -0.02017894 0.050511
v -0.05092203 -0.02939995 0.04804
v -0.05109603 -0.02949995 0.048014
v -0.04504304 -0.03779595 0.045791
v -0.04519704 -0.03792395 0.045756
v -0.03779605 -0.04504296 0.043849
v -0.03792405 -0.04519696 0.043808
v -0.02940005 -0.05092197 0.042274
v -0.02950005 -0.05109597 0.042227
v -0.02011106 -0.05525398 0.041113
v -0.02017906 -0.05544198 0.041062
v -0.01021106 -0.05790699 0.040402
v -0.01024506 -0.05810399 -0.0633
v -0.01021106 -0.05790699 -0.0633
v -6E-08 -0.059 -0.0633
v -6E-08 -0.0588 -0.0633
v 0.01024494 -0.05810401 -0.0633
v 0.01021094 -0.05790701 -0.0633
v 0.02011094 -0.05525402 -0.0633
v -0.02011106 -0.05525398 -0.0633
v -0.02017906 -0.05544198 -0.0633
v -0.02940005 -0.05092197 -0.0633
v -0.02950005 -0.05109597 -0.0633
v -0.03779605 -0.04504296 -0.0633
v -0.03792405 -0.04519696 -0.0633
v -0.04504304 -0.03779595 -0.0633
v -0.04519704 -0.03792395 -0.0633
v -0.05092203 -0.02939995 -0.0633
v -0.05109603 -0.02949995 -0.0633
v -0.05525402 -0.02011094 -0.0633
v -0.05544202 -0.02017894 -0.0633
v -0.05790701 -0.01021094 -0.0633
v -0.05810401 -0.01024494 -0.0633
v -0.0588 6E-08 -0.0633
v -0.059 6E-08 -0.0633
v -0.05810399 0.01024506 -0.0633
v -0.05790699 0.01021106 -0.0633
v -0.05544198 0.02017906 -0.0633
v -0.05525398 0.02011106 -0.0633
v -0.05109597 0.02950005 -0.0633
v -0.05092197 0.02940005 -0.0633
v -0.04519696 0.03792405 -0.0633
v -0.04504296 0.03779605 -0.0633
v -0.03792395 0.04519704 -0.0633
v -0.03779595 0.04504304 -0.0633
v -0.02949995 0.05109603 -0.0633
v -0.02939995 0.05092203 -0.0633
v -0.02017894 0.05544202 -0.0633
v -0.02011094 0.05525402 -0.0633
v -0.01024494 0.05810401 -0.0633
v -0.01021094 0.05790701 -0.0633
v 6E-08 0.059 -0.0633
v 6E-08 0.0588 -0.0633
v 0.01021106 0.05790699 -0.0633
v 0.01024506 0.05810399 -0.0633
v 0.02011106 0.05525398 -0.0633
v 0.02017906 0.05544198 -0.0633
v 0.02940005 0.05092197 -0.0633
v 0.02950005 0.05109597 -0.0633
v 0.03779605 0.04504296 -0.0633
v 0.03792405 0.04519696 -0.0633
v 0.04504304 0.03779595 -0.0633
v 0.04519704 0.03792395 -0.0633
v 0.05092203 0.02939995 -0.0633
v 0.05109603 0.02949995 -0.0633
v 0.05525402 0.02011094 -0.0633
v 0.05544202 0.02017894 -0.0633
v 0.05790701 0.01021094 -0.0633
v 0.05810401 0.01024494 -0.0633
v 0.0588 -6E-08 -0.0633
v 0.059 -6E-08 -0.0633
v 0.05810399 -0.01024506 -0.0633
v 0.05790699 -0.01021106 -0.0633
v 0.05544198 -0.02017906 -0.0633
v 0.05525398 -0.02011106 -0.0633
v 0.05109597 -0.02950005 -0.0633
v 0.05092197 -0.02940005 -0.0633
v 0.04519696 -0.03792405 -0.0633
v 0.04504296 -0.03779605 -0.0633
v 0.03792395 -0.04519704 -0.0633
v 0.03779595 -0.04504304 -0.0633
v 0.02949995 -0.05109603 -0.0633
v 0.02939995 -0.05092203 -0.0633
v 0.02017894 -0.05544202 -0.0633
vn 0 30.9017 95.10565
vn 0 0 100
vn 8.42334 34.20202 93.59097
vn 17.36482 0 98.48077
vn 24.99929 34.20202 90.58288
vn 34.20202 0 93.96926
vn 40.77174 34.20202 84.66338
vn 50 0 86.60254
vn 55.23375 34.20202 76.02273
vn 64.27876 0 76.60445
vn 67.9205 34.20202 64.93864
vn 76.60445 0 64.27876
vn 78.42423 34.20202 51.76738
vn 86.60254 0 50
vn 86.40735 34.20202 36.93227
vn 93.96926 0 34.20202
vn 91.61326 34.20202 20.91013
vn 98.48077 0 17.36482
vn 93.87464 34.20202 4.21592
vn 100 0 0
vn 93.11882 34.20202 -12.6138
vn 98.48077 0 -17.36482
vn 89.37008 34.20202 -29.0381
vn 93.96926 0 -34.20202
vn 82.74891 34.20202 -44.52909
vn 86.60254 0 -50
vn 73.46812 34.20202 -58.58888
vn 76.60445 0 -64.27876
vn 61.82602 34.20202 -70.76557
vn 64.27876 0 -76.60445
vn 48.19677 34.20202 -80.6678
vn 50 0 -86.60254
vn 33.01843 34.20202 -87.9773
vn 34.20202 0 -93.96926
vn 16.77886 34.20202 -92.45914
vn 17.36482 0 -98.48077
vn 0 30.9017 -95.10565
vn 0 0 -100
vn 0 58.77853 -80.9017
vn 13.67825 64.27876 -75.37338
vn 26.91687 64.27876 -71.71975
vn 39.29036 64.27876 -65.76099
vn 50.40103 64.27876 -57.68862
vn 59.89177 64.27876 -47.76209
vn 67.45753 64.27876 -36.30045
vn 72.85516 64.27876 -23.67208
vn 75.91116 64.27876 -10.28286
vn 76.52731 64.27876 3.43684
vn 74.68381 64.27876 17.04609
vn 70.43991 64.27876 30.10746
vn 63.93202 64.27876 42.20116
vn 55.3693 64.27876 52.93847
vn 45.02696 64.27876 61.9743
vn 33.23742 64.27876 69.01822
vn 20.3796 64.27876 73.84384
vn 6.86677 64.27876 76.29606
vn 0 58.77853 80.9017
vn 0 80.9017 58.77853
vn 4.48197 86.60254 49.79871
vn 0 95.10565 30.9017
vn 1.55657 98.48077 17.29491
vn 0 100 0
vn 4.61968 98.48077 16.73904
vn 7.53431 98.48077 15.64516
vn 10.20678 98.48077 14.04843
vn 12.5512 98.48077 12.00018
vn 14.49221 98.48077 9.56623
vn 15.96743 98.48077 6.82481
vn 16.92945 98.48077 3.86404
vn 17.34733 98.48077 0.77907
vn 17.20766 98.48077 -2.33094
vn 16.51492 98.48077 -5.36602
vn 15.29138 98.48077 -8.22864
vn 13.57636 98.48077 -10.82679
vn 11.42499 98.48077 -13.07695
vn 8.9064 98.48077 -14.90681
vn 6.10156 98.48077 -16.25755
vn 3.10061 98.48077 -17.08576
vn 0 95.10565 -30.9017
vn 8.92784 86.60254 -49.19648
vn 0 80.9017 -58.77853
vn 13.30184 86.60254 48.19814
vn 21.69419 86.60254 45.04844
vn 29.38926 86.60254 40.45085
vn 36.13974 86.60254 34.55313
vn 41.72866 86.60254 27.54485
vn 45.97639 86.60254 19.65125
vn 48.7464 86.60254 11.12605
vn 49.94965 86.60254 2.24324
vn 49.54749 86.60254 -6.71166
vn 47.55283 86.60254 -15.45085
vn 44.02978 86.60254 -23.69343
vn 39.09158 86.60254 -31.17449
vn 32.89694 86.60254 -37.65357
vn 25.64496 86.60254 -42.92244
vn 17.56874 86.60254 -46.81174
vn -17.36482 0 -98.48077
vn -34.20202 0 -93.96926
vn -50 0 -86.60254
vn -64.27876 0 -76.60445
vn -76.60445 0 -64.27876
vn -86.60254 0 -50
vn -93.96926 0 -34.20202
vn -98.48077 0 -17.36482
vn -100 0 -0
vn -98.48077 0 17.36482
vn -93.96926 0 34.20202
vn -86.60254 0 50
vn -76.60445 0 64.27876
vn -64.27876 0 76.60445
vn -50 0 86.60254
vn -34.20202 0 93.96926
vn -17.36482 0 98.48077
vn 0 -100 0
vn -3.10061 98.48077 -17.08576
vn -8.92784 86.60254 -49.19648
vn -13.67825 64.27876 -75.37338
vn -16.77886 34.20202 -92.45914
vn -33.01843 34.20202 -87.9773
vn -26.91687 64.27876 -71.71975
vn -39.29036 64.27876 -65.76099
vn -25.64496 86.60254 -42.92244
vn -32.89694 86.60254 -37.65357
vn -11.42499 98.48077 -13.07695
vn -13.57636 98.48077 -10.82679
vn -15.29138 98.48077 -8.22864
vn -16.51492 98.48077 -5.36602
vn -17.20766 98.48077 -2.33094
vn -17.34733 98.48077 0.77907
vn -16.92945 98.48077 3.86404
vn -15.96743 98.48077 6.82481
vn -14.49221 98.48077 9.56623
vn -12.5512 98.48077 12.00018
vn -10.20678 98.48077 14.04843
vn -7.53431 98.48077 15.64516
vn -4.61968 98.48077 16.73904
vn -1.55657 98.48077 17.29491
vn -4.48197 86.60254 49.79871
vn -6.86677 64.27876 76.29606
vn -8.42334 34.20202 93.59097
vn -24.99929 34.20202 90.58288
vn -40.77174 34.20202 84.66338
vn -55.23375 34.20202 76.02273
vn -67.9205 34.20202 64.93864
vn -78.42423 34.20202 51.76738
vn -86.40735 34.20202 36.93227
vn -91.61326 34.20202 20.91013
vn -93.87464 34.20202 4.21592
vn -93.11882 34.20202 -12.6138
vn -89.37008 34.20202 -29.0381
vn -82.74891 34.20202 -44.52909
vn -73.46812 34.20202 -58.58888
vn -61.82602 34.20202 -70.76557
vn -48.19677 34.20202 -80.6678
vn -8.9064 98.48077 -14.90681
vn -17.56874 86.60254 -46.81174
vn -6.10156 98.48077 -16.25755
vn -50.40103 64.27876 -57.68862
vn -39.09158 86.60254 -31.17449
vn -59.89177 64.27876 -47.76209
vn -44.02978 86.60254 -23.69343
vn -67.45753 64.27876 -36.30045
vn -47.55283 86.60254 -15.45085
vn -72.85516 64.27876 -23.67208
vn -49.54749 86.60254 -6.71166
vn -75.91116 64.27876 -10.28286
vn -49.94965 86.60254 2.24324
vn -76.52731 64.27876 3.43684
vn -48.7464 86.60254 11.12605
vn -74.68381 64.27876 17.04609
vn -45.97639 86.60254 19.65125
vn -70.43991 64.27876 30.10746
vn -41.72866 86.60254 27.54485
vn -63.93202 64.27876 42.20116
vn -36.13974 86.60254 34.55313
vn -55.3693 64.27876 52.93847
vn -29.38926 86.60254 40.45085
vn -45.02696 64.27876 61.9743
vn -21.69419 86.60254 45.04844
vn -33.23742 64.27876 69.01822
vn -13.30184 86.60254 48.19814
vn -20.3796 64.27876 73.84384
vn -98.48077 17.36482 0
vn -93.96926 34.20202 0
vn -86.60254 50 0
vn -76.60445 64.27876 0
vn -64.27876 76.60445 0
vn -50 86.60254 0
vn -34.20202 93.96926 0
vn -17.36482 98.48077 0
vn 17.36482 98.48077 0
vn 34.20202 93.96926 0
vn 50 86.60254 0
vn 64.27876 76.60445 0
vn 76.60445 64.27876 0
vn 86.60254 50 0
vn 93.96926 34.20202 0
vn 98.48077 17.36482 0
vn -99.51847 9.80171 0
vn -98.07853 19.50903 0
vn -95.69403 29.02847 0
vn -92.38796 38.26834 0
vn -88.19212 47.13968 0
vn -83.14696 55.55702 0
vn -77.30105 63.43933 0
vn -70.71068 70.71068 0
vn -63.43933 77.30105 0
vn -55.55702 83.14696 0
vn -47.13968 88.19212 0
vn -38.26834 92.38796 0
vn -29.02847 95.69403 0
vn -19.50903 98.07853 0
vn -9.80171 99.51847 0
vn 9.80171 99.51847 0
vn 19.50903 98.07853 0
vn 29.02847 95.69403 0
vn 38.26834 92.38796 0
vn 47.13968 88.19212 0
vn 55.55702 83.14696 0
vn 63.43933 77.30105 0
vn 70.71068 70.71068 0
vn 77.30105 63.43933 0
vn 83.14696 55.55702 0
vn 88.19212 47.13968 0
vn 92.38796 38.26834 0
vn 95.69403 29.02847 0
vn 98.07853 19.50903 0
vn 99.51847 9.80171 0
vn 99.51847 0 9.80171
vn 98.07853 0 19.50903
vn 95.69403 0 29.02847
vn 92.38796 0 38.26834
vn 88.19212 0 47.13968
vn 83.14696 0 55.55702
vn 77.30105 0 63.43933
vn 70.71068 0 70.71068
vn 63.43933 0 77.30105
vn 55.55702 0 83.14696
vn 47.13968 0 88.19212
vn 38.26834 0 92.38796
vn 29.02847 0 95.69403
vn 19.50903 0 98.07853
vn 9.80171 0 99.51847
vn -9.80171 0 99.51847
vn -19.50903 0 98.07853
vn -29.02847 0 95.69403
vn -38.26834 0 92.38796
vn -47.13968 0 88.19212
vn -55.55702 0 83.14696
vn -63.43933 0 77.30105
vn -70.71068 0 70.71068
vn -77.30105 0 63.43933
vn -83.14696 0 55.55702
vn -88.19212 0 47.13968
vn -92.38796 0 38.26834
vn -95.69403 0 29.02847
vn -98.07853 0 19.50903
vn -99.51847 0 9.80171
vn 99.51847 -9.80171 0
vn 98.48077 -17.36482 0
vn 98.07853 -19.50903 0
vn 95.69403 -29.02847 0
vn 93.96926 -34.20202 0
vn 92.38796 -38.26834 0
vn 86.60254 -50 0
vn 88.19212 -47.13968 0
vn 83.14696 -55.55702 0
vn 76.60445 -64.27876 0
vn 77.30105 -63.43933 0
vn 70.71068 -70.71068 0
vn 64.27876 -76.60445 0
vn 63.43933 -77.30105 0
vn 55.55702 -83.14696 0
vn 50 -86.60254 0
vn 47.13968 -88.19212 0
vn 38.26834 -92.38796 0
vn 34.20202 -93.96926 0
vn 29.02847 -95.69403 0
vn 17.36482 -98.48077 0
vn 19.50903 -98.07853 0
vn 9.80171 -99.51847 0
vn -9.80171 -99.51847 0
vn -17.36482 -98.48077 0
vn -19.50903 -98.07853 0
vn -29.02847 -95.69403 0
vn -34.20202 -93.96926 0
vn -38.26834 -92.38796 0
vn -50 -86.60254 0
vn -47.13968 -88.19212 0
vn -55.55702 -83.14696 0
vn -64.27876 -76.60445 0
vn -63.43933 -77.30105 0
vn -70.71068 -70.71068 0
vn -76.60445 -64.27876 0
vn -77.30105 -63.43933 0
vn -83.14696 -55.55702 0
vn -86.60254 -50 0
vn -88.19212 -47.13968 0
vn -93.96926 -34.20202 0
vn -92.38796 -38.26834 0
vn -95.69403 -29.02847 0
vn -98.48077 -17.36482 0
vn -98.07853 -19.50903 0
vn -99.51847 -9.80171 0
vn 0 96.59258 -25.8819
vt -0.15708 0
vt -0 0
vt -0.17453 0.51464
vt -0 1.00069
vt -0.17453 1.54393
vt -0 2.00139
vt -0.17453 2.57321
vt -0 3.00208
vt -0.17453 3.6025
vt -0 4.00278
vt -0.17453 4.63178
vt -0 5.00347
vt -0.17453 5.66107
vt -0 6.00416
vt -0.17453 6.69035
vt -0 7.00486
vt -0.17453 7.71964
vt -0 8.00555
vt -0.17453 8.74892
vt -0 9.00624
vt -0.17453 9.77821
vt -0 10.00694
vt -0.17453 10.80749
vt -0 11.00763
vt -0.17453 11.83678
vt -0 12.00833
vt -0.17453 12.86606
vt -0 13.00902
vt -0.17453 13.89535
vt -0 14.00971
vt -0.17453 14.92463
vt -0 15.01041
vt -0.17453 15.95392
vt -0 16.0111
vt -0.17453 16.9832
vt -0 17.0118
vt -0.15708 18.01249
vt -0 18.01249
vt -0.31416 18.01249
vt -0.34907 16.9832
vt -0.34907 15.95392
vt -0.34907 14.92463
vt -0.34907 13.89535
vt -0.34907 12.86606
vt -0.34907 11.83678
vt -0.34907 10.80749
vt -0.34907 9.77821
vt -0.34907 8.74892
vt -0.34907 7.71964
vt -0.34907 6.69035
vt -0.34907 5.66107
vt -0.34907 4.63178
vt -0.34907 3.6025
vt -0.34907 2.57321
vt -0.34907 1.54393
vt -0.34907 0.51464
vt -0.31416 0
vt -0.47124 0
vt -0.5236 0.51464
vt -0.62832 0
vt -0.69813 0.51464
vt -0.7854 0
vt -0.7854 1.05956
vt -0.69813 1.54393
vt -0.7854 2.11912
vt -0.69813 2.57321
vt -0.7854 3.17867
vt -0.69813 3.6025
vt -0.7854 4.23823
vt -0.69813 4.63178
vt -0.7854 5.29779
vt -0.69813 5.66107
vt -0.7854 6.35735
vt -0.69813 6.69035
vt -0.7854 7.41691
vt -0.69813 7.71964
vt -0.7854 8.47646
vt -0.69813 8.74892
vt -0.7854 9.53602
vt -0.69813 9.77821
vt -0.7854 10.59558
vt -0.69813 10.80749
vt -0.7854 11.65514
vt -0.69813 11.83678
vt -0.7854 12.7147
vt -0.69813 12.86606
vt -0.7854 13.77426
vt -0.69813 13.89535
vt -0.7854 14.83382
vt -0.69813 14.92463
vt -0.7854 15.89337
vt -0.69813 15.95392
vt -0.7854 16.95293
vt -0.69813 16.9832
vt -0.7854 18.01249
vt -0.62832 18.01249
vt -0.5236 16.9832
vt -0.47124 18.01249
vt -0.5236 1.54393
vt -0.5236 2.57321
vt -0.5236 3.6025
vt -0.5236 4.63178
vt -0.5236 5.66107
vt -0.5236 6.69035
vt -0.5236 7.71964
vt -0.5236 8.74892
vt -0.5236 9.77821
vt -0.5236 10.80749
vt -0.5236 11.83678
vt -0.5236 12.86606
vt -0.5236 13.89535
vt -0.5236 14.92463
vt -0.5236 15.95392
vt -0 0.97738
vt -0.72 0
vt -0.72 0.97738
vt -0 1.95477
vt -0.72 1.95477
vt -0 2.93215
vt -0.72 2.93215
vt -0 3.90954
vt -0.72 3.90954
vt -0 4.88692
vt -0.72 4.88692
vt -0 5.86431
vt -0.72 5.86431
vt -0 6.84169
vt -0.72 6.84169
vt -0 7.81908
vt -0.72 7.81908
vt -0 8.79646
vt -0.72 8.79646
vt -0 9.77384
vt -0.72 9.77384
vt -0 10.75123
vt -0.72 10.75123
vt -0 11.72861
vt -0.72 11.72861
vt -0 12.706
vt -0.72 12.706
vt -0 13.68338
vt -0.72 13.68338
vt -0 14.66077
vt -0.72 14.66077
vt -0 15.63815
vt -0.72 15.63815
vt -0 16.61553
vt -0.72 16.61553
vt -0.72 17.59292
vt -0 17.59292
vt -0 1.02625
vt -0.8 0
vt -0.8 1.02625
vt -0 2.05251
vt -0.8 2.05251
vt -0 3.07876
vt -0.8 3.07876
vt -0 4.10501
vt -0.8 4.10501
vt -0 5.13127
vt -0.8 5.13127
vt -0 6.15752
vt -0.8 6.15752
vt -0 7.18378
vt -0.8 7.18378
vt -0 8.21003
vt -0.8 8.21003
vt -0 9.23628
vt -0.8 9.23628
vt -0 10.26254
vt -0.8 10.26254
vt -0 11.28879
vt -0.8 11.28879
vt -0 12.31504
vt -0.8 12.31504
vt -0 13.3413
vt -0.8 13.3413
vt -0 14.36755
vt -0.8 14.36755
vt -0 15.3938
vt -0.8 15.3938
vt -0 16.42006
vt -0.8 16.42006
vt -0 17.44631
vt -0.8 17.44631
vt -0.8 18.47256
vt -0 18.47256
vt -19.84764 0
vt -19.33499 0
vt -19.84764 1.02625
vt -19.31105 1.02625
vt -19.84764 2.05251
vt -19.23997 2.05251
vt -19.84764 3.07876
vt -19.1239 3.07876
vt -19.84764 4.10501
vt -18.96638 4.10501
vt -19.84764 5.13127
vt -18.77218 5.13127
vt -19.84764 6.15752
vt -18.54722 6.15752
vt -19.84764 7.18378
vt -18.29831 7.18378
vt -19.84764 8.21003
vt -18.03304 8.21003
vt -19.84764 9.23628
vt -17.75944 9.23628
vt -19.84764 10.26254
vt -17.48586 10.26254
vt -19.84764 11.28879
vt -17.22058 11.28879
vt -19.84764 12.31504
vt -16.97168 12.31504
vt -19.84764 13.3413
vt -16.74671 13.3413
vt -19.84764 14.36755
vt -16.55251 14.36755
vt -19.84764 15.3938
vt -16.39499 15.3938
vt -19.84764 16.42006
vt -16.27892 16.42006
vt -19.84764 17.44631
vt -16.20784 17.44631
vt -19.84764 18.47256
vt -16.1839 18.47256
vt -16.1839 -18.47256
vt -16.20784 -17.44631
vt -19.84764 -18.47256
vt -19.84764 -17.44631
vt -16.27892 -16.42006
vt -19.84764 -16.42006
vt -16.39499 -15.3938
vt -19.84764 -15.3938
vt -16.55251 -14.36755
vt -19.84764 -14.36755
vt -16.74671 -13.3413
vt -19.84764 -13.3413
vt -16.97168 -12.31504
vt -19.84764 -12.31504
vt -17.22058 -11.28879
vt -19.84764 -11.28879
vt -17.48586 -10.26254
vt -19.84764 -10.26254
vt -17.75944 -9.23628
vt -19.84764 -9.23628
vt -18.03304 -8.21003
vt -19.84764 -8.21003
vt -18.29831 -7.18378
vt -19.84764 -7.18378
vt -18.54722 -6.15752
vt -19.84764 -6.15752
vt -18.77218 -5.13127
vt -19.84764 -5.13127
vt -18.96638 -4.10501
vt -19.84764 -4.10501
vt -19.1239 -3.07876
vt -19.84764 -3.07876
vt -19.23997 -2.05251
vt -19.84764 -2.05251
vt -19.31105 -1.02625
vt -19.84764 -1.02625
vt 0 -5.38
vt 0.98857 -5.2884
vt -0.98857 -5.2884
vt -1.94348 -5.0167
vt 1.94348 -5.0167
vt -2.8322 -4.57417
vt 2.8322 -4.57417
vt -3.62448 -3.97587
vt 3.62448 -3.97587
vt -4.29333 -3.24217
vt -4.81598 -2.39807
vt -5.17462 -1.47231
vt -5.35705 -0.4964
vt -5.35705 0.4964
vt -5.17462 1.47231
vt -4.81598 2.39807
vt -4.29333 3.24217
vt -3.62448 3.97587
vt -2.8322 4.57417
vt 4.29333 -3.24217
vt -1.94348 5.0167
vt -0.98857 5.2884
vt 0 5.38
vt 0.98857 5.2884
vt 1.94348 5.0167
vt 2.8322 4.57417
vt 3.62448 3.97587
vt 4.29333 3.24217
vt 4.81598 -2.39807
vt 4.81598 2.39807
vt 5.17462 -1.47231
vt 5.17462 1.47231
vt 5.35705 -0.4964
vt 5.35705 0.4964
vt -0.8 -18.47256
vt -0 -18.47256
vt -0.8 -17.44631
vt -0 -17.44631
vt -0 -16.42006
vt -0.8 -16.42006
vt -0 -15.3938
vt -0.8 -15.3938
vt -0 -14.36755
vt -0.8 -14.36755
vt -0 -13.3413
vt -0.8 -13.3413
vt -0 -12.31504
vt -0.8 -12.31504
vt -0 -11.28879
vt -0.8 -11.28879
vt -0 -10.26254
vt -0.8 -10.26254
vt 0 -9.23628
vt -0.8 -9.23628
vt 0 -8.21003
vt -0.8 -8.21003
vt 0 -7.18378
vt -0.8 -7.18378
vt -0 -6.15752
vt -0.8 -6.15752
vt 0 -5.13127
vt -0.8 -5.13127
vt -0 -4.10501
vt -0.8 -4.10501
vt 0 -3.07876
vt -0.8 -3.07876
vt 0 -2.05251
vt -0.8 -2.05251
vt 0 -1.02625
vt -0.8 -1.02625
vt -0 5.6
vt -0.97243 5.51492
vt 0.97243 5.51492
vt 1.91531 5.26228
vt -1.91531 5.26228
vt 2.8 4.84974
vt -2.8 4.84974
vt 3.59961 4.28985
vt -3.59961 4.28985
vt 4.28985 3.59961
vt -4.28985 3.59961
vt 4.84974 2.8
vt -4.84974 2.8
vt 5.26228 1.91531
vt -5.26228 1.91531
vt 5.51492 0.97243
vt -5.51492 0.97243
vt 5.6 0
vt -5.6 0
vt 5.51492 -0.97243
vt -5.51492 -0.97243
vt 5.26228 -1.91531
vt -5.26228 -1.91531
vt 4.84974 -2.8
vt -4.84974 -2.8
vt 4.28985 -3.59961
vt -4.28985 -3.59961
vt 3.59961 -4.28985
vt -3.59961 -4.28985
vt 2.8 -4.84974
vt -2.8 -4.84974
vt 1.91531 -5.26228
vt -1.91531 -5.26228
vt 0.97243 -5.51492
vt -0.97243 -5.51492
vt -0 -5.6
vt -0.72 -17.59292
vt -0 -17.59292
vt -0.72 -16.61553
vt -0 -16.61553
vt -0 -15.63815
vt -0.72 -15.63815
vt -0 -14.66077
vt -0.72 -14.66077
vt -0 -13.68338
vt -0.72 -13.68338
vt -0 -12.706
vt -0.72 -12.706
vt -0 -11.72861
vt -0.72 -11.72861
vt -0 -10.75123
vt -0.72 -10.75123
vt -0 -9.77384
vt -0.72 -9.77384
vt 0 -8.79646
vt -0.72 -8.79646
vt 0 -7.81908
vt -0.72 -7.81908
vt 0 -6.84169
vt -0.72 -6.84169
vt 0 -5.86431
vt -0.72 -5.86431
vt 0 -4.88692
vt -0.72 -4.88692
vt 0 -3.90954
vt -0.72 -3.90954
vt 0 -2.93215
vt -0.72 -2.93215
vt 0 -1.95477
vt -0.72 -1.95477
vt 0 -0.97738
vt -0.72 -0.97738
vt 6.29067 1.02105
vt 6.01492 0.97243
vt 6.38 0
vt 6.1 0
vt 6.29067 -1.02105
vt 6.01492 -0.97243
vt 5.76228 -1.91531
vt 5.76228 1.91531
vt 6.02539 2.01108
vt 5.34974 2.8
vt 5.59223 2.94
vt 4.78985 3.59961
vt 5.00434 3.77959
vt 4.09961 4.28985
vt 4.27959 4.50434
vt 3.3 4.84974
vt 3.44 5.09223
vt 2.41531 5.26228
vt 2.51108 5.52539
vt 1.47243 5.51492
vt 1.52105 5.79067
vt 0.5 5.6
vt 0.5 5.88
vt -0.52105 5.79067
vt -0.47243 5.51492
vt -1.51108 5.52539
vt -1.41531 5.26228
vt -2.44 5.09223
vt -2.3 4.84974
vt -3.27959 4.50434
vt -3.09961 4.28985
vt -4.00434 3.77959
vt -3.78985 3.59961
vt -4.59223 2.94
vt -4.34974 2.8
vt -5.02539 2.01108
vt -4.76228 1.91531
vt -5.29067 1.02105
vt -5.01492 0.97243
vt -5.38 0
vt -5.1 0
vt -5.01492 -0.97243
vt -5.29067 -1.02105
vt -4.76228 -1.91531
vt -5.02539 -2.01108
vt -4.34974 -2.8
vt -4.59223 -2.94
vt -3.78985 -3.59961
vt -4.00434 -3.77959
vt -3.09961 -4.28985
vt -3.27959 -4.50434
vt -2.3 -4.84974
vt -2.44 -5.09223
vt -1.41531 -5.26228
vt -1.51108 -5.52539
vt -0.47243 -5.51492
vt -0.52105 -5.79067
vt 0.5 -5.6
vt 0.5 -5.88
vt 1.52105 -5.79067
vt 1.47243 -5.51492
vt 2.51108 -5.52539
vt 2.41531 -5.26228
vt 3.44 -5.09223
vt 3.3 -4.84974
vt 4.27959 -4.50434
vt 4.09961 -4.28985
vt 5.00434 -3.77959
vt 4.78985 -3.59961
vt 5.59223 -2.94
vt 5.34974 -2.8
vt 6.02539 -2.01108
vt -0.7854 -16.95293
vt -0.7854 -18.01249
vt -0.69813 -16.9832
vt -0.62832 -18.01249
vt -0.5236 -16.9832
vt -0.47124 -18.01249
vt -0.34907 -16.9832
vt -0.31416 -18.01249
vt -0.17453 -16.9832
vt -0.15708 -18.01249
vt -0 -17.0118
vt -0 -18.01249
vt -0 -16.0111
vt -0.17453 -15.95392
vt -0.34907 -15.95392
vt -0.34907 -14.92463
vt -0.5236 -14.92463
vt -0.5236 -13.89535
vt -0.69813 -13.89535
vt -0.69813 -12.86606
vt -0.7854 -13.77426
vt -0.7854 -12.7147
vt -0.69813 -11.83678
vt -0.7854 -11.65514
vt -0.69813 -10.80749
vt -0.7854 -10.59558
vt -0.69813 -9.77821
vt -0.7854 -9.53602
vt -0.69813 -8.74892
vt -0.7854 -8.47646
vt -0.69813 -7.71964
vt -0.7854 -7.41691
vt -0.69813 -6.69035
vt -0.7854 -6.35735
vt -0.69813 -5.66107
vt -0.7854 -5.29779
vt -0.69813 -4.63178
vt -0.7854 -4.23823
vt -0.69813 -3.6025
vt -0.7854 -3.17867
vt -0.69813 -2.57321
vt -0.7854 -2.11912
vt -0.69813 -1.54393
vt -0.7854 -1.05956
vt -0.69813 -0.51464
vt -0.5236 -0.51464
vt -0.34907 -0.51464
vt -0.17453 -0.51464
vt -0 -1.00069
vt -0.17453 -1.54393
vt -0 -2.00139
vt -0.17453 -2.57321
vt -0 -3.00208
vt -0.17453 -3.6025
vt -0 -4.00278
vt -0.17453 -4.63178
vt -0 -5.00347
vt -0.17453 -5.66107
vt -0 -6.00416
vt -0.17453 -6.69035
vt -0 -7.00486
vt -0.17453 -7.71964
vt -0 -8.00555
vt -0.17453 -8.74892
vt -0 -9.00624
vt -0.17453 -9.77821
vt -0 -10.00694
vt -0.17453 -10.80749
vt -0 -11.00763
vt -0.17453 -11.83678
vt -0 -12.00833
vt -0.17453 -12.86606
vt -0 -13.00902
vt -0.17453 -13.89535
vt -0 -14.00971
vt -0.17453 -14.92463
vt -0 -15.01041
vt -0.7854 -14.83382
vt -0.69813 -14.92463
vt -0.5236 -15.95392
vt -0.7854 -15.89337
vt -0.69813 -15.95392
vt -0.34907 -13.89535
vt -0.5236 -12.86606
vt -0.34907 -12.86606
vt -0.5236 -11.83678
vt -0.34907 -11.83678
vt -0.5236 -10.80749
vt -0.34907 -10.80749
vt -0.5236 -9.77821
vt -0.34907 -9.77821
vt -0.5236 -8.74892
vt -0.34907 -8.74892
vt -0.5236 -7.71964
vt -0.34907 -7.71964
vt -0.5236 -6.69035
vt -0.34907 -6.69035
vt -0.5236 -5.66107
vt -0.34907 -5.66107
vt -0.5236 -4.63178
vt -0.34907 -4.63178
vt -0.5236 -3.6025
vt -0.34907 -3.6025
vt -0.5236 -2.57321
vt -0.34907 -2.57321
vt -0.5236 -1.54393
vt -0.34907 -1.54393
vt 22.03919 0
vt 22.03919 -0.97738
vt 22.73919 0
vt 22.73919 -0.97738
vt 22.03919 -1.95477
vt 22.73919 -1.95477
vt 22.03919 -2.93215
vt 22.73919 -2.93215
vt 22.03919 -3.90954
vt 22.73919 -3.90954
vt 22.03919 -4.88692
vt 22.73919 -4.88692
vt 22.03919 -5.86431
vt 22.73919 -5.86431
vt 22.03919 -6.84169
vt 22.73919 -6.84169
vt 22.03919 -7.81908
vt 22.73919 -7.81908
vt 22.03919 -8.79646
vt 22.73919 -8.79646
vt 22.03919 -9.77384
vt 22.73919 -9.77384
vt 22.03919 -10.75123
vt 22.73919 -10.75123
vt 22.03919 -11.72861
vt 22.73919 -11.72861
vt 22.03919 -12.706
vt 22.73919 -12.706
vt 22.03919 -13.68338
vt 22.73919 -13.68338
vt 22.03919 -14.66077
vt 22.73919 -14.66077
vt 22.03919 -15.63815
vt 22.73919 -15.63815
vt 22.03919 -16.61553
vt 22.73919 -16.61553
vt 22.73919 -17.59292
vt 22.03919 -17.59292
vt -6.9 0
vt -6.3217 0.57923
vt -0 1.02974
vt -5.74897 1.15846
vt -5.18732 1.73769
vt -0 2.05949
vt -4.64217 2.31692
vt -0 3.08923
vt -4.11876 2.89616
vt -3.62214 3.47539
vt -0 4.11898
vt -3.15708 4.05462
vt -2.72807 4.63385
vt -0 5.14872
vt -2.33924 5.21308
vt -1.99433 5.79231
vt -0 6.17846
vt -1.69666 6.37154
vt -1.44911 6.95077
vt -0 7.20821
vt -1.25405 7.53
vt -0 8.23795
vt -1.11337 8.10924
vt -1.02841 8.68847
vt -0 9.2677
vt -1 9.2677
vt -1.02841 9.84693
vt -0 10.29744
vt -1.11337 10.42616
vt -1.25405 11.00539
vt -0 11.32719
vt -1.44911 11.58462
vt -0 12.35693
vt -1.69666 12.16385
vt -1.99433 12.74308
vt -0 13.38668
vt -2.33924 13.32232
vt -2.72807 13.90155
vt -0 14.41642
vt -3.15708 14.48078
vt -3.62214 15.06001
vt -0 15.44616
vt -4.11876 15.63924
vt -4.64217 16.21847
vt -0 16.47591
vt -5.18732 16.7977
vt -0 17.50565
vt -5.74897 17.37693
vt -6.3217 17.95616
vt -0 18.5354
vt -6.9 18.5354
vt -14.51 0
vt -4.16909 0
vt -14.51 1.02974
vt -4.14507 1.02974
vt -14.51 2.05949
vt -4.07375 2.05949
vt -14.51 3.08923
vt -3.95729 3.08923
vt -14.51 4.11898
vt -3.79923 4.11898
vt -14.51 5.14872
vt -3.60437 5.14872
vt -14.51 6.17846
vt -3.37864 6.17846
vt -14.51 7.20821
vt -3.12889 7.20821
vt -14.51 8.23795
vt -2.86271 8.23795
vt -8.18 9.2677
vt -2.58819 9.2677
vt -7.6017 9.84693
vt -2.31367 10.29744
vt -7.02897 10.42616
vt -6.46732 11.00539
vt -2.04749 11.32719
vt -5.92217 11.58462
vt -5.39876 12.16385
vt -1.79774 12.35693
vt -4.90214 12.74308
vt -1.57201 13.38668
vt -4.43708 13.32232
vt -4.00807 13.90155
vt -1.37715 14.41642
vt -3.61924 14.48078
vt -3.27433 15.06001
vt -1.21909 15.44616
vt -2.97666 15.63924
vt -2.72911 16.21847
vt -1.10263 16.47591
vt -2.53405 16.7977
vt -1.03131 17.50565
vt -2.39337 17.37693
vt -2.30841 17.95616
vt -1.00729 18.5354
vt -2.28 18.5354
vt -14.51 9.2677
vt -8.7583 9.84693
vt -14.51 10.29744
vt -9.33103 10.42616
vt -9.89268 11.00539
vt -14.51 11.32719
vt -10.43783 11.58462
vt -10.96124 12.16385
vt -14.51 12.35693
vt -11.45786 12.74308
vt -14.51 13.38668
vt -11.92292 13.32232
vt -12.35193 13.90155
vt -14.51 14.41642
vt -12.74076 14.48078
vt -13.08567 15.06001
vt -14.51 15.44616
vt -13.38334 15.63924
vt -13.63089 16.21847
vt -14.51 16.47591
vt -13.82595 16.7977
vt -14.51 17.50565
vt -13.96663 17.37693
vt -14.05159 17.95616
vt -14.08 18.5354
vt -14.51 18.5354
vt -2.28 -18.5354
vt -1.00729 -18.5354
vt -2.30841 -17.95616
vt -1.03131 -17.50565
vt -2.39337 -17.37693
vt -2.53405 -16.7977
vt -1.10263 -16.47591
vt -2.72911 -16.21847
vt -1.21909 -15.44616
vt -2.97666 -15.63924
vt -3.27433 -15.06001
vt -1.37715 -14.41642
vt -3.61924 -14.48078
vt -4.00807 -13.90155
vt -1.57201 -13.38668
vt -4.43708 -13.32232
vt -4.90214 -12.74308
vt -1.79774 -12.35693
vt -5.39876 -12.16385
vt -2.04749 -11.32719
vt -5.92217 -11.58462
vt -6.46732 -11.00539
vt -2.31367 -10.29744
vt -7.02897 -10.42616
vt -7.6017 -9.84693
vt -2.58819 -9.2677
vt -8.18 -9.2677
vt -2.86271 -8.23795
vt -14.51 -8.23795
vt -3.12889 -7.20821
vt -14.51 -7.20821
vt -3.37864 -6.17846
vt -14.51 -6.17846
vt -3.60437 -5.14872
vt -14.51 -5.14872
vt -3.79923 -4.11898
vt -14.51 -4.11898
vt -3.95729 -3.08923
vt -14.51 -3.08923
vt -4.07375 -2.05949
vt -14.51 -2.05949
vt -4.14507 -1.02974
vt -14.51 -1.02974
vt -14.51 -9.2677
vt -8.7583 -9.84693
vt -14.51 -10.29744
vt -9.33103 -10.42616
vt -9.89268 -11.00539
vt -14.51 -11.32719
vt -10.43783 -11.58462
vt -14.51 -12.35693
vt -10.96124 -12.16385
vt -11.45786 -12.74308
vt -14.51 -13.38668
vt -11.92292 -13.32232
vt -12.35193 -13.90155
vt -14.51 -14.41642
vt -12.74076 -14.48078
vt -13.08567 -15.06001
vt -14.51 -15.44616
vt -13.38334 -15.63924
vt -13.63089 -16.21847
vt -14.51 -16.47591
vt -13.82595 -16.7977
vt -14.51 -17.50565
vt -13.96663 -17.37693
vt -14.05159 -17.95616
vt -14.51 -18.5354
vt -14.08 -18.5354
vt -6.9 -18.5354
vt -0 -18.5354
vt -6.3217 -17.95616
vt -0 -17.50565
vt -5.74897 -17.37693
vt -5.18732 -16.7977
vt -0 -16.47591
vt -4.64217 -16.21847
vt -0 -15.44616
vt -4.11876 -15.63924
vt -3.62214 -15.06001
vt -0 -14.41642
vt -3.15708 -14.48078
vt -2.72807 -13.90155
vt -0 -13.38668
vt -2.33924 -13.32232
vt -1.99433 -12.74308
vt -0 -12.35693
vt -1.69666 -12.16385
vt -1.44911 -11.58462
vt -0 -11.32719
vt -1.25405 -11.00539
vt -0 -10.29744
vt -1.11337 -10.42616
vt -1.02841 -9.84693
vt -0 -9.2677
vt -1 -9.2677
vt -1.02841 -8.68847
vt 0 -8.23795
vt -1.11337 -8.10924
vt -1.25405 -7.53
vt 0 -7.20821
vt -1.44911 -6.95077
vt 0 -6.17846
vt -1.69666 -6.37154
vt -1.99433 -5.79231
vt 0 -5.14872
vt -2.33924 -5.21308
vt -2.72807 -4.63385
vt 0 -4.11898
vt -3.15708 -4.05462
vt -3.62214 -3.47539
vt 0 -3.08923
vt -4.11876 -2.89616
vt 0 -2.05949
vt -4.64217 -2.31692
vt -5.18732 -1.73769
vt 0 -1.02974
vt -5.74897 -1.15846
vt -6.3217 -0.57923
vt -5.81037 -1.02452
vt -5.9 0
vt -5.54419 -2.01792
vt -5.10955 -2.95
vt -4.51966 -3.79245
vt -3.79245 -4.51966
vt -2.95 -5.10955
vt -2.01792 -5.54419
vt -1.02452 -5.81037
vt 0 -5.9
vt 1.02452 -5.81037
vt 2.01792 -5.54419
vt 2.95 -5.10955
vt 3.79245 -4.51966
vt 4.51966 -3.79245
vt 5.10955 -2.95
vt 5.54419 -2.01792
vt 5.81037 -1.02452
vt 5.9 0
vt 5.81037 1.02452
vt 5.54419 2.01792
vt 5.10955 2.95
vt 4.51966 3.79245
vt 3.79245 4.51966
vt 2.95 5.10955
vt 2.01792 5.54419
vt 1.02452 5.81037
vt 0 5.9
vt -1.02452 5.81037
vt -2.01792 5.54419
vt -2.95 5.10955
vt -3.79245 4.51966
vt -4.51966 3.79245
vt -5.10955 2.95
vt -5.54419 2.01792
vt -5.81037 1.02452
vt 22.73919 17.59292
vt 22.03919 17.59292
vt 22.73919 16.61553
vt 22.03919 16.61553
vt 22.03919 15.63815
vt 22.73919 15.63815
vt 22.03919 14.66077
vt 22.73919 14.66077
vt 22.03919 13.68338
vt 22.73919 13.68338
vt 22.03919 12.706
vt 22.73919 12.706
vt 22.03919 11.72861
vt 22.73919 11.72861
vt 22.03919 10.75123
vt 22.73919 10.75123
vt 22.03919 9.77384
vt 22.73919 9.77384
vt 22.03919 8.79646
vt 22.73919 8.79646
vt 22.03919 7.81908
vt 22.73919 7.81908
vt 22.03919 6.84169
vt 22.73919 6.84169
vt 22.03919 5.86431
vt 22.73919 5.86431
vt 22.03919 4.88692
vt 22.73919 4.88692
vt 22.03919 3.90954
vt 22.73919 3.90954
vt 22.03919 2.93215
vt 22.73919 2.93215
vt 22.03919 1.95477
vt 22.73919 1.95477
vt 22.03919 0.97738
vt 22.73919 0.97738
vt -5.51492 8.82243
vt -5.6 7.85
vt 4.28985 4.25039
vt -5.51492 6.87757
vt -5.26228 5.93469
vt -4.84974 5.05
vt -4.28985 4.25039
vt 3.59961 3.56015
vt -3.59961 3.56015
vt 2.8 3.00026
vt -2.8 3.00026
vt 1.91531 2.58772
vt -1.91531 2.58772
vt 0.97243 2.33508
vt -0.97243 2.33508
vt 0 2.25
vt 4.84974 5.05
vt 4.28985 11.44961
vt 3.59961 12.13985
vt 2.8 12.69974
vt 4.84974 10.65
vt 5.26228 5.93469
vt 5.26228 9.76531
vt 5.51492 6.87757
vt 5.51492 8.82243
vt 5.6 7.85
vt 1.91531 13.11228
vt 0.97243 13.36492
vt 0 13.45
vt -0.97243 13.36492
vt -1.91531 13.11228
vt -2.8 12.69974
vt -3.59961 12.13985
vt -4.28985 11.44961
vt -4.84974 10.65
vt -5.26228 9.76531
vt -1.02452 -2.53634
vt -0 -2.62913
vt -0 -2.60843
vt 1.02452 -2.53634
vt 1.02105 -2.51595
vt 2.01792 -2.26077
vt 2.01108 -2.24131
vt 2.95 -1.8108
vt 2.94 -1.79287
vt 3.79245 -1.2001
vt 3.77959 -1.18424
vt 4.51966 -0.44723
vt 4.50434 -0.43392
vt 5.10955 0.42493
vt 5.09223 0.43528
vt 5.54419 1.38989
vt 5.52539 1.39698
vt 5.81037 2.41833
vt 5.79067 2.42193
vt 5.88 3.479
vt 5.9 3.479
vt 5.79067 4.53607
vt 5.81037 4.53966
vt 5.52539 5.56102
vt 5.54419 5.5681
vt 5.09223 6.52271
vt 5.10955 6.53306
vt 4.50434 7.39192
vt 4.51966 7.40523
vt 3.77959 8.14223
vt 3.79245 8.1581
vt 2.94 8.75086
vt 2.95 8.76879
vt 2.01108 9.1993
vt 2.01792 9.21876
vt 1.02105 9.47394
vt 1.02452 9.49433
vt 0 9.56642
vt -0 9.58713
vt -1.02452 9.49433
vt -1.02105 9.47394
vt -2.01792 9.21876
vt -2.01108 9.1993
vt -2.95 8.76879
vt -2.94 8.75086
vt -3.79245 8.1581
vt -3.77959 8.14223
vt -4.51966 7.40523
vt -4.50434 7.39192
vt -5.10955 6.53306
vt -5.09223 6.52271
vt -5.54419 5.5681
vt -5.52539 5.56102
vt -5.81037 4.53966
vt -5.79067 4.53607
vt -5.9 3.479
vt -5.88 3.479
vt -5.79067 2.42193
vt -5.81037 2.41833
vt -5.52539 1.39698
vt -5.54419 1.38989
vt -5.09223 0.43528
vt -5.10955 0.42493
vt -4.50434 -0.43392
vt -4.51966 -0.44723
vt -3.77959 -1.18424
vt -3.79245 -1.2001
vt -2.94 -1.79287
vt -2.95 -1.8108
vt -2.01108 -2.24131
vt -2.01792 -2.26077
vt -1.02105 -2.51595
vt 6.31037 1.02452
vt 6.4 0
vt 6.31037 -1.02452
vt 6.04419 2.01792
vt 5.60955 2.95
vt 5.01966 3.79245
vt 4.29245 4.51966
vt 3.45 5.10955
vt 2.51792 5.54419
vt 1.52452 5.81037
vt 0.5 5.9
vt -0.52452 5.81037
vt -1.51792 5.54419
vt -2.45 5.10955
vt -3.29245 4.51966
vt -4.01966 3.79245
vt -4.60955 2.95
vt -5.04419 2.01792
vt -5.31037 1.02452
vt -5.4 0
vt -5.31037 -1.02452
vt -5.04419 -2.01792
vt -4.60955 -2.95
vt -4.01966 -3.79245
vt -3.29245 -4.51966
vt -2.45 -5.10955
vt -1.51792 -5.54419
vt -0.52452 -5.81037
vt 0.5 -5.9
vt 1.52452 -5.81037
vt 2.51792 -5.54419
vt 3.45 -5.10955
vt 4.29245 -4.51966
vt 5.01966 -3.79245
vt 5.60955 -2.95
vt 6.04419 -2.01792
usemtl mat0
f 1/1/1 2/2/2 3/3/3
f 3/3/3 2/2/2 4/4/4
f 3/3/3 4/4/4 5/5/5
f 5/5/5 4/4/4 6/6/6
f 5/5/5 6/6/6 7/7/7
f 7/7/7 6/6/6 8/8/8
f 7/7/7 8/8/8 9/9/9
f 9/9/9 8/8/8 10/10/10
f 9/9/9 10/10/10 11/11/11
f 11/11/11 10/10/10 12/12/12
f 11/11/11 12/12/12 13/13/13
f 13/13/13 12/12/12 14/14/14
f 13/13/13 14/14/14 15/15/15
f 15/15/15 14/14/14 16/16/16
f 15/15/15 16/16/16 17/17/17
f 17/17/17 16/16/16 18/18/18
f 17/17/17 18/18/18 19/19/19
f 19/19/19 18/18/18 20/20/20
f 19/19/19 20/20/20 21/21/21
f 21/21/21 20/20/20 22/22/22
f 21/21/21 22/22/22 23/23/23
f 23/23/23 22/22/22 24/24/24
f 23/23/23 24/24/24 25/25/25
f 25/25/25 24/24/24 26/26/26
f 25/25/25 26/26/26 27/27/27
f 27/27/27 26/26/26 28/28/28
f 27/27/27 28/28/28 29/29/29
f 29/29/29 28/28/28 30/30/30
f 29/29/29 30/30/30 31/31/31
f 31/31/31 30/30/30 32/32/32
f 31/31/31 32/32/32 33/33/33
f 33/33/33 32/32/32 34/34/34
f 33/33/33 34/34/34 35/35/35
f 35/35/35 34/34/34 36/36/36
f 35/35/35 36/36/36 37/37/37
f 37/37/37 36/36/36 38/38/38
f 37/37/37 39/39/39 35/35/35
f 35/35/35 39/39/39 40/40/40
f 35/35/35 40/40/40 33/33/33
f 33/33/33 40/40/40 41/41/41
f 33/33/33 41/41/41 31/31/31
f 31/31/31 41/41/41 42/42/42
f 31/31/31 42/42/42 29/29/29
f 29/29/29 42/42/42 43/43/43
f 29/29/29 43/43/43 27/27/27
f 27/27/27 43/43/43 44/44/44
f 27/27/27 44/44/44 25/25/25
f 25/25/25 44/44/44 45/45/45
f 25/25/25 45/45/45 23/23/23
f 23/23/23 45/45/45 46/46/46
f 23/23/23 46/46/46 21/21/21
f 21/21/21 46/46/46 47/47/47
f 21/21/21 47/47/47 19/19/19
f 19/19/19 47/47/47 48/48/48
f 19/19/19 48/48/48 17/17/17
f 17/17/17 48/48/48 49/49/49
f 17/17/17 49/49/49 15/15/15
f 15/15/15 49/49/49 50/50/50
f 15/15/15 50/50/50 13/13/13
f 13/13/13 50/50/50 51/51/51
f 13/13/13 51/51/51 11/11/11
f 11/11/11 51/51/51 52/52/52
f 11/11/11 52/52/52 9/9/9
f 9/9/9 52/52/52 53/53/53
f 9/9/9 53/53/53 7/7/7
f 7/7/7 53/53/53 54/54/54
f 7/7/7 54/54/54 5/5/5
f 5/5/5 54/54/54 55/55/55
f 5/5/5 55/55/55 3/3/3
f 3/3/3 55/55/55 56/56/56
f 3/3/3 56/56/56 57/57/57
f 57/57/57 56/56/56 58/58/58
f 58/58/58 56/56/56 59/59/59
f 58/58/58 59/59/59 60/60/60
f 60/60/60 59/59/59 61/61/61
f 60/60/60 61/61/61 62/62/62
f 62/62/62 61/61/61 63/63/62
f 63/63/62 61/61/61 64/64/63
f 63/63/62 64/64/63 65/65/62
f 65/65/62 64/64/63 66/66/64
f 65/65/62 66/66/64 67/67/62
f 67/67/62 66/66/64 68/68/65
f 67/67/62 68/68/65 69/69/62
f 69/69/62 68/68/65 70/70/66
f 69/69/62 70/70/66 71/71/62
f 71/71/62 70/70/66 72/72/67
f 71/71/62 72/72/67 73/73/62
f 73/73/62 72/72/67 74/74/68
f 73/73/62 74/74/68 75/75/62
f 75/75/62 74/74/68 76/76/69
f 75/75/62 76/76/69 77/77/62
f 77/77/62 76/76/69 78/78/70
f 77/77/62 78/78/70 79/79/62
f 79/79/62 78/78/70 80/80/71
f 79/79/62 80/80/71 81/81/62
f 81/81/62 80/80/71 82/82/72
f 81/81/62 82/82/72 83/83/62
f 83/83/62 82/82/72 84/84/73
f 83/83/62 84/84/73 85/85/62
f 85/85/62 84/84/73 86/86/74
f 85/85/62 86/86/74 87/87/62
f 87/87/62 86/86/74 88/88/75
f 87/87/62 88/88/75 89/89/62
f 89/89/62 88/88/75 90/90/76
f 89/89/62 90/90/76 91/91/62
f 91/91/62 90/90/76 92/92/77
f 91/91/62 92/92/77 93/93/62
f 93/93/62 92/92/77 94/94/78
f 93/93/62 94/94/78 95/95/62
f 95/95/62 94/94/78 96/96/79
f 96/96/79 94/94/78 97/97/80
f 96/96/79 97/97/80 98/98/81
f 98/98/81 97/97/80 40/40/40
f 98/98/81 40/40/40 39/39/39
f 57/57/57 1/1/1 3/3/3
f 64/64/63 61/61/61 59/59/59
f 59/59/59 56/56/56 99/99/82
f 99/99/82 56/56/56 55/55/55
f 99/99/82 55/55/55 100/100/83
f 100/100/83 55/55/55 54/54/54
f 100/100/83 54/54/54 101/101/84
f 101/101/84 54/54/54 53/53/53
f 101/101/84 53/53/53 102/102/85
f 102/102/85 53/53/53 52/52/52
f 102/102/85 52/52/52 103/103/86
f 103/103/86 52/52/52 51/51/51
f 103/103/86 51/51/51 104/104/87
f 104/104/87 51/51/51 50/50/50
f 104/104/87 50/50/50 105/105/88
f 105/105/88 50/50/50 49/49/49
f 105/105/88 49/49/49 106/106/89
f 106/106/89 49/49/49 48/48/48
f 106/106/89 48/48/48 107/107/90
f 107/107/90 48/48/48 47/47/47
f 107/107/90 47/47/47 108/108/91
f 108/108/91 47/47/47 46/46/46
f 108/108/91 46/46/46 109/109/92
f 109/109/92 46/46/46 45/45/45
f 109/109/92 45/45/45 110/110/93
f 110/110/93 45/45/45 44/44/44
f 110/110/93 44/44/44 111/111/94
f 111/111/94 44/44/44 43/43/43
f 111/111/94 43/43/43 112/112/95
f 112/112/95 43/43/43 42/42/42
f 112/112/95 42/42/42 113/113/96
f 113/113/96 42/42/42 41/41/41
f 113/113/96 41/41/41 97/97/80
f 97/97/80 41/41/41 40/40/40
f 66/66/64 64/64/63 99/99/82
f 99/99/82 64/64/63 59/59/59
f 66/66/64 99/99/82 100/100/83
f 68/68/65 66/66/64 100/100/83
f 68/68/65 100/100/83 101/101/84
f 70/70/66 68/68/65 101/101/84
f 70/70/66 101/101/84 102/102/85
f 72/72/67 70/70/66 102/102/85
f 72/72/67 102/102/85 103/103/86
f 74/74/68 72/72/67 103/103/86
f 74/74/68 103/103/86 104/104/87
f 76/76/69 74/74/68 104/104/87
f 76/76/69 104/104/87 105/105/88
f 78/78/70 76/76/69 105/105/88
f 78/78/70 105/105/88 106/106/89
f 80/80/71 78/78/70 106/106/89
f 80/80/71 106/106/89 107/107/90
f 82/82/72 80/80/71 107/107/90
f 82/82/72 107/107/90 108/108/91
f 84/84/73 82/82/72 108/108/91
f 84/84/73 108/108/91 109/109/92
f 86/86/74 84/84/73 109/109/92
f 86/86/74 109/109/92 110/110/93
f 88/88/75 86/86/74 110/110/93
f 88/88/75 110/110/93 111/111/94
f 90/90/76 88/88/75 111/111/94
f 90/90/76 111/111/94 112/112/95
f 92/92/77 90/90/76 112/112/95
f 92/92/77 112/112/95 113/113/96
f 94/94/78 92/92/77 113/113/96
f 94/94/78 113/113/96 97/97/80
f 114/2/38 115/114/36 116/115/38
f 116/115/38 115/114/36 117/116/36
f 117/116/36 115/114/36 118/117/34
f 117/116/36 118/117/34 119/118/34
f 119/118/34 118/117/34 120/119/32
f 119/118/34 120/119/32 121/120/32
f 121/120/32 120/119/32 122/121/30
f 121/120/32 122/121/30 123/122/30
f 123/122/30 122/121/30 124/123/28
f 123/122/30 124/123/28 125/124/28
f 125/124/28 124/123/28 126/125/26
f 125/124/28 126/125/26 127/126/26
f 127/126/26 126/125/26 128/127/24
f 127/126/26 128/127/24 129/128/24
f 129/128/24 128/127/24 130/129/22
f 129/128/24 130/129/22 131/130/22
f 131/130/22 130/129/22 132/131/20
f 131/130/22 132/131/20 133/132/20
f 133/132/20 132/131/20 134/133/18
f 133/132/20 134/133/18 135/134/18
f 135/134/18 134/133/18 136/135/16
f 135/134/18 136/135/16 137/136/16
f 137/136/16 136/135/16 138/137/14
f 137/136/16 138/137/14 139/138/14
f 139/138/14 138/137/14 140/139/12
f 139/138/14 140/139/12 141/140/12
f 141/140/12 140/139/12 142/141/10
f 141/140/12 142/141/10 143/142/10
f 143/142/10 142/141/10 144/143/8
f 143/142/10 144/143/8 145/144/8
f 145/144/8 144/143/8 146/145/6
f 145/144/8 146/145/6 147/146/6
f 147/146/6 146/145/6 148/147/4
f 147/146/6 148/147/4 149/148/4
f 149/148/4 148/147/4 150/149/2
f 150/149/2 148/147/4 151/150/2
f 152/2/38 153/151/36 154/152/38
f 154/152/38 153/151/36 155/153/36
f 155/153/36 153/151/36 156/154/34
f 155/153/36 156/154/34 157/155/34
f 157/155/34 156/154/34 158/156/32
f 157/155/34 158/156/32 159/157/32
f 159/157/32 158/156/32 160/158/30
f 159/157/32 160/158/30 161/159/30
f 161/159/30 160/158/30 162/160/28
f 161/159/30 162/160/28 163/161/28
f 163/161/28 162/160/28 164/162/26
f 163/161/28 164/162/26 165/163/26
f 165/163/26 164/162/26 166/164/24
f 165/163/26 166/164/24 167/165/24
f 167/165/24 166/164/24 168/166/22
f 167/165/24 168/166/22 169/167/22
f 169/167/22 168/166/22 170/168/20
f 169/167/22 170/168/20 171/169/20
f 171/169/20 170/168/20 172/170/18
f 171/169/20 172/170/18 173/171/18
f 173/171/18 172/170/18 174/172/16
f 173/171/18 174/172/16 175/173/16
f 175/173/16 174/172/16 176/174/14
f 175/173/16 176/174/14 177/175/14
f 177/175/14 176/174/14 178/176/12
f 177/175/14 178/176/12 179/177/12
f 179/177/12 178/176/12 180/178/10
f 179/177/12 180/178/10 181/179/10
f 181/179/10 180/178/10 182/180/8
f 181/179/10 182/180/8 183/181/8
f 183/181/8 182/180/8 184/182/6
f 183/181/8 184/182/6 185/183/6
f 185/183/6 184/182/6 186/184/4
f 185/183/6 186/184/4 187/185/4
f 187/185/4 186/184/4 188/186/2
f 188/186/2 186/184/4 189/187/2
f 190/188/2 191/189/2 192/190/4
f 192/190/4 191/189/2 193/191/4
f 192/190/4 193/191/4 194/192/6
f 194/192/6 193/191/4 195/193/6
f 194/192/6 195/193/6 196/194/8
f 196/194/8 195/193/6 197/195/8
f 196/194/8 197/195/8 198/196/10
f 198/196/10 197/195/8 199/197/10
f 198/196/10 199/197/10 200/198/12
f 200/198/12 199/197/10 201/199/12
f 200/198/12 201/199/12 202/200/14
f 202/200/14 201/199/12 203/201/14
f 202/200/14 203/201/14 204/202/16
f 204/202/16 203/201/14 205/203/16
f 204/202/16 205/203/16 206/204/18
f 206/204/18 205/203/16 207/205/18
f 206/204/18 207/205/18 208/206/20
f 208/206/20 207/205/18 209/207/20
f 208/206/20 209/207/20 210/208/22
f 210/208/22 209/207/20 211/209/22
f 210/208/22 211/209/22 212/210/24
f 212/210/24 211/209/22 213/211/24
f 212/210/24 213/211/24 214/212/26
f 214/212/26 213/211/24 215/213/26
f 214/212/26 215/213/26 216/214/28
f 216/214/28 215/213/26 217/215/28
f 216/214/28 217/215/28 218/216/30
f 218/216/30 217/215/28 219/217/30
f 218/216/30 219/217/30 220/218/32
f 220/218/32 219/217/30 221/219/32
f 220/218/32 221/219/32 222/220/34
f 222/220/34 221/219/32 223/221/34
f 222/220/34 223/221/34 224/222/36
f 224/222/36 223/221/34 225/223/36
f 224/222/36 225/223/36 226/224/38
f 226/224/38 225/223/36 227/225/38
f 228/226/38 229/227/97 230/228/38
f 230/228/38 229/227/97 231/229/97
f 231/229/97 229/227/97 232/230/98
f 231/229/97 232/230/98 233/231/98
f 233/231/98 232/230/98 234/232/99
f 233/231/98 234/232/99 235/233/99
f 235/233/99 234/232/99 236/234/100
f 235/233/99 236/234/100 237/235/100
f 237/235/100 236/234/100 238/236/101
f 237/235/100 238/236/101 239/237/101
f 239/237/101 238/236/101 240/238/102
f 239/237/101 240/238/102 241/239/102
f 241/239/102 240/238/102 242/240/103
f 241/239/102 242/240/103 243/241/103
f 243/241/103 242/240/103 244/242/104
f 243/241/103 244/242/104 245/243/104
f 245/243/104 244/242/104 246/244/105
f 245/243/104 246/244/105 247/245/105
f 247/245/105 246/244/105 248/246/106
f 247/245/105 248/246/106 249/247/106
f 249/247/106 248/246/106 250/248/107
f 249/247/106 250/248/107 251/249/107
f 251/249/107 250/248/107 252/250/108
f 251/249/107 252/250/108 253/251/108
f 253/251/108 252/250/108 254/252/109
f 253/251/108 254/252/109 255/253/109
f 255/253/109 254/252/109 256/254/110
f 255/253/109 256/254/110 257/255/110
f 257/255/110 256/254/110 258/256/111
f 257/255/110 258/256/111 259/257/111
f 259/257/111 258/256/111 260/258/112
f 259/257/111 260/258/112 261/259/112
f 261/259/112 260/258/112 262/260/113
f 261/259/112 262/260/113 263/261/113
f 263/261/113 262/260/113 191/189/2
f 263/261/113 191/189/2 190/188/2
f 264/262/62 265/263/62 266/264/62
f 266/264/62 265/263/62 267/265/62
f 267/265/62 265/263/62 268/266/62
f 267/265/62 268/266/62 269/267/62
f 269/267/62 268/266/62 270/268/62
f 269/267/62 270/268/62 271/269/62
f 271/269/62 270/268/62 272/270/62
f 271/269/62 272/270/62 273/271/62
f 273/271/62 272/270/62 274/272/62
f 274/272/62 272/270/62 275/273/62
f 275/273/62 272/270/62 276/274/62
f 276/274/62 272/270/62 277/275/62
f 277/275/62 272/270/62 278/276/62
f 278/276/62 272/270/62 279/277/62
f 279/277/62 272/270/62 280/278/62
f 280/278/62 272/270/62 281/279/62
f 281/279/62 272/270/62 282/280/62
f 282/280/62 272/270/62 283/281/62
f 282/280/62 283/281/62 284/282/62
f 284/282/62 283/281/62 285/283/62
f 285/283/62 283/281/62 286/284/62
f 286/284/62 283/281/62 287/285/62
f 287/285/62 283/281/62 288/286/62
f 288/286/62 283/281/62 289/287/62
f 289/287/62 283/281/62 290/288/62
f 290/288/62 283/281/62 291/289/62
f 291/289/62 283/281/62 292/290/62
f 291/289/62 292/290/62 293/291/62
f 293/291/62 292/290/62 294/292/62
f 293/291/62 294/292/62 295/293/62
f 295/293/62 294/292/62 296/294/62
f 295/293/62 296/294/62 297/295/62
f 298/296/2 299/297/2 300/298/113
f 300/298/113 299/297/2 301/299/113
f 300/298/113 301/299/113 302/300/112
f 300/298/113 302/300/112 303/301/112
f 303/301/112 302/300/112 304/302/111
f 303/301/112 304/302/111 305/303/111
f 305/303/111 304/302/111 306/304/110
f 305/303/111 306/304/110 307/305/110
f 307/305/110 306/304/110 308/306/109
f 307/305/110 308/306/109 309/307/109
f 309/307/109 308/306/109 310/308/108
f 309/307/109 310/308/108 311/309/108
f 311/309/108 310/308/108 312/310/107
f 311/309/108 312/310/107 313/311/107
f 313/311/107 312/310/107 314/312/106
f 313/311/107 314/312/106 315/313/106
f 315/313/106 314/312/106 316/314/105
f 315/313/106 316/314/105 317/315/105
f 317/315/105 316/314/105 318/316/104
f 317/315/105 318/316/104 319/317/104
f 319/317/104 318/316/104 320/318/103
f 319/317/104 320/318/103 321/319/103
f 321/319/103 320/318/103 322/320/102
f 321/319/103 322/320/102 323/321/102
f 323/321/102 322/320/102 324/322/101
f 323/321/102 324/322/101 325/323/101
f 325/323/101 324/322/101 326/324/100
f 325/323/101 326/324/100 327/325/100
f 327/325/100 326/324/100 328/326/99
f 327/325/100 328/326/99 329/327/99
f 329/327/99 328/326/99 330/328/98
f 329/327/99 330/328/98 331/329/98
f 331/329/98 330/328/98 332/330/97
f 331/329/98 332/330/97 333/331/97
f 333/331/97 332/330/97 152/2/38
f 333/331/97 152/2/38 154/152/38
f 334/332/114 335/333/114 336/334/114
f 336/334/114 335/333/114 337/335/114
f 337/335/114 335/333/114 338/336/114
f 337/335/114 338/336/114 339/337/114
f 339/337/114 338/336/114 340/338/114
f 339/337/114 340/338/114 341/339/114
f 341/339/114 340/338/114 342/340/114
f 341/339/114 342/340/114 343/341/114
f 343/341/114 342/340/114 344/342/114
f 343/341/114 344/342/114 345/343/114
f 345/343/114 344/342/114 346/344/114
f 345/343/114 346/344/114 347/345/114
f 347/345/114 346/344/114 348/346/114
f 347/345/114 348/346/114 349/347/114
f 349/347/114 348/346/114 350/348/114
f 349/347/114 350/348/114 351/349/114
f 351/349/114 350/348/114 352/350/114
f 351/349/114 352/350/114 353/351/114
f 353/351/114 352/350/114 354/352/114
f 353/351/114 354/352/114 355/353/114
f 355/353/114 354/352/114 356/354/114
f 355/353/114 356/354/114 357/355/114
f 357/355/114 356/354/114 358/356/114
f 357/355/114 358/356/114 359/357/114
f 359/357/114 358/356/114 360/358/114
f 359/357/114 360/358/114 361/359/114
f 361/359/114 360/358/114 362/360/114
f 361/359/114 362/360/114 363/361/114
f 363/361/114 362/360/114 364/362/114
f 363/361/114 364/362/114 365/363/114
f 365/363/114 364/362/114 366/364/114
f 365/363/114 366/364/114 367/365/114
f 367/365/114 366/364/114 368/366/114
f 367/365/114 368/366/114 369/367/114
f 370/368/2 371/369/2 372/370/113
f 372/370/113 371/369/2 373/371/113
f 372/370/113 373/371/113 374/372/112
f 372/370/113 374/372/112 375/373/112
f 375/373/112 374/372/112 376/374/111
f 375/373/112 376/374/111 377/375/111
f 377/375/111 376/374/111 378/376/110
f 377/375/111 378/376/110 379/377/110
f 379/377/110 378/376/110 380/378/109
f 379/377/110 380/378/109 381/379/109
f 381/379/109 380/378/109 382/380/108
f 381/379/109 382/380/108 383/381/108
f 383/381/108 382/380/108 384/382/107
f 383/381/108 384/382/107 385/383/107
f 385/383/107 384/382/107 386/384/106
f 385/383/107 386/384/106 387/385/106
f 387/385/106 386/384/106 388/386/105
f 387/385/106 388/386/105 389/387/105
f 389/387/105 388/386/105 390/388/104
f 389/387/105 390/388/104 391/389/104
f 391/389/104 390/388/104 392/390/103
f 391/389/104 392/390/103 393/391/103
f 393/391/103 392/390/103 394/392/102
f 393/391/103 394/392/102 395/393/102
f 395/393/102 394/392/102 396/394/101
f 395/393/102 396/394/101 397/395/101
f 397/395/101 396/394/101 398/396/100
f 397/395/101 398/396/100 399/397/100
f 399/397/100 398/396/100 400/398/99
f 399/397/100 400/398/99 401/399/99
f 401/399/99 400/398/99 402/400/98
f 401/399/99 402/400/98 403/401/98
f 403/401/98 402/400/98 404/402/97
f 403/401/98 404/402/97 405/403/97
f 405/403/97 404/402/97 114/2/38
f 405/403/97 114/2/38 116/115/38
f 406/404/114 407/405/114 408/406/114
f 408/406/114 407/405/114 409/407/114
f 408/406/114 409/407/114 410/408/114
f 410/408/114 409/407/114 411/409/114
f 410/408/114 411/409/114 412/410/114
f 407/405/114 406/404/114 413/411/114
f 413/411/114 406/404/114 414/412/114
f 413/411/114 414/412/114 415/413/114
f 415/413/114 414/412/114 416/414/114
f 415/413/114 416/414/114 417/415/114
f 417/415/114 416/414/114 418/416/114
f 417/415/114 418/416/114 419/417/114
f 419/417/114 418/416/114 420/418/114
f 419/417/114 420/418/114 421/419/114
f 421/419/114 420/418/114 422/420/114
f 421/419/114 422/420/114 423/421/114
f 423/421/114 422/420/114 424/422/114
f 423/421/114 424/422/114 425/423/114
f 425/423/114 424/422/114 426/424/114
f 425/423/114 426/424/114 427/425/114
f 427/425/114 426/424/114 428/426/114
f 427/425/114 428/426/114 429/427/114
f 427/425/114 429/427/114 430/428/114
f 430/428/114 429/427/114 431/429/114
f 430/428/114 431/429/114 432/430/114
f 432/430/114 431/429/114 433/431/114
f 432/430/114 433/431/114 434/432/114
f 434/432/114 433/431/114 435/433/114
f 434/432/114 435/433/114 436/434/114
f 436/434/114 435/433/114 437/435/114
f 436/434/114 437/435/114 438/436/114
f 438/436/114 437/435/114 439/437/114
f 438/436/114 439/437/114 440/438/114
f 440/438/114 439/437/114 441/439/114
f 440/438/114 441/439/114 442/440/114
f 442/440/114 441/439/114 443/441/114
f 442/440/114 443/441/114 444/442/114
f 444/442/114 443/441/114 445/443/114
f 444/442/114 445/443/114 446/444/114
f 446/444/114 445/443/114 447/445/114
f 447/445/114 445/443/114 448/446/114
f 447/445/114 448/446/114 449/447/114
f 449/447/114 448/446/114 450/448/114
f 449/447/114 450/448/114 451/449/114
f 451/449/114 450/448/114 452/450/114
f 451/449/114 452/450/114 453/451/114
f 453/451/114 452/450/114 454/452/114
f 453/451/114 454/452/114 455/453/114
f 455/453/114 454/452/114 456/454/114
f 455/453/114 456/454/114 457/455/114
f 457/455/114 456/454/114 458/456/114
f 457/455/114 458/456/114 459/457/114
f 459/457/114 458/456/114 460/458/114
f 459/457/114 460/458/114 461/459/114
f 461/459/114 460/458/114 462/460/114
f 461/459/114 462/460/114 463/461/114
f 463/461/114 462/460/114 464/462/114
f 463/461/114 464/462/114 465/463/114
f 463/461/114 465/463/114 466/464/114
f 466/464/114 465/463/114 467/465/114
f 466/464/114 467/465/114 468/466/114
f 468/466/114 467/465/114 469/467/114
f 468/466/114 469/467/114 470/468/114
f 470/468/114 469/467/114 471/469/114
f 470/468/114 471/469/114 472/470/114
f 472/470/114 471/469/114 473/471/114
f 472/470/114 473/471/114 474/472/114
f 474/472/114 473/471/114 475/473/114
f 474/472/114 475/473/114 476/474/114
f 476/474/114 475/473/114 477/475/114
f 476/474/114 477/475/114 412/410/114
f 412/410/114 477/475/114 410/408/114
f 478/476/62 479/477/62 480/478/115
f 480/478/115 479/477/62 481/479/79
f 480/478/115 481/479/79 482/480/116
f 482/480/116 481/479/79 483/481/81
f 482/480/116 483/481/81 484/482/117
f 484/482/117 483/481/81 485/483/39
f 484/482/117 485/483/39 486/484/118
f 486/484/118 485/483/39 487/485/37
f 486/484/118 487/485/37 488/486/97
f 488/486/97 487/485/37 489/487/38
f 488/486/97 490/488/98 486/484/118
f 486/484/118 490/488/98 491/489/119
f 486/484/118 491/489/119 492/490/120
f 492/490/120 491/489/119 493/491/121
f 492/490/120 493/491/121 494/492/122
f 494/492/122 493/491/121 495/493/123
f 494/492/122 495/493/123 496/494/124
f 496/494/124 495/493/123 497/495/125
f 496/494/124 497/495/125 498/496/62
f 498/496/62 497/495/125 499/497/62
f 499/497/62 497/495/125 500/498/126
f 499/497/62 500/498/126 501/499/62
f 501/499/62 500/498/126 502/500/127
f 501/499/62 502/500/127 503/501/62
f 503/501/62 502/500/127 504/502/128
f 503/501/62 504/502/128 505/503/62
f 505/503/62 504/502/128 506/504/129
f 505/503/62 506/504/129 507/505/62
f 507/505/62 506/504/129 508/506/130
f 507/505/62 508/506/130 509/507/62
f 509/507/62 508/506/130 510/508/131
f 509/507/62 510/508/131 511/509/62
f 511/509/62 510/508/131 512/510/132
f 511/509/62 512/510/132 513/511/62
f 513/511/62 512/510/132 514/512/133
f 513/511/62 514/512/133 515/513/62
f 515/513/62 514/512/133 516/514/134
f 515/513/62 516/514/134 517/515/62
f 517/515/62 516/514/134 518/516/135
f 517/515/62 518/516/135 519/517/62
f 519/517/62 518/516/135 520/518/136
f 519/517/62 520/518/136 521/519/62
f 521/519/62 520/518/136 522/520/137
f 521/519/62 522/520/137 62/62/62
f 62/62/62 522/520/137 60/60/60
f 60/60/60 522/520/137 523/521/138
f 60/60/60 523/521/138 58/58/58
f 58/58/58 523/521/138 524/522/139
f 58/58/58 524/522/139 57/57/57
f 57/57/57 524/522/139 525/523/140
f 57/57/57 525/523/140 1/1/1
f 1/1/1 525/523/140 2/2/2
f 2/2/2 525/523/140 526/524/113
f 526/524/113 525/523/140 527/525/141
f 526/524/113 527/525/141 528/526/112
f 528/526/112 527/525/141 529/527/142
f 528/526/112 529/527/142 530/528/111
f 530/528/111 529/527/142 531/529/143
f 530/528/111 531/529/143 532/530/110
f 532/530/110 531/529/143 533/531/144
f 532/530/110 533/531/144 534/532/109
f 534/532/109 533/531/144 535/533/145
f 534/532/109 535/533/145 536/534/108
f 536/534/108 535/533/145 537/535/146
f 536/534/108 537/535/146 538/536/107
f 538/536/107 537/535/146 539/537/147
f 538/536/107 539/537/147 540/538/106
f 540/538/106 539/537/147 541/539/148
f 540/538/106 541/539/148 542/540/105
f 542/540/105 541/539/148 543/541/149
f 542/540/105 543/541/149 544/542/104
f 544/542/104 543/541/149 545/543/150
f 544/542/104 545/543/150 546/544/103
f 546/544/103 545/543/150 547/545/151
f 546/544/103 547/545/151 548/546/102
f 548/546/102 547/545/151 549/547/152
f 548/546/102 549/547/152 550/548/101
f 550/548/101 549/547/152 551/549/153
f 550/548/101 551/549/153 552/550/100
f 552/550/100 551/549/153 553/551/154
f 552/550/100 553/551/154 554/552/99
f 554/552/99 553/551/154 491/489/119
f 554/552/99 491/489/119 490/488/98
f 498/496/62 555/553/62 496/494/124
f 496/494/124 555/553/62 556/554/155
f 496/494/124 556/554/155 494/492/122
f 494/492/122 556/554/155 557/555/156
f 494/492/122 557/555/156 492/490/120
f 492/490/120 557/555/156 484/482/117
f 492/490/120 484/482/117 486/484/118
f 555/553/62 558/556/62 556/554/155
f 556/554/155 558/556/62 559/557/157
f 556/554/155 559/557/157 557/555/156
f 557/555/156 559/557/157 482/480/116
f 557/555/156 482/480/116 484/482/117
f 558/556/62 478/476/62 559/557/157
f 559/557/157 478/476/62 480/478/115
f 559/557/157 480/478/115 482/480/116
f 491/489/119 553/551/154 493/491/121
f 493/491/121 553/551/154 560/558/158
f 493/491/121 560/558/158 495/493/123
f 495/493/123 560/558/158 561/559/159
f 495/493/123 561/559/159 497/495/125
f 497/495/125 561/559/159 500/498/126
f 553/551/154 551/549/153 560/558/158
f 560/558/158 551/549/153 562/560/160
f 560/558/158 562/560/160 561/559/159
f 561/559/159 562/560/160 563/561/161
f 561/559/159 563/561/161 500/498/126
f 500/498/126 563/561/161 502/500/127
f 551/549/153 549/547/152 562/560/160
f 562/560/160 549/547/152 564/562/162
f 562/560/160 564/562/162 563/561/161
f 563/561/161 564/562/162 565/563/163
f 563/561/161 565/563/163 502/500/127
f 502/500/127 565/563/163 504/502/128
f 549/547/152 547/545/151 564/562/162
f 564/562/162 547/545/151 566/564/164
f 564/562/162 566/564/164 565/563/163
f 565/563/163 566/564/164 567/565/165
f 565/563/163 567/565/165 504/502/128
f 504/502/128 567/565/165 506/504/129
f 547/545/151 545/543/150 566/564/164
f 566/564/164 545/543/150 568/566/166
f 566/564/164 568/566/166 567/565/165
f 567/565/165 568/566/166 569/567/167
f 567/565/165 569/567/167 506/504/129
f 506/504/129 569/567/167 508/506/130
f 545/543/150 543/541/149 568/566/166
f 568/566/166 543/541/149 570/568/168
f 568/566/166 570/568/168 569/567/167
f 569/567/167 570/568/168 571/569/169
f 569/567/167 571/569/169 508/506/130
f 508/506/130 571/569/169 510/508/131
f 543/541/149 541/539/148 570/568/168
f 570/568/168 541/539/148 572/570/170
f 570/568/168 572/570/170 571/569/169
f 571/569/169 572/570/170 573/571/171
f 571/569/169 573/571/171 510/508/131
f 510/508/131 573/571/171 512/510/132
f 541/539/148 539/537/147 572/570/170
f 572/570/170 539/537/147 574/572/172
f 572/570/170 574/572/172 573/571/171
f 573/571/171 574/572/172 575/573/173
f 573/571/171 575/573/173 512/510/132
f 512/510/132 575/573/173 514/512/133
f 539/537/147 537/535/146 574/572/172
f 574/572/172 537/535/146 576/574/174
f 574/572/172 576/574/174 575/573/173
f 575/573/173 576/574/174 577/575/175
f 575/573/173 577/575/175 514/512/133
f 514/512/133 577/575/175 516/514/134
f 537/535/146 535/533/145 576/574/174
f 576/574/174 535/533/145 578/576/176
f 576/574/174 578/576/176 577/575/175
f 577/575/175 578/576/176 579/577/177
f 577/575/175 579/577/177 516/514/134
f 516/514/134 579/577/177 518/516/135
f 535/533/145 533/531/144 578/576/176
f 578/576/176 533/531/144 580/578/178
f 578/576/176 580/578/178 579/577/177
f 579/577/177 580/578/178 581/579/179
f 579/577/177 581/579/179 518/516/135
f 518/516/135 581/579/179 520/518/136
f 533/531/144 531/529/143 580/578/178
f 580/578/178 531/529/143 582/580/180
f 580/578/178 582/580/180 581/579/179
f 581/579/179 582/580/180 583/581/181
f 581/579/179 583/581/181 520/518/136
f 520/518/136 583/581/181 522/520/137
f 531/529/143 529/527/142 582/580/180
f 582/580/180 529/527/142 584/582/182
f 582/580/180 584/582/182 583/581/181
f 583/581/181 584/582/182 523/521/138
f 583/581/181 523/521/138 522/520/137
f 529/527/142 527/525/141 584/582/182
f 584/582/182 527/525/141 524/522/139
f 584/582/182 524/522/139 523/521/138
f 525/523/140 524/522/139 527/525/141
usemtl mat1
f 585/583/105 586/584/183 587/585/105
f 587/585/105 586/584/183 588/586/183
f 588/586/183 586/584/183 589/587/184
f 588/586/183 589/587/184 590/588/184
f 590/588/184 589/587/184 591/589/185
f 590/588/184 591/589/185 592/590/185
f 592/590/185 591/589/185 593/591/186
f 592/590/185 593/591/186 594/592/186
f 594/592/186 593/591/186 595/593/187
f 594/592/186 595/593/187 596/594/187
f 596/594/187 595/593/187 597/595/188
f 596/594/187 597/595/188 598/596/188
f 598/596/188 597/595/188 599/597/189
f 598/596/188 599/597/189 600/598/189
f 600/598/189 599/597/189 601/599/190
f 600/598/189 601/599/190 602/600/190
f 602/600/190 601/599/190 603/601/62
f 602/600/190 603/601/62 604/602/62
f 604/602/62 603/601/62 605/603/191
f 604/602/62 605/603/191 606/604/191
f 606/604/191 605/603/191 607/605/192
f 606/604/191 607/605/192 608/606/192
f 608/606/192 607/605/192 609/607/193
f 608/606/192 609/607/193 610/608/193
f 610/608/193 609/607/193 611/609/194
f 610/608/193 611/609/194 612/610/194
f 612/610/194 611/609/194 613/611/195
f 612/610/194 613/611/195 614/612/195
f 614/612/195 613/611/195 615/613/196
f 614/612/195 615/613/196 616/614/196
f 616/614/196 615/613/196 617/615/197
f 616/614/196 617/615/197 618/616/197
f 618/616/197 617/615/197 619/617/198
f 618/616/197 619/617/198 620/618/198
f 620/618/198 619/617/198 621/619/20
f 621/619/20 619/617/198 622/620/20
f 623/621/105 624/2/105 625/622/199
f 625/622/199 624/2/105 626/623/183
f 625/622/199 626/623/183 627/624/200
f 627/624/200 626/623/183 628/625/201
f 628/625/201 626/623/183 629/626/184
f 628/625/201 629/626/184 630/627/202
f 630/627/202 629/626/184 631/628/185
f 630/627/202 631/628/185 632/629/203
f 632/629/203 631/628/185 633/630/204
f 633/630/204 631/628/185 634/631/186
f 633/630/204 634/631/186 635/632/205
f 635/632/205 634/631/186 636/633/206
f 636/633/206 634/631/186 637/634/187
f 636/633/206 637/634/187 638/635/207
f 638/635/207 637/634/187 639/636/208
f 639/636/208 637/634/187 640/637/188
f 639/636/208 640/637/188 641/638/209
f 641/638/209 640/637/188 642/639/210
f 642/639/210 640/637/188 643/640/189
f 642/639/210 643/640/189 644/641/211
f 644/641/211 643/640/189 645/642/190
f 644/641/211 645/642/190 646/643/212
f 646/643/212 645/642/190 647/644/213
f 647/644/213 645/642/190 648/645/62
f 647/644/213 648/645/62 649/646/62
f 649/646/62 648/645/62 650/647/214
f 650/647/214 648/645/62 651/648/191
f 650/647/214 651/648/191 652/649/215
f 652/649/215 651/648/191 653/650/216
f 653/650/216 651/648/191 654/651/192
f 653/650/216 654/651/192 655/652/217
f 655/652/217 654/651/192 656/653/193
f 655/652/217 656/653/193 657/654/218
f 657/654/218 656/653/193 658/655/219
f 658/655/219 656/653/193 659/656/194
f 658/655/219 659/656/194 660/657/220
f 660/657/220 659/656/194 661/658/221
f 661/658/221 659/656/194 662/659/195
f 661/658/221 662/659/195 663/660/222
f 663/660/222 662/659/195 664/661/223
f 664/661/223 662/659/195 665/662/196
f 664/661/223 665/662/196 666/663/224
f 666/663/224 665/662/196 667/664/225
f 667/664/225 665/662/196 668/665/197
f 667/664/225 668/665/197 669/666/226
f 669/666/226 668/665/197 670/667/198
f 669/666/226 670/667/198 671/668/227
f 671/668/227 670/667/198 672/669/228
f 672/669/228 670/667/198 673/670/20
f 672/669/228 673/670/20 674/671/20
f 675/672/38 676/673/38 677/674/36
f 677/674/36 676/673/38 678/675/36
f 677/674/36 678/675/36 679/676/34
f 679/676/34 678/675/36 680/677/34
f 679/676/34 680/677/34 681/678/32
f 681/678/32 680/677/34 682/679/32
f 681/678/32 682/679/32 683/680/30
f 683/680/30 682/679/32 684/681/30
f 683/680/30 684/681/30 685/682/28
f 685/682/28 684/681/30 686/683/28
f 685/682/28 686/683/28 687/684/26
f 687/684/26 686/683/28 688/685/26
f 687/684/26 688/685/26 689/686/24
f 689/686/24 688/685/26 690/687/24
f 689/686/24 690/687/24 691/688/22
f 691/688/22 690/687/24 692/689/22
f 691/688/22 692/689/22 693/690/20
f 693/690/20 692/689/22 694/691/20
f 693/690/20 694/691/20 695/692/229
f 695/692/229 694/691/20 696/693/18
f 695/692/229 696/693/18 697/694/230
f 697/694/230 696/693/18 698/695/231
f 698/695/231 696/693/18 699/696/16
f 698/695/231 699/696/16 700/697/232
f 700/697/232 699/696/16 701/698/233
f 701/698/233 699/696/16 702/699/14
f 701/698/233 702/699/14 703/700/234
f 703/700/234 702/699/14 704/701/12
f 703/700/234 704/701/12 705/702/235
f 705/702/235 704/701/12 706/703/236
f 706/703/236 704/701/12 707/704/10
f 706/703/236 707/704/10 708/705/237
f 708/705/237 707/704/10 709/706/238
f 709/706/238 707/704/10 710/707/8
f 709/706/238 710/707/8 711/708/239
f 711/708/239 710/707/8 712/709/240
f 712/709/240 710/707/8 713/710/6
f 712/709/240 713/710/6 714/711/241
f 714/711/241 713/710/6 715/712/4
f 714/711/241 715/712/4 716/713/242
f 716/713/242 715/712/4 717/714/243
f 717/714/243 715/712/4 718/715/2
f 717/714/243 718/715/2 719/716/2
f 691/688/22 693/690/20 720/717/20
f 720/717/20 693/690/20 721/718/229
f 720/717/20 721/718/229 722/719/18
f 722/719/18 721/718/229 723/720/230
f 722/719/18 723/720/230 724/721/231
f 722/719/18 724/721/231 725/722/16
f 725/722/16 724/721/231 726/723/232
f 725/722/16 726/723/232 727/724/233
f 725/722/16 727/724/233 728/725/14
f 728/725/14 727/724/233 729/726/234
f 728/725/14 729/726/234 730/727/12
f 730/727/12 729/726/234 731/728/235
f 730/727/12 731/728/235 732/729/236
f 730/727/12 732/729/236 733/730/10
f 733/730/10 732/729/236 734/731/237
f 733/730/10 734/731/237 735/732/238
f 733/730/10 735/732/238 736/733/8
f 736/733/8 735/732/238 737/734/239
f 736/733/8 737/734/239 738/735/240
f 736/733/8 738/735/240 739/736/6
f 739/736/6 738/735/240 740/737/241
f 739/736/6 740/737/241 741/738/4
f 741/738/4 740/737/241 742/739/242
f 741/738/4 742/739/242 743/740/243
f 744/741/2 745/742/2 743/740/243
f 743/740/243 745/742/2 741/738/4
f 746/743/2 747/744/2 748/745/244
f 748/745/244 747/744/2 749/746/113
f 748/745/244 749/746/113 750/747/245
f 750/747/245 749/746/113 751/748/246
f 751/748/246 749/746/113 752/749/112
f 751/748/246 752/749/112 753/750/247
f 753/750/247 752/749/112 754/751/111
f 753/750/247 754/751/111 755/752/248
f 755/752/248 754/751/111 756/753/249
f 756/753/249 754/751/111 757/754/110
f 756/753/249 757/754/110 758/755/250
f 758/755/250 757/754/110 759/756/251
f 759/756/251 757/754/110 760/757/109
f 759/756/251 760/757/109 761/758/252
f 761/758/252 760/757/109 762/759/253
f 762/759/253 760/757/109 763/760/108
f 762/759/253 763/760/108 764/761/254
f 764/761/254 763/760/108 765/762/107
f 764/761/254 765/762/107 766/763/255
f 766/763/255 765/762/107 767/764/256
f 767/764/256 765/762/107 768/765/106
f 767/764/256 768/765/106 769/766/257
f 769/766/257 768/765/106 770/767/258
f 770/767/258 768/765/106 771/768/105
f 770/767/258 771/768/105 772/769/105
f 772/769/105 771/768/105 773/770/104
f 772/769/105 773/770/104 774/771/104
f 774/771/104 773/770/104 775/772/103
f 774/771/104 775/772/103 776/773/103
f 776/773/103 775/772/103 777/774/102
f 776/773/103 777/774/102 778/775/102
f 778/775/102 777/774/102 779/776/101
f 778/775/102 779/776/101 780/777/101
f 780/777/101 779/776/101 781/778/100
f 780/777/101 781/778/100 782/779/100
f 782/779/100 781/778/100 783/780/99
f 782/779/100 783/780/99 784/781/99
f 784/781/99 783/780/99 785/782/98
f 784/781/99 785/782/98 786/783/98
f 786/783/98 785/782/98 787/784/97
f 786/783/98 787/784/97 788/785/97
f 788/785/97 787/784/97 676/673/38
f 788/785/97 676/673/38 675/672/38
f 774/771/104 789/786/105 772/769/105
f 772/769/105 789/786/105 790/787/258
f 790/787/258 789/786/105 791/788/106
f 790/787/258 791/788/106 792/789/257
f 792/789/257 791/788/106 793/790/256
f 793/790/256 791/788/106 794/791/107
f 793/790/256 794/791/107 795/792/255
f 795/792/255 794/791/107 796/793/108
f 795/792/255 796/793/108 797/794/254
f 797/794/254 796/793/108 798/795/253
f 798/795/253 796/793/108 799/796/109
f 798/795/253 799/796/109 800/797/252
f 800/797/252 799/796/109 801/798/251
f 801/798/251 799/796/109 802/799/110
f 801/798/251 802/799/110 803/800/250
f 803/800/250 802/799/110 804/801/249
f 804/801/249 802/799/110 805/802/111
f 804/801/249 805/802/111 806/803/248
f 806/803/248 805/802/111 807/804/247
f 807/804/247 805/802/111 808/805/112
f 807/804/247 808/805/112 809/806/246
f 809/806/246 808/805/112 810/807/113
f 809/806/246 810/807/113 811/808/245
f 811/808/245 810/807/113 812/809/244
f 812/809/244 810/807/113 813/810/2
f 812/809/244 813/810/2 814/811/2
f 815/812/20 816/813/20 817/814/259
f 817/814/259 816/813/20 818/815/260
f 817/814/259 818/815/260 819/816/261
f 819/816/261 818/815/260 820/817/262
f 820/817/262 818/815/260 821/818/263
f 820/817/262 821/818/263 822/819/264
f 822/819/264 821/818/263 823/820/265
f 822/819/264 823/820/265 824/821/266
f 824/821/266 823/820/265 825/822/267
f 825/822/267 823/820/265 826/823/268
f 825/822/267 826/823/268 827/824/269
f 827/824/269 826/823/268 828/825/270
f 828/825/270 826/823/268 829/826/271
f 828/825/270 829/826/271 830/827/272
f 830/827/272 829/826/271 831/828/273
f 831/828/273 829/826/271 832/829/274
f 831/828/273 832/829/274 833/830/275
f 833/830/275 832/829/274 834/831/276
f 834/831/276 832/829/274 835/832/277
f 834/831/276 835/832/277 836/833/278
f 836/833/278 835/832/277 837/834/279
f 836/833/278 837/834/279 838/835/280
f 838/835/280 837/834/279 839/836/281
f 839/836/281 837/834/279 840/837/114
f 839/836/281 840/837/114 841/838/114
f 841/838/114 840/837/114 842/839/282
f 842/839/282 840/837/114 843/840/283
f 842/839/282 843/840/283 844/841/284
f 844/841/284 843/840/283 845/842/285
f 845/842/285 843/840/283 846/843/286
f 845/842/285 846/843/286 847/844/287
f 847/844/287 846/843/286 848/845/288
f 847/844/287 848/845/288 849/846/289
f 849/846/289 848/845/288 850/847/290
f 850/847/290 848/845/288 851/848/291
f 850/847/290 851/848/291 852/849/292
f 852/849/292 851/848/291 853/850/293
f 853/850/293 851/848/291 854/851/294
f 853/850/293 854/851/294 855/852/295
f 855/852/295 854/851/294 856/853/296
f 856/853/296 854/851/294 857/854/297
f 856/853/296 857/854/297 858/855/298
f 858/855/298 857/854/297 859/856/299
f 858/855/298 859/856/299 860/857/300
f 860/857/300 859/856/299 861/858/301
f 861/858/301 859/856/299 862/859/302
f 861/858/301 862/859/302 863/860/303
f 863/860/303 862/859/302 864/861/304
f 864/861/304 862/859/302 624/2/105
f 864/861/304 624/2/105 623/621/105
f 865/862/2 866/352/2 867/863/2
f 867/863/2 866/352/2 868/350/2
f 867/863/2 868/350/2 869/348/2
f 866/352/2 865/862/2 870/354/2
f 870/354/2 865/862/2 871/864/2
f 870/354/2 871/864/2 872/356/2
f 872/356/2 871/864/2 873/865/2
f 872/356/2 873/865/2 874/358/2
f 874/358/2 873/865/2 875/866/2
f 874/358/2 875/866/2 876/360/2
f 876/360/2 875/866/2 877/867/2
f 876/360/2 877/867/2 878/362/2
f 878/362/2 877/867/2 879/868/2
f 878/362/2 879/868/2 880/364/2
f 880/364/2 879/868/2 881/869/2
f 880/364/2 881/869/2 882/366/2
f 882/366/2 881/869/2 883/870/2
f 882/366/2 883/870/2 884/367/2
f 884/367/2 883/870/2 885/871/2
f 884/367/2 885/871/2 886/872/2
f 884/367/2 886/872/2 887/365/2
f 887/365/2 886/872/2 888/873/2
f 887/365/2 888/873/2 889/363/2
f 889/363/2 888/873/2 890/874/2
f 889/363/2 890/874/2 891/361/2
f 891/361/2 890/874/2 892/875/2
f 891/361/2 892/875/2 893/359/2
f 893/359/2 892/875/2 894/876/2
f 893/359/2 894/876/2 895/357/2
f 895/357/2 894/876/2 896/877/2
f 895/357/2 896/877/2 897/355/2
f 897/355/2 896/877/2 898/878/2
f 897/355/2 898/878/2 899/353/2
f 899/353/2 898/878/2 900/879/2
f 899/353/2 900/879/2 901/351/2
f 901/351/2 900/879/2 902/349/2
f 902/349/2 900/879/2 903/880/2
f 902/349/2 903/880/2 904/347/2
f 904/347/2 903/880/2 905/881/2
f 904/347/2 905/881/2 906/345/2
f 906/345/2 905/881/2 907/882/2
f 906/345/2 907/882/2 908/343/2
f 908/343/2 907/882/2 909/883/2
f 908/343/2 909/883/2 910/341/2
f 910/341/2 909/883/2 911/884/2
f 910/341/2 911/884/2 912/339/2
f 912/339/2 911/884/2 913/885/2
f 912/339/2 913/885/2 914/337/2
f 914/337/2 913/885/2 915/886/2
f 914/337/2 915/886/2 916/335/2
f 916/335/2 915/886/2 917/887/2
f 916/335/2 917/887/2 918/334/2
f 918/334/2 917/887/2 919/888/2
f 918/334/2 919/888/2 920/332/2
f 920/332/2 919/888/2 921/889/2
f 920/332/2 921/889/2 922/890/2
f 920/332/2 922/890/2 923/333/2
f 923/333/2 922/890/2 924/891/2
f 923/333/2 924/891/2 925/336/2
f 925/336/2 924/891/2 926/892/2
f 925/336/2 926/892/2 927/338/2
f 927/338/2 926/892/2 928/893/2
f 927/338/2 928/893/2 929/340/2
f 929/340/2 928/893/2 930/894/2
f 929/340/2 930/894/2 931/342/2
f 931/342/2 930/894/2 932/895/2
f 931/342/2 932/895/2 933/344/2
f 933/344/2 932/895/2 934/896/2
f 933/344/2 934/896/2 935/346/2
f 935/346/2 934/896/2 936/897/2
f 935/346/2 936/897/2 869/348/2
f 869/348/2 936/897/2 867/863/2
f 937/898/20 938/899/20 939/900/260
f 939/900/260 938/899/20 940/901/260
f 939/900/260 940/901/260 941/902/263
f 939/900/260 941/902/263 942/903/263
f 942/903/263 941/902/263 943/904/265
f 942/903/263 943/904/265 944/905/265
f 944/905/265 943/904/265 945/906/268
f 944/905/265 945/906/268 946/907/268
f 946/907/268 945/906/268 947/908/271
f 946/907/268 947/908/271 948/909/271
f 948/909/271 947/908/271 949/910/274
f 948/909/271 949/910/274 950/911/274
f 950/911/274 949/910/274 951/912/277
f 950/911/274 951/912/277 952/913/277
f 952/913/277 951/912/277 953/914/279
f 952/913/277 953/914/279 954/915/279
f 954/915/279 953/914/279 955/916/114
f 954/915/279 955/916/114 956/917/114
f 956/917/114 955/916/114 957/918/283
f 956/917/114 957/918/283 958/919/283
f 958/919/283 957/918/283 959/920/286
f 958/919/283 959/920/286 960/921/286
f 960/921/286 959/920/286 961/922/288
f 960/921/286 961/922/288 962/923/288
f 962/923/288 961/922/288 963/924/291
f 962/923/288 963/924/291 964/925/291
f 964/925/291 963/924/291 965/926/294
f 964/925/291 965/926/294 966/927/294
f 966/927/294 965/926/294 967/928/297
f 966/927/294 967/928/297 968/929/297
f 968/929/297 967/928/297 969/930/299
f 968/929/297 969/930/299 970/931/299
f 970/931/299 969/930/299 971/932/302
f 970/931/299 971/932/302 972/933/302
f 972/933/302 971/932/302 585/583/105
f 972/933/302 585/583/105 587/585/105
f 973/934/2 974/935/2 975/936/2
f 975/936/2 974/935/2 976/937/2
f 975/936/2 976/937/2 977/938/2
f 977/938/2 978/939/2 975/936/2
f 975/936/2 978/939/2 979/940/2
f 975/936/2 979/940/2 980/941/2
f 980/941/2 979/940/2 981/942/2
f 980/941/2 981/942/2 982/943/2
f 982/943/2 981/942/2 983/944/2
f 982/943/2 983/944/2 984/945/2
f 984/945/2 983/944/2 985/946/2
f 984/945/2 985/946/2 986/947/2
f 986/947/2 985/946/2 987/948/2
f 986/947/2 987/948/2 988/949/2
f 989/950/2 990/951/2 975/936/2
f 975/936/2 990/951/2 991/952/2
f 975/936/2 991/952/2 992/953/2
f 990/951/2 989/950/2 993/954/2
f 993/954/2 989/950/2 994/955/2
f 993/954/2 994/955/2 995/956/2
f 995/956/2 994/955/2 996/957/2
f 995/956/2 996/957/2 997/958/2
f 997/958/2 996/957/2 998/959/2
f 992/953/2 999/960/2 975/936/2
f 975/936/2 999/960/2 1000/961/2
f 975/936/2 1000/961/2 1001/962/2
f 1001/962/2 1002/963/2 975/936/2
f 975/936/2 1002/963/2 1003/964/2
f 975/936/2 1003/964/2 1004/965/2
f 1004/965/2 1005/966/2 975/936/2
f 975/936/2 1005/966/2 1006/967/2
f 975/936/2 1006/967/2 1007/968/2
f 1007/968/2 1008/969/2 975/936/2
f 975/936/2 1008/969/2 973/934/2
f 1009/970/305 1010/971/305 1011/972/305
f 1011/972/305 1010/971/305 1012/973/305
f 1011/972/305 1012/973/305 1013/974/305
f 1013/974/305 1012/973/305 1014/975/305
f 1013/974/305 1014/975/305 1015/976/305
f 1015/976/305 1014/975/305 1016/977/305
f 1015/976/305 1016/977/305 1017/978/305
f 1017/978/305 1016/977/305 1018/979/305
f 1017/978/305 1018/979/305 1019/980/305
f 1019/980/305 1018/979/305 1020/981/305
f 1019/980/305 1020/981/305 1021/982/305
f 1021/982/305 1020/981/305 1022/983/305
f 1021/982/305 1022/983/305 1023/984/305
f 1023/984/305 1022/983/305 1024/985/305
f 1023/984/305 1024/985/305 1025/986/305
f 1025/986/305 1024/985/305 1026/987/305
f 1025/986/305 1026/987/305 1027/988/305
f 1027/988/305 1026/987/305 1028/989/305
f 1028/989/305 1026/987/305 1029/990/305
f 1028/989/305 1029/990/305 1030/991/305
f 1030/991/305 1029/990/305 1031/992/305
f 1030/991/305 1031/992/305 1032/993/305
f 1032/993/305 1031/992/305 1033/994/305
f 1032/993/305 1033/994/305 1034/995/305
f 1034/995/305 1033/994/305 1035/996/305
f 1034/995/305 1035/996/305 1036/997/305
f 1036/997/305 1035/996/305 1037/998/305
f 1036/997/305 1037/998/305 1038/999/305
f 1038/999/305 1037/998/305 1039/1000/305
f 1038/999/305 1039/1000/305 1040/1001/305
f 1040/1001/305 1039/1000/305 1041/1002/305
f 1040/1001/305 1041/1002/305 1042/1003/305
f 1042/1003/305 1041/1002/305 1043/1004/305
f 1042/1003/305 1043/1004/305 1044/1005/305
f 1044/1005/305 1043/1004/305 1045/1006/305
f 1044/1005/305 1045/1006/305 1046/1007/305
f 1046/1007/305 1045/1006/305 1047/1008/305
f 1046/1007/305 1047/1008/305 1048/1009/305
f 1046/1007/305 1048/1009/305 1049/1010/305
f 1049/1010/305 1048/1009/305 1050/1011/305
f 1049/1010/305 1050/1011/305 1051/1012/305
f 1051/1012/305 1050/1011/305 1052/1013/305
f 1051/1012/305 1052/1013/305 1053/1014/305
f 1053/1014/305 1052/1013/305 1054/1015/305
f 1053/1014/305 1054/1015/305 1055/1016/305
f 1055/1016/305 1054/1015/305 1056/1017/305
f 1055/1016/305 1056/1017/305 1057/1018/305
f 1057/1018/305 1056/1017/305 1058/1019/305
f 1057/1018/305 1058/1019/305 1059/1020/305
f 1059/1020/305 1058/1019/305 1060/1021/305
f 1059/1020/305 1060/1021/305 1061/1022/305
f 1061/1022/305 1060/1021/305 1062/1023/305
f 1061/1022/305 1062/1023/305 1063/1024/305
f 1063/1024/305 1062/1023/305 1064/1025/305
f 1063/1024/305 1064/1025/305 1065/1026/305
f 1065/1026/305 1064/1025/305 1066/1027/305
f 1066/1027/305 1064/1025/305 1067/1028/305
f 1066/1027/305 1067/1028/305 1068/1029/305
f 1068/1029/305 1067/1028/305 1069/1030/305
f 1068/1029/305 1069/1030/305 1070/1031/305
f 1070/1031/305 1069/1030/305 1071/1032/305
f 1070/1031/305 1071/1032/305 1072/1033/305
f 1072/1033/305 1071/1032/305 1073/1034/305
f 1072/1033/305 1073/1034/305 1074/1035/305
f 1074/1035/305 1073/1034/305 1075/1036/305
f 1074/1035/305 1075/1036/305 1076/1037/305
f 1076/1037/305 1075/1036/305 1077/1038/305
f 1076/1037/305 1077/1038/305 1078/1039/305
f 1078/1039/305 1077/1038/305 1079/1040/305
f 1078/1039/305 1079/1040/305 1080/1041/305
f 1080/1041/305 1079/1040/305 1009/970/305
f 1080/1041/305 1009/970/305 1011/972/305
f 1081/1042/114 1082/404/114 1083/1043/114
f 1083/1043/114 1082/404/114 1084/406/114
f 1083/1043/114 1084/406/114 1085/1044/114
f 1085/1044/114 1084/406/114 1086/408/114
f 1085/1044/114 1086/408/114 1087/475/114
f 1082/404/114 1081/1042/114 1088/412/114
f 1088/412/114 1081/1042/114 1089/1045/114
f 1088/412/114 1089/1045/114 1090/414/114
f 1090/414/114 1089/1045/114 1091/1046/114
f 1090/414/114 1091/1046/114 1092/416/114
f 1092/416/114 1091/1046/114 1093/1047/114
f 1092/416/114 1093/1047/114 1094/418/114
f 1094/418/114 1093/1047/114 1095/1048/114
f 1094/418/114 1095/1048/114 1096/420/114
f 1096/420/114 1095/1048/114 1097/1049/114
f 1096/420/114 1097/1049/114 1098/422/114
f 1098/422/114 1097/1049/114 1099/1050/114
f 1098/422/114 1099/1050/114 1100/424/114
f 1100/424/114 1099/1050/114 1101/1051/114
f 1100/424/114 1101/1051/114 1102/426/114
f 1102/426/114 1101/1051/114 1103/1052/114
f 1102/426/114 1103/1052/114 1104/1053/114
f 1102/426/114 1104/1053/114 1105/427/114
f 1105/427/114 1104/1053/114 1106/1054/114
f 1105/427/114 1106/1054/114 1107/429/114
f 1107/429/114 1106/1054/114 1108/1055/114
f 1107/429/114 1108/1055/114 1109/431/114
f 1109/431/114 1108/1055/114 1110/1056/114
f 1109/431/114 1110/1056/114 1111/433/114
f 1111/433/114 1110/1056/114 1112/1057/114
f 1111/433/114 1112/1057/114 1113/435/114
f 1113/435/114 1112/1057/114 1114/1058/114
f 1113/435/114 1114/1058/114 1115/437/114
f 1115/437/114 1114/1058/114 1116/1059/114
f 1115/437/114 1116/1059/114 1117/439/114
f 1117/439/114 1116/1059/114 1118/1060/114
f 1117/439/114 1118/1060/114 1119/441/114
f 1119/441/114 1118/1060/114 1120/1061/114
f 1119/441/114 1120/1061/114 1121/443/114
f 1121/443/114 1120/1061/114 1122/446/114
f 1122/446/114 1120/1061/114 1123/1062/114
f 1122/446/114 1123/1062/114 1124/448/114
f 1124/448/114 1123/1062/114 1125/1063/114
f 1124/448/114 1125/1063/114 1126/450/114
f 1126/450/114 1125/1063/114 1127/1064/114
f 1126/450/114 1127/1064/114 1128/452/114
f 1128/452/114 1127/1064/114 1129/1065/114
f 1128/452/114 1129/1065/114 1130/454/114
f 1130/454/114 1129/1065/114 1131/1066/114
f 1130/454/114 1131/1066/114 1132/456/114
f 1132/456/114 1131/1066/114 1133/1067/114
f 1132/456/114 1133/1067/114 1134/458/114
f 1134/458/114 1133/1067/114 1135/1068/114
f 1134/458/114 1135/1068/114 1136/460/114
f 1136/460/114 1135/1068/114 1137/1069/114
f 1136/460/114 1137/1069/114 1138/462/114
f 1138/462/114 1137/1069/114 1139/1070/114
f 1138/462/114 1139/1070/114 1140/1071/114
f 1138/462/114 1140/1071/114 1141/463/114
f 1141/463/114 1140/1071/114 1142/1072/114
f 1141/463/114 1142/1072/114 1143/465/114
f 1143/465/114 1142/1072/114 1144/1073/114
f 1143/465/114 1144/1073/114 1145/467/114
f 1145/467/114 1144/1073/114 1146/1074/114
f 1145/467/114 1146/1074/114 1147/469/114
f 1147/469/114 1146/1074/114 1148/1075/114
f 1147/469/114 1148/1075/114 1149/471/114
f 1149/471/114 1148/1075/114 1150/1076/114
f 1149/471/114 1150/1076/114 1151/473/114
f 1151/473/114 1150/1076/114 1152/1077/114
f 1151/473/114 1152/1077/114 1087/475/114
f 1087/475/114 1152/1077/114 1085/1044/114
# Vertices: 1152, normals: 305, texture coordinates: 1077, faces: 1272

