# File generated by ImageToStl.com - Free Image and 3D model conversion tools

mtllib link2.mtl

o obj1
v 0.36799992 0.055345 0.10055518
v 0.36799992 0.0538 0.10080018
v 0.38214892 0.052805 0.1007242
v 0.38192392 0.051967 0.1008002
v 0.39533392 0.047344 0.10072421
v 0.39489992 0.046592 0.10080021
v 0.40665592 0.038656 0.10072422
v 0.40604192 0.038042 0.10080022
v 0.41534392 0.027334 0.10072423
v 0.41459192 0.0269 0.10080023
v 0.42080492 0.014149 0.10072424
v 0.41996692 0.013924 0.10080024
v 0.42266792 0 0.10072424
v 0.42179992 0 0.10080024
v 0.42080492 -0.014149 0.10072424
v 0.41996692 -0.013924 0.10080024
v 0.41534392 -0.027334 0.10072423
v 0.41459192 -0.0269 0.10080023
v 0.40665592 -0.038656 0.10072422
v 0.40604192 -0.038042 0.10080022
v 0.39533392 -0.047344 0.10072421
v 0.39489992 -0.046592 0.10080021
v 0.38214892 -0.052805 0.1007242
v 0.38192392 -0.051967 0.1008002
v 0.36799992 -0.0538 0.10080018
v 0.36799992 -0.055345 0.10055518
v 0.38257192 -0.054382 0.1001302
v 0.39614992 -0.048757 0.10013021
v 0.40780992 -0.03981 0.10013022
v 0.41675692 -0.02815 0.10013023
v 0.42238192 -0.014572 0.10013024
v 0.42429992 0 0.10013024
v 0.42238192 0.014572 0.10013024
v 0.41675692 0.02815 0.10013023
v 0.40780992 0.03981 0.10013022
v 0.39614992 0.048757 0.10013021
v 0.38257192 0.054382 0.1001302
v 0.36799992 0.056739 0.09984518
v 0.38291592 0.055667 0.0990142
v 0.36799992 0.057845 0.09873918
v 0.38314092 0.056505 0.0975102
v 0.36799992 0.058555 0.09734518
v 0.38321892 0.056796 0.0958002
v 0.36799992 0.0588 0.09580018
v 0.36799992 -0.056739 0.09984518
v 0.38291592 -0.055667 0.0990142
v 0.39681492 -0.049909 0.09901421
v 0.40875092 -0.040751 0.09901422
v 0.41790892 -0.028815 0.09901423
v 0.42366692 -0.014916 0.09901424
v 0.42562992 0 0.09901424
v 0.42366692 0.014916 0.09901424
v 0.41790892 0.028815 0.09901423
v 0.40875092 0.040751 0.09901422
v 0.39681492 0.049909 0.09901421
v 0.36799992 -0.057845 0.09873918
v 0.38314092 -0.056505 0.0975102
v 0.39724892 -0.050661 0.09751021
v 0.40936492 -0.041365 0.09751023
v 0.41866092 -0.029249 0.09751023
v 0.42450492 -0.015141 0.09751024
v 0.42649792 0 0.09751024
v 0.42450492 0.015141 0.09751024
v 0.41866092 0.029249 0.09751023
v 0.40936492 0.041365 0.09751023
v 0.39724892 0.050661 0.09751021
v 0.36799992 -0.058555 0.09734518
v 0.38321892 -0.056796 0.0958002
v 0.39739992 -0.050922 0.09580021
v 0.40957792 -0.041578 0.09580023
v 0.41892192 -0.0294 0.09580023
v 0.42479592 -0.015219 0.09580024
v 0.42679992 0 0.09580024
v 0.42479592 0.015219 0.09580024
v 0.41892192 0.0294 0.09580023
v 0.40957792 0.041578 0.09580023
v 0.39739992 0.050922 0.09580021
v 0.36799992 -0.0588 0.09580018
v 0.36799992 -0.0588 0.09580018
v 0.36799995 -0.0588 0.06456518
v 0.38321892 -0.056796 0.0958002
v 0.38321896 -0.056796 0.0604882
v 0.39739992 -0.050922 0.09580021
v 0.39739996 -0.050922 0.05668821
v 0.40957792 -0.041578 0.09580023
v 0.40957797 -0.041578 0.05342523
v 0.41892192 -0.0294 0.09580023
v 0.41892197 -0.0294 0.05092123
v 0.42479592 -0.015219 0.09580024
v 0.42479597 -0.015219 0.04934724
v 0.42679992 0 0.09580024
v 0.42679997 0 0.04881024
v 0.42479597 0.015219 0.04934724
v 0.42479592 0.015219 0.09580024
v 0.41892197 0.0294 0.05092123
v 0.41892192 0.0294 0.09580023
v 0.40957797 0.041578 0.05342523
v 0.40957792 0.041578 0.09580023
v 0.39739996 0.050922 0.05668821
v 0.39739992 0.050922 0.09580021
v 0.38321896 0.056796 0.0604882
v 0.38321892 0.056796 0.0958002
v 0.36799995 0.0588 0.06456518
v 0.36799992 0.0588 0.09580018
v -8E-08 0.055345 0.10055482
v -8E-08 0.0538 0.10079982
v 0.01414892 0.052805 0.10072383
v 0.01392392 0.051967 0.10079983
v 0.02733392 0.047344 0.10072384
v 0.02689992 0.046592 0.10079984
v 0.03865592 0.038656 0.10072385
v 0.03804192 0.038042 0.10079985
v 0.04734392 0.027334 0.10072386
v 0.04659192 0.0269 0.10079986
v 0.05280492 0.014149 0.10072387
v 0.05196692 0.013924 0.10079987
v 0.05466792 0 0.10072387
v 0.05379992 0 0.10079987
v 0.05280492 -0.014149 0.10072387
v 0.05196692 -0.013924 0.10079987
v 0.04734392 -0.027334 0.10072386
v 0.04659192 -0.0269 0.10079986
v 0.03865592 -0.038656 0.10072385
v 0.03804192 -0.038042 0.10079985
v 0.02733392 -0.047344 0.10072384
v 0.02689992 -0.046592 0.10079984
v 0.01414892 -0.052805 0.10072383
v 0.01392392 -0.051967 0.10079983
v -8E-08 -0.0538 0.10079982
v -8E-08 -0.055345 0.10055482
v 0.01457192 -0.054382 0.10012983
v 0.02814992 -0.048757 0.10012984
v 0.03980992 -0.03981 0.10012986
v 0.04875692 -0.02815 0.10012986
v 0.05438192 -0.014572 0.10012987
v 0.05629992 0 0.10012987
v 0.05438192 0.014572 0.10012987
v 0.04875692 0.02815 0.10012986
v 0.03980992 0.03981 0.10012986
v 0.02814992 0.048757 0.10012984
v 0.01457192 0.054382 0.10012983
v -8E-08 0.056739 0.09984482
v 0.01491592 0.055667 0.09901383
v -8E-08 0.057845 0.09873882
v 0.01514092 0.056505 0.09750983
v -8E-08 0.058555 0.09734482
v 0.01521892 0.056796 0.09579983
v -8E-08 0.0588 0.09579982
v -8E-08 -0.056739 0.09984482
v 0.01491592 -0.055667 0.09901383
v 0.02881492 -0.049909 0.09901384
v 0.04075092 -0.040751 0.09901386
v 0.04990892 -0.028815 0.09901387
v 0.05566692 -0.014916 0.09901387
v 0.05762992 0 0.09901387
v 0.05566692 0.014916 0.09901387
v 0.04990892 0.028815 0.09901387
v 0.04075092 0.040751 0.09901386
v 0.02881492 0.049909 0.09901384
v -8E-08 -0.057845 0.09873882
v 0.01514092 -0.056505 0.09750983
v 0.02924892 -0.050661 0.09750985
v 0.04136492 -0.041365 0.09750986
v 0.05066092 -0.029249 0.09750987
v 0.05650492 -0.015141 0.09750987
v 0.05849792 0 0.09750987
v 0.05650492 0.015141 0.09750987
v 0.05066092 0.029249 0.09750987
v 0.04136492 0.041365 0.09750986
v 0.02924892 0.050661 0.09750985
v -8E-08 -0.058555 0.09734482
v 0.01521892 -0.056796 0.09579983
v 0.02939992 -0.050922 0.09579985
v 0.04157792 -0.041578 0.09579986
v 0.05092192 -0.0294 0.09579987
v 0.05679592 -0.015219 0.09579987
v 0.05879992 0 0.09579987
v 0.05679592 0.015219 0.09579987
v 0.05092192 0.0294 0.09579987
v 0.04157792 0.041578 0.09579986
v 0.02939992 0.050922 0.09579985
v -8E-08 -0.0588 0.09579982
v -6E-08 -0.0588 0.07491782
v 0.01521894 -0.056796 0.07899583
v -8E-08 -0.0588 0.09579982
v 0.01521892 -0.056796 0.09579983
v 0.02939994 -0.050922 0.08279585
v 0.02939992 -0.050922 0.09579985
v 0.04157793 -0.041578 0.08605886
v 0.04157792 -0.041578 0.09579986
v 0.05092193 -0.0294 0.08856287
v 0.05092192 -0.0294 0.09579987
v 0.05679593 -0.015219 0.09013687
v 0.05679592 -0.015219 0.09579987
v 0.05879993 0 0.09067387
v 0.05879992 0 0.09579987
v 0.05679592 0.015219 0.09579987
v 0.05679593 0.015219 0.09013687
v 0.05092192 0.0294 0.09579987
v 0.05092193 0.0294 0.08856287
v 0.04157792 0.041578 0.09579986
v 0.04157793 0.041578 0.08605886
v 0.02939992 0.050922 0.09579985
v 0.02939994 0.050922 0.08279585
v 0.01521892 0.056796 0.09579983
v 0.01521894 0.056796 0.07899583
v -8E-08 0.0588 0.09579982
v -6E-08 0.0588 0.07491782
v 7E-08 0.056 -0.05230018
v 0.01449407 0.054092 -0.05230017
v 8E-08 0.056 -0.05950018
v 0.01449408 0.054092 -0.05950017
v 0.02800007 0.048497 -0.05230016
v 0.02800008 0.048497 -0.05950016
v 0.03959807 0.039598 -0.05230014
v 0.03959808 0.039598 -0.05950014
v 0.04849707 0.028 -0.05230014
v 0.04849708 0.028 -0.05950014
v 0.05409207 0.014494 -0.05230013
v 0.05409208 0.014494 -0.05950013
v 0.05600007 0 -0.05230013
v 0.05600008 0 -0.05950013
v 0.05409207 -0.014494 -0.05230013
v 0.05409208 -0.014494 -0.05950013
v 0.04849707 -0.028 -0.05230014
v 0.04849708 -0.028 -0.05950014
v 0.03959807 -0.039598 -0.05230014
v 0.03959808 -0.039598 -0.05950014
v 0.02800007 -0.048497 -0.05230016
v 0.02800008 -0.048497 -0.05950016
v 0.01449407 -0.054092 -0.05230017
v 0.01449408 -0.054092 -0.05950017
v 8E-08 -0.056 -0.05950018
v 7E-08 -0.056 -0.05230018
v 0.36800007 0.056 -0.05229982
v 0.38249407 0.054092 -0.0522998
v 0.36800008 0.056 -0.05949982
v 0.38249408 0.054092 -0.0594998
v 0.39600007 0.048497 -0.05229979
v 0.39600008 0.048497 -0.05949979
v 0.40759807 0.039598 -0.05229978
v 0.40759808 0.039598 -0.05949978
v 0.41649707 0.028 -0.05229977
v 0.41649708 0.028 -0.05949977
v 0.42209207 0.014494 -0.05229976
v 0.42209208 0.014494 -0.05949976
v 0.42400007 0 -0.05229976
v 0.42400008 0 -0.05949976
v 0.42209207 -0.014494 -0.05229976
v 0.42209208 -0.014494 -0.05949976
v 0.41649707 -0.028 -0.05229977
v 0.41649708 -0.028 -0.05949977
v 0.40759807 -0.039598 -0.05229978
v 0.40759808 -0.039598 -0.05949978
v 0.39600007 -0.048497 -0.05229979
v 0.39600008 -0.048497 -0.05949979
v 0.38249407 -0.054092 -0.0522998
v 0.38249408 -0.054092 -0.0594998
v 0.36800008 -0.056 -0.05949982
v 0.36800007 -0.056 -0.05229982
v 7E-08 0.0588 -0.05230018
v 6E-08 0.0588 -0.04430018
v 0.01521907 0.056796 -0.05230017
v 0.01521906 0.056796 -0.04430017
v 0.02940007 0.050922 -0.05230015
v 0.02940006 0.050922 -0.04430015
v 0.04157807 0.041578 -0.05230014
v 0.04157806 0.041578 -0.04430014
v 0.05092207 0.0294 -0.05230013
v 0.05092206 0.0294 -0.04430013
v 0.05679607 0.015219 -0.05230013
v 0.05679606 0.015219 -0.04430013
v 0.05880007 0 -0.05230013
v 0.05880006 0 -0.04430013
v 0.05679607 -0.015219 -0.05230013
v 0.05679606 -0.015219 -0.04430013
v 0.05092207 -0.0294 -0.05230013
v 0.05092206 -0.0294 -0.04430013
v 0.04157807 -0.041578 -0.05230014
v 0.04157806 -0.041578 -0.04430014
v 0.02940007 -0.050922 -0.05230015
v 0.02940006 -0.050922 -0.04430015
v 0.01521907 -0.056796 -0.05230017
v 0.01521906 -0.056796 -0.04430017
v 7E-08 -0.0588 -0.05230018
v 6E-08 -0.0588 -0.04430018
v 0.36800007 0.0588 -0.05229982
v 0.36800006 0.0588 -0.04429982
v 0.38321907 0.056796 -0.0522998
v 0.38321906 0.056796 -0.0442998
v 0.39740007 0.050922 -0.05229979
v 0.39740006 0.050922 -0.04429979
v 0.40957807 0.041578 -0.05229977
v 0.40957806 0.041578 -0.04429977
v 0.41892207 0.0294 -0.05229977
v 0.41892206 0.0294 -0.04429977
v 0.42479607 0.015219 -0.05229976
v 0.42479606 0.015219 -0.04429976
v 0.42680007 0 -0.05229976
v 0.42680006 0 -0.04429976
v 0.42479607 -0.015219 -0.05229976
v 0.42479606 -0.015219 -0.04429976
v 0.41892207 -0.0294 -0.05229977
v 0.41892206 -0.0294 -0.04429977
v 0.40957807 -0.041578 -0.05229977
v 0.40957806 -0.041578 -0.04429977
v 0.39740007 -0.050922 -0.05229979
v 0.39740006 -0.050922 -0.04429979
v 0.38321907 -0.056796 -0.0522998
v 0.38321906 -0.056796 -0.0442998
v 0.36800007 -0.0588 -0.05229982
v 0.36800006 -0.0588 -0.04429982
v 0.29400006 0 -0.03999989
v 0.27950004 0 -0.0254999
v 0.29400006 0.01527 -0.03798989
v 0.27950004 0.012537 -0.0236969
v 0.29400005 0.0295 -0.03209589
v 0.27950004 0.024059 -0.0184359
v 0.29400004 0.041719 -0.02271889
v 0.27950003 0.033631 -0.0101409
v 0.29400003 0.051096 -0.01049989
v 0.27950002 0.040479 0.0005141
v 0.29400002 0.05699 0.00373011
v 0.27950001 0.044047 0.0126671
v 0.294 0.059 0.01900011
v 0.27949999 0.044047 0.0253331
v 0.29399998 0.05699 0.03427011
v 0.27949998 0.040479 0.0374861
v 0.29399997 0.051096 0.04850011
v 0.27949997 0.033631 0.0481411
v 0.29399996 0.041719 0.06071911
v 0.27949996 0.024059 0.0564361
v 0.29399995 0.0295 0.07009611
v 0.27949996 0.012537 0.0616971
v 0.29399994 0.01527 0.07599011
v 0.27949996 0 0.0635001
v 0.29399994 0 0.07800011
v 0.07399994 0 0.07799989
v 0.08849996 0 0.0634999
v 0.07399994 0.01527 0.07598989
v 0.08849996 0.012537 0.0616969
v 0.07399995 0.0295 0.07009589
v 0.08849996 0.024059 0.0564359
v 0.07399996 0.041719 0.06071889
v 0.08849997 0.033631 0.0481409
v 0.07399997 0.051096 0.04849989
v 0.08849998 0.040479 0.0374859
v 0.07399998 0.05699 0.03426989
v 0.08849999 0.044047 0.0253329
v 0.074 0.059 0.01899989
v 0.08850001 0.044047 0.0126669
v 0.07400002 0.05699 0.00372989
v 0.08850002 0.040479 0.0005139
v 0.07400003 0.051096 -0.01050011
v 0.08850003 0.033631 -0.0101411
v 0.07400004 0.041719 -0.02271911
v 0.08850004 0.024059 -0.0184361
v 0.07400005 0.0295 -0.03209611
v 0.08850004 0.012537 -0.0236971
v 0.07400006 0.01527 -0.03799011
v 0.08850004 0 -0.0255001
v 0.07400006 0 -0.04000011
v 0.07400006 0 -0.04000011
v 0.08850004 0 -0.0255001
v 0.07400006 -0.01527 -0.03799011
v 0.08850004 -0.012537 -0.0236971
v 0.07400005 -0.0295 -0.03209611
v 0.08850004 -0.024059 -0.0184361
v 0.07400004 -0.041719 -0.02271911
v 0.08850003 -0.033631 -0.0101411
v 0.07400003 -0.051096 -0.01050011
v 0.08850002 -0.040479 0.0005139
v 0.07400002 -0.05699 0.00372989
v 0.08850001 -0.044047 0.0126669
v 0.074 -0.059 0.01899989
v 0.08849999 -0.044047 0.0253329
v 0.07399998 -0.05699 0.03426989
v 0.08849998 -0.040479 0.0374859
v 0.07399997 -0.051096 0.04849989
v 0.08849997 -0.033631 0.0481409
v 0.07399996 -0.041719 0.06071889
v 0.08849996 -0.024059 0.0564359
v 0.07399995 -0.0295 0.07009589
v 0.08849996 -0.012537 0.0616969
v 0.07399994 -0.01527 0.07598989
v 0.29399994 0 0.07800011
v 0.27949996 0 0.0635001
v 0.29399994 -0.01527 0.07599011
v 0.27949996 -0.012537 0.0616971
v 0.29399995 -0.0295 0.07009611
v 0.27949996 -0.024059 0.0564361
v 0.29399996 -0.041719 0.06071911
v 0.27949997 -0.033631 0.0481411
v 0.29399997 -0.051096 0.04850011
v 0.27949998 -0.040479 0.0374861
v 0.29399998 -0.05699 0.03427011
v 0.27949999 -0.044047 0.0253331
v 0.294 -0.059 0.01900011
v 0.27950001 -0.044047 0.0126671
v 0.29400002 -0.05699 0.00373011
v 0.27950002 -0.040479 0.0005141
v 0.29400003 -0.051096 -0.01049989
v 0.27950003 -0.033631 -0.0101409
v 0.29400004 -0.041719 -0.02271889
v 0.27950004 -0.024059 -0.0184359
v 0.29400005 -0.0295 -0.03209589
v 0.27950004 -0.012537 -0.0236969
v 0.29400006 -0.01527 -0.03798989
v 0.36800007 -0.0588 -0.05229982
v 0.36800006 -0.0588 -0.04429982
v 0.35278107 -0.056796 -0.05229983
v 0.35278106 -0.056796 -0.04429983
v 0.33860007 -0.050922 -0.05229985
v 0.33860006 -0.050922 -0.04429985
v 0.32642207 -0.041578 -0.05229986
v 0.32642206 -0.041578 -0.04429986
v 0.31707807 -0.0294 -0.05229987
v 0.31707806 -0.0294 -0.04429987
v 0.31120407 -0.015219 -0.05229987
v 0.31120406 -0.015219 -0.04429987
v 0.30920007 0 -0.05229987
v 0.30920006 0 -0.04429987
v 0.31120407 0.015219 -0.05229987
v 0.31120406 0.015219 -0.04429987
v 0.31707807 0.0294 -0.05229987
v 0.31707806 0.0294 -0.04429987
v 0.32642207 0.041578 -0.05229986
v 0.32642206 0.041578 -0.04429986
v 0.33860007 0.050922 -0.05229985
v 0.33860006 0.050922 -0.04429985
v 0.35278107 0.056796 -0.05229983
v 0.35278106 0.056796 -0.04429983
v 7E-08 -0.0588 -0.05230018
v 6E-08 -0.0588 -0.04430018
v -0.01521893 -0.056796 -0.0523002
v -0.01521894 -0.056796 -0.0443002
v -0.02939993 -0.050922 -0.05230021
v -0.02939994 -0.050922 -0.04430021
v -0.04157793 -0.041578 -0.05230023
v -0.04157794 -0.041578 -0.04430023
v -0.05092193 -0.0294 -0.05230023
v -0.05092194 -0.0294 -0.04430023
v -0.05679593 -0.015219 -0.05230024
v -0.05679594 -0.015219 -0.04430024
v -0.05879993 0 -0.05230024
v -0.05879994 0 -0.04430024
v -0.05679593 0.015219 -0.05230024
v -0.05679594 0.015219 -0.04430024
v -0.05092193 0.0294 -0.05230023
v -0.05092194 0.0294 -0.04430023
v -0.04157793 0.041578 -0.05230023
v -0.04157794 0.041578 -0.04430023
v -0.02939993 0.050922 -0.05230021
v -0.02939994 0.050922 -0.04430021
v -0.01521893 0.056796 -0.0523002
v -0.01521894 0.056796 -0.0443002
v 0.38249408 0.054092 -0.0594998
v 0.38249408 -0.054092 -0.0594998
v 0.36800008 0.056 -0.05949982
v 0.36800008 -0.056 -0.05949982
v 0.35350608 0.054092 -0.05949983
v 0.35350608 -0.054092 -0.05949983
v 0.34000008 0.048497 -0.05949984
v 0.34000008 -0.048497 -0.05949984
v 0.32840208 0.039598 -0.05949986
v 0.32840208 -0.039598 -0.05949986
v 0.31950308 0.028 -0.05949986
v 0.31950308 -0.028 -0.05949986
v 0.31390808 0.014494 -0.05949987
v 0.31390808 -0.014494 -0.05949987
v 0.31200008 0 -0.05949987
v 0.39600008 -0.048497 -0.05949979
v 0.39600008 0.048497 -0.05949979
v 0.40759808 -0.039598 -0.05949978
v 0.40759808 0.039598 -0.05949978
v 0.41649708 -0.028 -0.05949977
v 0.41649708 0.028 -0.05949977
v 0.42209208 -0.014494 -0.05949976
v 0.42209208 0.014494 -0.05949976
v 0.42400008 0 -0.05949976
v 0.36800008 -0.056 -0.05949982
v 0.36800007 -0.056 -0.05229982
v 0.35350608 -0.054092 -0.05949983
v 0.35350607 -0.054092 -0.05229983
v 0.34000007 -0.048497 -0.05229984
v 0.34000008 -0.048497 -0.05949984
v 0.32840207 -0.039598 -0.05229986
v 0.32840208 -0.039598 -0.05949986
v 0.31950307 -0.028 -0.05229986
v 0.31950308 -0.028 -0.05949986
v 0.31390807 -0.014494 -0.05229987
v 0.31390808 -0.014494 -0.05949987
v 0.31200007 0 -0.05229987
v 0.31200008 0 -0.05949987
v 0.31390807 0.014494 -0.05229987
v 0.31390808 0.014494 -0.05949987
v 0.31950307 0.028 -0.05229986
v 0.31950308 0.028 -0.05949986
v 0.32840207 0.039598 -0.05229986
v 0.32840208 0.039598 -0.05949986
v 0.34000007 0.048497 -0.05229984
v 0.34000008 0.048497 -0.05949984
v 0.35350607 0.054092 -0.05229983
v 0.35350608 0.054092 -0.05949983
v 0.35278107 0.056796 -0.05229983
v 0.36800007 0.0588 -0.05229982
v 0.36800007 0.056 -0.05229982
v 0.38321907 0.056796 -0.0522998
v 0.38249407 0.054092 -0.0522998
v 0.39740007 0.050922 -0.05229979
v 0.39600007 0.048497 -0.05229979
v 0.40957807 0.041578 -0.05229977
v 0.40759807 0.039598 -0.05229978
v 0.41892207 0.0294 -0.05229977
v 0.41649707 0.028 -0.05229977
v 0.42479607 0.015219 -0.05229976
v 0.42209207 0.014494 -0.05229976
v 0.42680007 0 -0.05229976
v 0.42400007 0 -0.05229976
v 0.42209207 -0.014494 -0.05229976
v 0.42479607 -0.015219 -0.05229976
v 0.41649707 -0.028 -0.05229977
v 0.41892207 -0.0294 -0.05229977
v 0.40759807 -0.039598 -0.05229978
v 0.40957807 -0.041578 -0.05229977
v 0.39600007 -0.048497 -0.05229979
v 0.39740007 -0.050922 -0.05229979
v 0.38249407 -0.054092 -0.0522998
v 0.38321907 -0.056796 -0.0522998
v 0.36800007 -0.056 -0.05229982
v 0.36800007 -0.0588 -0.05229982
v 0.35278107 -0.056796 -0.05229983
v 0.35350607 -0.054092 -0.05229983
v 0.33860007 -0.050922 -0.05229985
v 0.34000007 -0.048497 -0.05229984
v 0.32642207 -0.041578 -0.05229986
v 0.32840207 -0.039598 -0.05229986
v 0.31707807 -0.0294 -0.05229987
v 0.31950307 -0.028 -0.05229986
v 0.31120407 -0.015219 -0.05229987
v 0.31390807 -0.014494 -0.05229987
v 0.30920007 0 -0.05229987
v 0.31200007 0 -0.05229987
v 0.31390807 0.014494 -0.05229987
v 0.31120407 0.015219 -0.05229987
v 0.31950307 0.028 -0.05229986
v 0.31707807 0.0294 -0.05229987
v 0.32840207 0.039598 -0.05229986
v 0.32642207 0.041578 -0.05229986
v 0.34000007 0.048497 -0.05229984
v 0.33860007 0.050922 -0.05229985
v 0.35350607 0.054092 -0.05229983
v 0.01449408 0.054092 -0.05950017
v 0.01449408 -0.054092 -0.05950017
v 8E-08 0.056 -0.05950018
v 8E-08 -0.056 -0.05950018
v -0.01449392 0.054092 -0.0595002
v -0.01449392 -0.054092 -0.0595002
v -0.02799992 0.048497 -0.05950021
v -0.02799992 -0.048497 -0.05950021
v -0.03959792 0.039598 -0.05950022
v -0.03959792 -0.039598 -0.05950022
v -0.04849692 0.028 -0.05950023
v -0.04849692 -0.028 -0.05950023
v -0.05409192 0.014494 -0.05950024
v -0.05409192 -0.014494 -0.05950024
v -0.05599992 0 -0.05950024
v 0.02800008 -0.048497 -0.05950016
v 0.02800008 0.048497 -0.05950016
v 0.03959808 -0.039598 -0.05950014
v 0.03959808 0.039598 -0.05950014
v 0.04849708 -0.028 -0.05950014
v 0.04849708 0.028 -0.05950014
v 0.05409208 -0.014494 -0.05950013
v 0.05409208 0.014494 -0.05950013
v 0.05600008 0 -0.05950013
v 8E-08 -0.056 -0.05950018
v 7E-08 -0.056 -0.05230018
v -0.01449392 -0.054092 -0.0595002
v -0.01449393 -0.054092 -0.0523002
v -0.02799993 -0.048497 -0.05230021
v -0.02799992 -0.048497 -0.05950021
v -0.03959793 -0.039598 -0.05230022
v -0.03959792 -0.039598 -0.05950022
v -0.04849693 -0.028 -0.05230023
v -0.04849692 -0.028 -0.05950023
v -0.05409193 -0.014494 -0.05230024
v -0.05409192 -0.014494 -0.05950024
v -0.05599993 0 -0.05230024
v -0.05599992 0 -0.05950024
v -0.05409193 0.014494 -0.05230024
v -0.05409192 0.014494 -0.05950024
v -0.04849693 0.028 -0.05230023
v -0.04849692 0.028 -0.05950023
v -0.03959793 0.039598 -0.05230022
v -0.03959792 0.039598 -0.05950022
v -0.02799993 0.048497 -0.05230021
v -0.02799992 0.048497 -0.05950021
v -0.01449393 0.054092 -0.0523002
v -0.01449392 0.054092 -0.0595002
v -0.01521893 0.056796 -0.0523002
v 7E-08 0.0588 -0.05230018
v 7E-08 0.056 -0.05230018
v 0.01521907 0.056796 -0.05230017
v 0.01449407 0.054092 -0.05230017
v 0.02940007 0.050922 -0.05230015
v 0.02800007 0.048497 -0.05230016
v 0.04157807 0.041578 -0.05230014
v 0.03959807 0.039598 -0.05230014
v 0.05092207 0.0294 -0.05230013
v 0.04849707 0.028 -0.05230014
v 0.05679607 0.015219 -0.05230013
v 0.05409207 0.014494 -0.05230013
v 0.05880007 0 -0.05230013
v 0.05600007 0 -0.05230013
v 0.05409207 -0.014494 -0.05230013
v 0.05679607 -0.015219 -0.05230013
v 0.04849707 -0.028 -0.05230014
v 0.05092207 -0.0294 -0.05230013
v 0.03959807 -0.039598 -0.05230014
v 0.04157807 -0.041578 -0.05230014
v 0.02800007 -0.048497 -0.05230016
v 0.02940007 -0.050922 -0.05230015
v 0.01449407 -0.054092 -0.05230017
v 0.01521907 -0.056796 -0.05230017
v 7E-08 -0.056 -0.05230018
v 7E-08 -0.0588 -0.05230018
v -0.01521893 -0.056796 -0.0523002
v -0.01449393 -0.054092 -0.0523002
v -0.02939993 -0.050922 -0.05230021
v -0.02799993 -0.048497 -0.05230021
v -0.04157793 -0.041578 -0.05230023
v -0.03959793 -0.039598 -0.05230022
v -0.05092193 -0.0294 -0.05230023
v -0.04849693 -0.028 -0.05230023
v -0.05679593 -0.015219 -0.05230024
v -0.05409193 -0.014494 -0.05230024
v -0.05879993 0 -0.05230024
v -0.05599993 0 -0.05230024
v -0.05409193 0.014494 -0.05230024
v -0.05679593 0.015219 -0.05230024
v -0.04849693 0.028 -0.05230023
v -0.05092193 0.0294 -0.05230023
v -0.03959793 0.039598 -0.05230022
v -0.04157793 0.041578 -0.05230023
v -0.02799993 0.048497 -0.05230021
v -0.02939993 0.050922 -0.05230021
v -0.01449393 0.054092 -0.0523002
v -8E-08 0.0588 0.09579982
v -6E-08 0.0588 0.07491782
v -0.01521908 0.056796 0.0957998
v -0.01521905 0.056796 0.0708398
v -0.02940008 0.050922 0.09579979
v -0.02940005 0.050922 0.06703979
v -0.04157808 0.041578 0.09579977
v -0.04157804 0.041578 0.06377677
v -0.05092208 0.0294 0.09579977
v -0.05092204 0.0294 0.06127377
v -0.05679608 0.015219 0.09579976
v -0.05679604 0.015219 0.05969976
v -0.05880008 0 0.09579976
v -0.05880004 0 0.05916276
v -0.05679604 -0.015219 0.05969976
v -0.05679608 -0.015219 0.09579976
v -0.05092204 -0.0294 0.06127377
v -0.05092208 -0.0294 0.09579977
v -0.04157804 -0.041578 0.06377677
v -0.04157808 -0.041578 0.09579977
v -0.02940005 -0.050922 0.06703979
v -0.02940008 -0.050922 0.09579979
v -0.01521905 -0.056796 0.0708398
v -0.01521908 -0.056796 0.0957998
v -0.01527005 -0.05699 0.0708258
v -6E-08 -0.059 0.07491782
v -6E-08 -0.0588 0.07491782
v 0.01526994 -0.05699 0.07900983
v 0.01521894 -0.056796 0.07899583
v 0.02949994 -0.051096 0.08282285
v 0.02939994 -0.050922 0.08279585
v 0.04171893 -0.041719 0.08609686
v 0.04157793 -0.041578 0.08605886
v 0.05109593 -0.0295 0.08860887
v 0.05092193 -0.0294 0.08856287
v 0.05698993 -0.01527 0.09018787
v 0.05679593 -0.015219 0.09013687
v 0.05899993 0 0.09072688
v 0.05879993 0 0.09067387
v 0.05679593 0.015219 0.09013687
v 0.05698993 0.01527 0.09018787
v 0.05092193 0.0294 0.08856287
v 0.05109593 0.0295 0.08860887
v 0.04157793 0.041578 0.08605886
v 0.04171893 0.041719 0.08609686
v 0.02939994 0.050922 0.08279585
v 0.02949994 0.051096 0.08282285
v 0.01521894 0.056796 0.07899583
v 0.01526994 0.05699 0.07900983
v -6E-08 0.0588 0.07491782
v -6E-08 0.059 0.07491782
v -0.01527005 0.05699 0.0708258
v -0.01521905 0.056796 0.0708398
v -0.02950005 0.051096 0.06701379
v -0.02940005 0.050922 0.06703979
v -0.04171904 0.041719 0.06373877
v -0.04157804 0.041578 0.06377677
v -0.05109604 0.0295 0.06122676
v -0.05092204 0.0294 0.06127377
v -0.05699004 0.01527 0.05964776
v -0.05679604 0.015219 0.05969976
v -0.05900004 0 0.05910876
v -0.05880004 0 0.05916276
v -0.05679604 -0.015219 0.05969976
v -0.05699004 -0.01527 0.05964776
v -0.05092204 -0.0294 0.06127377
v -0.05109604 -0.0295 0.06122676
v -0.04157804 -0.041578 0.06377677
v -0.04171904 -0.041719 0.06373877
v -0.02940005 -0.050922 0.06703979
v -0.02950005 -0.051096 0.06701379
v -0.01521905 -0.056796 0.0708398
v -0.01392408 0.051967 0.1007998
v -0.01392408 -0.051967 0.1007998
v -8E-08 0.0538 0.10079982
v -8E-08 -0.0538 0.10079982
v 0.01392392 0.051967 0.10079983
v 0.01392392 -0.051967 0.10079983
v 0.02689992 0.046592 0.10079984
v 0.02689992 -0.046592 0.10079984
v 0.03804192 0.038042 0.10079985
v 0.03804192 -0.038042 0.10079985
v 0.04659192 0.0269 0.10079986
v 0.04659192 -0.0269 0.10079986
v 0.05196692 0.013924 0.10079987
v 0.05196692 -0.013924 0.10079987
v 0.05379992 0 0.10079987
v -0.02690008 -0.046592 0.10079979
v -0.02690008 0.046592 0.10079979
v -0.03804208 -0.038042 0.10079978
v -0.03804208 0.038042 0.10079978
v -0.04659208 -0.0269 0.10079977
v -0.04659208 0.0269 0.10079977
v -0.05196708 -0.013924 0.10079976
v -0.05196708 0.013924 0.10079976
v -0.05380008 0 0.10079976
v -8E-08 -0.0588 0.09579982
v -8E-08 -0.058555 0.09734482
v -0.01521908 -0.056796 0.0957998
v -0.01514108 -0.056505 0.0975098
v -0.02940008 -0.050922 0.09579979
v -0.02924908 -0.050661 0.09750979
v -0.04157808 -0.041578 0.09579977
v -0.04136508 -0.041365 0.09750977
v -0.05092208 -0.0294 0.09579977
v -0.05066108 -0.029249 0.09750977
v -0.05679608 -0.015219 0.09579976
v -0.05650508 -0.015141 0.09750976
v -0.05880008 0 0.09579976
v -0.05849808 0 0.09750976
v -0.05679608 0.015219 0.09579976
v -0.05650508 0.015141 0.09750976
v -0.05092208 0.0294 0.09579977
v -0.05066108 0.029249 0.09750977
v -0.04157808 0.041578 0.09579977
v -0.04136508 0.041365 0.09750977
v -0.02940008 0.050922 0.09579979
v -0.02924908 0.050661 0.09750979
v -0.01521908 0.056796 0.0957998
v -0.01514108 0.056505 0.0975098
v -0.01491608 0.055667 0.0990138
v -0.01457208 0.054382 0.1001298
v -0.01414908 0.052805 0.1007238
v -0.01392408 0.051967 0.1007998
v -0.02690008 0.046592 0.10079979
v -0.02733408 0.047344 0.10072379
v -0.03804208 0.038042 0.10079978
v -0.03865608 0.038656 0.10072378
v -0.04659208 0.0269 0.10079977
v -0.04734408 0.027334 0.10072377
v -0.05196708 0.013924 0.10079976
v -0.05280508 0.014149 0.10072376
v -0.05380008 0 0.10079976
v -0.05466808 0 0.10072376
v -0.05196708 -0.013924 0.10079976
v -0.05280508 -0.014149 0.10072376
v -0.04659208 -0.0269 0.10079977
v -0.04734408 -0.027334 0.10072377
v -0.03804208 -0.038042 0.10079978
v -0.03865608 -0.038656 0.10072378
v -0.02690008 -0.046592 0.10079979
v -0.02733408 -0.047344 0.10072379
v -0.01392408 -0.051967 0.1007998
v -0.01414908 -0.052805 0.1007238
v -8E-08 -0.0538 0.10079982
v -8E-08 -0.055345 0.10055482
v -0.01457208 -0.054382 0.1001298
v -8E-08 -0.056739 0.09984482
v -0.01491608 -0.055667 0.0990138
v -8E-08 -0.057845 0.09873882
v -0.02815008 -0.048757 0.10012979
v -0.03981008 -0.03981 0.10012978
v -0.04875708 -0.02815 0.10012977
v -0.05438208 -0.014572 0.10012976
v -0.05630008 0 0.10012976
v -0.05438208 0.014572 0.10012976
v -0.04875708 0.02815 0.10012977
v -0.03981008 0.03981 0.10012978
v -0.02815008 0.048757 0.10012979
v -0.02881508 -0.049909 0.09901379
v -0.04075108 -0.040751 0.09901378
v -0.04990908 -0.028815 0.09901377
v -0.05566708 -0.014916 0.09901376
v -0.05763008 0 0.09901376
v -0.05566708 0.014916 0.09901376
v -0.04990908 0.028815 0.09901377
v -0.04075108 0.040751 0.09901378
v -0.02881508 0.049909 0.09901379
v 0.36799995 0.0588 0.06456518
v 0.35278095 0.056796 0.06864317
v 0.36799992 0.0588 0.09580018
v 0.35278092 0.056796 0.09580017
v 0.33859995 0.050922 0.07244315
v 0.33859992 0.050922 0.09580015
v 0.32642194 0.041578 0.07570614
v 0.32642192 0.041578 0.09580014
v 0.31707794 0.0294 0.07821013
v 0.31707792 0.0294 0.09580013
v 0.31120394 0.015219 0.07978413
v 0.31120392 0.015219 0.09580013
v 0.30919994 0 0.08032113
v 0.30919992 0 0.09580013
v 0.31120392 -0.015219 0.09580013
v 0.31120394 -0.015219 0.07978413
v 0.31707792 -0.0294 0.09580013
v 0.31707794 -0.0294 0.07821013
v 0.32642192 -0.041578 0.09580014
v 0.32642194 -0.041578 0.07570614
v 0.33859992 -0.050922 0.09580015
v 0.33859995 -0.050922 0.07244315
v 0.35278092 -0.056796 0.09580017
v 0.35278095 -0.056796 0.06864317
v 0.35407592 0.051967 0.10080017
v 0.35407592 -0.051967 0.10080017
v 0.36799992 0.0538 0.10080018
v 0.36799992 -0.0538 0.10080018
v 0.38192392 0.051967 0.1008002
v 0.38192392 -0.051967 0.1008002
v 0.39489992 0.046592 0.10080021
v 0.39489992 -0.046592 0.10080021
v 0.40604192 0.038042 0.10080022
v 0.40604192 -0.038042 0.10080022
v 0.41459192 0.0269 0.10080023
v 0.41459192 -0.0269 0.10080023
v 0.41996692 0.013924 0.10080024
v 0.41996692 -0.013924 0.10080024
v 0.42179992 0 0.10080024
v 0.34109992 -0.046592 0.10080016
v 0.34109992 0.046592 0.10080016
v 0.32995792 -0.038042 0.10080015
v 0.32995792 0.038042 0.10080015
v 0.32140792 -0.0269 0.10080014
v 0.32140792 0.0269 0.10080014
v 0.31603292 -0.013924 0.10080013
v 0.31603292 0.013924 0.10080013
v 0.31419992 0 0.10080013
v 0.36799992 -0.0588 0.09580018
v 0.36799992 -0.058555 0.09734518
v 0.35278092 -0.056796 0.09580017
v 0.35285892 -0.056505 0.09751017
v 0.33859992 -0.050922 0.09580015
v 0.33875092 -0.050661 0.09751015
v 0.32642192 -0.041578 0.09580014
v 0.32663492 -0.041365 0.09751014
v 0.31707792 -0.0294 0.09580013
v 0.31733892 -0.029249 0.09751013
v 0.31120392 -0.015219 0.09580013
v 0.31149492 -0.015141 0.09751013
v 0.30919992 0 0.09580013
v 0.30950192 0 0.09751013
v 0.31120392 0.015219 0.09580013
v 0.31149492 0.015141 0.09751013
v 0.31707792 0.0294 0.09580013
v 0.31733892 0.029249 0.09751013
v 0.32642192 0.041578 0.09580014
v 0.32663492 0.041365 0.09751014
v 0.33859992 0.050922 0.09580015
v 0.33875092 0.050661 0.09751015
v 0.35278092 0.056796 0.09580017
v 0.35285892 0.056505 0.09751017
v 0.35308392 0.055667 0.09901417
v 0.35342792 0.054382 0.10013017
v 0.35385092 0.052805 0.10072417
v 0.35407592 0.051967 0.10080017
v 0.34109992 0.046592 0.10080016
v 0.34066592 0.047344 0.10072416
v 0.32995792 0.038042 0.10080015
v 0.32934392 0.038656 0.10072415
v 0.32140792 0.0269 0.10080014
v 0.32065592 0.027334 0.10072414
v 0.31603292 0.013924 0.10080013
v 0.31519492 0.014149 0.10072413
v 0.31419992 0 0.10080013
v 0.31333192 0 0.10072413
v 0.31603292 -0.013924 0.10080013
v 0.31519492 -0.014149 0.10072413
v 0.32140792 -0.0269 0.10080014
v 0.32065592 -0.027334 0.10072414
v 0.32995792 -0.038042 0.10080015
v 0.32934392 -0.038656 0.10072415
v 0.34109992 -0.046592 0.10080016
v 0.34066592 -0.047344 0.10072416
v 0.35407592 -0.051967 0.10080017
v 0.35385092 -0.052805 0.10072417
v 0.36799992 -0.0538 0.10080018
v 0.36799992 -0.055345 0.10055518
v 0.35342792 -0.054382 0.10013017
v 0.36799992 -0.056739 0.09984518
v 0.35308392 -0.055667 0.09901417
v 0.36799992 -0.057845 0.09873918
v 0.33984992 -0.048757 0.10013016
v 0.32818992 -0.03981 0.10013014
v 0.31924292 -0.02815 0.10013014
v 0.31361792 -0.014572 0.10013013
v 0.31169992 0 0.10013013
v 0.31361792 0.014572 0.10013013
v 0.31924292 0.02815 0.10013014
v 0.32818992 0.03981 0.10013014
v 0.33984992 0.048757 0.10013016
v 0.33918492 -0.049909 0.09901416
v 0.32724892 -0.040751 0.09901414
v 0.31809092 -0.028815 0.09901413
v 0.31233292 -0.014916 0.09901413
v 0.31036992 0 0.09901413
v 0.31233292 0.014916 0.09901413
v 0.31809092 0.028815 0.09901413
v 0.32724892 0.040751 0.09901414
v 0.33918492 0.049909 0.09901416
v 0.01151001 0.057866 0.00748983
v 0 0.059 0.01899982
v 0.074 0.059 0.01899989
v 0.01150999 0.057866 0.03050983
v 0.07399998 0.05699 0.03426989
v 0.02257798 0.054509 0.04157784
v 0.07399997 0.051096 0.04849989
v 0.03277897 0.049057 0.05177885
v 0.07399996 0.041719 0.06071889
v 0.04171896 0.041719 0.06071886
v 0.04905695 0.032779 0.06805687
v 0.07399995 0.0295 0.07009589
v 0.05450895 0.022578 0.07350887
v 0.07399994 0.01527 0.07598989
v 0.05786594 0.01151 0.07686587
v 0.07399994 0 0.07799989
v 0.05899994 0 0.07799988
v 0.07400002 0.05699 0.00372989
v 0.02257802 0.054509 -0.00357816
v 0.07400003 0.051096 -0.01050011
v 0.03277903 0.049057 -0.01377915
v 0.07400004 0.041719 -0.02271911
v 0.04171904 0.041719 -0.02271914
v 0.04905705 0.032779 -0.03005713
v 0.07400005 0.0295 -0.03209611
v 0.05450905 0.022578 -0.03550913
v 0.07400006 0.01527 -0.03799011
v 0.05786606 0.01151 -0.03886613
v 0.07400006 0 -0.04000011
v 0.05900006 0 -0.04000012
v 0.35648999 0.057866 0.03051017
v 0.368 0.059 0.01900018
v 0.294 0.059 0.01900011
v 0.35649001 0.057866 0.00749017
v 0.29400002 0.05699 0.00373011
v 0.34542202 0.054509 -0.00357784
v 0.29400003 0.051096 -0.01049989
v 0.33522103 0.049057 -0.01377885
v 0.29400004 0.041719 -0.02271889
v 0.32628104 0.041719 -0.02271886
v 0.31894305 0.032779 -0.03005687
v 0.29400005 0.0295 -0.03209589
v 0.31349105 0.022578 -0.03550887
v 0.29400006 0.01527 -0.03798989
v 0.31013406 0.01151 -0.03886587
v 0.29400006 0 -0.03999989
v 0.30900006 0 -0.03999988
v 0.29399998 0.05699 0.03427011
v 0.34542198 0.054509 0.04157816
v 0.29399997 0.051096 0.04850011
v 0.33522097 0.049057 0.05177915
v 0.29399996 0.041719 0.06071911
v 0.32628096 0.041719 0.06071914
v 0.31894295 0.032779 0.06805713
v 0.29399995 0.0295 0.07009611
v 0.31349095 0.022578 0.07350913
v 0.29399994 0.01527 0.07599011
v 0.31013394 0.01151 0.07686613
v 0.29399994 0 0.07800011
v 0.30899994 0 0.07800012
v 0.27949996 0 0.0635001
v 0.27949996 0.012537 0.0616971
v 0.08849996 0 0.0634999
v 0.08849996 0.012537 0.0616969
v 0.27949996 0.024059 0.0564361
v 0.08849996 0.024059 0.0564359
v 0.27949997 0.033631 0.0481411
v 0.08849997 0.033631 0.0481409
v 0.27949998 0.040479 0.0374861
v 0.08849998 0.040479 0.0374859
v 0.27949999 0.044047 0.0253331
v 0.08849999 0.044047 0.0253329
v 0.27950001 0.044047 0.0126671
v 0.08850001 0.044047 0.0126669
v 0.27950002 0.040479 0.0005141
v 0.08850002 0.040479 0.0005139
v 0.27950003 0.033631 -0.0101409
v 0.08850003 0.033631 -0.0101411
v 0.27950004 0.024059 -0.0184359
v 0.08850004 0.024059 -0.0184361
v 0.27950004 0.012537 -0.0236969
v 0.08850004 0.012537 -0.0236971
v 0.08850004 0 -0.0255001
v 0.27950004 0 -0.0254999
v 0 0.059 0.01899982
v -6E-08 0.059 0.07491782
v 0.01150999 0.057866 0.03050983
v 0.01526994 0.05699 0.07900983
v 0.02257798 0.054509 0.04157784
v 0.02949994 0.051096 0.08282285
v 0.03277897 0.049057 0.05177885
v 0.04171893 0.041719 0.08609686
v 0.04171896 0.041719 0.06071886
v 0.04905695 0.032779 0.06805687
v 0.05109593 0.0295 0.08860887
v 0.05450895 0.022578 0.07350887
v 0.05698993 0.01527 0.09018787
v 0.05786594 0.01151 0.07686587
v 0.05899993 0 0.09072688
v 0.05899994 0 0.07799988
v 0.05786594 -0.01151 0.07686587
v 0.05698993 -0.01527 0.09018787
v 0.05450895 -0.022578 0.07350887
v 0.05109593 -0.0295 0.08860887
v 0.04905695 -0.032779 0.06805687
v 0.04171893 -0.041719 0.08609686
v 0.04171896 -0.041719 0.06071886
v 0.03277897 -0.049057 0.05177885
v 0.02949994 -0.051096 0.08282285
v 0.02257798 -0.054509 0.04157784
v 0.01526994 -0.05699 0.07900983
v 0.01150999 -0.057866 0.03050983
v -6E-08 -0.059 0.07491782
v 0 -0.059 0.01899982
v 0.01151001 0.057866 0.00748983
v 6E-08 0.059 -0.04430018
v 0.01527006 0.05699 -0.04430017
v 0.02257802 0.054509 -0.00357816
v 0.02950006 0.051096 -0.04430015
v 0.03277903 0.049057 -0.01377915
v 0.04171906 0.041719 -0.04430014
v 0.04171904 0.041719 -0.02271914
v 0.04905705 0.032779 -0.03005713
v 0.05109606 0.0295 -0.04430013
v 0.05450905 0.022578 -0.03550913
v 0.05699006 0.01527 -0.04430013
v 0.05786606 0.01151 -0.03886613
v 0.05900006 0 -0.04430012
v 0.05900006 0 -0.04000012
v 0.05786606 -0.01151 -0.03886613
v 0.05699006 -0.01527 -0.04430013
v 0.05450905 -0.022578 -0.03550913
v 0.05109606 -0.0295 -0.04430013
v 0.04905705 -0.032779 -0.03005713
v 0.04171906 -0.041719 -0.04430014
v 0.04171904 -0.041719 -0.02271914
v 0.03277903 -0.049057 -0.01377915
v 0.02950006 -0.051096 -0.04430015
v 0.02257802 -0.054509 -0.00357816
v 0.01527006 -0.05699 -0.04430017
v 0.01151001 -0.057866 0.00748983
v 6E-08 -0.059 -0.04430018
v 0.36799995 0.059 0.06456518
v 0.38326996 0.05699 0.0604742
v 0.368 0.059 0.01900018
v 0.38327006 0.05699 -0.0442998
v 0.36800006 0.059 -0.04429982
v 0.39749996 0.051096 0.05666121
v 0.39750006 0.051096 -0.04429979
v 0.40971897 0.041719 0.05338723
v 0.40971906 0.041719 -0.04429977
v 0.41909597 0.0295 0.05087424
v 0.41909606 0.0295 -0.04429976
v 0.42498997 0.01527 0.04929524
v 0.42499006 0.01527 -0.04429976
v 0.42699997 0 0.04875624
v 0.42700006 0 -0.04429976
v 0.42499006 -0.01527 -0.04429976
v 0.42498997 -0.01527 0.04929524
v 0.41909606 -0.0295 -0.04429976
v 0.41909597 -0.0295 0.05087424
v 0.40971906 -0.041719 -0.04429977
v 0.40971897 -0.041719 0.05338723
v 0.39750006 -0.051096 -0.04429979
v 0.39749996 -0.051096 0.05666121
v 0.38327006 -0.05699 -0.0442998
v 0.38326996 -0.05699 0.0604742
v 0.368 -0.059 0.01900018
v 0.36799995 -0.059 0.06456518
v 0.36800006 -0.059 -0.04429982
v 0.368 -0.059 0.01900018
v 0.36799995 -0.059 0.06456518
v 0.35648999 -0.057866 0.03051017
v 0.35272995 -0.05699 0.06865717
v 0.34542198 -0.054509 0.04157816
v 0.33849995 -0.051096 0.07247015
v 0.33522097 -0.049057 0.05177915
v 0.32628094 -0.041719 0.07574414
v 0.32628096 -0.041719 0.06071914
v 0.31894295 -0.032779 0.06805713
v 0.31690394 -0.0295 0.07825613
v 0.31349095 -0.022578 0.07350913
v 0.31100994 -0.01527 0.07983613
v 0.31013394 -0.01151 0.07686613
v 0.30899994 0 0.08037412
v 0.30899994 0 0.07800012
v 0.31013394 0.01151 0.07686613
v 0.31100994 0.01527 0.07983613
v 0.31349095 0.022578 0.07350913
v 0.31690394 0.0295 0.07825613
v 0.31894295 0.032779 0.06805713
v 0.32628094 0.041719 0.07574414
v 0.32628096 0.041719 0.06071914
v 0.33522097 0.049057 0.05177915
v 0.33849995 0.051096 0.07247015
v 0.34542198 0.054509 0.04157816
v 0.35272995 0.05699 0.06865717
v 0.35648999 0.057866 0.03051017
v 0.35649001 -0.057866 0.00749017
v 0.36800006 -0.059 -0.04429982
v 0.35273006 -0.05699 -0.04429983
v 0.34542202 -0.054509 -0.00357784
v 0.33850006 -0.051096 -0.04429985
v 0.33522103 -0.049057 -0.01377885
v 0.32628106 -0.041719 -0.04429986
v 0.32628104 -0.041719 -0.02271886
v 0.31894305 -0.032779 -0.03005687
v 0.31690406 -0.0295 -0.04429987
v 0.31349105 -0.022578 -0.03550887
v 0.31101006 -0.01527 -0.04429987
v 0.31013406 -0.01151 -0.03886587
v 0.30900006 0 -0.04429987
v 0.30900006 0 -0.03999988
v 0.31013406 0.01151 -0.03886587
v 0.31101006 0.01527 -0.04429987
v 0.31349105 0.022578 -0.03550887
v 0.31690406 0.0295 -0.04429987
v 0.31894305 0.032779 -0.03005687
v 0.32628106 0.041719 -0.04429986
v 0.32628104 0.041719 -0.02271886
v 0.33522103 0.049057 -0.01377885
v 0.33850006 0.051096 -0.04429985
v 0.34542202 0.054509 -0.00357784
v 0.35273006 0.05699 -0.04429983
v 0.35649001 0.057866 0.00749017
v -6E-08 -0.059 0.07491782
v -0.01527005 -0.05699 0.0708258
v 0 -0.059 0.01899982
v -0.01526994 -0.05699 -0.0443002
v 6E-08 -0.059 -0.04430018
v -0.02950005 -0.051096 0.06701379
v -0.02949994 -0.051096 -0.04430021
v -0.04171904 -0.041719 0.06373877
v -0.04171894 -0.041719 -0.04430023
v -0.05109604 -0.0295 0.06122676
v -0.05109594 -0.0295 -0.04430024
v -0.05699004 -0.01527 0.05964776
v -0.05698994 -0.01527 -0.04430024
v -0.05900004 0 0.05910876
v -0.05899994 0 -0.04430024
v -0.05698994 0.01527 -0.04430024
v -0.05699004 0.01527 0.05964776
v -0.05109594 0.0295 -0.04430024
v -0.05109604 0.0295 0.06122676
v -0.04171894 0.041719 -0.04430023
v -0.04171904 0.041719 0.06373877
v -0.02949994 0.051096 -0.04430021
v -0.02950005 0.051096 0.06701379
v -0.01526994 0.05699 -0.0443002
v -0.01527005 0.05699 0.0708258
v 0.08850004 0 -0.0255001
v 0.27950004 0 -0.0254999
v 0.08850004 -0.012537 -0.0236971
v 0.27950004 -0.012537 -0.0236969
v 0.27950004 -0.024059 -0.0184359
v 0.08850004 -0.024059 -0.0184361
v 0.27950003 -0.033631 -0.0101409
v 0.08850003 -0.033631 -0.0101411
v 0.27950002 -0.040479 0.0005141
v 0.08850002 -0.040479 0.0005139
v 0.27950001 -0.044047 0.0126671
v 0.08850001 -0.044047 0.0126669
v 0.27949999 -0.044047 0.0253331
v 0.08849999 -0.044047 0.0253329
v 0.27949998 -0.040479 0.0374861
v 0.08849998 -0.040479 0.0374859
v 0.27949997 -0.033631 0.0481411
v 0.08849997 -0.033631 0.0481409
v 0.27949996 -0.024059 0.0564361
v 0.08849996 -0.024059 0.0564359
v 0.27949996 -0.012537 0.0616971
v 0.08849996 -0.012537 0.0616969
v 0.30900006 0 -0.03999988
v 0.31013406 -0.01151 -0.03886587
v 0.29400006 0 -0.03999989
v 0.29400006 -0.01527 -0.03798989
v 0.31349105 -0.022578 -0.03550887
v 0.29400005 -0.0295 -0.03209589
v 0.31894305 -0.032779 -0.03005687
v 0.29400004 -0.041719 -0.02271889
v 0.32628104 -0.041719 -0.02271886
v 0.33522103 -0.049057 -0.01377885
v 0.29400003 -0.051096 -0.01049989
v 0.34542202 -0.054509 -0.00357784
v 0.29400002 -0.05699 0.00373011
v 0.35649001 -0.057866 0.00749017
v 0.294 -0.059 0.01900011
v 0.368 -0.059 0.01900018
v 0.35648999 -0.057866 0.03051017
v 0.29399998 -0.05699 0.03427011
v 0.34542198 -0.054509 0.04157816
v 0.29399997 -0.051096 0.04850011
v 0.33522097 -0.049057 0.05177915
v 0.29399996 -0.041719 0.06071911
v 0.32628096 -0.041719 0.06071914
v 0.31894295 -0.032779 0.06805713
v 0.29399995 -0.0295 0.07009611
v 0.31349095 -0.022578 0.07350913
v 0.29399994 -0.01527 0.07599011
v 0.31013394 -0.01151 0.07686613
v 0.05899994 0 0.07799988
v 0.05786594 -0.01151 0.07686587
v 0.07399994 0 0.07799989
v 0.07399994 -0.01527 0.07598989
v 0.05450895 -0.022578 0.07350887
v 0.07399995 -0.0295 0.07009589
v 0.04905695 -0.032779 0.06805687
v 0.07399996 -0.041719 0.06071889
v 0.04171896 -0.041719 0.06071886
v 0.03277897 -0.049057 0.05177885
v 0.07399997 -0.051096 0.04849989
v 0.02257798 -0.054509 0.04157784
v 0.07399998 -0.05699 0.03426989
v 0.01150999 -0.057866 0.03050983
v 0.074 -0.059 0.01899989
v 0 -0.059 0.01899982
v 0.01151001 -0.057866 0.00748983
v 0.07400002 -0.05699 0.00372989
v 0.02257802 -0.054509 -0.00357816
v 0.07400003 -0.051096 -0.01050011
v 0.03277903 -0.049057 -0.01377915
v 0.07400004 -0.041719 -0.02271911
v 0.04171904 -0.041719 -0.02271914
v 0.04905705 -0.032779 -0.03005713
v 0.07400005 -0.0295 -0.03209611
v 0.05450905 -0.022578 -0.03550913
v 0.07400006 -0.01527 -0.03799011
v 0.05786606 -0.01151 -0.03886613
v 0.38327006 -0.05699 -0.0442998
v 0.36800006 -0.059 -0.04429982
v 0.36800006 -0.0588 -0.04429982
v 0.35273006 -0.05699 -0.04429983
v 0.35278106 -0.056796 -0.04429983
v 0.33850006 -0.051096 -0.04429985
v 0.33860006 -0.050922 -0.04429985
v 0.32628106 -0.041719 -0.04429986
v 0.32642206 -0.041578 -0.04429986
v 0.31690406 -0.0295 -0.04429987
v 0.31707806 -0.0294 -0.04429987
v 0.31101006 -0.01527 -0.04429987
v 0.31120406 -0.015219 -0.04429987
v 0.30900006 0 -0.04429987
v 0.30920006 0 -0.04429987
v 0.31120406 0.015219 -0.04429987
v 0.31101006 0.01527 -0.04429987
v 0.31707806 0.0294 -0.04429987
v 0.31690406 0.0295 -0.04429987
v 0.32642206 0.041578 -0.04429986
v 0.32628106 0.041719 -0.04429986
v 0.33860006 0.050922 -0.04429985
v 0.33850006 0.051096 -0.04429985
v 0.35278106 0.056796 -0.04429983
v 0.35273006 0.05699 -0.04429983
v 0.36800006 0.0588 -0.04429982
v 0.36800006 0.059 -0.04429982
v 0.38327006 0.05699 -0.0442998
v 0.38321906 0.056796 -0.0442998
v 0.39750006 0.051096 -0.04429979
v 0.39740006 0.050922 -0.04429979
v 0.40971906 0.041719 -0.04429977
v 0.40957806 0.041578 -0.04429977
v 0.41909606 0.0295 -0.04429976
v 0.41892206 0.0294 -0.04429977
v 0.42499006 0.01527 -0.04429976
v 0.42479606 0.015219 -0.04429976
v 0.42700006 0 -0.04429976
v 0.42680006 0 -0.04429976
v 0.42479606 -0.015219 -0.04429976
v 0.42499006 -0.01527 -0.04429976
v 0.41892206 -0.0294 -0.04429977
v 0.41909606 -0.0295 -0.04429976
v 0.40957806 -0.041578 -0.04429977
v 0.40971906 -0.041719 -0.04429977
v 0.39740006 -0.050922 -0.04429979
v 0.39750006 -0.051096 -0.04429979
v 0.38321906 -0.056796 -0.0442998
v 0.01527006 -0.05699 -0.04430017
v 6E-08 -0.059 -0.04430018
v 6E-08 -0.0588 -0.04430018
v -0.01526994 -0.05699 -0.0443002
v -0.01521894 -0.056796 -0.0443002
v -0.02949994 -0.051096 -0.04430021
v -0.02939994 -0.050922 -0.04430021
v -0.04171894 -0.041719 -0.04430023
v -0.04157794 -0.041578 -0.04430023
v -0.05109594 -0.0295 -0.04430024
v -0.05092194 -0.0294 -0.04430023
v -0.05698994 -0.01527 -0.04430024
v -0.05679594 -0.015219 -0.04430024
v -0.05899994 0 -0.04430024
v -0.05879994 0 -0.04430024
v -0.05679594 0.015219 -0.04430024
v -0.05698994 0.01527 -0.04430024
v -0.05092194 0.0294 -0.04430023
v -0.05109594 0.0295 -0.04430024
v -0.04157794 0.041578 -0.04430023
v -0.04171894 0.041719 -0.04430023
v -0.02939994 0.050922 -0.04430021
v -0.02949994 0.051096 -0.04430021
v -0.01521894 0.056796 -0.0443002
v -0.01526994 0.05699 -0.0443002
v 6E-08 0.0588 -0.04430018
v 6E-08 0.059 -0.04430018
v 0.01527006 0.05699 -0.04430017
v 0.01521906 0.056796 -0.04430017
v 0.02950006 0.051096 -0.04430015
v 0.02940006 0.050922 -0.04430015
v 0.04171906 0.041719 -0.04430014
v 0.04157806 0.041578 -0.04430014
v 0.05109606 0.0295 -0.04430013
v 0.05092206 0.0294 -0.04430013
v 0.05699006 0.01527 -0.04430013
v 0.05679606 0.015219 -0.04430013
v 0.05900006 0 -0.04430012
v 0.05880006 0 -0.04430013
v 0.05679606 -0.015219 -0.04430013
v 0.05699006 -0.01527 -0.04430013
v 0.05092206 -0.0294 -0.04430013
v 0.05109606 -0.0295 -0.04430013
v 0.04157806 -0.041578 -0.04430014
v 0.04171906 -0.041719 -0.04430014
v 0.02940006 -0.050922 -0.04430015
v 0.02950006 -0.051096 -0.04430015
v 0.01521906 -0.056796 -0.04430017
v 0.35272995 -0.05699 0.06865717
v 0.36799995 -0.059 0.06456518
v 0.36799995 -0.0588 0.06456518
v 0.38326996 -0.05699 0.0604742
v 0.38321896 -0.056796 0.0604882
v 0.39749996 -0.051096 0.05666121
v 0.39739996 -0.050922 0.05668821
v 0.40971897 -0.041719 0.05338723
v 0.40957797 -0.041578 0.05342523
v 0.41909597 -0.0295 0.05087424
v 0.41892197 -0.0294 0.05092123
v 0.42498997 -0.01527 0.04929524
v 0.42479597 -0.015219 0.04934724
v 0.42699997 0 0.04875624
v 0.42679997 0 0.04881024
v 0.42479597 0.015219 0.04934724
v 0.42498997 0.01527 0.04929524
v 0.41892197 0.0294 0.05092123
v 0.41909597 0.0295 0.05087424
v 0.40957797 0.041578 0.05342523
v 0.40971897 0.041719 0.05338723
v 0.39739996 0.050922 0.05668821
v 0.39749996 0.051096 0.05666121
v 0.38321896 0.056796 0.0604882
v 0.38326996 0.05699 0.0604742
v 0.36799995 0.0588 0.06456518
v 0.36799995 0.059 0.06456518
v 0.35272995 0.05699 0.06865717
v 0.35278095 0.056796 0.06864317
v 0.33849995 0.051096 0.07247015
v 0.33859995 0.050922 0.07244315
v 0.32628094 0.041719 0.07574414
v 0.32642194 0.041578 0.07570614
v 0.31690394 0.0295 0.07825613
v 0.31707794 0.0294 0.07821013
v 0.31100994 0.01527 0.07983613
v 0.31120394 0.015219 0.07978413
v 0.30899994 0 0.08037412
v 0.30919994 0 0.08032113
v 0.31120394 -0.015219 0.07978413
v 0.31100994 -0.01527 0.07983613
v 0.31707794 -0.0294 0.07821013
v 0.31690394 -0.0295 0.07825613
v 0.32642194 -0.041578 0.07570614
v 0.32628094 -0.041719 0.07574414
v 0.33859995 -0.050922 0.07244315
v 0.33849995 -0.051096 0.07247015
v 0.35278095 -0.056796 0.06864317
vn 30.9017 0 -95.10565
vn 0 0 -100
vn 16.77313 4.49435 -98.48077
vn 15.03837 8.68241 -98.48077
vn 12.27878 12.27878 -98.48077
vn 8.68241 15.03837 -98.48077
vn 4.49435 16.77313 -98.48077
vn 0 17.36482 -98.48077
vn -4.49435 16.77313 -98.48077
vn -8.68241 15.03837 -98.48077
vn -12.27878 12.27878 -98.48077
vn -15.03837 8.68241 -98.48077
vn -16.77313 4.49435 -98.48077
vn -30.9017 0 -95.10565
vn -48.29629 12.94095 -86.60254
vn -43.30127 25 -86.60254
vn -35.35534 35.35534 -86.60254
vn -25 43.30127 -86.60254
vn -12.94095 48.29629 -86.60254
vn 0 50 -86.60254
vn 12.94095 48.29629 -86.60254
vn 25 43.30127 -86.60254
vn 35.35534 35.35534 -86.60254
vn 43.30127 25 -86.60254
vn 48.29629 12.94095 -86.60254
vn 58.77853 0 -80.9017
vn 73.99421 19.82669 -64.27876
vn 80.9017 0 -58.77853
vn 90.76733 24.32104 -34.20202
vn 95.10565 0 -30.9017
vn 96.59258 25.8819 0
vn 100 0 0
vn -58.77853 0 -80.9017
vn -73.99421 19.82669 -64.27876
vn -66.34139 38.30222 -64.27876
vn -54.16752 54.16752 -64.27876
vn -38.30222 66.34139 -64.27876
vn -19.82669 73.99421 -64.27876
vn 0 76.60445 -64.27876
vn 19.82669 73.99421 -64.27876
vn 38.30222 66.34139 -64.27876
vn 54.16752 54.16752 -64.27876
vn 66.34139 38.30222 -64.27876
vn -80.9017 0 -58.77853
vn -90.76733 24.32104 -34.20202
vn -81.37977 46.98463 -34.20202
vn -66.4463 66.4463 -34.20202
vn -46.98463 81.37977 -34.20202
vn -24.32104 90.76733 -34.20202
vn 0 93.96926 -34.20202
vn 24.32104 90.76733 -34.20202
vn 46.98463 81.37977 -34.20202
vn 66.4463 66.4463 -34.20202
vn 81.37977 46.98463 -34.20202
vn -95.10565 0 -30.9017
vn -96.59258 25.8819 0
vn -86.60254 50 0
vn -70.71068 70.71068 0
vn -50 86.60254 0
vn -25.8819 96.59258 0
vn 0 100 0
vn 25.8819 96.59258 0
vn 50 86.60254 0
vn 70.71068 70.71068 0
vn 86.60254 50 0
vn -100 0 0
vn 0 -70.71068 70.71068
vn 18.30127 -70.71068 68.30127
vn 19.9215 -70.71068 67.8464
vn 35.35534 -70.71068 61.23724
vn 38.22908 -70.71068 59.48561
vn 50 -70.71068 50
vn 53.43956 -70.71068 46.30564
vn 61.23724 -70.71068 35.35534
vn 64.32069 -70.71068 29.37428
vn 68.30127 -70.71068 18.30127
vn 69.99094 -70.71068 10.06318
vn 70.71068 -70.71068 -0
vn 69.99094 -70.71068 -10.06318
vn 68.30127 -70.71068 -18.30127
vn 64.32069 -70.71068 -29.37428
vn 61.23724 -70.71068 -35.35534
vn 53.43956 -70.71068 -46.30564
vn 50 -70.71068 -50
vn 38.22908 -70.71068 -59.48561
vn 35.35534 -70.71068 -61.23724
vn 19.9215 -70.71068 -67.8464
vn 18.30127 -70.71068 -68.30127
vn 0 -70.71068 -70.71068
vn 0 70.71068 -70.71068
vn 18.30127 70.71068 -68.30127
vn 19.9215 70.71068 -67.8464
vn 35.35534 70.71068 -61.23724
vn 38.22908 70.71068 -59.48561
vn 50 70.71068 -50
vn 53.43956 70.71068 -46.30564
vn 61.23724 70.71068 -35.35534
vn 64.32069 70.71068 -29.37428
vn 68.30127 70.71068 -18.30127
vn 69.99094 70.71068 -10.06318
vn 69.99094 70.71068 10.06318
vn 68.30127 70.71068 18.30127
vn 64.32069 70.71068 29.37428
vn 61.23724 70.71068 35.35534
vn 53.43956 70.71068 46.30564
vn 50 70.71068 50
vn 38.22908 70.71068 59.48561
vn 35.35534 70.71068 61.23724
vn 19.9215 70.71068 67.8464
vn 18.30127 70.71068 68.30127
vn 0 70.71068 70.71068
vn -18.30127 70.71068 68.30127
vn -19.9215 70.71068 67.8464
vn -35.35534 70.71068 61.23724
vn -38.22908 70.71068 59.48561
vn -50 70.71068 50
vn -53.43956 70.71068 46.30564
vn -61.23724 70.71068 35.35534
vn -64.32069 70.71068 29.37428
vn -68.30127 70.71068 18.30127
vn -69.99094 70.71068 10.06318
vn -69.99094 70.71068 -10.06318
vn -68.30127 70.71068 -18.30127
vn -64.32069 70.71068 -29.37428
vn -61.23724 70.71068 -35.35534
vn -53.43956 70.71068 -46.30564
vn -50 70.71068 -50
vn -38.22908 70.71068 -59.48561
vn -35.35534 70.71068 -61.23724
vn -19.9215 70.71068 -67.8464
vn -18.30127 70.71068 -68.30127
vn -18.30127 -70.71068 -68.30127
vn -19.9215 -70.71068 -67.8464
vn -35.35534 -70.71068 -61.23724
vn -38.22908 -70.71068 -59.48561
vn -50 -70.71068 -50
vn -53.43956 -70.71068 -46.30564
vn -61.23724 -70.71068 -35.35534
vn -64.32069 -70.71068 -29.37428
vn -68.30127 -70.71068 -18.30127
vn -69.99094 -70.71068 -10.06318
vn -70.71068 -70.71068 0
vn -69.99094 -70.71068 10.06318
vn -68.30127 -70.71068 18.30127
vn -64.32069 -70.71068 29.37428
vn -61.23724 -70.71068 35.35534
vn -53.43956 -70.71068 46.30564
vn -50 -70.71068 50
vn -38.22908 -70.71068 59.48561
vn -35.35534 -70.71068 61.23724
vn -19.9215 -70.71068 67.8464
vn -18.30127 -70.71068 68.30127
vn -96.59258 -25.8819 0
vn -86.60254 -50 0
vn -50 -86.60254 0
vn -25.8819 -96.59258 0
vn 0 -100 0
vn 25.8819 -96.59258 0
vn 50 -86.60254 0
vn 86.60254 -50 0
vn 96.59258 -25.8819 0
vn 0 0 100
vn 0 -25.8819 -96.59258
vn -90.76733 -24.32104 -34.20202
vn -81.37977 -46.98463 -34.20202
vn -66.4463 -66.4463 -34.20202
vn -46.98463 -81.37977 -34.20202
vn -24.32104 -90.76733 -34.20202
vn 0 -93.96926 -34.20202
vn 24.32104 -90.76733 -34.20202
vn 46.98463 -81.37977 -34.20202
vn 66.4463 -66.4463 -34.20202
vn 81.37977 -46.98463 -34.20202
vn 90.76733 -24.32104 -34.20202
vn 73.99421 -19.82669 -64.27876
vn 48.29629 -12.94095 -86.60254
vn 16.77313 -4.49435 -98.48077
vn 15.03837 -8.68241 -98.48077
vn 12.27878 -12.27878 -98.48077
vn 8.68241 -15.03837 -98.48077
vn 4.49435 -16.77313 -98.48077
vn 0 -17.36482 -98.48077
vn -4.49435 -16.77313 -98.48077
vn -8.68241 -15.03837 -98.48077
vn -12.27878 -12.27878 -98.48077
vn -15.03837 -8.68241 -98.48077
vn -16.77313 -4.49435 -98.48077
vn -48.29629 -12.94095 -86.60254
vn -73.99421 -19.82669 -64.27876
vn -43.30127 -25 -86.60254
vn -35.35534 -35.35534 -86.60254
vn -25 -43.30127 -86.60254
vn -12.94095 -48.29629 -86.60254
vn 0 -50 -86.60254
vn 12.94095 -48.29629 -86.60254
vn 25 -43.30127 -86.60254
vn 35.35534 -35.35534 -86.60254
vn 43.30127 -25 -86.60254
vn -66.34139 -38.30222 -64.27876
vn -54.16752 -54.16752 -64.27876
vn -38.30222 -66.34139 -64.27876
vn -19.82669 -73.99421 -64.27876
vn 0 -76.60445 -64.27876
vn 19.82669 -73.99421 -64.27876
vn 38.30222 -66.34139 -64.27876
vn 54.16752 -54.16752 -64.27876
vn 66.34139 -38.30222 -64.27876
vn 98.07853 0 19.50903
vn 98.07853 0 -19.50903
vn 96.59258 0 -25.8819
vn 92.38796 0 -38.26834
vn 86.60254 0 -50
vn 83.14696 0 -55.55702
vn 70.71068 0 -70.71068
vn 55.55702 0 -83.14696
vn 50 0 -86.60254
vn 38.26834 0 -92.38796
vn 25.8819 0 -96.59258
vn 19.50903 0 -98.07853
vn 96.59258 0 25.8819
vn 92.38796 0 38.26834
vn 86.60254 0 50
vn 83.14696 0 55.55702
vn 70.71068 0 70.71068
vn 55.55702 0 83.14696
vn 50 0 86.60254
vn 38.26834 0 92.38796
vn 25.8819 0 96.59258
vn 19.50903 0 98.07853
vn 28.17326 0 -95.9493
vn 54.06408 0 -84.12535
vn 75.57496 0 -65.48608
vn 90.9632 0 -41.5415
vn 98.98215 0 -14.23148
vn 98.98215 0 14.23148
vn 90.9632 0 41.5415
vn 75.57496 0 65.48608
vn 54.06408 0 84.12535
vn 28.17326 0 95.9493
vn 98.07853 19.50903 0
vn 92.38796 38.26834 0
vn 83.14696 55.55702 0
vn 55.55702 83.14696 0
vn 38.26834 92.38796 0
vn 19.50903 98.07853 0
vn -19.50903 98.07853 0
vn -38.26834 92.38796 0
vn -55.55702 83.14696 0
vn -83.14696 55.55702 0
vn -92.38796 38.26834 0
vn -98.07853 19.50903 0
vn -98.07853 -19.50903 0
vn -92.38796 -38.26834 0
vn -83.14696 -55.55702 0
vn -55.55702 -83.14696 0
vn -38.26834 -92.38796 0
vn -19.50903 -98.07853 0
vn 19.50903 -98.07853 0
vn 38.26834 -92.38796 0
vn 55.55702 -83.14696 0
vn 83.14696 -55.55702 0
vn 92.38796 -38.26834 0
vn 98.07853 -19.50903 0
vn -28.17326 0 95.9493
vn -54.06408 0 84.12535
vn -75.57496 0 65.48608
vn -90.9632 0 41.5415
vn -98.98215 0 14.23148
vn -98.98215 0 -14.23148
vn -90.9632 0 -41.5415
vn -75.57496 0 -65.48608
vn -54.06408 0 -84.12535
vn -28.17326 0 -95.9493
vn -19.50903 0 98.07853
vn -25.8819 0 96.59258
vn -38.26834 0 92.38796
vn -50 0 86.60254
vn -55.55702 0 83.14696
vn -70.71068 0 70.71068
vn -83.14696 0 55.55702
vn -86.60254 0 50
vn -92.38796 0 38.26834
vn -96.59258 0 25.8819
vn -98.07853 0 19.50903
vn -98.07853 0 -19.50903
vn -96.59258 0 -25.8819
vn -92.38796 0 -38.26834
vn -86.60254 0 -50
vn -83.14696 0 -55.55702
vn -70.71068 0 -70.71068
vn -55.55702 0 -83.14696
vn -50 0 -86.60254
vn -38.26834 0 -92.38796
vn -25.8819 0 -96.59258
vn -19.50903 0 -98.07853
vn 0 25.8819 -96.59258
vt 0.62832 0
vt 0.7854 0
vt 0.69813 1.50104
vt 0.7854 1.50104
vt 0.69813 3.00208
vt 0.7854 3.00208
vt 0.69813 4.50312
vt 0.7854 4.50312
vt 0.69813 6.00416
vt 0.7854 6.00416
vt 0.69813 7.5052
vt 0.7854 7.5052
vt 0.69813 9.00624
vt 0.7854 9.00624
vt 0.69813 10.50728
vt 0.7854 10.50728
vt 0.69813 12.00833
vt 0.7854 12.00833
vt 0.69813 13.50937
vt 0.7854 13.50937
vt 0.69813 15.01041
vt 0.7854 15.01041
vt 0.69813 16.51145
vt 0.7854 16.51145
vt 0.7854 18.01249
vt 0.62832 18.01249
vt 0.5236 16.51145
vt 0.5236 15.01041
vt 0.5236 13.50937
vt 0.5236 12.00833
vt 0.5236 10.50728
vt 0.5236 9.00624
vt 0.5236 7.5052
vt 0.5236 6.00416
vt 0.5236 4.50312
vt 0.5236 3.00208
vt 0.5236 1.50104
vt 0.47124 0
vt 0.34907 1.50104
vt 0.31416 0
vt 0.17453 1.50104
vt 0.15708 0
vt -0 1.50104
vt -0 0
vt 0.47124 18.01249
vt 0.34907 16.51145
vt 0.34907 15.01041
vt 0.34907 13.50937
vt 0.34907 12.00833
vt 0.34907 10.50728
vt 0.34907 9.00624
vt 0.34907 7.5052
vt 0.34907 6.00416
vt 0.34907 4.50312
vt 0.34907 3.00208
vt 0.31416 18.01249
vt 0.17453 16.51145
vt 0.17453 15.01041
vt 0.17453 13.50937
vt 0.17453 12.00833
vt 0.17453 10.50728
vt 0.17453 9.00624
vt 0.17453 7.5052
vt 0.17453 6.00416
vt 0.17453 4.50312
vt 0.17453 3.00208
vt 0.15708 18.01249
vt -0 16.51145
vt -0 15.01041
vt -0 13.50937
vt -0 12.00833
vt -0 10.50728
vt -0 9.00624
vt -0 7.5052
vt -0 6.00416
vt -0 4.50312
vt -0 3.00208
vt -0 18.01249
vt -24.423 0
vt -21.29953 0
vt -24.423 1.53938
vt -20.89175 1.53938
vt -24.423 3.07876
vt -20.51176 3.07876
vt -24.423 4.61814
vt -20.18546 4.61814
vt -24.423 6.15752
vt -19.93507 6.15752
vt -24.423 7.6969
vt -19.77768 7.6969
vt -24.423 9.23628
vt -19.72399 9.23628
vt -19.77768 10.77566
vt -24.423 10.77566
vt -19.93507 12.31504
vt -24.423 12.31504
vt -20.18546 13.85442
vt -24.423 13.85442
vt -20.51176 15.3938
vt -24.423 15.3938
vt -20.89175 16.93318
vt -24.423 16.93318
vt -21.29953 18.47256
vt -24.423 18.47256
vt -21.26593 0
vt -21.67371 1.53938
vt -23.35412 0
vt -23.35412 1.53938
vt -22.0537 3.07876
vt -23.35412 3.07876
vt -22.38001 4.61814
vt -23.35412 4.61814
vt -22.63039 6.15752
vt -23.35412 6.15752
vt -22.78779 7.6969
vt -23.35412 7.6969
vt -22.84148 9.23628
vt -23.35412 9.23628
vt -23.35412 10.77566
vt -22.78779 10.77566
vt -23.35412 12.31504
vt -22.63039 12.31504
vt -23.35412 13.85442
vt -22.38001 13.85442
vt -23.35412 15.3938
vt -22.0537 15.3938
vt -23.35412 16.93318
vt -21.67371 16.93318
vt -23.35412 18.47256
vt -21.26593 18.47256
vt -0 1.46608
vt -0.72 0
vt -0.72 1.46608
vt -0 2.93215
vt -0.72 2.93215
vt -0 4.39823
vt -0.72 4.39823
vt -0 5.86431
vt -0.72 5.86431
vt -0 7.33038
vt -0.72 7.33038
vt -0 8.79646
vt -0.72 8.79646
vt -0 10.26254
vt -0.72 10.26254
vt -0 11.72861
vt -0.72 11.72861
vt -0 13.19469
vt -0.72 13.19469
vt -0 14.66077
vt -0.72 14.66077
vt -0 16.12684
vt -0.72 16.12684
vt -0.72 17.59292
vt -0 17.59292
vt -0.8 0
vt -0.8 1.53938
vt -0 1.53938
vt -0.8 3.07876
vt -0 3.07876
vt -0.8 4.61814
vt -0 4.61814
vt -0.8 6.15752
vt -0 6.15752
vt -0.8 7.6969
vt -0 7.6969
vt -0.8 9.23628
vt -0 9.23628
vt -0.8 10.77566
vt -0 10.77566
vt -0.8 12.31504
vt -0 12.31504
vt -0.8 13.85442
vt -0 13.85442
vt -0.8 15.3938
vt -0 15.3938
vt -0.8 16.93318
vt -0 16.93318
vt -0.8 18.47256
vt -0 18.47256
vt 2.05061 0
vt -0 1.35481
vt 2.05061 1.47798
vt -0 2.70962
vt 2.05061 2.95595
vt -0 4.06443
vt 2.05061 4.43393
vt -0 5.41925
vt 2.05061 5.91191
vt -0 6.77406
vt 2.05061 7.38988
vt -0 8.12887
vt 2.05061 8.86786
vt -0 9.48368
vt 2.05061 10.34584
vt -0 10.83849
vt 2.05061 11.82381
vt -0 12.19331
vt 2.05061 13.30179
vt -0 13.54812
vt 2.05061 14.77976
vt -0 14.90293
vt 2.05061 16.25774
vt -0 16.25774
vt -2.05061 0
vt -2.05061 1.35481
vt 0 1.47798
vt -2.05061 2.70962
vt -0 2.95595
vt -2.05061 4.06443
vt -0 4.43393
vt -2.05061 5.41925
vt -0 5.91191
vt -2.05061 6.77406
vt -0 7.38988
vt -2.05061 8.12887
vt -0 8.86786
vt -2.05061 9.48368
vt -0 10.34584
vt -2.05061 10.83849
vt -0 11.82381
vt -2.05061 12.19331
vt -0 13.30179
vt -2.05061 13.54812
vt -0 14.77976
vt -2.05061 14.90293
vt -2.05061 16.25774
vt -2.05061 -16.25774
vt -0 -16.25774
vt -2.05061 -14.90293
vt -0 -14.77976
vt -2.05061 -13.54812
vt -0 -13.30179
vt -2.05061 -12.19331
vt -0 -11.82381
vt -2.05061 -10.83849
vt -0 -10.34584
vt -2.05061 -9.48368
vt -0 -8.86786
vt -2.05061 -8.12887
vt 0 -7.38988
vt -2.05061 -6.77406
vt 0 -5.91191
vt -2.05061 -5.41925
vt 0 -4.43393
vt -2.05061 -4.06443
vt 0 -2.95595
vt -2.05061 -2.70962
vt 0 -1.47798
vt -2.05061 -1.35481
vt 2.05061 -16.25774
vt -0 -14.90293
vt 2.05061 -14.77976
vt -0 -13.54812
vt 2.05061 -13.30179
vt -0 -12.19331
vt 2.05061 -11.82381
vt -0 -10.83849
vt 2.05061 -10.34584
vt -0 -9.48368
vt 2.05061 -8.86786
vt -0 -8.12887
vt 2.05061 -7.38988
vt -0 -6.77406
vt 2.05061 -5.91191
vt -0 -5.41925
vt 2.05061 -4.43393
vt -0 -4.06443
vt 2.05061 -2.95595
vt -0 -2.70962
vt 2.05061 -1.47798
vt -0 -1.35481
vt -0.8 -18.47256
vt -0 -18.47256
vt -0.8 -16.93318
vt -0 -16.93318
vt -0.8 -15.3938
vt -0 -15.3938
vt -0.8 -13.85442
vt -0 -13.85442
vt -0.8 -12.31504
vt -0 -12.31504
vt -0.8 -10.77566
vt -0 -10.77566
vt -0.8 -9.23628
vt -0 -9.23628
vt -0.8 -7.6969
vt -0 -7.6969
vt -0.8 -6.15752
vt -0 -6.15752
vt -0.8 -4.61814
vt -0 -4.61814
vt -0.8 -3.07876
vt -0 -3.07876
vt -0.8 -1.53938
vt -0 -1.53938
vt 5.40918 1.44939
vt -5.40918 1.44939
vt 5.6 0
vt -5.6 0
vt 5.40918 -1.44939
vt -5.40918 -1.44939
vt 4.84974 -2.8
vt -4.84974 -2.8
vt 3.9598 -3.9598
vt -3.9598 -3.9598
vt 2.8 -4.84974
vt -2.8 -4.84974
vt 1.44939 -5.40918
vt -1.44939 -5.40918
vt 0 -5.6
vt -4.84974 2.8
vt 4.84974 2.8
vt -3.9598 3.9598
vt 3.9598 3.9598
vt -2.8 4.84974
vt 2.8 4.84974
vt -1.44939 5.40918
vt 1.44939 5.40918
vt 0 5.6
vt -0.72 -17.59292
vt -0 -17.59292
vt -0.72 -16.12684
vt -0 -16.12684
vt -0 -14.66077
vt -0.72 -14.66077
vt -0 -13.19469
vt -0.72 -13.19469
vt -0 -11.72861
vt -0.72 -11.72861
vt -0 -10.26254
vt -0.72 -10.26254
vt -0 -8.79646
vt -0.72 -8.79646
vt -0 -7.33038
vt -0.72 -7.33038
vt -0 -5.86431
vt -0.72 -5.86431
vt -0 -4.39823
vt -0.72 -4.39823
vt -0 -2.93215
vt -0.72 -2.93215
vt -0 -1.46608
vt -0.72 -1.46608
vt 5.67964 16.87814
vt 5.88 18.4
vt 5.6 18.4
vt 5.67964 19.92186
vt 5.40918 19.84939
vt 5.09223 21.34
vt 4.84974 21.2
vt 4.15779 22.55779
vt 3.9598 22.3598
vt 2.94 23.49223
vt 2.8 23.24974
vt 1.52186 24.07964
vt 1.44939 23.80918
vt 0 24.28
vt 0 24
vt -1.44939 23.80918
vt -1.52186 24.07964
vt -2.8 23.24974
vt -2.94 23.49223
vt -3.9598 22.3598
vt -4.15779 22.55779
vt -4.84974 21.2
vt -5.09223 21.34
vt -5.40918 19.84939
vt -5.67964 19.92186
vt -5.6 18.4
vt -5.88 18.4
vt -5.67964 16.87814
vt -5.40918 16.95061
vt -5.09223 15.46
vt -4.84974 15.6
vt -4.15779 14.24221
vt -3.9598 14.4402
vt -2.94 13.30777
vt -2.8 13.55026
vt -1.52186 12.72036
vt -1.44939 12.99082
vt 0 12.52
vt 0 12.8
vt 1.44939 12.99082
vt 1.52186 12.72036
vt 2.8 13.55026
vt 2.94 13.30777
vt 3.9598 14.4402
vt 4.15779 14.24221
vt 4.84974 15.6
vt 5.09223 15.46
vt 5.40918 16.95061
vt 5.67964 -19.92186
vt 5.88 -18.4
vt 5.6 -18.4
vt 5.67964 -16.87814
vt 5.40918 -16.95061
vt 5.09223 -15.46
vt 4.84974 -15.6
vt 4.15779 -14.24221
vt 3.9598 -14.4402
vt 2.94 -13.30777
vt 2.8 -13.55026
vt 1.52186 -12.72036
vt 1.44939 -12.99082
vt 0 -12.52
vt 0 -12.8
vt -1.44939 -12.99082
vt -1.52186 -12.72036
vt -2.8 -13.55026
vt -2.94 -13.30777
vt -3.9598 -14.4402
vt -4.15779 -14.24221
vt -4.84974 -15.6
vt -5.09223 -15.46
vt -5.40918 -16.95061
vt -5.67964 -16.87814
vt -5.6 -18.4
vt -5.88 -18.4
vt -5.67964 -19.92186
vt -5.40918 -19.84939
vt -5.09223 -21.34
vt -4.84974 -21.2
vt -4.15779 -22.55779
vt -3.9598 -22.3598
vt -2.94 -23.49223
vt -2.8 -23.24974
vt -1.52186 -24.07964
vt -1.44939 -23.80918
vt 0 -24.28
vt 0 -24
vt 1.44939 -23.80918
vt 1.52186 -24.07964
vt 2.8 -23.24974
vt 2.94 -23.49223
vt 3.9598 -22.3598
vt 4.15779 -22.55779
vt 4.84974 -21.2
vt 5.09223 -21.34
vt 5.40918 -19.84939
vt -23.35412 -18.47256
vt -21.26593 -18.47256
vt -23.35412 -16.93318
vt -20.85815 -16.93318
vt -23.35412 -15.3938
vt -20.47816 -15.3938
vt -23.35412 -13.85442
vt -20.15186 -13.85442
vt -23.35412 -12.31504
vt -19.90148 -12.31504
vt -23.35412 -10.77566
vt -19.74408 -10.77566
vt -23.35412 -9.23628
vt -19.69039 -9.23628
vt -19.74408 -7.6969
vt -23.35412 -7.6969
vt -19.90148 -6.15752
vt -23.35412 -6.15752
vt -20.15186 -4.61814
vt -23.35412 -4.61814
vt -20.47816 -3.07876
vt -23.35412 -3.07876
vt -20.85815 -1.53938
vt -23.35412 -1.53938
vt 17.90667 5.69896
vt 16.32577 5.9
vt 16.32577 5.88
vt 14.74487 5.69896
vt 14.75023 5.67964
vt 13.2717 5.10955
vt 13.28206 5.09223
vt 12.00667 4.17193
vt 12.02131 4.15779
vt 11.03597 2.95
vt 11.0539 2.94
vt 10.42577 1.52703
vt 10.44577 1.52186
vt 10.21764 -0
vt 10.23834 -0
vt 10.44577 -1.52186
vt 10.42577 -1.52703
vt 11.0539 -2.94
vt 11.03597 -2.95
vt 12.02131 -4.15779
vt 12.00667 -4.17193
vt 13.28206 -5.09223
vt 13.2717 -5.10955
vt 14.75023 -5.67964
vt 14.74487 -5.69896
vt 16.32577 -5.88
vt 16.32577 -5.9
vt 17.90667 -5.69896
vt 17.90131 -5.67964
vt 19.37983 -5.10955
vt 19.36948 -5.09223
vt 20.64487 -4.17193
vt 20.63023 -4.15779
vt 21.61556 -2.95
vt 21.59763 -2.94
vt 22.22577 -1.52703
vt 22.20577 -1.52186
vt 22.4339 0
vt 22.41319 0
vt 22.20577 1.52186
vt 22.22577 1.52703
vt 21.59763 2.94
vt 21.61556 2.95
vt 20.63023 4.15779
vt 20.64487 4.17193
vt 19.36948 5.09223
vt 19.37983 5.10955
vt 17.90131 5.67964
vt -5.19668 -1.39245
vt 5.19668 -1.39245
vt -5.38 0
vt 5.38 0
vt -5.19668 1.39245
vt 5.19668 1.39245
vt -4.65922 2.69
vt 4.65922 2.69
vt -3.80424 3.80424
vt 3.80424 3.80424
vt -2.69 4.65922
vt 2.69 4.65922
vt -1.39245 5.19668
vt 1.39245 5.19668
vt -0 5.38
vt 4.65922 -2.69
vt -4.65922 -2.69
vt 3.80424 -3.80424
vt -3.80424 -3.80424
vt 2.69 -4.65922
vt -2.69 -4.65922
vt 1.39245 -5.19668
vt -1.39245 -5.19668
vt -0 -5.38
vt -0 -18.01249
vt 0.15708 -18.01249
vt -0 -16.51145
vt 0.17453 -16.51145
vt -0 -15.01041
vt 0.17453 -15.01041
vt -0 -13.50937
vt 0.17453 -13.50937
vt -0 -12.00833
vt 0.17453 -12.00833
vt -0 -10.50728
vt 0.17453 -10.50728
vt -0 -9.00624
vt 0.17453 -9.00624
vt -0 -7.5052
vt 0.17453 -7.5052
vt -0 -6.00416
vt 0.17453 -6.00416
vt -0 -4.50312
vt 0.17453 -4.50312
vt -0 -3.00208
vt 0.17453 -3.00208
vt -0 -1.50104
vt 0.17453 -1.50104
vt 0.34907 -1.50104
vt 0.5236 -1.50104
vt 0.69813 -1.50104
vt 0.7854 -1.50104
vt 0.7854 -3.00208
vt 0.69813 -3.00208
vt 0.7854 -4.50312
vt 0.69813 -4.50312
vt 0.7854 -6.00416
vt 0.69813 -6.00416
vt 0.7854 -7.5052
vt 0.69813 -7.5052
vt 0.7854 -9.00624
vt 0.69813 -9.00624
vt 0.7854 -10.50728
vt 0.69813 -10.50728
vt 0.7854 -12.00833
vt 0.69813 -12.00833
vt 0.7854 -13.50937
vt 0.69813 -13.50937
vt 0.7854 -15.01041
vt 0.69813 -15.01041
vt 0.7854 -16.51145
vt 0.69813 -16.51145
vt 0.7854 -18.01249
vt 0.62832 -18.01249
vt 0.5236 -16.51145
vt 0.47124 -18.01249
vt 0.34907 -16.51145
vt 0.31416 -18.01249
vt 0.5236 -15.01041
vt 0.5236 -13.50937
vt 0.5236 -12.00833
vt 0.5236 -10.50728
vt 0.5236 -9.00624
vt 0.5236 -7.5052
vt 0.5236 -6.00416
vt 0.5236 -4.50312
vt 0.5236 -3.00208
vt 0.34907 -15.01041
vt 0.34907 -13.50937
vt 0.34907 -12.00833
vt 0.34907 -10.50728
vt 0.34907 -9.00624
vt 0.34907 -7.5052
vt 0.34907 -6.00416
vt 0.34907 -4.50312
vt 0.34907 -3.00208
vt -21.29953 -18.47256
vt -21.70731 -16.93318
vt -24.423 -18.47256
vt -24.423 -16.93318
vt -22.0873 -15.3938
vt -24.423 -15.3938
vt -22.41361 -13.85442
vt -24.423 -13.85442
vt -22.66399 -12.31504
vt -24.423 -12.31504
vt -22.82139 -10.77566
vt -24.423 -10.77566
vt -22.87507 -9.23628
vt -24.423 -9.23628
vt -24.423 -7.6969
vt -22.82139 -7.6969
vt -24.423 -6.15752
vt -22.66399 -6.15752
vt -24.423 -4.61814
vt -22.41361 -4.61814
vt -24.423 -3.07876
vt -22.0873 -3.07876
vt -24.423 -1.53938
vt -21.70731 -1.53938
vt -7.05113 8.10924
vt -5.9001 9.2677
vt -13.3001 9.2677
vt -7.05113 10.42616
vt -13.3001 10.81232
vt -8.15793 11.58462
vt -13.3001 12.35693
vt -9.17796 12.74308
vt -13.3001 13.90155
vt -10.07203 13.90155
vt -10.80577 15.06001
vt -13.3001 15.44616
vt -11.35099 16.21847
vt -13.3001 16.99078
vt -11.68673 17.37693
vt -13.3001 18.5354
vt -11.8001 18.5354
vt -13.3001 7.72308
vt -8.15793 6.95077
vt -13.3001 6.17846
vt -9.17796 5.79231
vt -13.3001 4.63385
vt -10.07203 4.63385
vt -10.80577 3.47539
vt -13.3001 3.08923
vt -11.35099 2.31692
vt -13.3001 1.54462
vt -11.68673 1.15846
vt -13.3001 0
vt -11.8001 0
vt -5.95 0
vt -5.95 1.27092
vt -25.05 0
vt -25.05 1.27092
vt -5.95 2.54183
vt -25.05 2.54183
vt -5.95 3.81275
vt -25.05 3.81275
vt -5.95 5.08367
vt -25.05 5.08367
vt -5.95 6.35458
vt -25.05 6.35458
vt -5.95 7.6255
vt -25.05 7.6255
vt -5.95 8.89642
vt -25.05 8.89642
vt -5.95 10.16734
vt -25.05 10.16734
vt -5.95 11.43825
vt -25.05 11.43825
vt -5.95 12.70917
vt -25.05 12.70917
vt -25.05 13.98009
vt -5.95 13.98009
vt -8.18 0
vt -2.58819 0
vt -7.02897 1.15846
vt -2.17902 1.54462
vt -5.92217 2.31692
vt -1.79774 3.08923
vt -4.90214 3.47539
vt -1.47032 4.63385
vt -4.00807 4.63385
vt -3.27433 5.79231
vt -1.21909 6.17846
vt -2.72911 6.95077
vt -1.06116 7.72308
vt -2.39337 8.10924
vt -1.00729 9.2677
vt -2.28 9.2677
vt -2.39337 10.42616
vt -1.06116 10.81232
vt -2.72911 11.58462
vt -1.21909 12.35693
vt -3.27433 12.74308
vt -1.47032 13.90155
vt -4.00807 13.90155
vt -4.90214 15.06001
vt -1.79774 15.44616
vt -5.92217 16.21847
vt -2.17902 16.99078
vt -7.02897 17.37693
vt -2.58819 18.5354
vt -8.18 18.5354
vt -9.33103 1.15846
vt -14.51 0
vt -14.51 1.54462
vt -10.43783 2.31692
vt -14.51 3.08923
vt -11.45786 3.47539
vt -14.51 4.63385
vt -12.35193 4.63385
vt -13.08567 5.79231
vt -14.51 6.17846
vt -13.63089 6.95077
vt -14.51 7.72308
vt -13.96663 8.10924
vt -14.51 9.2677
vt -14.08 9.2677
vt -13.96663 10.42616
vt -14.51 10.81232
vt -13.63089 11.58462
vt -14.51 12.35693
vt -13.08567 12.74308
vt -14.51 13.90155
vt -12.35193 13.90155
vt -11.45786 15.06001
vt -14.51 15.44616
vt -10.43783 16.21847
vt -14.51 16.99078
vt -9.33103 17.37693
vt -14.51 18.5354
vt -3.62347 0
vt -4.03263 1.54462
vt -4.41392 3.08923
vt -4.74133 4.63385
vt -4.99257 6.17846
vt -5.1505 7.72308
vt -5.20437 9.2677
vt -5.1505 10.81232
vt -4.99257 12.35693
vt -4.74133 13.90155
vt -4.41392 15.44616
vt -4.03263 16.99078
vt -3.62347 18.5354
vt -8.18 -18.5354
vt -3.62347 -18.5354
vt -7.02897 -17.37693
vt -3.2143 -16.99078
vt -5.92217 -16.21847
vt -2.83302 -15.44616
vt -4.90214 -15.06001
vt -2.5056 -13.90155
vt -4.00807 -13.90155
vt -3.27433 -12.74308
vt -2.25437 -12.35693
vt -2.72911 -11.58462
vt -2.09643 -10.81232
vt -2.39337 -10.42616
vt -2.04257 -9.2677
vt -2.28 -9.2677
vt -2.39337 -8.10924
vt -2.09643 -7.72308
vt -2.72911 -6.95077
vt -2.25437 -6.17846
vt -3.27433 -5.79231
vt -2.5056 -4.63385
vt -4.00807 -4.63385
vt -4.90214 -3.47539
vt -2.83302 -3.08923
vt -5.92217 -2.31692
vt -3.2143 -1.54462
vt -7.02897 -1.15846
vt -9.33103 -17.37693
vt -14.51 -18.5354
vt -14.51 -16.99078
vt -10.43783 -16.21847
vt -14.51 -15.44616
vt -11.45786 -15.06001
vt -14.51 -13.90155
vt -12.35193 -13.90155
vt -13.08567 -12.74308
vt -14.51 -12.35693
vt -13.63089 -11.58462
vt -14.51 -10.81232
vt -13.96663 -10.42616
vt -14.51 -9.2677
vt -14.08 -9.2677
vt -13.96663 -8.10924
vt -14.51 -7.72308
vt -13.63089 -6.95077
vt -14.51 -6.17846
vt -13.08567 -5.79231
vt -14.51 -4.63385
vt -12.35193 -4.63385
vt -11.45786 -3.47539
vt -14.51 -3.08923
vt -10.43783 -2.31692
vt -14.51 -1.54462
vt -9.33103 -1.15846
vt -2.58819 -18.5354
vt -2.99736 -16.99078
vt -3.37864 -15.44616
vt -3.70606 -13.90155
vt -3.95729 -12.35693
vt -4.11522 -10.81232
vt -4.16909 -9.2677
vt -4.11522 -7.72308
vt -3.95729 -6.17846
vt -3.70606 -4.63385
vt -3.37864 -3.08923
vt -2.99736 -1.54462
vt -25.05 -13.98009
vt -5.95 -13.98009
vt -25.05 -12.70917
vt -5.95 -12.70917
vt -5.95 -11.43825
vt -25.05 -11.43825
vt -5.95 -10.16734
vt -25.05 -10.16734
vt -5.95 -8.89642
vt -25.05 -8.89642
vt -5.95 -7.6255
vt -25.05 -7.6255
vt -5.95 -6.35458
vt -25.05 -6.35458
vt -5.95 -5.08367
vt -25.05 -5.08367
vt -5.95 -3.81275
vt -25.05 -3.81275
vt -5.95 -2.54183
vt -25.05 -2.54183
vt -5.95 -1.27092
vt -25.05 -1.27092
vt -11.8001 -18.5354
vt -11.68673 -17.37693
vt -13.3001 -18.5354
vt -13.3001 -16.99078
vt -11.35099 -16.21847
vt -13.3001 -15.44616
vt -10.80577 -15.06001
vt -13.3001 -13.90155
vt -10.07203 -13.90155
vt -9.17796 -12.74308
vt -13.3001 -12.35693
vt -8.15793 -11.58462
vt -13.3001 -10.81232
vt -7.05113 -10.42616
vt -13.3001 -9.2677
vt -5.9001 -9.2677
vt -7.05113 -8.10924
vt -13.3001 -7.72308
vt -8.15793 -6.95077
vt -13.3001 -6.17846
vt -9.17796 -5.79231
vt -13.3001 -4.63385
vt -10.07203 -4.63385
vt -10.80577 -3.47539
vt -13.3001 -3.08923
vt -11.35099 -2.31692
vt -13.3001 -1.54462
vt -11.68673 -1.15846
vt -5.69896 19.92703
vt -5.9 18.4
vt -5.69896 16.87297
vt -5.10955 15.45
vt -4.17193 14.22807
vt -2.95 13.29045
vt -1.52703 12.70104
vt 0 12.5
vt 1.52703 12.70104
vt 2.95 13.29045
vt 4.17193 14.22807
vt 5.10955 15.45
vt 5.69896 16.87297
vt 5.9 18.4
vt 5.69896 19.92703
vt 5.10955 21.35
vt 4.17193 22.57193
vt 2.95 23.50955
vt 1.52703 24.09896
vt 0 24.3
vt -1.52703 24.09896
vt -2.95 23.50955
vt -4.17193 22.57193
vt -5.10955 21.35
vt -5.69896 -16.87297
vt -5.9 -18.4
vt -5.69896 -19.92703
vt -5.10955 -21.35
vt -4.17193 -22.57193
vt -2.95 -23.50955
vt -1.52703 -24.09896
vt 0 -24.3
vt 1.52703 -24.09896
vt 2.95 -23.50955
vt 4.17193 -22.57193
vt 5.10955 -21.35
vt 5.69896 -19.92703
vt 5.9 -18.4
vt 5.69896 -16.87297
vt 5.10955 -15.45
vt 4.17193 -14.22807
vt 2.95 -13.29045
vt 1.52703 -12.70104
vt 0 -12.5
vt -1.52703 -12.70104
vt -2.95 -13.29045
vt -4.17193 -14.22807
vt -5.10955 -15.45
vt 5.69896 15.01282
vt 5.9 16.59372
vt 5.88 16.59372
vt 5.69896 18.17462
vt 5.67964 18.16926
vt 5.10955 19.64778
vt 5.09223 19.63743
vt 4.17193 20.91282
vt 4.15779 20.89818
vt 2.95 21.88351
vt 2.94 21.86558
vt 1.52703 22.49372
vt 1.52186 22.47372
vt -0 22.70185
vt -0 22.68114
vt -1.52186 22.47372
vt -1.52703 22.49372
vt -2.94 21.86558
vt -2.95 21.88351
vt -4.15779 20.89818
vt -4.17193 20.91282
vt -5.09223 19.63743
vt -5.10955 19.64778
vt -5.67964 18.16926
vt -5.69896 18.17462
vt -5.88 16.59372
vt -5.9 16.59372
vt -5.69896 15.01282
vt -5.67964 15.01818
vt -5.10955 13.53965
vt -5.09223 13.55001
vt -4.17193 12.27462
vt -4.15779 12.28926
vt -2.95 11.30392
vt -2.94 11.32185
vt -1.52703 10.69372
vt -1.52186 10.71372
vt 0 10.48559
vt 0 10.50629
vt 1.52186 10.71372
vt 1.52703 10.69372
vt 2.94 11.32185
vt 2.95 11.30392
vt 4.15779 12.28926
vt 4.17193 12.27462
vt 5.09223 13.55001
vt 5.10955 13.53965
vt 5.67964 15.01818
usemtl mat0
f 1/1/1 2/2/2 3/3/3
f 3/3/3 2/2/2 4/4/2
f 3/3/3 4/4/2 5/5/4
f 5/5/4 4/4/2 6/6/2
f 5/5/4 6/6/2 7/7/5
f 7/7/5 6/6/2 8/8/2
f 7/7/5 8/8/2 9/9/6
f 9/9/6 8/8/2 10/10/2
f 9/9/6 10/10/2 11/11/7
f 11/11/7 10/10/2 12/12/2
f 11/11/7 12/12/2 13/13/8
f 13/13/8 12/12/2 14/14/2
f 13/13/8 14/14/2 15/15/9
f 15/15/9 14/14/2 16/16/2
f 15/15/9 16/16/2 17/17/10
f 17/17/10 16/16/2 18/18/2
f 17/17/10 18/18/2 19/19/11
f 19/19/11 18/18/2 20/20/2
f 19/19/11 20/20/2 21/21/12
f 21/21/12 20/20/2 22/22/2
f 21/21/12 22/22/2 23/23/13
f 23/23/13 22/22/2 24/24/2
f 23/23/13 24/24/2 25/25/2
f 25/25/2 26/26/14 23/23/13
f 23/23/13 26/26/14 27/27/15
f 23/23/13 27/27/15 21/21/12
f 21/21/12 27/27/15 28/28/16
f 21/21/12 28/28/16 19/19/11
f 19/19/11 28/28/16 29/29/17
f 19/19/11 29/29/17 17/17/10
f 17/17/10 29/29/17 30/30/18
f 17/17/10 30/30/18 15/15/9
f 15/15/9 30/30/18 31/31/19
f 15/15/9 31/31/19 13/13/8
f 13/13/8 31/31/19 32/32/20
f 13/13/8 32/32/20 11/11/7
f 11/11/7 32/32/20 33/33/21
f 11/11/7 33/33/21 9/9/6
f 9/9/6 33/33/21 34/34/22
f 9/9/6 34/34/22 7/7/5
f 7/7/5 34/34/22 35/35/23
f 7/7/5 35/35/23 5/5/4
f 5/5/4 35/35/23 36/36/24
f 5/5/4 36/36/24 3/3/3
f 3/3/3 36/36/24 37/37/25
f 3/3/3 37/37/25 1/1/1
f 1/1/1 37/37/25 38/38/26
f 38/38/26 37/37/25 39/39/27
f 38/38/26 39/39/27 40/40/28
f 40/40/28 39/39/27 41/41/29
f 40/40/28 41/41/29 42/42/30
f 42/42/30 41/41/29 43/43/31
f 42/42/30 43/43/31 44/44/32
f 26/26/14 45/45/33 27/27/15
f 27/27/15 45/45/33 46/46/34
f 27/27/15 46/46/34 28/28/16
f 28/28/16 46/46/34 47/47/35
f 28/28/16 47/47/35 29/29/17
f 29/29/17 47/47/35 48/48/36
f 29/29/17 48/48/36 30/30/18
f 30/30/18 48/48/36 49/49/37
f 30/30/18 49/49/37 31/31/19
f 31/31/19 49/49/37 50/50/38
f 31/31/19 50/50/38 32/32/20
f 32/32/20 50/50/38 51/51/39
f 32/32/20 51/51/39 33/33/21
f 33/33/21 51/51/39 52/52/40
f 33/33/21 52/52/40 34/34/22
f 34/34/22 52/52/40 53/53/41
f 34/34/22 53/53/41 35/35/23
f 35/35/23 53/53/41 54/54/42
f 35/35/23 54/54/42 36/36/24
f 36/36/24 54/54/42 55/55/43
f 36/36/24 55/55/43 37/37/25
f 37/37/25 55/55/43 39/39/27
f 45/45/33 56/56/44 46/46/34
f 46/46/34 56/56/44 57/57/45
f 46/46/34 57/57/45 47/47/35
f 47/47/35 57/57/45 58/58/46
f 47/47/35 58/58/46 48/48/36
f 48/48/36 58/58/46 59/59/47
f 48/48/36 59/59/47 49/49/37
f 49/49/37 59/59/47 60/60/48
f 49/49/37 60/60/48 50/50/38
f 50/50/38 60/60/48 61/61/49
f 50/50/38 61/61/49 51/51/39
f 51/51/39 61/61/49 62/62/50
f 51/51/39 62/62/50 52/52/40
f 52/52/40 62/62/50 63/63/51
f 52/52/40 63/63/51 53/53/41
f 53/53/41 63/63/51 64/64/52
f 53/53/41 64/64/52 54/54/42
f 54/54/42 64/64/52 65/65/53
f 54/54/42 65/65/53 55/55/43
f 55/55/43 65/65/53 66/66/54
f 55/55/43 66/66/54 39/39/27
f 39/39/27 66/66/54 41/41/29
f 56/56/44 67/67/55 57/57/45
f 57/57/45 67/67/55 68/68/56
f 57/57/45 68/68/56 58/58/46
f 58/58/46 68/68/56 69/69/57
f 58/58/46 69/69/57 59/59/47
f 59/59/47 69/69/57 70/70/58
f 59/59/47 70/70/58 60/60/48
f 60/60/48 70/70/58 71/71/59
f 60/60/48 71/71/59 61/61/49
f 61/61/49 71/71/59 72/72/60
f 61/61/49 72/72/60 62/62/50
f 62/62/50 72/72/60 73/73/61
f 62/62/50 73/73/61 63/63/51
f 63/63/51 73/73/61 74/74/62
f 63/63/51 74/74/62 64/64/52
f 64/64/52 74/74/62 75/75/63
f 64/64/52 75/75/63 65/65/53
f 65/65/53 75/75/63 76/76/64
f 65/65/53 76/76/64 66/66/54
f 66/66/54 76/76/64 77/77/65
f 66/66/54 77/77/65 41/41/29
f 41/41/29 77/77/65 43/43/31
f 67/67/55 78/78/66 68/68/56
f 79/79/66 80/80/66 81/81/56
f 81/81/56 80/80/66 82/82/56
f 81/81/56 82/82/56 83/83/57
f 83/83/57 82/82/56 84/84/57
f 83/83/57 84/84/57 85/85/58
f 85/85/58 84/84/57 86/86/58
f 85/85/58 86/86/58 87/87/59
f 87/87/59 86/86/58 88/88/59
f 87/87/59 88/88/59 89/89/60
f 89/89/60 88/88/59 90/90/60
f 89/89/60 90/90/60 91/91/61
f 91/91/61 90/90/60 92/92/61
f 91/91/61 92/92/61 93/93/62
f 91/91/61 93/93/62 94/94/62
f 94/94/62 93/93/62 95/95/63
f 94/94/62 95/95/63 96/96/63
f 96/96/63 95/95/63 97/97/64
f 96/96/63 97/97/64 98/98/64
f 98/98/64 97/97/64 99/99/65
f 98/98/64 99/99/65 100/100/65
f 100/100/65 99/99/65 101/101/31
f 100/100/65 101/101/31 102/102/31
f 102/102/31 101/101/31 103/103/32
f 102/102/31 103/103/32 104/104/32
f 105/1/1 106/2/2 107/3/3
f 107/3/3 106/2/2 108/4/2
f 107/3/3 108/4/2 109/5/4
f 109/5/4 108/4/2 110/6/2
f 109/5/4 110/6/2 111/7/5
f 111/7/5 110/6/2 112/8/2
f 111/7/5 112/8/2 113/9/6
f 113/9/6 112/8/2 114/10/2
f 113/9/6 114/10/2 115/11/7
f 115/11/7 114/10/2 116/12/2
f 115/11/7 116/12/2 117/13/8
f 117/13/8 116/12/2 118/14/2
f 117/13/8 118/14/2 119/15/9
f 119/15/9 118/14/2 120/16/2
f 119/15/9 120/16/2 121/17/10
f 121/17/10 120/16/2 122/18/2
f 121/17/10 122/18/2 123/19/11
f 123/19/11 122/18/2 124/20/2
f 123/19/11 124/20/2 125/21/12
f 125/21/12 124/20/2 126/22/2
f 125/21/12 126/22/2 127/23/13
f 127/23/13 126/22/2 128/24/2
f 127/23/13 128/24/2 129/25/2
f 129/25/2 130/26/14 127/23/13
f 127/23/13 130/26/14 131/27/15
f 127/23/13 131/27/15 125/21/12
f 125/21/12 131/27/15 132/28/16
f 125/21/12 132/28/16 123/19/11
f 123/19/11 132/28/16 133/29/17
f 123/19/11 133/29/17 121/17/10
f 121/17/10 133/29/17 134/30/18
f 121/17/10 134/30/18 119/15/9
f 119/15/9 134/30/18 135/31/19
f 119/15/9 135/31/19 117/13/8
f 117/13/8 135/31/19 136/32/20
f 117/13/8 136/32/20 115/11/7
f 115/11/7 136/32/20 137/33/21
f 115/11/7 137/33/21 113/9/6
f 113/9/6 137/33/21 138/34/22
f 113/9/6 138/34/22 111/7/5
f 111/7/5 138/34/22 139/35/23
f 111/7/5 139/35/23 109/5/4
f 109/5/4 139/35/23 140/36/24
f 109/5/4 140/36/24 107/3/3
f 107/3/3 140/36/24 141/37/25
f 107/3/3 141/37/25 105/1/1
f 105/1/1 141/37/25 142/38/26
f 142/38/26 141/37/25 143/39/27
f 142/38/26 143/39/27 144/40/28
f 144/40/28 143/39/27 145/41/29
f 144/40/28 145/41/29 146/42/30
f 146/42/30 145/41/29 147/43/31
f 146/42/30 147/43/31 148/44/32
f 130/26/14 149/45/33 131/27/15
f 131/27/15 149/45/33 150/46/34
f 131/27/15 150/46/34 132/28/16
f 132/28/16 150/46/34 151/47/35
f 132/28/16 151/47/35 133/29/17
f 133/29/17 151/47/35 152/48/36
f 133/29/17 152/48/36 134/30/18
f 134/30/18 152/48/36 153/49/37
f 134/30/18 153/49/37 135/31/19
f 135/31/19 153/49/37 154/50/38
f 135/31/19 154/50/38 136/32/20
f 136/32/20 154/50/38 155/51/39
f 136/32/20 155/51/39 137/33/21
f 137/33/21 155/51/39 156/52/40
f 137/33/21 156/52/40 138/34/22
f 138/34/22 156/52/40 157/53/41
f 138/34/22 157/53/41 139/35/23
f 139/35/23 157/53/41 158/54/42
f 139/35/23 158/54/42 140/36/24
f 140/36/24 158/54/42 159/55/43
f 140/36/24 159/55/43 141/37/25
f 141/37/25 159/55/43 143/39/27
f 149/45/33 160/56/44 150/46/34
f 150/46/34 160/56/44 161/57/45
f 150/46/34 161/57/45 151/47/35
f 151/47/35 161/57/45 162/58/46
f 151/47/35 162/58/46 152/48/36
f 152/48/36 162/58/46 163/59/47
f 152/48/36 163/59/47 153/49/37
f 153/49/37 163/59/47 164/60/48
f 153/49/37 164/60/48 154/50/38
f 154/50/38 164/60/48 165/61/49
f 154/50/38 165/61/49 155/51/39
f 155/51/39 165/61/49 166/62/50
f 155/51/39 166/62/50 156/52/40
f 156/52/40 166/62/50 167/63/51
f 156/52/40 167/63/51 157/53/41
f 157/53/41 167/63/51 168/64/52
f 157/53/41 168/64/52 158/54/42
f 158/54/42 168/64/52 169/65/53
f 158/54/42 169/65/53 159/55/43
f 159/55/43 169/65/53 170/66/54
f 159/55/43 170/66/54 143/39/27
f 143/39/27 170/66/54 145/41/29
f 160/56/44 171/67/55 161/57/45
f 161/57/45 171/67/55 172/68/56
f 161/57/45 172/68/56 162/58/46
f 162/58/46 172/68/56 173/69/57
f 162/58/46 173/69/57 163/59/47
f 163/59/47 173/69/57 174/70/58
f 163/59/47 174/70/58 164/60/48
f 164/60/48 174/70/58 175/71/59
f 164/60/48 175/71/59 165/61/49
f 165/61/49 175/71/59 176/72/60
f 165/61/49 176/72/60 166/62/50
f 166/62/50 176/72/60 177/73/61
f 166/62/50 177/73/61 167/63/51
f 167/63/51 177/73/61 178/74/62
f 167/63/51 178/74/62 168/64/52
f 168/64/52 178/74/62 179/75/63
f 168/64/52 179/75/63 169/65/53
f 169/65/53 179/75/63 180/76/64
f 169/65/53 180/76/64 170/66/54
f 170/66/54 180/76/64 181/77/65
f 170/66/54 181/77/65 145/41/29
f 145/41/29 181/77/65 147/43/31
f 171/67/55 182/78/66 172/68/56
f 183/105/66 184/106/56 185/107/66
f 185/107/66 184/106/56 186/108/56
f 186/108/56 184/106/56 187/109/57
f 186/108/56 187/109/57 188/110/57
f 188/110/57 187/109/57 189/111/58
f 188/110/57 189/111/58 190/112/58
f 190/112/58 189/111/58 191/113/59
f 190/112/58 191/113/59 192/114/59
f 192/114/59 191/113/59 193/115/60
f 192/114/59 193/115/60 194/116/60
f 194/116/60 193/115/60 195/117/61
f 194/116/60 195/117/61 196/118/61
f 196/118/61 195/117/61 197/119/62
f 197/119/62 195/117/61 198/120/62
f 197/119/62 198/120/62 199/121/63
f 199/121/63 198/120/62 200/122/63
f 199/121/63 200/122/63 201/123/64
f 201/123/64 200/122/63 202/124/64
f 201/123/64 202/124/64 203/125/65
f 203/125/65 202/124/64 204/126/65
f 203/125/65 204/126/65 205/127/31
f 205/127/31 204/126/65 206/128/31
f 205/127/31 206/128/31 207/129/32
f 207/129/32 206/128/31 208/130/32
f 209/44/32 210/131/31 211/132/32
f 211/132/32 210/131/31 212/133/31
f 212/133/31 210/131/31 213/134/65
f 212/133/31 213/134/65 214/135/65
f 214/135/65 213/134/65 215/136/64
f 214/135/65 215/136/64 216/137/64
f 216/137/64 215/136/64 217/138/63
f 216/137/64 217/138/63 218/139/63
f 218/139/63 217/138/63 219/140/62
f 218/139/63 219/140/62 220/141/62
f 220/141/62 219/140/62 221/142/61
f 220/141/62 221/142/61 222/143/61
f 222/143/61 221/142/61 223/144/60
f 222/143/61 223/144/60 224/145/60
f 224/145/60 223/144/60 225/146/59
f 224/145/60 225/146/59 226/147/59
f 226/147/59 225/146/59 227/148/58
f 226/147/59 227/148/58 228/149/58
f 228/149/58 227/148/58 229/150/57
f 228/149/58 229/150/57 230/151/57
f 230/151/57 229/150/57 231/152/56
f 230/151/57 231/152/56 232/153/56
f 232/153/56 231/152/56 233/154/66
f 233/154/66 231/152/56 234/155/66
f 235/44/32 236/131/31 237/132/32
f 237/132/32 236/131/31 238/133/31
f 238/133/31 236/131/31 239/134/65
f 238/133/31 239/134/65 240/135/65
f 240/135/65 239/134/65 241/136/64
f 240/135/65 241/136/64 242/137/64
f 242/137/64 241/136/64 243/138/63
f 242/137/64 243/138/63 244/139/63
f 244/139/63 243/138/63 245/140/62
f 244/139/63 245/140/62 246/141/62
f 246/141/62 245/140/62 247/142/61
f 246/141/62 247/142/61 248/143/61
f 248/143/61 247/142/61 249/144/60
f 248/143/61 249/144/60 250/145/60
f 250/145/60 249/144/60 251/146/59
f 250/145/60 251/146/59 252/147/59
f 252/147/59 251/146/59 253/148/58
f 252/147/59 253/148/58 254/149/58
f 254/149/58 253/148/58 255/150/57
f 254/149/58 255/150/57 256/151/57
f 256/151/57 255/150/57 257/152/56
f 256/151/57 257/152/56 258/153/56
f 258/153/56 257/152/56 259/154/66
f 259/154/66 257/152/56 260/155/66
f 261/156/32 262/44/32 263/157/31
f 263/157/31 262/44/32 264/158/31
f 263/157/31 264/158/31 265/159/65
f 265/159/65 264/158/31 266/160/65
f 265/159/65 266/160/65 267/161/64
f 267/161/64 266/160/65 268/162/64
f 267/161/64 268/162/64 269/163/63
f 269/163/63 268/162/64 270/164/63
f 269/163/63 270/164/63 271/165/62
f 271/165/62 270/164/63 272/166/62
f 271/165/62 272/166/62 273/167/61
f 273/167/61 272/166/62 274/168/61
f 273/167/61 274/168/61 275/169/60
f 275/169/60 274/168/61 276/170/60
f 275/169/60 276/170/60 277/171/59
f 277/171/59 276/170/60 278/172/59
f 277/171/59 278/172/59 279/173/58
f 279/173/58 278/172/59 280/174/58
f 279/173/58 280/174/58 281/175/57
f 281/175/57 280/174/58 282/176/57
f 281/175/57 282/176/57 283/177/56
f 283/177/56 282/176/57 284/178/56
f 283/177/56 284/178/56 285/179/66
f 285/179/66 284/178/56 286/180/66
f 287/156/32 288/44/32 289/157/31
f 289/157/31 288/44/32 290/158/31
f 289/157/31 290/158/31 291/159/65
f 291/159/65 290/158/31 292/160/65
f 291/159/65 292/160/65 293/161/64
f 293/161/64 292/160/65 294/162/64
f 293/161/64 294/162/64 295/163/63
f 295/163/63 294/162/64 296/164/63
f 295/163/63 296/164/63 297/165/62
f 297/165/62 296/164/63 298/166/62
f 297/165/62 298/166/62 299/167/61
f 299/167/61 298/166/62 300/168/61
f 299/167/61 300/168/61 301/169/60
f 301/169/60 300/168/61 302/170/60
f 301/169/60 302/170/60 303/171/59
f 303/171/59 302/170/60 304/172/59
f 303/171/59 304/172/59 305/173/58
f 305/173/58 304/172/59 306/174/58
f 305/173/58 306/174/58 307/175/57
f 307/175/57 306/174/58 308/176/57
f 307/175/57 308/176/57 309/177/56
f 309/177/56 308/176/57 310/178/56
f 309/177/56 310/178/56 311/179/66
f 311/179/66 310/178/56 312/180/66
f 313/44/67 314/181/67 315/182/68
f 315/182/68 314/181/67 316/183/69
f 315/182/68 316/183/69 317/184/70
f 317/184/70 316/183/69 318/185/71
f 317/184/70 318/185/71 319/186/72
f 319/186/72 318/185/71 320/187/73
f 319/186/72 320/187/73 321/188/74
f 321/188/74 320/187/73 322/189/75
f 321/188/74 322/189/75 323/190/76
f 323/190/76 322/189/75 324/191/77
f 323/190/76 324/191/77 325/192/78
f 325/192/78 324/191/77 326/193/79
f 325/192/78 326/193/79 327/194/80
f 327/194/80 326/193/79 328/195/81
f 327/194/80 328/195/81 329/196/82
f 329/196/82 328/195/81 330/197/83
f 329/196/82 330/197/83 331/198/84
f 331/198/84 330/197/83 332/199/85
f 331/198/84 332/199/85 333/200/86
f 333/200/86 332/199/85 334/201/87
f 333/200/86 334/201/87 335/202/88
f 335/202/88 334/201/87 336/203/89
f 335/202/88 336/203/89 337/204/89
f 338/205/90 339/44/90 340/206/91
f 340/206/91 339/44/90 341/207/92
f 340/206/91 341/207/92 342/208/93
f 342/208/93 341/207/92 343/209/94
f 342/208/93 343/209/94 344/210/95
f 344/210/95 343/209/94 345/211/96
f 344/210/95 345/211/96 346/212/97
f 346/212/97 345/211/96 347/213/98
f 346/212/97 347/213/98 348/214/99
f 348/214/99 347/213/98 349/215/100
f 348/214/99 349/215/100 350/216/64
f 350/216/64 349/215/100 351/217/101
f 350/216/64 351/217/101 352/218/102
f 352/218/102 351/217/101 353/219/103
f 352/218/102 353/219/103 354/220/104
f 354/220/104 353/219/103 355/221/105
f 354/220/104 355/221/105 356/222/106
f 356/222/106 355/221/105 357/223/107
f 356/222/106 357/223/107 358/224/108
f 358/224/108 357/223/107 359/225/109
f 358/224/108 359/225/109 360/226/110
f 360/226/110 359/225/109 361/204/111
f 360/226/110 361/204/111 362/227/111
f 363/228/111 364/229/111 365/230/112
f 365/230/112 364/229/111 366/231/113
f 365/230/112 366/231/113 367/232/114
f 367/232/114 366/231/113 368/233/115
f 367/232/114 368/233/115 369/234/116
f 369/234/116 368/233/115 370/235/117
f 369/234/116 370/235/117 371/236/118
f 371/236/118 370/235/117 372/237/119
f 371/236/118 372/237/119 373/238/120
f 373/238/120 372/237/119 374/239/121
f 373/238/120 374/239/121 375/240/58
f 375/240/58 374/239/121 376/241/122
f 375/240/58 376/241/122 377/242/123
f 377/242/123 376/241/122 378/243/124
f 377/242/123 378/243/124 379/244/125
f 379/244/125 378/243/124 380/245/126
f 379/244/125 380/245/126 381/246/127
f 381/246/127 380/245/126 382/247/128
f 381/246/127 382/247/128 383/248/129
f 383/248/129 382/247/128 384/249/130
f 383/248/129 384/249/130 385/250/131
f 385/250/131 384/249/130 339/44/90
f 385/250/131 339/44/90 338/205/90
f 386/229/89 387/251/89 388/252/132
f 388/252/132 387/251/89 389/253/133
f 388/252/132 389/253/133 390/254/134
f 390/254/134 389/253/133 391/255/135
f 390/254/134 391/255/135 392/256/136
f 392/256/136 391/255/135 393/257/137
f 392/256/136 393/257/137 394/258/138
f 394/258/138 393/257/137 395/259/139
f 394/258/138 395/259/139 396/260/140
f 396/260/140 395/259/139 397/261/141
f 396/260/140 397/261/141 398/262/142
f 398/262/142 397/261/141 399/263/143
f 398/262/142 399/263/143 400/264/144
f 400/264/144 399/263/143 401/265/145
f 400/264/144 401/265/145 402/266/146
f 402/266/146 401/265/145 403/267/147
f 402/266/146 403/267/147 404/268/148
f 404/268/148 403/267/147 405/269/149
f 404/268/148 405/269/149 406/270/150
f 406/270/150 405/269/149 407/271/151
f 406/270/150 407/271/151 408/272/152
f 408/272/152 407/271/151 314/181/67
f 408/272/152 314/181/67 313/44/67
f 409/273/66 410/274/66 411/275/153
f 411/275/153 410/274/66 412/276/153
f 411/275/153 412/276/153 413/277/154
f 413/277/154 412/276/153 414/278/154
f 413/277/154 414/278/154 415/279/142
f 415/279/142 414/278/154 416/280/142
f 415/279/142 416/280/142 417/281/155
f 417/281/155 416/280/142 418/282/155
f 417/281/155 418/282/155 419/283/156
f 419/283/156 418/282/155 420/284/156
f 419/283/156 420/284/156 421/285/157
f 421/285/157 420/284/156 422/286/157
f 421/285/157 422/286/157 423/287/158
f 423/287/158 422/286/157 424/288/158
f 423/287/158 424/288/158 425/289/159
f 425/289/159 424/288/158 426/290/159
f 425/289/159 426/290/159 427/291/78
f 427/291/78 426/290/159 428/292/78
f 427/291/78 428/292/78 429/293/160
f 429/293/160 428/292/78 430/294/160
f 429/293/160 430/294/160 431/295/161
f 431/295/161 430/294/160 432/296/161
f 431/295/161 432/296/161 287/156/32
f 287/156/32 432/296/161 288/44/32
f 433/273/66 434/274/66 435/275/153
f 435/275/153 434/274/66 436/276/153
f 435/275/153 436/276/153 437/277/154
f 437/277/154 436/276/153 438/278/154
f 437/277/154 438/278/154 439/279/142
f 439/279/142 438/278/154 440/280/142
f 439/279/142 440/280/142 441/281/155
f 441/281/155 440/280/142 442/282/155
f 441/281/155 442/282/155 443/283/156
f 443/283/156 442/282/155 444/284/156
f 443/283/156 444/284/156 445/285/157
f 445/285/157 444/284/156 446/286/157
f 445/285/157 446/286/157 447/287/158
f 447/287/158 446/286/157 448/288/158
f 447/287/158 448/288/158 449/289/159
f 449/289/159 448/288/158 450/290/159
f 449/289/159 450/290/159 451/291/78
f 451/291/78 450/290/159 452/292/78
f 451/291/78 452/292/78 453/293/160
f 453/293/160 452/292/78 454/294/160
f 453/293/160 454/294/160 455/295/161
f 455/295/161 454/294/160 456/296/161
f 455/295/161 456/296/161 261/156/32
f 261/156/32 456/296/161 262/44/32
f 457/297/162 458/298/162 459/299/162
f 459/299/162 458/298/162 460/300/162
f 459/299/162 460/300/162 461/301/162
f 461/301/162 460/300/162 462/302/162
f 461/301/162 462/302/162 463/303/162
f 463/303/162 462/302/162 464/304/162
f 463/303/162 464/304/162 465/305/162
f 465/305/162 464/304/162 466/306/162
f 465/305/162 466/306/162 467/307/162
f 467/307/162 466/306/162 468/308/162
f 467/307/162 468/308/162 469/309/162
f 469/309/162 468/308/162 470/310/162
f 469/309/162 470/310/162 471/311/162
f 458/298/162 457/297/162 472/312/162
f 472/312/162 457/297/162 473/313/162
f 472/312/162 473/313/162 474/314/162
f 474/314/162 473/313/162 475/315/162
f 474/314/162 475/315/162 476/316/162
f 476/316/162 475/315/162 477/317/162
f 476/316/162 477/317/162 478/318/162
f 478/318/162 477/317/162 479/319/162
f 478/318/162 479/319/162 480/320/162
f 481/321/66 482/322/66 483/323/153
f 483/323/153 482/322/66 484/324/153
f 483/323/153 484/324/153 485/325/154
f 483/323/153 485/325/154 486/326/154
f 486/326/154 485/325/154 487/327/142
f 486/326/154 487/327/142 488/328/142
f 488/328/142 487/327/142 489/329/155
f 488/328/142 489/329/155 490/330/155
f 490/330/155 489/329/155 491/331/156
f 490/330/155 491/331/156 492/332/156
f 492/332/156 491/331/156 493/333/157
f 492/332/156 493/333/157 494/334/157
f 494/334/157 493/333/157 495/335/158
f 494/334/157 495/335/158 496/336/158
f 496/336/158 495/335/158 497/337/159
f 496/336/158 497/337/159 498/338/159
f 498/338/159 497/337/159 499/339/78
f 498/338/159 499/339/78 500/340/78
f 500/340/78 499/339/78 501/341/160
f 500/340/78 501/341/160 502/342/160
f 502/342/160 501/341/160 503/343/161
f 502/342/160 503/343/161 504/344/161
f 504/344/161 503/343/161 235/44/32
f 504/344/161 235/44/32 237/132/32
f 505/345/162 506/346/162 507/347/162
f 507/347/162 506/346/162 508/348/162
f 507/347/162 508/348/162 509/349/162
f 509/349/162 508/348/162 510/350/162
f 509/349/162 510/350/162 511/351/162
f 511/351/162 510/350/162 512/352/162
f 511/351/162 512/352/162 513/353/162
f 513/353/162 512/352/162 514/354/162
f 513/353/162 514/354/162 515/355/162
f 515/355/162 514/354/162 516/356/162
f 515/355/162 516/356/162 517/357/162
f 517/357/162 516/356/162 518/358/162
f 517/357/162 518/358/162 519/359/162
f 519/359/162 518/358/162 520/360/162
f 520/360/162 518/358/162 521/361/162
f 520/360/162 521/361/162 522/362/162
f 522/362/162 521/361/162 523/363/162
f 522/362/162 523/363/162 524/364/162
f 524/364/162 523/363/162 525/365/162
f 524/364/162 525/365/162 526/366/162
f 526/366/162 525/365/162 527/367/162
f 526/366/162 527/367/162 528/368/162
f 528/368/162 527/367/162 529/369/162
f 528/368/162 529/369/162 530/370/162
f 530/370/162 529/369/162 531/371/162
f 530/370/162 531/371/162 532/372/162
f 530/370/162 532/372/162 533/373/162
f 533/373/162 532/372/162 534/374/162
f 533/373/162 534/374/162 535/375/162
f 535/375/162 534/374/162 536/376/162
f 535/375/162 536/376/162 537/377/162
f 537/377/162 536/376/162 538/378/162
f 537/377/162 538/378/162 539/379/162
f 539/379/162 538/378/162 540/380/162
f 539/379/162 540/380/162 541/381/162
f 541/381/162 540/380/162 542/382/162
f 541/381/162 542/382/162 543/383/162
f 543/383/162 542/382/162 544/384/162
f 544/384/162 542/382/162 545/385/162
f 544/384/162 545/385/162 546/386/162
f 546/386/162 545/385/162 547/387/162
f 546/386/162 547/387/162 548/388/162
f 548/388/162 547/387/162 549/389/162
f 548/388/162 549/389/162 550/390/162
f 550/390/162 549/389/162 551/391/162
f 550/390/162 551/391/162 552/392/162
f 552/392/162 551/391/162 505/345/162
f 552/392/162 505/345/162 507/347/162
f 553/297/162 554/298/162 555/299/162
f 555/299/162 554/298/162 556/300/162
f 555/299/162 556/300/162 557/301/162
f 557/301/162 556/300/162 558/302/162
f 557/301/162 558/302/162 559/303/162
f 559/303/162 558/302/162 560/304/162
f 559/303/162 560/304/162 561/305/162
f 561/305/162 560/304/162 562/306/162
f 561/305/162 562/306/162 563/307/162
f 563/307/162 562/306/162 564/308/162
f 563/307/162 564/308/162 565/309/162
f 565/309/162 564/308/162 566/310/162
f 565/309/162 566/310/162 567/311/162
f 554/298/162 553/297/162 568/312/162
f 568/312/162 553/297/162 569/313/162
f 568/312/162 569/313/162 570/314/162
f 570/314/162 569/313/162 571/315/162
f 570/314/162 571/315/162 572/316/162
f 572/316/162 571/315/162 573/317/162
f 572/316/162 573/317/162 574/318/162
f 574/318/162 573/317/162 575/319/162
f 574/318/162 575/319/162 576/320/162
f 577/321/66 578/322/66 579/323/153
f 579/323/153 578/322/66 580/324/153
f 579/323/153 580/324/153 581/325/154
f 579/323/153 581/325/154 582/326/154
f 582/326/154 581/325/154 583/327/142
f 582/326/154 583/327/142 584/328/142
f 584/328/142 583/327/142 585/329/155
f 584/328/142 585/329/155 586/330/155
f 586/330/155 585/329/155 587/331/156
f 586/330/155 587/331/156 588/332/156
f 588/332/156 587/331/156 589/333/157
f 588/332/156 589/333/157 590/334/157
f 590/334/157 589/333/157 591/335/158
f 590/334/157 591/335/158 592/336/158
f 592/336/158 591/335/158 593/337/159
f 592/336/158 593/337/159 594/338/159
f 594/338/159 593/337/159 595/339/78
f 594/338/159 595/339/78 596/340/78
f 596/340/78 595/339/78 597/341/160
f 596/340/78 597/341/160 598/342/160
f 598/342/160 597/341/160 599/343/161
f 598/342/160 599/343/161 600/344/161
f 600/344/161 599/343/161 209/44/32
f 600/344/161 209/44/32 211/132/32
f 601/393/162 602/394/162 603/395/162
f 603/395/162 602/394/162 604/396/162
f 603/395/162 604/396/162 605/397/162
f 605/397/162 604/396/162 606/398/162
f 605/397/162 606/398/162 607/399/162
f 607/399/162 606/398/162 608/400/162
f 607/399/162 608/400/162 609/401/162
f 609/401/162 608/400/162 610/402/162
f 609/401/162 610/402/162 611/403/162
f 611/403/162 610/402/162 612/404/162
f 611/403/162 612/404/162 613/405/162
f 613/405/162 612/404/162 614/406/162
f 613/405/162 614/406/162 615/407/162
f 615/407/162 614/406/162 616/408/162
f 616/408/162 614/406/162 617/409/162
f 616/408/162 617/409/162 618/410/162
f 618/410/162 617/409/162 619/411/162
f 618/410/162 619/411/162 620/412/162
f 620/412/162 619/411/162 621/413/162
f 620/412/162 621/413/162 622/414/162
f 622/414/162 621/413/162 623/415/162
f 622/414/162 623/415/162 624/416/162
f 624/416/162 623/415/162 625/417/162
f 624/416/162 625/417/162 626/418/162
f 626/418/162 625/417/162 627/419/162
f 626/418/162 627/419/162 628/420/162
f 626/418/162 628/420/162 629/421/162
f 629/421/162 628/420/162 630/422/162
f 629/421/162 630/422/162 631/423/162
f 631/423/162 630/422/162 632/424/162
f 631/423/162 632/424/162 633/425/162
f 633/425/162 632/424/162 634/426/162
f 633/425/162 634/426/162 635/427/162
f 635/427/162 634/426/162 636/428/162
f 635/427/162 636/428/162 637/429/162
f 637/429/162 636/428/162 638/430/162
f 637/429/162 638/430/162 639/431/162
f 639/431/162 638/430/162 640/432/162
f 640/432/162 638/430/162 641/433/162
f 640/432/162 641/433/162 642/434/162
f 642/434/162 641/433/162 643/435/162
f 642/434/162 643/435/162 644/436/162
f 644/436/162 643/435/162 645/437/162
f 644/436/162 645/437/162 646/438/162
f 646/438/162 645/437/162 647/439/162
f 646/438/162 647/439/162 648/440/162
f 648/440/162 647/439/162 601/393/162
f 648/440/162 601/393/162 603/395/162
f 649/441/32 650/442/32 651/443/161
f 651/443/161 650/442/32 652/444/161
f 651/443/161 652/444/161 653/445/160
f 653/445/160 652/444/161 654/446/160
f 653/445/160 654/446/160 655/447/78
f 655/447/78 654/446/160 656/448/78
f 655/447/78 656/448/78 657/449/159
f 657/449/159 656/448/78 658/450/159
f 657/449/159 658/450/159 659/451/158
f 659/451/158 658/450/159 660/452/158
f 659/451/158 660/452/158 661/453/157
f 661/453/157 660/452/158 662/454/157
f 661/453/157 662/454/157 663/455/156
f 661/453/157 663/455/156 664/456/156
f 664/456/156 663/455/156 665/457/155
f 664/456/156 665/457/155 666/458/155
f 666/458/155 665/457/155 667/459/142
f 666/458/155 667/459/142 668/460/142
f 668/460/142 667/459/142 669/461/154
f 668/460/142 669/461/154 670/462/154
f 670/462/154 669/461/154 671/463/153
f 670/462/154 671/463/153 672/464/153
f 672/464/153 671/463/153 183/105/66
f 672/464/153 183/105/66 185/107/66
f 673/465/163 674/466/163 675/467/163
f 675/467/163 674/466/163 676/468/163
f 675/467/163 676/468/163 677/469/163
f 677/469/163 676/468/163 678/470/163
f 677/469/163 678/470/163 679/471/163
f 679/471/163 678/470/163 680/472/163
f 679/471/163 680/472/163 681/473/163
f 681/473/163 680/472/163 682/474/163
f 681/473/163 682/474/163 683/475/163
f 683/475/163 682/474/163 684/476/163
f 683/475/163 684/476/163 685/477/163
f 685/477/163 684/476/163 686/478/163
f 685/477/163 686/478/163 687/479/163
f 687/479/163 686/478/163 688/480/163
f 688/480/163 686/478/163 689/481/163
f 688/480/163 689/481/163 690/482/163
f 690/482/163 689/481/163 691/483/163
f 690/482/163 691/483/163 692/484/163
f 692/484/163 691/483/163 693/485/163
f 692/484/163 693/485/163 694/486/163
f 694/486/163 693/485/163 695/487/163
f 694/486/163 695/487/163 696/488/163
f 696/488/163 695/487/163 697/489/163
f 696/488/163 697/489/163 698/490/163
f 698/490/163 697/489/163 699/491/163
f 698/490/163 699/491/163 700/492/163
f 698/490/163 700/492/163 701/493/163
f 701/493/163 700/492/163 702/494/163
f 701/493/163 702/494/163 703/495/163
f 703/495/163 702/494/163 704/496/163
f 703/495/163 704/496/163 705/497/163
f 705/497/163 704/496/163 706/498/163
f 705/497/163 706/498/163 707/499/163
f 707/499/163 706/498/163 708/500/163
f 707/499/163 708/500/163 709/501/163
f 709/501/163 708/500/163 710/502/163
f 709/501/163 710/502/163 711/503/163
f 711/503/163 710/502/163 712/504/163
f 712/504/163 710/502/163 713/505/163
f 712/504/163 713/505/163 714/506/163
f 714/506/163 713/505/163 715/507/163
f 714/506/163 715/507/163 716/508/163
f 716/508/163 715/507/163 717/509/163
f 716/508/163 717/509/163 718/510/163
f 718/510/163 717/509/163 719/511/163
f 718/510/163 719/511/163 720/512/163
f 720/512/163 719/511/163 673/465/163
f 720/512/163 673/465/163 675/467/163
f 721/513/2 722/514/2 723/515/2
f 723/515/2 722/514/2 724/516/2
f 723/515/2 724/516/2 725/517/2
f 725/517/2 724/516/2 726/518/2
f 725/517/2 726/518/2 727/519/2
f 727/519/2 726/518/2 728/520/2
f 727/519/2 728/520/2 729/521/2
f 729/521/2 728/520/2 730/522/2
f 729/521/2 730/522/2 731/523/2
f 731/523/2 730/522/2 732/524/2
f 731/523/2 732/524/2 733/525/2
f 733/525/2 732/524/2 734/526/2
f 733/525/2 734/526/2 735/527/2
f 722/514/2 721/513/2 736/528/2
f 736/528/2 721/513/2 737/529/2
f 736/528/2 737/529/2 738/530/2
f 738/530/2 737/529/2 739/531/2
f 738/530/2 739/531/2 740/532/2
f 740/532/2 739/531/2 741/533/2
f 740/532/2 741/533/2 742/534/2
f 742/534/2 741/533/2 743/535/2
f 742/534/2 743/535/2 744/536/2
f 745/537/66 746/538/55 747/539/153
f 747/539/153 746/538/55 748/540/164
f 747/539/153 748/540/164 749/541/154
f 749/541/154 748/540/164 750/542/165
f 749/541/154 750/542/165 751/543/142
f 751/543/142 750/542/165 752/544/166
f 751/543/142 752/544/166 753/545/155
f 753/545/155 752/544/166 754/546/167
f 753/545/155 754/546/167 755/547/156
f 755/547/156 754/546/167 756/548/168
f 755/547/156 756/548/168 757/549/157
f 757/549/157 756/548/168 758/550/169
f 757/549/157 758/550/169 759/551/158
f 759/551/158 758/550/169 760/552/170
f 759/551/158 760/552/170 761/553/159
f 761/553/159 760/552/170 762/554/171
f 761/553/159 762/554/171 763/555/78
f 763/555/78 762/554/171 764/556/172
f 763/555/78 764/556/172 765/557/160
f 765/557/160 764/556/172 766/558/173
f 765/557/160 766/558/173 767/559/161
f 767/559/161 766/558/173 768/560/174
f 767/559/161 768/560/174 146/42/30
f 146/42/30 768/560/174 144/40/28
f 144/40/28 768/560/174 769/561/175
f 144/40/28 769/561/175 142/38/26
f 142/38/26 769/561/175 770/562/176
f 142/38/26 770/562/176 105/1/1
f 105/1/1 770/562/176 771/563/177
f 105/1/1 771/563/177 106/2/2
f 106/2/2 771/563/177 772/564/2
f 772/564/2 771/563/177 773/565/2
f 773/565/2 771/563/177 774/566/178
f 773/565/2 774/566/178 775/567/2
f 775/567/2 774/566/178 776/568/179
f 775/567/2 776/568/179 777/569/2
f 777/569/2 776/568/179 778/570/180
f 777/569/2 778/570/180 779/571/2
f 779/571/2 778/570/180 780/572/181
f 779/571/2 780/572/181 781/573/2
f 781/573/2 780/572/181 782/574/182
f 781/573/2 782/574/182 783/575/2
f 783/575/2 782/574/182 784/576/183
f 783/575/2 784/576/183 785/577/2
f 785/577/2 784/576/183 786/578/184
f 785/577/2 786/578/184 787/579/2
f 787/579/2 786/578/184 788/580/185
f 787/579/2 788/580/185 789/581/2
f 789/581/2 788/580/185 790/582/186
f 789/581/2 790/582/186 791/583/2
f 791/583/2 790/582/186 792/584/187
f 791/583/2 792/584/187 793/585/2
f 793/585/2 792/584/187 794/586/14
f 794/586/14 792/584/187 795/587/188
f 794/586/14 795/587/188 796/588/33
f 796/588/33 795/587/188 797/589/189
f 796/588/33 797/589/189 798/590/44
f 798/590/44 797/589/189 748/540/164
f 798/590/44 748/540/164 746/538/55
f 146/42/30 148/44/32 767/559/161
f 795/587/188 792/584/187 799/591/190
f 799/591/190 792/584/187 790/582/186
f 799/591/190 790/582/186 800/592/191
f 800/592/191 790/582/186 788/580/185
f 800/592/191 788/580/185 801/593/192
f 801/593/192 788/580/185 786/578/184
f 801/593/192 786/578/184 802/594/193
f 802/594/193 786/578/184 784/576/183
f 802/594/193 784/576/183 803/595/194
f 803/595/194 784/576/183 782/574/182
f 803/595/194 782/574/182 804/596/195
f 804/596/195 782/574/182 780/572/181
f 804/596/195 780/572/181 805/597/196
f 805/597/196 780/572/181 778/570/180
f 805/597/196 778/570/180 806/598/197
f 806/598/197 778/570/180 776/568/179
f 806/598/197 776/568/179 807/599/198
f 807/599/198 776/568/179 774/566/178
f 807/599/198 774/566/178 770/562/176
f 770/562/176 774/566/178 771/563/177
f 750/542/165 748/540/164 797/589/189
f 797/589/189 795/587/188 808/600/199
f 808/600/199 795/587/188 799/591/190
f 808/600/199 799/591/190 809/601/200
f 809/601/200 799/591/190 800/592/191
f 809/601/200 800/592/191 810/602/201
f 810/602/201 800/592/191 801/593/192
f 810/602/201 801/593/192 811/603/202
f 811/603/202 801/593/192 802/594/193
f 811/603/202 802/594/193 812/604/203
f 812/604/203 802/594/193 803/595/194
f 812/604/203 803/595/194 813/605/204
f 813/605/204 803/595/194 804/596/195
f 813/605/204 804/596/195 814/606/205
f 814/606/205 804/596/195 805/597/196
f 814/606/205 805/597/196 815/607/206
f 815/607/206 805/597/196 806/598/197
f 815/607/206 806/598/197 816/608/207
f 816/608/207 806/598/197 807/599/198
f 816/608/207 807/599/198 769/561/175
f 769/561/175 807/599/198 770/562/176
f 752/544/166 750/542/165 808/600/199
f 808/600/199 750/542/165 797/589/189
f 752/544/166 808/600/199 809/601/200
f 754/546/167 752/544/166 809/601/200
f 754/546/167 809/601/200 810/602/201
f 756/548/168 754/546/167 810/602/201
f 756/548/168 810/602/201 811/603/202
f 758/550/169 756/548/168 811/603/202
f 758/550/169 811/603/202 812/604/203
f 760/552/170 758/550/169 812/604/203
f 760/552/170 812/604/203 813/605/204
f 762/554/171 760/552/170 813/605/204
f 762/554/171 813/605/204 814/606/205
f 764/556/172 762/554/171 814/606/205
f 764/556/172 814/606/205 815/607/206
f 766/558/173 764/556/172 815/607/206
f 766/558/173 815/607/206 816/608/207
f 768/560/174 766/558/173 816/608/207
f 768/560/174 816/608/207 769/561/175
f 817/609/32 818/610/161 819/611/32
f 819/611/32 818/610/161 820/612/161
f 820/612/161 818/610/161 821/613/160
f 820/612/161 821/613/160 822/614/160
f 822/614/160 821/613/160 823/615/78
f 822/614/160 823/615/78 824/616/78
f 824/616/78 823/615/78 825/617/159
f 824/616/78 825/617/159 826/618/159
f 826/618/159 825/617/159 827/619/158
f 826/618/159 827/619/158 828/620/158
f 828/620/158 827/619/158 829/621/157
f 828/620/158 829/621/157 830/622/157
f 830/622/157 829/621/157 831/623/156
f 831/623/156 829/621/157 832/624/156
f 831/623/156 832/624/156 833/625/155
f 833/625/155 832/624/156 834/626/155
f 833/625/155 834/626/155 835/627/142
f 835/627/142 834/626/155 836/628/142
f 835/627/142 836/628/142 837/629/154
f 837/629/154 836/628/142 838/630/154
f 837/629/154 838/630/154 839/631/153
f 839/631/153 838/630/154 840/632/153
f 839/631/153 840/632/153 79/79/66
f 79/79/66 840/632/153 80/80/66
f 841/513/2 842/514/2 843/515/2
f 843/515/2 842/514/2 844/516/2
f 843/515/2 844/516/2 845/517/2
f 845/517/2 844/516/2 846/518/2
f 845/517/2 846/518/2 847/519/2
f 847/519/2 846/518/2 848/520/2
f 847/519/2 848/520/2 849/521/2
f 849/521/2 848/520/2 850/522/2
f 849/521/2 850/522/2 851/523/2
f 851/523/2 850/522/2 852/524/2
f 851/523/2 852/524/2 853/525/2
f 853/525/2 852/524/2 854/526/2
f 853/525/2 854/526/2 855/527/2
f 842/514/2 841/513/2 856/528/2
f 856/528/2 841/513/2 857/529/2
f 856/528/2 857/529/2 858/530/2
f 858/530/2 857/529/2 859/531/2
f 858/530/2 859/531/2 860/532/2
f 860/532/2 859/531/2 861/533/2
f 860/532/2 861/533/2 862/534/2
f 862/534/2 861/533/2 863/535/2
f 862/534/2 863/535/2 864/536/2
f 865/537/66 866/538/55 867/539/153
f 867/539/153 866/538/55 868/540/164
f 867/539/153 868/540/164 869/541/154
f 869/541/154 868/540/164 870/542/165
f 869/541/154 870/542/165 871/543/142
f 871/543/142 870/542/165 872/544/166
f 871/543/142 872/544/166 873/545/155
f 873/545/155 872/544/166 874/546/167
f 873/545/155 874/546/167 875/547/156
f 875/547/156 874/546/167 876/548/168
f 875/547/156 876/548/168 877/549/157
f 877/549/157 876/548/168 878/550/169
f 877/549/157 878/550/169 879/551/158
f 879/551/158 878/550/169 880/552/170
f 879/551/158 880/552/170 881/553/159
f 881/553/159 880/552/170 882/554/171
f 881/553/159 882/554/171 883/555/78
f 883/555/78 882/554/171 884/556/172
f 883/555/78 884/556/172 885/557/160
f 885/557/160 884/556/172 886/558/173
f 885/557/160 886/558/173 887/559/161
f 887/559/161 886/558/173 888/560/174
f 887/559/161 888/560/174 42/42/30
f 42/42/30 888/560/174 40/40/28
f 40/40/28 888/560/174 889/561/175
f 40/40/28 889/561/175 38/38/26
f 38/38/26 889/561/175 890/562/176
f 38/38/26 890/562/176 1/1/1
f 1/1/1 890/562/176 891/563/177
f 1/1/1 891/563/177 2/2/2
f 2/2/2 891/563/177 892/564/2
f 892/564/2 891/563/177 893/565/2
f 893/565/2 891/563/177 894/566/178
f 893/565/2 894/566/178 895/567/2
f 895/567/2 894/566/178 896/568/179
f 895/567/2 896/568/179 897/569/2
f 897/569/2 896/568/179 898/570/180
f 897/569/2 898/570/180 899/571/2
f 899/571/2 898/570/180 900/572/181
f 899/571/2 900/572/181 901/573/2
f 901/573/2 900/572/181 902/574/182
f 901/573/2 902/574/182 903/575/2
f 903/575/2 902/574/182 904/576/183
f 903/575/2 904/576/183 905/577/2
f 905/577/2 904/576/183 906/578/184
f 905/577/2 906/578/184 907/579/2
f 907/579/2 906/578/184 908/580/185
f 907/579/2 908/580/185 909/581/2
f 909/581/2 908/580/185 910/582/186
f 909/581/2 910/582/186 911/583/2
f 911/583/2 910/582/186 912/584/187
f 911/583/2 912/584/187 913/585/2
f 913/585/2 912/584/187 914/586/14
f 914/586/14 912/584/187 915/587/188
f 914/586/14 915/587/188 916/588/33
f 916/588/33 915/587/188 917/589/189
f 916/588/33 917/589/189 918/590/44
f 918/590/44 917/589/189 868/540/164
f 918/590/44 868/540/164 866/538/55
f 42/42/30 44/44/32 887/559/161
f 915/587/188 912/584/187 919/591/190
f 919/591/190 912/584/187 910/582/186
f 919/591/190 910/582/186 920/592/191
f 920/592/191 910/582/186 908/580/185
f 920/592/191 908/580/185 921/593/192
f 921/593/192 908/580/185 906/578/184
f 921/593/192 906/578/184 922/594/193
f 922/594/193 906/578/184 904/576/183
f 922/594/193 904/576/183 923/595/194
f 923/595/194 904/576/183 902/574/182
f 923/595/194 902/574/182 924/596/195
f 924/596/195 902/574/182 900/572/181
f 924/596/195 900/572/181 925/597/196
f 925/597/196 900/572/181 898/570/180
f 925/597/196 898/570/180 926/598/197
f 926/598/197 898/570/180 896/568/179
f 926/598/197 896/568/179 927/599/198
f 927/599/198 896/568/179 894/566/178
f 927/599/198 894/566/178 890/562/176
f 890/562/176 894/566/178 891/563/177
f 870/542/165 868/540/164 917/589/189
f 917/589/189 915/587/188 928/600/199
f 928/600/199 915/587/188 919/591/190
f 928/600/199 919/591/190 929/601/200
f 929/601/200 919/591/190 920/592/191
f 929/601/200 920/592/191 930/602/201
f 930/602/201 920/592/191 921/593/192
f 930/602/201 921/593/192 931/603/202
f 931/603/202 921/593/192 922/594/193
f 931/603/202 922/594/193 932/604/203
f 932/604/203 922/594/193 923/595/194
f 932/604/203 923/595/194 933/605/204
f 933/605/204 923/595/194 924/596/195
f 933/605/204 924/596/195 934/606/205
f 934/606/205 924/596/195 925/597/196
f 934/606/205 925/597/196 935/607/206
f 935/607/206 925/597/196 926/598/197
f 935/607/206 926/598/197 936/608/207
f 936/608/207 926/598/197 927/599/198
f 936/608/207 927/599/198 889/561/175
f 889/561/175 927/599/198 890/562/176
f 872/544/166 870/542/165 928/600/199
f 928/600/199 870/542/165 917/589/189
f 872/544/166 928/600/199 929/601/200
f 874/546/167 872/544/166 929/601/200
f 874/546/167 929/601/200 930/602/201
f 876/548/168 874/546/167 930/602/201
f 876/548/168 930/602/201 931/603/202
f 878/550/169 876/548/168 931/603/202
f 878/550/169 931/603/202 932/604/203
f 880/552/170 878/550/169 932/604/203
f 880/552/170 932/604/203 933/605/204
f 882/554/171 880/552/170 933/605/204
f 882/554/171 933/605/204 934/606/205
f 884/556/172 882/554/171 934/606/205
f 884/556/172 934/606/205 935/607/206
f 886/558/173 884/556/172 935/607/206
f 886/558/173 935/607/206 936/608/207
f 888/560/174 886/558/173 936/608/207
f 888/560/174 936/608/207 889/561/175
usemtl mat1
f 937/633/208 938/634/32 939/635/32
f 939/635/32 938/634/32 940/636/209
f 939/635/32 940/636/209 941/637/210
f 941/637/210 940/636/209 942/638/211
f 941/637/210 942/638/211 943/639/212
f 943/639/212 942/638/211 944/640/213
f 943/639/212 944/640/213 945/641/214
f 945/641/214 944/640/213 946/642/214
f 945/641/214 946/642/214 947/643/215
f 945/641/214 947/643/215 948/644/216
f 948/644/216 947/643/215 949/645/217
f 948/644/216 949/645/217 950/646/218
f 950/646/218 949/645/217 951/647/219
f 950/646/218 951/647/219 952/648/2
f 952/648/2 951/647/219 953/649/2
f 939/635/32 954/650/220 937/633/208
f 937/633/208 954/650/220 955/651/221
f 955/651/221 954/650/220 956/652/222
f 955/651/221 956/652/222 957/653/223
f 957/653/223 956/652/222 958/654/224
f 957/653/223 958/654/224 959/655/224
f 959/655/224 958/654/224 960/656/225
f 960/656/225 958/654/224 961/657/226
f 960/656/225 961/657/226 962/658/227
f 962/658/227 961/657/226 963/659/228
f 962/658/227 963/659/228 964/660/229
f 964/660/229 963/659/228 965/661/162
f 964/660/229 965/661/162 966/662/162
f 967/633/209 968/634/32 969/635/32
f 969/635/32 968/634/32 970/636/208
f 969/635/32 970/636/208 971/637/220
f 971/637/220 970/636/208 972/638/221
f 971/637/220 972/638/221 973/639/222
f 973/639/222 972/638/221 974/640/223
f 973/639/222 974/640/223 975/641/224
f 975/641/224 974/640/223 976/642/224
f 975/641/224 976/642/224 977/643/225
f 975/641/224 977/643/225 978/644/226
f 978/644/226 977/643/225 979/645/227
f 978/644/226 979/645/227 980/646/228
f 980/646/228 979/645/227 981/647/229
f 980/646/228 981/647/229 982/648/162
f 982/648/162 981/647/229 983/649/162
f 969/635/32 984/650/210 967/633/209
f 967/633/209 984/650/210 985/651/211
f 985/651/211 984/650/210 986/652/212
f 985/651/211 986/652/212 987/653/213
f 987/653/213 986/652/212 988/654/214
f 987/653/213 988/654/214 989/655/214
f 989/655/214 988/654/214 990/656/215
f 990/656/215 988/654/214 991/657/216
f 990/656/215 991/657/216 992/658/217
f 992/658/217 991/657/216 993/659/218
f 992/658/217 993/659/218 994/660/219
f 994/660/219 993/659/218 995/661/2
f 994/660/219 995/661/2 996/662/2
f 997/663/2 998/664/230 999/665/2
f 999/665/2 998/664/230 1000/666/230
f 1000/666/230 998/664/230 1001/667/231
f 1000/666/230 1001/667/231 1002/668/231
f 1002/668/231 1001/667/231 1003/669/232
f 1002/668/231 1003/669/232 1004/670/232
f 1004/670/232 1003/669/232 1005/671/233
f 1004/670/232 1005/671/233 1006/672/233
f 1006/672/233 1005/671/233 1007/673/234
f 1006/672/233 1007/673/234 1008/674/234
f 1008/674/234 1007/673/234 1009/675/235
f 1008/674/234 1009/675/235 1010/676/235
f 1010/676/235 1009/675/235 1011/677/236
f 1010/676/235 1011/677/236 1012/678/236
f 1012/678/236 1011/677/236 1013/679/237
f 1012/678/236 1013/679/237 1014/680/237
f 1014/680/237 1013/679/237 1015/681/238
f 1014/680/237 1015/681/238 1016/682/238
f 1016/682/238 1015/681/238 1017/683/239
f 1016/682/238 1017/683/239 1018/684/239
f 1018/684/239 1017/683/239 1019/685/162
f 1019/685/162 1017/683/239 1020/686/162
f 1021/687/32 1022/688/32 1023/689/240
f 1023/689/240 1022/688/32 1024/690/31
f 1023/689/240 1024/690/31 1025/691/241
f 1025/691/241 1024/690/31 1026/692/65
f 1025/691/241 1026/692/65 1027/693/242
f 1027/693/242 1026/692/65 1028/694/64
f 1027/693/242 1028/694/64 1029/695/64
f 1029/695/64 1028/694/64 1030/696/243
f 1030/696/243 1028/694/64 1031/697/63
f 1030/696/243 1031/697/63 1032/698/244
f 1032/698/244 1031/697/63 1033/699/62
f 1032/698/244 1033/699/62 1034/700/245
f 1034/700/245 1033/699/62 1035/701/61
f 1034/700/245 1035/701/61 1036/702/61
f 1036/702/61 1035/701/61 1037/703/246
f 1037/703/246 1035/701/61 1038/704/60
f 1037/703/246 1038/704/60 1039/705/247
f 1039/705/247 1038/704/60 1040/706/59
f 1039/705/247 1040/706/59 1041/707/248
f 1041/707/248 1040/706/59 1042/708/58
f 1041/707/248 1042/708/58 1043/709/58
f 1043/709/58 1042/708/58 1044/710/249
f 1044/710/249 1042/708/58 1045/711/57
f 1044/710/249 1045/711/57 1046/712/250
f 1046/712/250 1045/711/57 1047/713/56
f 1046/712/250 1047/713/56 1048/714/251
f 1048/714/251 1047/713/56 1049/715/66
f 1048/714/251 1049/715/66 1050/716/66
f 1021/687/32 1051/717/240 1052/718/32
f 1052/718/32 1051/717/240 1053/719/31
f 1053/719/31 1051/717/240 1054/720/241
f 1053/719/31 1054/720/241 1055/721/65
f 1055/721/65 1054/720/241 1056/722/242
f 1055/721/65 1056/722/242 1057/723/64
f 1057/723/64 1056/722/242 1058/724/64
f 1057/723/64 1058/724/64 1059/725/243
f 1057/723/64 1059/725/243 1060/726/63
f 1060/726/63 1059/725/243 1061/727/244
f 1060/726/63 1061/727/244 1062/728/62
f 1062/728/62 1061/727/244 1063/729/245
f 1062/728/62 1063/729/245 1064/730/61
f 1064/730/61 1063/729/245 1065/731/61
f 1064/730/61 1065/731/61 1066/732/246
f 1064/730/61 1066/732/246 1067/733/60
f 1067/733/60 1066/732/246 1068/734/247
f 1067/733/60 1068/734/247 1069/735/59
f 1069/735/59 1068/734/247 1070/736/248
f 1069/735/59 1070/736/248 1071/737/58
f 1071/737/58 1070/736/248 1072/738/58
f 1071/737/58 1072/738/58 1073/739/249
f 1071/737/58 1073/739/249 1074/740/57
f 1074/740/57 1073/739/249 1075/741/250
f 1074/740/57 1075/741/250 1076/742/56
f 1076/742/56 1075/741/250 1077/743/251
f 1076/742/56 1077/743/251 1078/744/66
f 1078/744/66 1077/743/251 1050/716/66
f 1079/745/32 1080/746/31 1081/687/32
f 1081/687/32 1080/746/31 1082/719/31
f 1081/687/32 1082/719/31 1083/718/32
f 1080/746/31 1084/747/65 1082/719/31
f 1082/719/31 1084/747/65 1085/721/65
f 1085/721/65 1084/747/65 1086/748/64
f 1085/721/65 1086/748/64 1087/723/64
f 1087/723/64 1086/748/64 1088/749/63
f 1087/723/64 1088/749/63 1089/726/63
f 1089/726/63 1088/749/63 1090/750/62
f 1089/726/63 1090/750/62 1091/728/62
f 1091/728/62 1090/750/62 1092/751/61
f 1091/728/62 1092/751/61 1093/730/61
f 1093/730/61 1092/751/61 1094/733/60
f 1094/733/60 1092/751/61 1095/752/60
f 1094/733/60 1095/752/60 1096/735/59
f 1096/735/59 1095/752/60 1097/753/59
f 1096/735/59 1097/753/59 1098/737/58
f 1098/737/58 1097/753/59 1099/754/58
f 1098/737/58 1099/754/58 1100/740/57
f 1100/740/57 1099/754/58 1101/755/57
f 1100/740/57 1101/755/57 1102/742/56
f 1102/742/56 1101/755/57 1103/756/56
f 1102/742/56 1103/756/56 1104/716/66
f 1104/716/66 1103/756/56 1105/757/66
f 1104/716/66 1106/744/66 1102/742/56
f 1107/758/66 1108/759/66 1109/760/252
f 1109/760/252 1108/759/66 1110/761/153
f 1109/760/252 1110/761/153 1111/762/253
f 1111/762/253 1110/761/153 1112/763/154
f 1111/762/253 1112/763/154 1113/764/254
f 1113/764/254 1112/763/154 1114/765/142
f 1113/764/254 1114/765/142 1115/766/142
f 1115/766/142 1114/765/142 1116/767/255
f 1116/767/255 1114/765/142 1117/768/155
f 1116/767/255 1117/768/155 1118/769/256
f 1118/769/256 1117/768/155 1119/770/156
f 1118/769/256 1119/770/156 1120/771/257
f 1120/771/257 1119/770/156 1121/772/157
f 1120/771/257 1121/772/157 1122/773/157
f 1122/773/157 1121/772/157 1123/774/258
f 1123/774/258 1121/772/157 1124/775/158
f 1123/774/258 1124/775/158 1125/776/259
f 1125/776/259 1124/775/158 1126/777/159
f 1125/776/259 1126/777/159 1127/778/260
f 1127/778/260 1126/777/159 1128/779/78
f 1127/778/260 1128/779/78 1129/780/78
f 1129/780/78 1128/779/78 1130/781/261
f 1130/781/261 1128/779/78 1131/782/160
f 1130/781/261 1131/782/160 1132/783/262
f 1132/783/262 1131/782/160 1133/784/161
f 1132/783/262 1133/784/161 1134/785/263
f 1134/785/263 1133/784/161 1079/745/32
f 1134/785/263 1079/745/32 1081/687/32
f 1107/758/66 1135/786/252 1136/787/66
f 1136/787/66 1135/786/252 1137/788/153
f 1137/788/153 1135/786/252 1138/789/253
f 1137/788/153 1138/789/253 1139/790/154
f 1139/790/154 1138/789/253 1140/791/254
f 1139/790/154 1140/791/254 1141/792/142
f 1141/792/142 1140/791/254 1142/793/142
f 1141/792/142 1142/793/142 1143/794/255
f 1141/792/142 1143/794/255 1144/795/155
f 1144/795/155 1143/794/255 1145/796/256
f 1144/795/155 1145/796/256 1146/797/156
f 1146/797/156 1145/796/256 1147/798/257
f 1146/797/156 1147/798/257 1148/799/157
f 1148/799/157 1147/798/257 1149/800/157
f 1148/799/157 1149/800/157 1150/801/258
f 1148/799/157 1150/801/258 1151/802/158
f 1151/802/158 1150/801/258 1152/803/259
f 1151/802/158 1152/803/259 1153/804/159
f 1153/804/159 1152/803/259 1154/805/260
f 1153/804/159 1154/805/260 1155/806/78
f 1155/806/78 1154/805/260 1156/807/78
f 1155/806/78 1156/807/78 1157/808/261
f 1155/806/78 1157/808/261 1158/809/160
f 1158/809/160 1157/808/261 1159/810/262
f 1158/809/160 1159/810/262 1160/811/161
f 1160/811/161 1159/810/262 1161/812/263
f 1160/811/161 1161/812/263 1083/718/32
f 1083/718/32 1161/812/263 1081/687/32
f 1162/813/66 1163/814/153 1164/758/66
f 1164/758/66 1163/814/153 1165/788/153
f 1164/758/66 1165/788/153 1166/787/66
f 1163/814/153 1167/815/154 1165/788/153
f 1165/788/153 1167/815/154 1168/790/154
f 1168/790/154 1167/815/154 1169/816/142
f 1168/790/154 1169/816/142 1170/792/142
f 1170/792/142 1169/816/142 1171/817/155
f 1170/792/142 1171/817/155 1172/795/155
f 1172/795/155 1171/817/155 1173/818/156
f 1172/795/155 1173/818/156 1174/797/156
f 1174/797/156 1173/818/156 1175/819/157
f 1174/797/156 1175/819/157 1176/799/157
f 1176/799/157 1175/819/157 1177/802/158
f 1177/802/158 1175/819/157 1178/820/158
f 1177/802/158 1178/820/158 1179/804/159
f 1179/804/159 1178/820/158 1180/821/159
f 1179/804/159 1180/821/159 1181/806/78
f 1181/806/78 1180/821/159 1182/822/78
f 1181/806/78 1182/822/78 1183/809/160
f 1183/809/160 1182/822/78 1184/823/160
f 1183/809/160 1184/823/160 1185/811/161
f 1185/811/161 1184/823/160 1186/824/161
f 1185/811/161 1186/824/161 1021/687/32
f 1021/687/32 1186/824/161 1022/688/32
f 1021/687/32 1052/718/32 1185/811/161
f 1187/825/162 1188/826/162 1189/827/264
f 1189/827/264 1188/826/162 1190/828/264
f 1189/827/264 1190/828/264 1191/829/265
f 1189/827/264 1191/829/265 1192/830/265
f 1192/830/265 1191/829/265 1193/831/266
f 1192/830/265 1193/831/266 1194/832/266
f 1194/832/266 1193/831/266 1195/833/267
f 1194/832/266 1195/833/267 1196/834/267
f 1196/834/267 1195/833/267 1197/835/268
f 1196/834/267 1197/835/268 1198/836/268
f 1198/836/268 1197/835/268 1199/837/269
f 1198/836/268 1199/837/269 1200/838/269
f 1200/838/269 1199/837/269 1201/839/270
f 1200/838/269 1201/839/270 1202/840/270
f 1202/840/270 1201/839/270 1203/841/271
f 1202/840/270 1203/841/271 1204/842/271
f 1204/842/271 1203/841/271 1205/843/272
f 1204/842/271 1205/843/272 1206/844/272
f 1206/844/272 1205/843/272 1207/845/273
f 1206/844/272 1207/845/273 1208/846/273
f 1208/846/273 1207/845/273 997/663/2
f 1208/846/273 997/663/2 999/665/2
f 1209/847/162 1210/848/274 1211/849/162
f 1211/849/162 1210/848/274 1212/850/275
f 1212/850/275 1210/848/274 1213/851/276
f 1212/850/275 1213/851/276 1214/852/277
f 1214/852/277 1213/851/276 1215/853/278
f 1214/852/277 1215/853/278 1216/854/279
f 1216/854/279 1215/853/278 1217/855/279
f 1216/854/279 1217/855/279 1218/856/280
f 1216/854/279 1218/856/280 1219/857/281
f 1219/857/281 1218/856/280 1220/858/282
f 1219/857/281 1220/858/282 1221/859/283
f 1221/859/283 1220/858/282 1222/860/284
f 1221/859/283 1222/860/284 1223/861/66
f 1223/861/66 1222/860/284 1224/862/66
f 1223/861/66 1224/862/66 1225/863/285
f 1223/861/66 1225/863/285 1226/864/286
f 1226/864/286 1225/863/285 1227/865/287
f 1226/864/286 1227/865/287 1228/866/288
f 1228/866/288 1227/865/287 1229/867/289
f 1228/866/288 1229/867/289 1230/868/290
f 1230/868/290 1229/867/289 1231/869/290
f 1230/868/290 1231/869/290 1232/870/291
f 1230/868/290 1232/870/291 1233/871/292
f 1233/871/292 1232/870/291 1234/872/293
f 1233/871/292 1234/872/293 1235/873/294
f 1235/873/294 1234/872/293 1236/874/295
f 1235/873/294 1236/874/295 995/661/2
f 995/661/2 1236/874/295 996/662/2
f 1237/847/2 1238/848/295 1239/849/2
f 1239/849/2 1238/848/295 1240/850/294
f 1240/850/294 1238/848/295 1241/851/293
f 1240/850/294 1241/851/293 1242/852/292
f 1242/852/292 1241/851/293 1243/853/291
f 1242/852/292 1243/853/291 1244/854/290
f 1244/854/290 1243/853/291 1245/855/290
f 1244/854/290 1245/855/290 1246/856/289
f 1244/854/290 1246/856/289 1247/857/288
f 1247/857/288 1246/856/289 1248/858/287
f 1247/857/288 1248/858/287 1249/859/286
f 1249/859/286 1248/858/287 1250/860/285
f 1249/859/286 1250/860/285 1251/861/66
f 1251/861/66 1250/860/285 1252/862/66
f 1251/861/66 1252/862/66 1253/863/284
f 1251/861/66 1253/863/284 1254/864/283
f 1254/864/283 1253/863/284 1255/865/282
f 1254/864/283 1255/865/282 1256/866/281
f 1256/866/281 1255/865/282 1257/867/280
f 1256/866/281 1257/867/280 1258/868/279
f 1258/868/279 1257/867/280 1259/869/279
f 1258/868/279 1259/869/279 1260/870/278
f 1258/868/279 1260/870/278 1261/871/277
f 1261/871/277 1260/870/278 1262/872/276
f 1261/871/277 1262/872/276 1263/873/275
f 1263/873/275 1262/872/276 1264/874/274
f 1263/873/275 1264/874/274 965/661/162
f 965/661/162 1264/874/274 966/662/162
f 1265/875/162 1266/876/162 1267/371/162
f 1267/371/162 1266/876/162 1268/877/162
f 1267/371/162 1268/877/162 1269/372/162
f 1269/372/162 1268/877/162 1270/878/162
f 1269/372/162 1270/878/162 1271/374/162
f 1271/374/162 1270/878/162 1272/879/162
f 1271/374/162 1272/879/162 1273/376/162
f 1273/376/162 1272/879/162 1274/880/162
f 1273/376/162 1274/880/162 1275/378/162
f 1275/378/162 1274/880/162 1276/881/162
f 1275/378/162 1276/881/162 1277/380/162
f 1277/380/162 1276/881/162 1278/882/162
f 1277/380/162 1278/882/162 1279/382/162
f 1279/382/162 1278/882/162 1280/385/162
f 1280/385/162 1278/882/162 1281/883/162
f 1280/385/162 1281/883/162 1282/387/162
f 1282/387/162 1281/883/162 1283/884/162
f 1282/387/162 1283/884/162 1284/389/162
f 1284/389/162 1283/884/162 1285/885/162
f 1284/389/162 1285/885/162 1286/391/162
f 1286/391/162 1285/885/162 1287/886/162
f 1286/391/162 1287/886/162 1288/345/162
f 1288/345/162 1287/886/162 1289/887/162
f 1288/345/162 1289/887/162 1290/346/162
f 1290/346/162 1289/887/162 1291/888/162
f 1290/346/162 1291/888/162 1292/889/162
f 1290/346/162 1292/889/162 1293/348/162
f 1293/348/162 1292/889/162 1294/890/162
f 1293/348/162 1294/890/162 1295/350/162
f 1295/350/162 1294/890/162 1296/891/162
f 1295/350/162 1296/891/162 1297/352/162
f 1297/352/162 1296/891/162 1298/892/162
f 1297/352/162 1298/892/162 1299/354/162
f 1299/354/162 1298/892/162 1300/893/162
f 1299/354/162 1300/893/162 1301/356/162
f 1301/356/162 1300/893/162 1302/894/162
f 1301/356/162 1302/894/162 1303/358/162
f 1303/358/162 1302/894/162 1304/361/162
f 1304/361/162 1302/894/162 1305/895/162
f 1304/361/162 1305/895/162 1306/363/162
f 1306/363/162 1305/895/162 1307/896/162
f 1306/363/162 1307/896/162 1308/365/162
f 1308/365/162 1307/896/162 1309/897/162
f 1308/365/162 1309/897/162 1310/367/162
f 1310/367/162 1309/897/162 1311/898/162
f 1310/367/162 1311/898/162 1312/369/162
f 1312/369/162 1311/898/162 1265/875/162
f 1312/369/162 1265/875/162 1267/371/162
f 1313/899/162 1314/900/162 1315/419/162
f 1315/419/162 1314/900/162 1316/901/162
f 1315/419/162 1316/901/162 1317/420/162
f 1317/420/162 1316/901/162 1318/902/162
f 1317/420/162 1318/902/162 1319/422/162
f 1319/422/162 1318/902/162 1320/903/162
f 1319/422/162 1320/903/162 1321/424/162
f 1321/424/162 1320/903/162 1322/904/162
f 1321/424/162 1322/904/162 1323/426/162
f 1323/426/162 1322/904/162 1324/905/162
f 1323/426/162 1324/905/162 1325/428/162
f 1325/428/162 1324/905/162 1326/906/162
f 1325/428/162 1326/906/162 1327/430/162
f 1327/430/162 1326/906/162 1328/433/162
f 1328/433/162 1326/906/162 1329/907/162
f 1328/433/162 1329/907/162 1330/435/162
f 1330/435/162 1329/907/162 1331/908/162
f 1330/435/162 1331/908/162 1332/437/162
f 1332/437/162 1331/908/162 1333/909/162
f 1332/437/162 1333/909/162 1334/439/162
f 1334/439/162 1333/909/162 1335/910/162
f 1334/439/162 1335/910/162 1336/393/162
f 1336/393/162 1335/910/162 1337/911/162
f 1336/393/162 1337/911/162 1338/394/162
f 1338/394/162 1337/911/162 1339/912/162
f 1338/394/162 1339/912/162 1340/913/162
f 1338/394/162 1340/913/162 1341/396/162
f 1341/396/162 1340/913/162 1342/914/162
f 1341/396/162 1342/914/162 1343/398/162
f 1343/398/162 1342/914/162 1344/915/162
f 1343/398/162 1344/915/162 1345/400/162
f 1345/400/162 1344/915/162 1346/916/162
f 1345/400/162 1346/916/162 1347/402/162
f 1347/402/162 1346/916/162 1348/917/162
f 1347/402/162 1348/917/162 1349/404/162
f 1349/404/162 1348/917/162 1350/918/162
f 1349/404/162 1350/918/162 1351/406/162
f 1351/406/162 1350/918/162 1352/409/162
f 1352/409/162 1350/918/162 1353/919/162
f 1352/409/162 1353/919/162 1354/411/162
f 1354/411/162 1353/919/162 1355/920/162
f 1354/411/162 1355/920/162 1356/413/162
f 1356/413/162 1355/920/162 1357/921/162
f 1356/413/162 1357/921/162 1358/415/162
f 1358/415/162 1357/921/162 1359/922/162
f 1358/415/162 1359/922/162 1360/417/162
f 1360/417/162 1359/922/162 1313/899/162
f 1360/417/162 1313/899/162 1315/419/162
f 1361/923/296 1362/924/296 1363/925/296
f 1363/925/296 1362/924/296 1364/926/296
f 1363/925/296 1364/926/296 1365/927/296
f 1365/927/296 1364/926/296 1366/928/296
f 1365/927/296 1366/928/296 1367/929/296
f 1367/929/296 1366/928/296 1368/930/296
f 1367/929/296 1368/930/296 1369/931/296
f 1369/931/296 1368/930/296 1370/932/296
f 1369/931/296 1370/932/296 1371/933/296
f 1371/933/296 1370/932/296 1372/934/296
f 1371/933/296 1372/934/296 1373/935/296
f 1373/935/296 1372/934/296 1374/936/296
f 1373/935/296 1374/936/296 1375/937/296
f 1375/937/296 1374/936/296 1376/938/296
f 1376/938/296 1374/936/296 1377/939/296
f 1376/938/296 1377/939/296 1378/940/296
f 1378/940/296 1377/939/296 1379/941/296
f 1378/940/296 1379/941/296 1380/942/296
f 1380/942/296 1379/941/296 1381/943/296
f 1380/942/296 1381/943/296 1382/944/296
f 1382/944/296 1381/943/296 1383/945/296
f 1382/944/296 1383/945/296 1384/946/296
f 1384/946/296 1383/945/296 1385/947/296
f 1384/946/296 1385/947/296 1386/948/296
f 1386/948/296 1385/947/296 1387/949/296
f 1386/948/296 1387/949/296 1388/950/296
f 1386/948/296 1388/950/296 1389/951/296
f 1389/951/296 1388/950/296 1390/952/296
f 1389/951/296 1390/952/296 1391/953/296
f 1391/953/296 1390/952/296 1392/954/296
f 1391/953/296 1392/954/296 1393/955/296
f 1393/955/296 1392/954/296 1394/956/296
f 1393/955/296 1394/956/296 1395/957/296
f 1395/957/296 1394/956/296 1396/958/296
f 1395/957/296 1396/958/296 1397/959/296
f 1397/959/296 1396/958/296 1398/960/296
f 1397/959/296 1398/960/296 1399/961/296
f 1399/961/296 1398/960/296 1400/962/296
f 1400/962/296 1398/960/296 1401/963/296
f 1400/962/296 1401/963/296 1402/964/296
f 1402/964/296 1401/963/296 1403/965/296
f 1402/964/296 1403/965/296 1404/966/296
f 1404/966/296 1403/965/296 1405/967/296
f 1404/966/296 1405/967/296 1406/968/296
f 1406/968/296 1405/967/296 1407/969/296
f 1406/968/296 1407/969/296 1408/970/296
f 1408/970/296 1407/969/296 1361/923/296
f 1408/970/296 1361/923/296 1363/925/296
# Vertices: 1408, normals: 296, texture coordinates: 970, faces: 1556

