# File generated by ImageToStl.com - Free Image and 3D model conversion tools

mtllib link5.mtl

o obj1
v -4E-08 -0.0355 -0.042
v 0.00652296 -0.034896 -0.04200001
v -5E-08 -0.0355 -0.048
v 0.00652295 -0.034896 -0.04800001
v 0.01282396 -0.033103 -0.04200001
v 0.01282395 -0.033103 -0.04800001
v 0.01868796 -0.030183 -0.04200002
v 0.01868795 -0.030183 -0.04800002
v 0.02391596 -0.026235 -0.04200002
v 0.02391595 -0.026235 -0.04800002
v 0.02832996 -0.021394 -0.04200003
v 0.02832995 -0.021394 -0.04800003
v 0.03177796 -0.015824 -0.04200003
v 0.03177795 -0.015824 -0.04800003
v 0.03414496 -0.009715 -0.04200003
v 0.03414495 -0.009715 -0.04800003
v 0.03534896 -0.003276 -0.04200004
v 0.03534895 -0.003276 -0.04800004
v 0.03534896 0.003276 -0.04200004
v 0.03534895 0.003276 -0.04800004
v 0.03414496 0.009715 -0.04200003
v 0.03414495 0.009715 -0.04800003
v 0.03177796 0.015824 -0.04200003
v 0.03177795 0.015824 -0.04800003
v 0.02832996 0.021394 -0.04200003
v 0.02832995 0.021394 -0.04800003
v 0.02391596 0.026235 -0.04200002
v 0.02391595 0.026235 -0.04800002
v 0.01868796 0.030183 -0.04200002
v 0.01868795 0.030183 -0.04800002
v 0.01282396 0.033103 -0.04200001
v 0.01282395 0.033103 -0.04800001
v 0.00652296 0.034896 -0.04200001
v 0.00652295 0.034896 -0.04800001
v -5E-08 0.0355 -0.048
v -4E-08 0.0355 -0.042
v -4E-08 0.0375 -0.0385
v -5E-08 0.0375 -0.048
v -0.00423404 0.037259 -0.038266
v -0.00689105 0.036861 -0.04799999
v -0.00841704 0.036543 -0.03756899
v -0.01354705 0.034968 -0.04799999
v -0.01245504 0.035371 -0.03642899
v -0.01626603 0.033788 -0.03489498
v -0.01974105 0.031883 -0.04799998
v -0.01978703 0.031854 -0.03302598
v -0.02296703 0.029644 -0.03089898
v -0.02526405 0.027713 -0.04799997
v -0.02576603 0.027246 -0.02860597
v -0.02820203 0.024715 -0.02620797
v -0.02992605 0.022599 -0.04799997
v -0.03224302 0.019148 -0.02103797
v -0.03356905 0.016715 -0.04799997
v -0.03511002 0.013173 -0.01579596
v -0.03606805 0.010262 -0.04799996
v -0.03610501 0.010132 -0.01336596
v -0.03683401 0.007035 -0.01120196
v -0.03734005 0.00346 -0.04799996
v -0.03731001 0.003772 -0.00949896
v -0.03744701 0.001985 -0.00894096
v -0.03750001 0 -0.00871796
v -0.03734005 -0.00346 -0.04799996
v -0.03744701 -0.001985 -0.00894096
v -0.03731001 -0.003772 -0.00949896
v -0.03683401 -0.007035 -0.01120196
v -0.03606805 -0.010262 -0.04799996
v -0.03610501 -0.010132 -0.01336596
v -0.03511002 -0.013173 -0.01579596
v -0.03356905 -0.016715 -0.04799997
v -0.03224302 -0.019148 -0.02103797
v -0.02992605 -0.022599 -0.04799997
v -0.02820203 -0.024715 -0.02620797
v -0.02526405 -0.027713 -0.04799997
v -0.02576603 -0.027246 -0.02860597
v -0.02296703 -0.029644 -0.03089898
v -0.01974105 -0.031883 -0.04799998
v -0.01978703 -0.031854 -0.03302598
v -0.01626603 -0.033788 -0.03489498
v -0.01354705 -0.034968 -0.04799999
v -0.01245504 -0.035371 -0.03642899
v -0.00841704 -0.036543 -0.03756899
v -0.00689105 -0.036861 -0.04799999
v -0.00423404 -0.037259 -0.038266
v -5E-08 -0.0375 -0.048
v -4E-08 -0.0375 -0.0385
v 4E-08 0.023602 0.0385
v -0.00668496 0.023759 0.03791501
v 4E-08 -0.0493 0.0385
v -0.00707396 -0.0493 0.03784401
v -0.01316796 0.024224 0.03617801
v -0.01390796 -0.0493 0.03590001
v -0.01924997 0.024984 0.03334202
v -0.02026797 -0.0493 0.03273302
v -0.02474697 0.026016 0.02949302
v -0.02593697 -0.0493 0.02845203
v -0.02949298 0.027287 0.02474703
v -0.03072398 -0.0493 0.02320103
v -0.03334198 0.02876 0.01925003
v -0.03446398 -0.0493 0.01716103
v -0.03617799 0.03039 0.01316804
v -0.03702999 -0.0493 0.01053604
v -0.03791499 0.032127 0.00668504
v -0.038336 -0.0493 0.00355204
v -0.0385 0.033918 4E-08
v -0.038336 -0.0493 -0.00355196
v -0.03791501 0.035709 -0.00668496
v -0.03750001 0 -0.00871796
v -0.03744701 0.001985 -0.00894096
v -0.03731001 0.003772 -0.00949896
v -0.03617801 0.037446 -0.01316796
v -0.03683401 0.007035 -0.01120196
v -0.03610501 0.010132 -0.01336596
v -0.03511002 0.013173 -0.01579596
v -0.03334202 0.039076 -0.01924997
v -0.03224302 0.019148 -0.02103797
v -0.02949302 0.040549 -0.02474697
v -0.02820203 0.024715 -0.02620797
v -0.02474703 0.041821 -0.02949298
v -0.02576603 0.027246 -0.02860597
v -0.02296703 0.029644 -0.03089898
v -0.01925003 0.042852 -0.03334198
v -0.01978703 0.031854 -0.03302598
v -0.01626603 0.033788 -0.03489498
v -0.01316804 0.043612 -0.03617799
v -0.01245504 0.035371 -0.03642899
v -0.00841704 0.036543 -0.03756899
v -0.00668504 0.044077 -0.03791499
v -0.00423404 0.037259 -0.038266
v -4E-08 0.044234 -0.0385
v -4E-08 0.0375 -0.0385
v -0.03703001 -0.0493 -0.01053596
v -0.03744701 -0.001985 -0.00894096
v -0.03731001 -0.003772 -0.00949896
v -0.03683401 -0.007035 -0.01120196
v -0.03610501 -0.010132 -0.01336596
v -0.03446402 -0.0493 -0.01716097
v -0.03511002 -0.013173 -0.01579596
v -0.03224302 -0.019148 -0.02103797
v -0.03072402 -0.0493 -0.02320097
v -0.02820203 -0.024715 -0.02620797
v -0.02593703 -0.0493 -0.02845197
v -0.02576603 -0.027246 -0.02860597
v -0.02296703 -0.029644 -0.03089898
v -0.02026803 -0.0493 -0.03273298
v -0.01978703 -0.031854 -0.03302598
v -0.01626603 -0.033788 -0.03489498
v -0.01390804 -0.0493 -0.03589999
v -0.01245504 -0.035371 -0.03642899
v -0.00841704 -0.036543 -0.03756899
v -0.00707404 -0.0493 -0.03784399
v -0.00423404 -0.037259 -0.038266
v -4E-08 -0.0493 -0.0385
v -4E-08 -0.0375 -0.0385
v -4E-08 0.0375 -0.0385
v -4E-08 0.044234 -0.0385
v 0.00423396 0.037259 -0.038266
v 0.00668496 0.044077 -0.03791501
v 0.00841696 0.036543 -0.03756901
v 0.01316796 0.043612 -0.03617801
v 0.01245496 0.035371 -0.03642901
v 0.01626597 0.033788 -0.03489502
v 0.01924997 0.042852 -0.03334202
v 0.01978697 0.031854 -0.03302602
v 0.02296697 0.029644 -0.03089902
v 0.02474697 0.041821 -0.02949302
v 0.02576597 0.027246 -0.02860603
v 0.02949298 0.040549 -0.02474703
v 0.02820197 0.024715 -0.02620803
v 0.03224298 0.019148 -0.02103803
v 0.03334198 0.039076 -0.01925003
v 0.03510998 0.013173 -0.01579604
v 0.03617799 0.037446 -0.01316804
v 0.03610499 0.010132 -0.01336604
v 0.03683399 0.007035 -0.01120204
v 0.03791499 0.035709 -0.00668504
v 0.03730999 0.003772 -0.00949904
v 0.03744699 0.001985 -0.00894104
v 0.03749999 0 -0.00871804
v 0.03702999 -0.0493 -0.01053604
v 0.03744699 -0.001985 -0.00894104
v 0.03730999 -0.003772 -0.00949904
v 0.03683399 -0.007035 -0.01120204
v 0.03610499 -0.010132 -0.01336604
v 0.03446398 -0.0493 -0.01716103
v 0.03510998 -0.013173 -0.01579604
v 0.03224298 -0.019148 -0.02103803
v 0.03072398 -0.0493 -0.02320103
v 0.02820197 -0.024715 -0.02620803
v 0.02593697 -0.0493 -0.02845203
v 0.02576597 -0.027246 -0.02860603
v 0.02296697 -0.029644 -0.03089902
v 0.02026797 -0.0493 -0.03273302
v 0.01978697 -0.031854 -0.03302602
v 0.01626597 -0.033788 -0.03489502
v 0.01390796 -0.0493 -0.03590001
v 0.01245496 -0.035371 -0.03642901
v 0.00707396 -0.0493 -0.03784401
v 0.00841696 -0.036543 -0.03756901
v 0.00423396 -0.037259 -0.038266
v -4E-08 -0.0493 -0.0385
v -4E-08 -0.0375 -0.0385
v 0.038336 -0.0493 -0.00355204
v 0.0385 0.033918 -4E-08
v 0.038336 -0.0493 0.00355196
v 0.03791501 0.032127 0.00668496
v 0.03703001 -0.0493 0.01053596
v 0.03617801 0.03039 0.01316796
v 0.03446402 -0.0493 0.01716097
v 0.03334202 0.02876 0.01924997
v 0.03072402 -0.0493 0.02320097
v 0.02949302 0.027287 0.02474697
v 0.02593703 -0.0493 0.02845197
v 0.02474703 0.026016 0.02949298
v 0.02026803 -0.0493 0.03273298
v 0.01925003 0.024984 0.03334198
v 0.01390804 -0.0493 0.03589999
v 0.01316804 0.024224 0.03617799
v 0.00707404 -0.0493 0.03784399
v 0.00668504 0.023759 0.03791499
v -4E-08 -0.0375 -0.0385
v -5E-08 -0.0375 -0.048
v 0.00423396 -0.037259 -0.038266
v 0.00689095 -0.036861 -0.04800001
v 0.00841696 -0.036543 -0.03756901
v 0.01354695 -0.034968 -0.04800001
v 0.01245496 -0.035371 -0.03642901
v 0.01626597 -0.033788 -0.03489502
v 0.01974095 -0.031883 -0.04800002
v 0.01978697 -0.031854 -0.03302602
v 0.02296697 -0.029644 -0.03089902
v 0.02526395 -0.027713 -0.04800003
v 0.02576597 -0.027246 -0.02860603
v 0.02820197 -0.024715 -0.02620803
v 0.02992595 -0.022599 -0.04800003
v 0.03224298 -0.019148 -0.02103803
v 0.03356895 -0.016715 -0.04800003
v 0.03510998 -0.013173 -0.01579604
v 0.03606795 -0.010262 -0.04800004
v 0.03610499 -0.010132 -0.01336604
v 0.03683399 -0.007035 -0.01120204
v 0.03733995 -0.00346 -0.04800004
v 0.03730999 -0.003772 -0.00949904
v 0.03744699 -0.001985 -0.00894104
v 0.03749999 0 -0.00871804
v 0.03733995 0.00346 -0.04800004
v 0.03744699 0.001985 -0.00894104
v 0.03730999 0.003772 -0.00949904
v 0.03683399 0.007035 -0.01120204
v 0.03606795 0.010262 -0.04800004
v 0.03610499 0.010132 -0.01336604
v 0.03510998 0.013173 -0.01579604
v 0.03356895 0.016715 -0.04800003
v 0.03224298 0.019148 -0.02103803
v 0.02992595 0.022599 -0.04800003
v 0.02820197 0.024715 -0.02620803
v 0.02526395 0.027713 -0.04800003
v 0.02576597 0.027246 -0.02860603
v 0.02296697 0.029644 -0.03089902
v 0.01974095 0.031883 -0.04800002
v 0.01978697 0.031854 -0.03302602
v 0.01626597 0.033788 -0.03489502
v 0.01354695 0.034968 -0.04800001
v 0.01245496 0.035371 -0.03642901
v 0.00841696 0.036543 -0.03756901
v 0.00689095 0.036861 -0.04800001
v 0.00423396 0.037259 -0.038266
v 0.00689095 0.036861 -0.04800001
v 0.00652295 0.034896 -0.04800001
v -5E-08 0.0375 -0.048
v -5E-08 0.0355 -0.048
v -0.00652305 0.034896 -0.04799999
v 0.01282395 0.033103 -0.04800001
v 0.01354695 0.034968 -0.04800001
v 0.01868795 0.030183 -0.04800002
v 0.01974095 0.031883 -0.04800002
v 0.02391595 0.026235 -0.04800002
v 0.02526395 0.027713 -0.04800003
v 0.02832995 0.021394 -0.04800003
v 0.02992595 0.022599 -0.04800003
v 0.03177795 0.015824 -0.04800003
v 0.03356895 0.016715 -0.04800003
v 0.03414495 0.009715 -0.04800003
v 0.03606795 0.010262 -0.04800004
v 0.03534895 0.003276 -0.04800004
v 0.03733995 0.00346 -0.04800004
v 0.03733995 -0.00346 -0.04800004
v 0.03534895 -0.003276 -0.04800004
v 0.03606795 -0.010262 -0.04800004
v 0.03414495 -0.009715 -0.04800003
v 0.03356895 -0.016715 -0.04800003
v 0.03177795 -0.015824 -0.04800003
v 0.02992595 -0.022599 -0.04800003
v 0.02832995 -0.021394 -0.04800003
v 0.02526395 -0.027713 -0.04800003
v 0.02391595 -0.026235 -0.04800002
v 0.01974095 -0.031883 -0.04800002
v 0.01868795 -0.030183 -0.04800002
v 0.01354695 -0.034968 -0.04800001
v 0.01282395 -0.033103 -0.04800001
v 0.00689095 -0.036861 -0.04800001
v 0.00652295 -0.034896 -0.04800001
v -5E-08 -0.0375 -0.048
v -5E-08 -0.0355 -0.048
v -0.00652305 -0.034896 -0.04799999
v -0.00689105 -0.036861 -0.04799999
v -0.01282405 -0.033103 -0.04799999
v -0.01354705 -0.034968 -0.04799999
v -0.01868805 -0.030183 -0.04799998
v -0.01974105 -0.031883 -0.04799998
v -0.02391605 -0.026235 -0.04799998
v -0.02526405 -0.027713 -0.04799997
v -0.02833005 -0.021394 -0.04799997
v -0.02992605 -0.022599 -0.04799997
v -0.03177805 -0.015824 -0.04799997
v -0.03356905 -0.016715 -0.04799997
v -0.03414505 -0.009715 -0.04799997
v -0.03606805 -0.010262 -0.04799996
v -0.03534905 -0.003276 -0.04799996
v -0.03734005 -0.00346 -0.04799996
v -0.03734005 0.00346 -0.04799996
v -0.03534905 0.003276 -0.04799996
v -0.03606805 0.010262 -0.04799996
v -0.03414505 0.009715 -0.04799997
v -0.03356905 0.016715 -0.04799997
v -0.03177805 0.015824 -0.04799997
v -0.02992605 0.022599 -0.04799997
v -0.02833005 0.021394 -0.04799997
v -0.02526405 0.027713 -0.04799997
v -0.02391605 0.026235 -0.04799998
v -0.01974105 0.031883 -0.04799998
v -0.01868805 0.030183 -0.04799998
v -0.01354705 0.034968 -0.04799999
v -0.01282405 0.033103 -0.04799999
v -0.00689105 0.036861 -0.04799999
v -5E-08 0.0355 -0.048
v -4E-08 0.0355 -0.042
v -0.00652305 0.034896 -0.04799999
v -0.00652304 0.034896 -0.04199999
v -0.01282404 0.033103 -0.04199999
v -0.01282405 0.033103 -0.04799999
v -0.01868804 0.030183 -0.04199998
v -0.01868805 0.030183 -0.04799998
v -0.02391604 0.026235 -0.04199998
v -0.02391605 0.026235 -0.04799998
v -0.02833004 0.021394 -0.04199997
v -0.02833005 0.021394 -0.04799997
v -0.03177804 0.015824 -0.04199997
v -0.03177805 0.015824 -0.04799997
v -0.03414504 0.009715 -0.04199997
v -0.03414505 0.009715 -0.04799997
v -0.03534904 0.003276 -0.04199996
v -0.03534905 0.003276 -0.04799996
v -0.03534904 -0.003276 -0.04199996
v -0.03534905 -0.003276 -0.04799996
v -0.03414504 -0.009715 -0.04199997
v -0.03414505 -0.009715 -0.04799997
v -0.03177804 -0.015824 -0.04199997
v -0.03177805 -0.015824 -0.04799997
v -0.02833004 -0.021394 -0.04199997
v -0.02833005 -0.021394 -0.04799997
v -0.02391604 -0.026235 -0.04199998
v -0.02391605 -0.026235 -0.04799998
v -0.01868804 -0.030183 -0.04199998
v -0.01868805 -0.030183 -0.04799998
v -0.01282404 -0.033103 -0.04199999
v -0.01282405 -0.033103 -0.04799999
v -0.00652304 -0.034896 -0.04199999
v -0.00652305 -0.034896 -0.04799999
v -0.00652304 -0.034896 -0.04199999
v -0.00652304 0.034896 -0.04199999
v -4E-08 -0.0355 -0.042
v -4E-08 0.0355 -0.042
v 0.00652296 -0.034896 -0.04200001
v 0.00652296 0.034896 -0.04200001
v 0.01282396 -0.033103 -0.04200001
v 0.01282396 0.033103 -0.04200001
v 0.01868796 -0.030183 -0.04200002
v 0.01868796 0.030183 -0.04200002
v 0.02391596 -0.026235 -0.04200002
v 0.02391596 0.026235 -0.04200002
v 0.02832996 -0.021394 -0.04200003
v 0.02832996 0.021394 -0.04200003
v 0.03177796 -0.015824 -0.04200003
v 0.03177796 0.015824 -0.04200003
v 0.03414496 -0.009715 -0.04200003
v 0.03414496 0.009715 -0.04200003
v 0.03534896 -0.003276 -0.04200004
v 0.03534896 0.003276 -0.04200004
v -0.01282404 0.033103 -0.04199999
v -0.01282404 -0.033103 -0.04199999
v -0.01868804 0.030183 -0.04199998
v -0.01868804 -0.030183 -0.04199998
v -0.02391604 0.026235 -0.04199998
v -0.02391604 -0.026235 -0.04199998
v -0.02833004 0.021394 -0.04199997
v -0.02833004 -0.021394 -0.04199997
v -0.03177804 0.015824 -0.04199997
v -0.03177804 -0.015824 -0.04199997
v -0.03414504 0.009715 -0.04199997
v -0.03414504 -0.009715 -0.04199997
v -0.03534904 0.003276 -0.04199996
v -0.03534904 -0.003276 -0.04199996
v 0.00707396 -0.0493 -0.03784401
v 0.00703796 -0.0493 -0.03764801
v -4E-08 -0.0493 -0.0385
v -4E-08 -0.0493 -0.0383
v -0.00703804 -0.0493 -0.03764799
v 0.01383596 -0.0493 -0.03571401
v 0.01390796 -0.0493 -0.03590001
v 0.02016197 -0.0493 -0.03256302
v 0.02026797 -0.0493 -0.03273302
v 0.02580297 -0.0493 -0.02830403
v 0.02593697 -0.0493 -0.02845203
v 0.03056398 -0.0493 -0.02308103
v 0.03072398 -0.0493 -0.02320103
v 0.03428498 -0.0493 -0.01707203
v 0.03446398 -0.0493 -0.01716103
v 0.03683799 -0.0493 -0.01048104
v 0.03702999 -0.0493 -0.01053604
v 0.038137 -0.0493 -0.00353404
v 0.038336 -0.0493 -0.00355204
v 0.038336 -0.0493 0.00355196
v 0.038137 -0.0493 0.00353396
v 0.03703001 -0.0493 0.01053596
v 0.03683801 -0.0493 0.01048096
v 0.03446402 -0.0493 0.01716097
v 0.03428502 -0.0493 0.01707197
v 0.03072402 -0.0493 0.02320097
v 0.03056402 -0.0493 0.02308097
v 0.02593703 -0.0493 0.02845197
v 0.02580303 -0.0493 0.02830397
v 0.02026803 -0.0493 0.03273298
v 0.02016203 -0.0493 0.03256298
v 0.01390804 -0.0493 0.03589999
v 0.01383604 -0.0493 0.03571399
v 0.00707404 -0.0493 0.03784399
v 0.00703804 -0.0493 0.03764799
v 4E-08 -0.0493 0.0385
v 4E-08 -0.0493 0.0383
v -0.00703796 -0.0493 0.03764801
v -0.00707396 -0.0493 0.03784401
v -0.01383596 -0.0493 0.03571401
v -0.01390796 -0.0493 0.03590001
v -0.02016197 -0.0493 0.03256302
v -0.02026797 -0.0493 0.03273302
v -0.02580297 -0.0493 0.02830403
v -0.02593697 -0.0493 0.02845203
v -0.03056398 -0.0493 0.02308103
v -0.03072398 -0.0493 0.02320103
v -0.03428498 -0.0493 0.01707203
v -0.03446398 -0.0493 0.01716103
v -0.03683799 -0.0493 0.01048104
v -0.03702999 -0.0493 0.01053604
v -0.038137 -0.0493 0.00353404
v -0.038336 -0.0493 0.00355204
v -0.038137 -0.0493 -0.00353396
v -0.038336 -0.0493 -0.00355196
v -0.03703001 -0.0493 -0.01053596
v -0.03683801 -0.0493 -0.01048096
v -0.03446402 -0.0493 -0.01716097
v -0.03428502 -0.0493 -0.01707197
v -0.03072402 -0.0493 -0.02320097
v -0.03056402 -0.0493 -0.02308097
v -0.02593703 -0.0493 -0.02845197
v -0.02580303 -0.0493 -0.02830397
v -0.02026803 -0.0493 -0.03273298
v -0.02016203 -0.0493 -0.03256298
v -0.01390804 -0.0493 -0.03589999
v -0.01383604 -0.0493 -0.03571399
v -0.00707404 -0.0493 -0.03784399
v -0.00668504 0.044077 -0.03791499
v -0.00665104 0.044025 -0.03771799
v -4E-08 0.044234 -0.0385
v -4E-08 0.044181 -0.0383
v 0.00668496 0.044077 -0.03791501
v 0.00665096 0.044025 -0.03771801
v 0.01309896 0.043562 -0.03599001
v -0.01309904 0.043562 -0.03598999
v -0.01316804 0.043612 -0.03617799
v -0.01915003 0.042806 -0.03316898
v -0.01925003 0.042852 -0.03334198
v -0.02461903 0.04178 -0.02933998
v -0.02474703 0.041821 -0.02949298
v -0.02933902 0.040515 -0.02461897
v -0.02949302 0.040549 -0.02474697
v -0.03316902 0.039049 -0.01914997
v -0.03334202 0.039076 -0.01924997
v -0.03599001 0.037428 -0.01309896
v -0.03617801 0.037446 -0.01316796
v -0.03771801 0.0357 -0.00665096
v -0.03791501 0.035709 -0.00668496
v -0.0383 0.033918 4E-08
v -0.0385 0.033918 4E-08
v -0.03791499 0.032127 0.00668504
v -0.03771799 0.032136 0.00665104
v -0.03617799 0.03039 0.01316804
v -0.03598999 0.030408 0.01309904
v -0.03334198 0.02876 0.01925003
v -0.03316898 0.028787 0.01915003
v -0.02949298 0.027287 0.02474703
v -0.02933898 0.027322 0.02461903
v -0.02474697 0.026016 0.02949302
v -0.02461897 0.026057 0.02934002
v -0.01924997 0.024984 0.03334202
v -0.01914997 0.025031 0.03316902
v -0.01316796 0.024224 0.03617801
v -0.01309896 0.024275 0.03599001
v -0.00668496 0.023759 0.03791501
v -0.00665096 0.023812 0.03771801
v 4E-08 0.023602 0.0385
v 4E-08 0.023656 0.0383
v 0.00665104 0.023812 0.03771799
v 0.00668504 0.023759 0.03791499
v 0.01309904 0.024275 0.03598999
v 0.01316804 0.024224 0.03617799
v 0.01915003 0.025031 0.03316898
v 0.01925003 0.024984 0.03334198
v 0.02461903 0.026057 0.02933998
v 0.02474703 0.026016 0.02949298
v 0.02933902 0.027322 0.02461897
v 0.02949302 0.027287 0.02474697
v 0.03316902 0.028787 0.01914997
v 0.03334202 0.02876 0.01924997
v 0.03599001 0.030408 0.01309896
v 0.03617801 0.03039 0.01316796
v 0.03771801 0.032136 0.00665096
v 0.03791501 0.032127 0.00668496
v 0.0383 0.033918 -4E-08
v 0.0385 0.033918 -4E-08
v 0.03791499 0.035709 -0.00668504
v 0.03771799 0.0357 -0.00665104
v 0.03617799 0.037446 -0.01316804
v 0.03598999 0.037428 -0.01309904
v 0.03334198 0.039076 -0.01925003
v 0.03316898 0.039049 -0.01915003
v 0.02949298 0.040549 -0.02474703
v 0.02933898 0.040515 -0.02461903
v 0.02474697 0.041821 -0.02949302
v 0.02461897 0.04178 -0.02934002
v 0.01924997 0.042852 -0.03334202
v 0.01914997 0.042806 -0.03316902
v 0.01316796 0.043612 -0.03617801
v 3E-08 0.059555 0.034845
v 3E-08 0.0598 0.0333
v -0.00627797 0.059724 0.03358601
v -0.00649697 0.0598 0.03266001
v -0.01234297 0.059724 0.03186101
v -0.01274297 0.0598 0.03076501
v -0.01798697 0.059724 0.02905002
v -0.01849997 0.0598 0.02768802
v -0.02301897 0.059724 0.02525102
v -0.02354698 0.0598 0.02354702
v -0.02726698 0.059724 0.02059103
v -0.02768798 0.0598 0.01850003
v -0.03058598 0.059724 0.01523003
v -0.03076499 0.0598 0.01274303
v -0.03286399 0.059724 0.00935103
v -0.03265999 0.0598 0.00649703
v -0.034022 0.059724 0.00315303
v -0.0333 0.0598 3E-08
v -0.034022 0.059724 -0.00315297
v -0.03266001 0.0598 -0.00649697
v -0.03286401 0.059724 -0.00935097
v -0.03076501 0.0598 -0.01274297
v -0.03058602 0.059724 -0.01522997
v -0.02768802 0.0598 -0.01849997
v -0.02726702 0.059724 -0.02059097
v -0.02354702 0.0598 -0.02354698
v -0.02301903 0.059724 -0.02525098
v -0.01850003 0.0598 -0.02768798
v -0.01798703 0.059724 -0.02904998
v -0.01274303 0.0598 -0.03076499
v -0.01234303 0.059724 -0.03186099
v -0.00649703 0.0598 -0.03265999
v -0.00627803 0.059724 -0.03358599
v -3E-08 0.0598 -0.0333
v -3E-08 0.059555 -0.034845
v -0.00657804 0.05913 -0.03518999
v -4E-08 0.058845 -0.036239
v -0.00682304 0.058014 -0.03649799
v -4E-08 0.057739 -0.037345
v -0.00698204 0.05651 -0.03735099
v -4E-08 0.056345 -0.038055
v -0.00703804 0.0548 -0.03764799
v -4E-08 0.0548 -0.0383
v -0.01372704 0.05651 -0.03543299
v -0.01383604 0.0548 -0.03571399
v -0.02000403 0.05651 -0.03230698
v -0.02016203 0.0548 -0.03256298
v -0.02559903 0.05651 -0.02808097
v -0.02580303 0.0548 -0.02830397
v -0.03032302 0.05651 -0.02289897
v -0.03056402 0.0548 -0.02308097
v -0.03401502 0.05651 -0.01693697
v -0.03428502 0.0548 -0.01707197
v -0.03654801 0.05651 -0.01039896
v -0.03683801 0.0548 -0.01048096
v -0.037836 0.05651 -0.00350596
v -0.038137 0.0548 -0.00353396
v -0.037836 0.05651 0.00350604
v -0.038137 0.0548 0.00353404
v -0.03654799 0.05651 0.01039904
v -0.03683799 0.0548 0.01048104
v -0.03401498 0.05651 0.01693703
v -0.03428498 0.0548 0.01707203
v -0.03032298 0.05651 0.02289903
v -0.03056398 0.0548 0.02308103
v -0.02559897 0.05651 0.02808103
v -0.02580297 0.0548 0.02830403
v -0.02000397 0.05651 0.03230702
v -0.02016197 0.0548 0.03256302
v -0.01372696 0.05651 0.03543301
v -0.01383596 0.0548 0.03571401
v -0.00698196 0.05651 0.03735101
v -0.00703796 0.0548 0.03764801
v 4E-08 0.056345 0.038055
v 4E-08 0.0548 0.0383
v 4E-08 0.057739 0.037345
v -0.00682296 0.058014 0.03649801
v -0.01341297 0.058014 0.03462301
v -0.01954697 0.058014 0.03156902
v -0.02501397 0.058014 0.02744003
v -0.02963098 0.058014 0.02237603
v -0.03323798 0.058014 0.01655003
v -0.03571299 0.058014 0.01016104
v -0.036972 0.058014 0.00342604
v -0.036972 0.058014 -0.00342596
v -0.03571301 0.058014 -0.01016096
v -0.03323802 0.058014 -0.01654997
v -0.02963102 0.058014 -0.02237597
v -0.02501403 0.058014 -0.02743997
v -0.01954703 0.058014 -0.03156898
v -0.01341303 0.058014 -0.03462299
v 4E-08 0.058845 0.036239
v -0.00657796 0.05913 0.03519001
v -0.01293197 0.05913 0.03338301
v -0.01884597 0.05913 0.03043802
v -0.02411797 0.05913 0.02645702
v -0.02856898 0.05913 0.02157403
v -0.03204698 0.05913 0.01595703
v -0.03443299 0.05913 0.00979703
v -0.035647 0.05913 0.00330304
v -0.035647 0.05913 -0.00330296
v -0.03443301 0.05913 -0.00979697
v -0.03204702 0.05913 -0.01595697
v -0.02856902 0.05913 -0.02157397
v -0.02411803 0.05913 -0.02645698
v -0.01884603 0.05913 -0.03043798
v -0.01293203 0.05913 -0.03338299
v -4E-08 0.044181 -0.0383
v -0.00665104 0.044025 -0.03771799
v -4E-08 0.0548 -0.0383
v -0.00703804 0.0548 -0.03764799
v -0.01309904 0.043562 -0.03598999
v -0.01383604 0.0548 -0.03571399
v -0.01915003 0.042806 -0.03316898
v -0.02016203 0.0548 -0.03256298
v -0.02461903 0.04178 -0.02933998
v -0.02580303 0.0548 -0.02830397
v -0.02933902 0.040515 -0.02461897
v -0.03056402 0.0548 -0.02308097
v -0.03316902 0.039049 -0.01914997
v -0.03428502 0.0548 -0.01707197
v -0.03599001 0.037428 -0.01309896
v -0.03683801 0.0548 -0.01048096
v -0.03771801 0.0357 -0.00665096
v -0.038137 0.0548 -0.00353396
v -0.0383 0.033918 4E-08
v -0.038137 0.0548 0.00353404
v -0.03771799 0.032136 0.00665104
v -0.03683799 0.0548 0.01048104
v -0.03598999 0.030408 0.01309904
v -0.03428498 0.0548 0.01707203
v -0.03316898 0.028787 0.01915003
v -0.03056398 0.0548 0.02308103
v -0.02933898 0.027322 0.02461903
v -0.02580297 0.0548 0.02830403
v -0.02461897 0.026057 0.02934002
v -0.02016197 0.0548 0.03256302
v -0.01914997 0.025031 0.03316902
v -0.01383596 0.0548 0.03571401
v -0.01309896 0.024275 0.03599001
v -0.00703796 0.0548 0.03764801
v -0.00665096 0.023812 0.03771801
v 4E-08 0.0548 0.0383
v 4E-08 0.023656 0.0383
v 4E-08 -0.0543 0.0355
v -0.00652297 -0.0543 0.03489601
v 4E-08 -0.0605 0.0355
v -0.00652297 -0.0605 0.03489601
v -0.01282397 -0.0543 0.03310301
v -0.01282397 -0.0605 0.03310301
v -0.01868797 -0.0543 0.03018302
v -0.01868797 -0.0605 0.03018302
v -0.02391597 -0.0543 0.02623502
v -0.02391597 -0.0605 0.02623502
v -0.02832998 -0.0543 0.02139403
v -0.02832998 -0.0605 0.02139403
v -0.03177798 -0.0543 0.01582403
v -0.03177798 -0.0605 0.01582403
v -0.03414499 -0.0543 0.00971503
v -0.03414499 -0.0605 0.00971503
v -0.035349 -0.0543 0.00327604
v -0.035349 -0.0605 0.00327604
v -0.035349 -0.0543 -0.00327596
v -0.035349 -0.0605 -0.00327596
v -0.03414501 -0.0543 -0.00971497
v -0.03414501 -0.0605 -0.00971497
v -0.03177802 -0.0543 -0.01582397
v -0.03177802 -0.0605 -0.01582397
v -0.02833002 -0.0543 -0.02139397
v -0.02833002 -0.0605 -0.02139397
v -0.02391603 -0.0543 -0.02623498
v -0.02391603 -0.0605 -0.02623498
v -0.01868803 -0.0543 -0.03018298
v -0.01868803 -0.0605 -0.03018298
v -0.01282403 -0.0543 -0.03310299
v -0.01282403 -0.0605 -0.03310299
v -0.00652303 -0.0543 -0.03489599
v -0.00652303 -0.0605 -0.03489599
v -4E-08 -0.0605 -0.0355
v -4E-08 -0.0543 -0.0355
v 4E-08 -0.0543 0.0383
v 4E-08 -0.0493 0.0383
v -0.00703796 -0.0543 0.03764801
v -0.00703796 -0.0493 0.03764801
v -0.01383596 -0.0543 0.03571401
v -0.01383596 -0.0493 0.03571401
v -0.02016197 -0.0543 0.03256302
v -0.02016197 -0.0493 0.03256302
v -0.02580297 -0.0543 0.02830403
v -0.02580297 -0.0493 0.02830403
v -0.03056398 -0.0543 0.02308103
v -0.03056398 -0.0493 0.02308103
v -0.03428498 -0.0543 0.01707203
v -0.03428498 -0.0493 0.01707203
v -0.03683799 -0.0543 0.01048104
v -0.03683799 -0.0493 0.01048104
v -0.038137 -0.0543 0.00353404
v -0.038137 -0.0493 0.00353404
v -0.038137 -0.0543 -0.00353396
v -0.038137 -0.0493 -0.00353396
v -0.03683801 -0.0543 -0.01048096
v -0.03683801 -0.0493 -0.01048096
v -0.03428502 -0.0543 -0.01707197
v -0.03428502 -0.0493 -0.01707197
v -0.03056402 -0.0543 -0.02308097
v -0.03056402 -0.0493 -0.02308097
v -0.02580303 -0.0543 -0.02830397
v -0.02580303 -0.0493 -0.02830397
v -0.02016203 -0.0543 -0.03256298
v -0.02016203 -0.0493 -0.03256298
v -0.01383604 -0.0543 -0.03571399
v -0.01383604 -0.0493 -0.03571399
v -0.00703804 -0.0543 -0.03764799
v -0.00703804 -0.0493 -0.03764799
v -4E-08 -0.0543 -0.0383
v -4E-08 -0.0493 -0.0383
v -4E-08 -0.0543 -0.0383
v -4E-08 -0.0493 -0.0383
v 0.00703796 -0.0543 -0.03764801
v 0.00703796 -0.0493 -0.03764801
v 0.01383596 -0.0543 -0.03571401
v 0.01383596 -0.0493 -0.03571401
v 0.02016197 -0.0543 -0.03256302
v 0.02016197 -0.0493 -0.03256302
v 0.02580297 -0.0543 -0.02830403
v 0.02580297 -0.0493 -0.02830403
v 0.03056398 -0.0543 -0.02308103
v 0.03056398 -0.0493 -0.02308103
v 0.03428498 -0.0543 -0.01707203
v 0.03428498 -0.0493 -0.01707203
v 0.03683799 -0.0543 -0.01048104
v 0.03683799 -0.0493 -0.01048104
v 0.038137 -0.0543 -0.00353404
v 0.038137 -0.0493 -0.00353404
v 0.038137 -0.0543 0.00353396
v 0.038137 -0.0493 0.00353396
v 0.03683801 -0.0543 0.01048096
v 0.03683801 -0.0493 0.01048096
v 0.03428502 -0.0543 0.01707197
v 0.03428502 -0.0493 0.01707197
v 0.03056402 -0.0543 0.02308097
v 0.03056402 -0.0493 0.02308097
v 0.02580303 -0.0543 0.02830397
v 0.02580303 -0.0493 0.02830397
v 0.02016203 -0.0543 0.03256298
v 0.02016203 -0.0493 0.03256298
v 0.01383604 -0.0543 0.03571399
v 0.01383604 -0.0493 0.03571399
v 0.00703804 -0.0543 0.03764799
v 0.00703804 -0.0493 0.03764799
v 4E-08 -0.0605 0.0355
v -0.00652297 -0.0605 0.03489601
v 0.00652303 -0.0605 0.03489599
v 0.01282403 -0.0605 0.03310299
v -0.01282397 -0.0605 0.03310301
v 0.01868803 -0.0605 0.03018298
v -0.01868797 -0.0605 0.03018302
v 0.02391603 -0.0605 0.02623498
v -0.02391597 -0.0605 0.02623502
v 0.02833002 -0.0605 0.02139397
v 0.03177802 -0.0605 0.01582397
v 0.03414501 -0.0605 0.00971497
v 0.035349 -0.0605 0.00327596
v 0.035349 -0.0605 -0.00327604
v 0.03414499 -0.0605 -0.00971503
v 0.03177798 -0.0605 -0.01582403
v 0.02832998 -0.0605 -0.02139403
v 0.02391597 -0.0605 -0.02623502
v 0.01868797 -0.0605 -0.03018302
v -0.02832998 -0.0605 0.02139403
v 0.01282397 -0.0605 -0.03310301
v 0.00652297 -0.0605 -0.03489601
v -4E-08 -0.0605 -0.0355
v -0.00652303 -0.0605 -0.03489599
v -0.01282403 -0.0605 -0.03310299
v -0.01868803 -0.0605 -0.03018298
v -0.02391603 -0.0605 -0.02623498
v -0.02833002 -0.0605 -0.02139397
v -0.03177798 -0.0605 0.01582403
v -0.03177802 -0.0605 -0.01582397
v -0.03414499 -0.0605 0.00971503
v -0.03414501 -0.0605 -0.00971497
v -0.035349 -0.0605 0.00327604
v -0.035349 -0.0605 -0.00327596
v -4E-08 -0.0605 -0.0355
v -4E-08 -0.0543 -0.0355
v 0.00652297 -0.0605 -0.03489601
v 0.00652297 -0.0543 -0.03489601
v 0.01282397 -0.0543 -0.03310301
v 0.01282397 -0.0605 -0.03310301
v 0.01868797 -0.0543 -0.03018302
v 0.01868797 -0.0605 -0.03018302
v 0.02391597 -0.0543 -0.02623502
v 0.02391597 -0.0605 -0.02623502
v 0.02832998 -0.0543 -0.02139403
v 0.02832998 -0.0605 -0.02139403
v 0.03177798 -0.0543 -0.01582403
v 0.03177798 -0.0605 -0.01582403
v 0.03414499 -0.0543 -0.00971503
v 0.03414499 -0.0605 -0.00971503
v 0.035349 -0.0543 -0.00327604
v 0.035349 -0.0605 -0.00327604
v 0.035349 -0.0543 0.00327596
v 0.035349 -0.0605 0.00327596
v 0.03414501 -0.0543 0.00971497
v 0.03414501 -0.0605 0.00971497
v 0.03177802 -0.0543 0.01582397
v 0.03177802 -0.0605 0.01582397
v 0.02833002 -0.0543 0.02139397
v 0.02833002 -0.0605 0.02139397
v 0.02391603 -0.0543 0.02623498
v 0.02391603 -0.0605 0.02623498
v 0.01868803 -0.0543 0.03018298
v 0.01868803 -0.0605 0.03018298
v 0.01282403 -0.0543 0.03310299
v 0.01282403 -0.0605 0.03310299
v 0.00652303 -0.0543 0.03489599
v 0.00652303 -0.0605 0.03489599
v -0.00703796 -0.0543 0.03764801
v -0.00652297 -0.0543 0.03489601
v 4E-08 -0.0543 0.0383
v 4E-08 -0.0543 0.0355
v 0.00652303 -0.0543 0.03489599
v -0.01282397 -0.0543 0.03310301
v -0.01383596 -0.0543 0.03571401
v -0.01868797 -0.0543 0.03018302
v -0.02016197 -0.0543 0.03256302
v -0.02391597 -0.0543 0.02623502
v -0.02580297 -0.0543 0.02830403
v -0.02832998 -0.0543 0.02139403
v -0.03056398 -0.0543 0.02308103
v -0.03177798 -0.0543 0.01582403
v -0.03428498 -0.0543 0.01707203
v -0.03414499 -0.0543 0.00971503
v -0.03683799 -0.0543 0.01048104
v -0.035349 -0.0543 0.00327604
v -0.038137 -0.0543 0.00353404
v -0.035349 -0.0543 -0.00327596
v -0.038137 -0.0543 -0.00353396
v -0.03683801 -0.0543 -0.01048096
v -0.03414501 -0.0543 -0.00971497
v -0.03428502 -0.0543 -0.01707197
v -0.03177802 -0.0543 -0.01582397
v -0.03056402 -0.0543 -0.02308097
v -0.02833002 -0.0543 -0.02139397
v -0.02580303 -0.0543 -0.02830397
v -0.02391603 -0.0543 -0.02623498
v -0.02016203 -0.0543 -0.03256298
v -0.01868803 -0.0543 -0.03018298
v -0.01383604 -0.0543 -0.03571399
v -0.01282403 -0.0543 -0.03310299
v -0.00703804 -0.0543 -0.03764799
v -0.00652303 -0.0543 -0.03489599
v -4E-08 -0.0543 -0.0383
v -4E-08 -0.0543 -0.0355
v 0.00652297 -0.0543 -0.03489601
v 0.00703796 -0.0543 -0.03764801
v 0.01282397 -0.0543 -0.03310301
v 0.01383596 -0.0543 -0.03571401
v 0.01868797 -0.0543 -0.03018302
v 0.02016197 -0.0543 -0.03256302
v 0.02391597 -0.0543 -0.02623502
v 0.02580297 -0.0543 -0.02830403
v 0.02832998 -0.0543 -0.02139403
v 0.03056398 -0.0543 -0.02308103
v 0.03177798 -0.0543 -0.01582403
v 0.03428498 -0.0543 -0.01707203
v 0.03414499 -0.0543 -0.00971503
v 0.03683799 -0.0543 -0.01048104
v 0.035349 -0.0543 -0.00327604
v 0.038137 -0.0543 -0.00353404
v 0.038137 -0.0543 0.00353396
v 0.035349 -0.0543 0.00327596
v 0.03683801 -0.0543 0.01048096
v 0.03414501 -0.0543 0.00971497
v 0.03428502 -0.0543 0.01707197
v 0.03177802 -0.0543 0.01582397
v 0.03056402 -0.0543 0.02308097
v 0.02833002 -0.0543 0.02139397
v 0.02580303 -0.0543 0.02830397
v 0.02391603 -0.0543 0.02623498
v 0.02016203 -0.0543 0.03256298
v 0.01868803 -0.0543 0.03018298
v 0.01383604 -0.0543 0.03571399
v 0.01282403 -0.0543 0.03310299
v 0.00703804 -0.0543 0.03764799
v 4E-08 0.023656 0.0383
v 0.00665104 0.023812 0.03771799
v 4E-08 0.0548 0.0383
v 0.00703804 0.0548 0.03764799
v 0.01309904 0.024275 0.03598999
v 0.01383604 0.0548 0.03571399
v 0.01915003 0.025031 0.03316898
v 0.02016203 0.0548 0.03256298
v 0.02461903 0.026057 0.02933998
v 0.02580303 0.0548 0.02830397
v 0.02933902 0.027322 0.02461897
v 0.03056402 0.0548 0.02308097
v 0.03316902 0.028787 0.01914997
v 0.03428502 0.0548 0.01707197
v 0.03599001 0.030408 0.01309896
v 0.03683801 0.0548 0.01048096
v 0.03771801 0.032136 0.00665096
v 0.038137 0.0548 0.00353396
v 0.0383 0.033918 -4E-08
v 0.038137 0.0548 -0.00353404
v 0.03771799 0.0357 -0.00665104
v 0.03683799 0.0548 -0.01048104
v 0.03598999 0.037428 -0.01309904
v 0.03428498 0.0548 -0.01707203
v 0.03316898 0.039049 -0.01915003
v 0.03056398 0.0548 -0.02308103
v 0.02933898 0.040515 -0.02461903
v 0.02580297 0.0548 -0.02830403
v 0.02461897 0.04178 -0.02934002
v 0.02016197 0.0548 -0.03256302
v 0.01914997 0.042806 -0.03316902
v 0.01383596 0.0548 -0.03571401
v 0.01309896 0.043562 -0.03599001
v 0.00703796 0.0548 -0.03764801
v 0.00665096 0.044025 -0.03771801
v 3E-08 0.0598 0.0333
v 0.00649703 0.0598 0.03265999
v -0.00649697 0.0598 0.03266001
v -0.01274297 0.0598 0.03076501
v 0.01274303 0.0598 0.03076499
v -0.01849997 0.0598 0.02768802
v 0.01850003 0.0598 0.02768798
v -0.02354698 0.0598 0.02354702
v 0.02354702 0.0598 0.02354698
v -0.02768798 0.0598 0.01850003
v 0.02768802 0.0598 0.01849997
v -0.03076499 0.0598 0.01274303
v 0.03076501 0.0598 0.01274297
v -0.03265999 0.0598 0.00649703
v 0.03266001 0.0598 0.00649697
v -0.0333 0.0598 3E-08
v 0.0333 0.0598 -3E-08
v -0.03266001 0.0598 -0.00649697
v 0.03265999 0.0598 -0.00649703
v -0.03076501 0.0598 -0.01274297
v 0.03076499 0.0598 -0.01274303
v -0.02768802 0.0598 -0.01849997
v 0.02768798 0.0598 -0.01850003
v -0.02354702 0.0598 -0.02354698
v 0.02354698 0.0598 -0.02354702
v -0.01850003 0.0598 -0.02768798
v 0.01849997 0.0598 -0.02768802
v -0.01274303 0.0598 -0.03076499
v 0.01274297 0.0598 -0.03076501
v -0.00649703 0.0598 -0.03265999
v 0.00649697 0.0598 -0.03266001
v -3E-08 0.0598 -0.0333
v -4E-08 0.0548 -0.0383
v -4E-08 0.056345 -0.038055
v 0.00703796 0.0548 -0.03764801
v 0.00698196 0.05651 -0.03735101
v 0.01383596 0.0548 -0.03571401
v 0.01372696 0.05651 -0.03543301
v 0.02016197 0.0548 -0.03256302
v 0.02000397 0.05651 -0.03230702
v 0.02580297 0.0548 -0.02830403
v 0.02559897 0.05651 -0.02808103
v 0.03056398 0.0548 -0.02308103
v 0.03032298 0.05651 -0.02289903
v 0.03428498 0.0548 -0.01707203
v 0.03401498 0.05651 -0.01693703
v 0.03683799 0.0548 -0.01048104
v 0.03654799 0.05651 -0.01039904
v 0.038137 0.0548 -0.00353404
v 0.037836 0.05651 -0.00350604
v 0.038137 0.0548 0.00353396
v 0.037836 0.05651 0.00350596
v 0.03683801 0.0548 0.01048096
v 0.03654801 0.05651 0.01039896
v 0.03428502 0.0548 0.01707197
v 0.03401502 0.05651 0.01693697
v 0.03056402 0.0548 0.02308097
v 0.03032302 0.05651 0.02289897
v 0.02580303 0.0548 0.02830397
v 0.02559903 0.05651 0.02808097
v 0.02016203 0.0548 0.03256298
v 0.02000403 0.05651 0.03230698
v 0.01383604 0.0548 0.03571399
v 0.01372704 0.05651 0.03543299
v 0.00703804 0.0548 0.03764799
v 0.00698204 0.05651 0.03735099
v 0.00682304 0.058014 0.03649799
v 0.00657804 0.05913 0.03518999
v 0.00627803 0.059724 0.03358599
v 0.00649703 0.0598 0.03265999
v 0.01234303 0.059724 0.03186099
v 0.01274303 0.0598 0.03076499
v 0.01798703 0.059724 0.02904998
v 0.01850003 0.0598 0.02768798
v 0.02301903 0.059724 0.02525098
v 0.02354702 0.0598 0.02354698
v 0.02726702 0.059724 0.02059097
v 0.02768802 0.0598 0.01849997
v 0.03058602 0.059724 0.01522997
v 0.03076501 0.0598 0.01274297
v 0.03286401 0.059724 0.00935097
v 0.03266001 0.0598 0.00649697
v 0.034022 0.059724 0.00315297
v 0.0333 0.0598 -3E-08
v 0.034022 0.059724 -0.00315303
v 0.03265999 0.0598 -0.00649703
v 0.03286399 0.059724 -0.00935103
v 0.03076499 0.0598 -0.01274303
v 0.03058598 0.059724 -0.01523003
v 0.02768798 0.0598 -0.01850003
v 0.02726698 0.059724 -0.02059103
v 0.02354698 0.0598 -0.02354702
v 0.02301897 0.059724 -0.02525102
v 0.01849997 0.0598 -0.02768802
v 0.01798697 0.059724 -0.02905002
v 0.01274297 0.0598 -0.03076501
v 0.01234297 0.059724 -0.03186101
v 0.00649697 0.0598 -0.03266001
v 0.00627797 0.059724 -0.03358601
v -3E-08 0.0598 -0.0333
v -3E-08 0.059555 -0.034845
v 0.00657796 0.05913 -0.03519001
v -4E-08 0.058845 -0.036239
v 0.00682296 0.058014 -0.03649801
v -4E-08 0.057739 -0.037345
v 0.01293197 0.05913 -0.03338301
v 0.01884597 0.05913 -0.03043802
v 0.02411797 0.05913 -0.02645702
v 0.02856898 0.05913 -0.02157403
v 0.03204698 0.05913 -0.01595703
v 0.03443299 0.05913 -0.00979703
v 0.035647 0.05913 -0.00330304
v 0.035647 0.05913 0.00330296
v 0.03443301 0.05913 0.00979697
v 0.03204702 0.05913 0.01595697
v 0.02856902 0.05913 0.02157397
v 0.02411803 0.05913 0.02645698
v 0.01884603 0.05913 0.03043798
v 0.01293203 0.05913 0.03338299
v 0.01341297 0.058014 -0.03462301
v 0.01954697 0.058014 -0.03156902
v 0.02501397 0.058014 -0.02744003
v 0.02963098 0.058014 -0.02237603
v 0.03323798 0.058014 -0.01655003
v 0.03571299 0.058014 -0.01016104
v 0.036972 0.058014 -0.00342604
v 0.036972 0.058014 0.00342596
v 0.03571301 0.058014 0.01016096
v 0.03323802 0.058014 0.01654997
v 0.02963102 0.058014 0.02237597
v 0.02501403 0.058014 0.02743997
v 0.01954703 0.058014 0.03156898
v 0.01341303 0.058014 0.03462299
vn -100 0 0
vn -98.29731 18.37495 0
vn -93.24722 36.12417 0
vn -85.02171 52.64322 0
vn -73.90089 67.36957 0
vn -60.26346 79.80172 0
vn -44.57384 89.51633 0
vn -27.3663 96.18256 0
vn -9.22684 99.57342 0
vn 9.22684 99.57342 0
vn 27.3663 96.18256 0
vn 44.57384 89.51633 0
vn 60.26346 79.80172 0
vn 73.90089 67.36957 0
vn 85.02171 52.64322 0
vn 93.24722 36.12417 0
vn 98.29731 18.37495 0
vn 100 0 0
vn -99.36041 11.29194 0
vn -97.44836 22.44586 0
vn -94.32323 33.21339 0
vn -90.10313 43.37542 0
vn -84.94569 52.76579 0
vn -79.05106 61.24483 0
vn -72.6554 68.71094 0
vn -65.9086 75.20676 0
vn -51.06084 85.98134 0
vn -35.127 93.62743 0
vn -27.01829 96.2809 0
vn -18.75966 98.22462 0
vn -10.05899 99.4928 0
vn -5.29224 99.85986 0
vn -0 100 0
vn 5.29224 99.85986 0
vn 10.05899 99.4928 0
vn 18.75966 98.22462 0
vn 27.01829 96.2809 0
vn 35.127 93.62743 0
vn 51.06084 85.98134 0
vn 65.9086 75.20676 0
vn 72.6554 68.71094 0
vn 79.05106 61.24483 0
vn 84.94569 52.76579 0
vn 90.10313 43.37542 0
vn 94.32323 33.21339 0
vn 97.44836 22.44586 0
vn 99.36041 11.29194 0
vn 0 0 -100
vn 0 17.36482 -98.48077
vn 0 18.37495 -98.29731
vn 0 34.20202 -93.96926
vn 0 36.12417 -93.24722
vn 0 50 -86.60254
vn 0 52.64322 -85.02171
vn 0 64.27876 -76.60445
vn 0 67.36957 -73.90089
vn 0 76.60445 -64.27876
vn 0 79.80172 -60.26346
vn 0 86.60254 -50
vn 0 89.51633 -44.57384
vn 0 93.96926 -34.20202
vn 0 96.18256 -27.3663
vn 0 98.48077 -17.36482
vn 0 99.57342 -9.22684
vn 0 99.57342 9.22684
vn 0 98.48077 17.36482
vn 0 97.4026 22.64363
vn 0 97.26611 23.2229
vn 0 96.90862 24.67225
vn 0 93.96926 34.20202
vn 0 95.67374 29.09526
vn 0 93.78038 34.71656
vn 0 91.19572 41.02853
vn 0 86.60254 50
vn 0 83.74876 54.64563
vn 0 76.60445 64.27876
vn 0 73.25365 68.07278
vn 0 64.27876 76.60445
vn 0 66.92622 74.30263
vn 0 59.65403 80.25832
vn 0 50 86.60254
vn 0 51.39524 85.78187
vn 0 42.24878 90.63686
vn 0 34.20202 93.96926
vn 0 32.35069 94.62258
vn 0 21.86285 97.58082
vn 0 17.36482 98.48077
vn 0 10.99864 99.39331
vn 0 0 100
vn 0 96.18256 27.3663
vn 0 89.51633 44.57384
vn 0 79.80172 60.26346
vn 0 67.36957 73.90089
vn 0 52.64322 85.02171
vn 0 36.12417 93.24722
vn 0 18.37495 98.29731
vn 0 -10.99864 99.39331
vn 0 -17.36482 98.48077
vn 0 -21.86285 97.58082
vn 0 -34.20202 93.96926
vn 0 -32.35069 94.62258
vn 0 -42.24878 90.63686
vn 0 -50 86.60254
vn 0 -51.39524 85.78187
vn 0 -59.65403 80.25832
vn 0 -64.27876 76.60445
vn 0 -66.92622 74.30263
vn 0 -76.60445 64.27876
vn 0 -73.25365 68.07278
vn 0 -83.74876 54.64563
vn 0 -86.60254 50
vn 0 -91.19572 41.02853
vn 0 -93.96926 34.20202
vn 0 -93.78038 34.71656
vn 0 -95.67374 29.09526
vn 0 -98.48077 17.36482
vn 0 -96.90862 24.67225
vn 0 -97.26611 23.2229
vn 0 -97.4026 22.64363
vn 0 -96.18256 27.3663
vn 0 -89.51633 44.57384
vn 0 -79.80172 60.26346
vn 0 -67.36957 73.90089
vn 0 -52.64322 85.02171
vn 0 -36.12417 93.24722
vn 0 -18.37495 98.29731
vn 0 -99.57342 9.22684
vn 0 -100 0
vn 0 -99.57342 -9.22684
vn 0 -98.48077 -17.36482
vn 0 -96.18256 -27.3663
vn 0 -93.96926 -34.20202
vn 0 -89.51633 -44.57384
vn 0 -86.60254 -50
vn 0 -79.80172 -60.26346
vn 0 -76.60445 -64.27876
vn 0 -67.36957 -73.90089
vn 0 -64.27876 -76.60445
vn 0 -52.64322 -85.02171
vn 0 -50 -86.60254
vn 0 -36.12417 -93.24722
vn 0 -34.20202 -93.96926
vn 0 -18.37495 -98.29731
vn 0 -17.36482 -98.48077
vn 99.36041 -11.29194 0
vn 98.29731 -18.37495 0
vn 97.44836 -22.44586 0
vn 93.24722 -36.12417 0
vn 94.32323 -33.21339 0
vn 90.10313 -43.37542 0
vn 85.02171 -52.64322 0
vn 84.94569 -52.76579 0
vn 79.05106 -61.24483 0
vn 73.90089 -67.36957 0
vn 72.6554 -68.71094 0
vn 65.9086 -75.20676 0
vn 60.26346 -79.80172 0
vn 51.06084 -85.98134 0
vn 44.57384 -89.51633 0
vn 35.127 -93.62743 0
vn 27.3663 -96.18256 0
vn 27.01829 -96.2809 0
vn 18.75966 -98.22462 0
vn 9.22684 -99.57342 0
vn 10.05899 -99.4928 0
vn 5.29224 -99.85986 0
vn -9.22684 -99.57342 0
vn -5.29224 -99.85986 0
vn -10.05899 -99.4928 0
vn -18.75966 -98.22462 0
vn -27.3663 -96.18256 0
vn -27.01829 -96.2809 0
vn -35.127 -93.62743 0
vn -44.57384 -89.51633 0
vn -51.06084 -85.98134 0
vn -60.26346 -79.80172 0
vn -65.9086 -75.20676 0
vn -73.90089 -67.36957 0
vn -72.6554 -68.71094 0
vn -79.05106 -61.24483 0
vn -85.02171 -52.64322 0
vn -84.94569 -52.76579 0
vn -90.10313 -43.37542 0
vn -93.24722 -36.12417 0
vn -94.32323 -33.21339 0
vn -97.44836 -22.44586 0
vn -98.29731 -18.37495 0
vn -99.36041 -11.29194 0
vn -96.59258 0 -25.8819
vn -95.10565 0 -30.9017
vn -98.48077 3.19078 -17.06915
vn -98.48077 6.2729 -16.19221
vn -98.48077 9.1414 -14.76386
vn -98.48077 11.6986 -12.83276
vn -98.48077 13.85742 -10.46464
vn -98.48077 15.54435 -7.74016
vn -98.48077 16.70193 -4.75211
vn -98.48077 17.29074 -1.60222
vn -98.48077 17.29074 1.60222
vn -98.48077 16.70193 4.75211
vn -98.48077 15.54435 7.74016
vn -98.48077 13.85742 10.46464
vn -98.48077 11.6986 12.83276
vn -98.48077 9.1414 14.76386
vn -98.48077 6.2729 16.19221
vn -98.48077 3.19078 17.06915
vn -95.10565 0 30.9017
vn -86.60254 9.18748 49.14866
vn -80.9017 0 58.77853
vn -64.27876 14.07603 75.30011
vn -58.77853 0 80.9017
vn -34.20202 17.26681 92.36926
vn -30.9017 0 95.10565
vn -34.20202 33.94561 87.62373
vn -34.20202 49.46844 79.89428
vn -34.20202 63.30668 69.44412
vn -34.20202 74.98909 56.62913
vn -34.20202 84.11784 41.8857
vn -34.20202 90.38205 25.71591
vn -34.20202 93.5684 8.67039
vn -34.20202 93.5684 -8.67039
vn -34.20202 90.38205 -25.71591
vn -34.20202 84.11784 -41.8857
vn -34.20202 74.98909 -56.62913
vn -34.20202 63.30668 -69.44412
vn -34.20202 49.46844 -79.89428
vn -34.20202 33.94561 -87.62373
vn -34.20202 17.26681 -92.36926
vn -30.9017 0 -95.10565
vn -58.77853 0 -80.9017
vn -64.27876 14.07603 -75.30011
vn -64.27876 27.67272 -71.43152
vn -64.27876 40.32704 -65.13041
vn -64.27876 51.60808 -56.61137
vn -64.27876 61.13167 -46.16449
vn -64.27876 68.57349 -34.14554
vn -64.27876 73.68012 -20.9638
vn -64.27876 76.27766 -7.06817
vn -64.27876 76.27766 7.06817
vn -64.27876 73.68012 20.9638
vn -64.27876 68.57349 34.14554
vn -64.27876 61.13167 46.16449
vn -64.27876 51.60808 56.61137
vn -64.27876 40.32704 65.13041
vn -64.27876 27.67272 71.43152
vn -80.9017 0 -58.77853
vn -86.60254 9.18748 -49.14866
vn -86.60254 18.06208 -46.62361
vn -86.60254 26.32161 -42.51086
vn -86.60254 33.68478 -36.95045
vn -86.60254 39.90086 -30.13173
vn -86.60254 44.75816 -22.28692
vn -86.60254 48.09128 -13.68315
vn -86.60254 49.78671 -4.61342
vn -86.60254 49.78671 4.61342
vn -86.60254 48.09128 13.68315
vn -86.60254 44.75816 22.28692
vn -86.60254 39.90086 30.13173
vn -86.60254 33.68478 36.95045
vn -86.60254 26.32161 42.51086
vn -86.60254 18.06208 46.62361
vn -34.20202 -17.26681 92.36926
vn -34.20202 -33.94561 87.62373
vn -34.20202 -49.46844 79.89428
vn -34.20202 -63.30668 69.44412
vn -34.20202 -74.98909 56.62913
vn -34.20202 -84.11784 41.8857
vn -34.20202 -90.38205 25.71591
vn -34.20202 -93.5684 8.67039
vn -34.20202 -93.5684 -8.67039
vn -34.20202 -90.38205 -25.71591
vn -34.20202 -84.11784 -41.8857
vn -34.20202 -74.98909 -56.62913
vn -34.20202 -63.30668 -69.44412
vn -34.20202 -49.46844 -79.89428
vn -34.20202 -33.94561 -87.62373
vn -34.20202 -17.26681 -92.36926
vn -64.27876 -14.07603 -75.30011
vn -86.60254 -9.18748 -49.14866
vn -98.48077 -3.19078 -17.06915
vn -98.48077 -6.2729 -16.19221
vn -98.48077 -9.1414 -14.76386
vn -98.48077 -11.6986 -12.83276
vn -98.48077 -13.85742 -10.46464
vn -98.48077 -15.54435 -7.74016
vn -98.48077 -16.70193 -4.75211
vn -98.48077 -17.29074 -1.60222
vn -98.48077 -17.29074 1.60222
vn -98.48077 -16.70193 4.75211
vn -98.48077 -15.54435 7.74016
vn -98.48077 -13.85742 10.46464
vn -98.48077 -11.6986 12.83276
vn -98.48077 -9.1414 14.76386
vn -98.48077 -6.2729 16.19221
vn -98.48077 -3.19078 17.06915
vn -86.60254 -9.18748 49.14866
vn -64.27876 -14.07603 75.30011
vn -86.60254 -18.06208 46.62361
vn -86.60254 -26.32161 42.51086
vn -86.60254 -33.68478 36.95045
vn -86.60254 -39.90086 30.13173
vn -86.60254 -44.75816 22.28692
vn -86.60254 -48.09128 13.68315
vn -86.60254 -49.78671 4.61342
vn -86.60254 -49.78671 -4.61342
vn -86.60254 -48.09128 -13.68315
vn -86.60254 -44.75816 -22.28692
vn -86.60254 -39.90086 -30.13173
vn -86.60254 -33.68478 -36.95045
vn -86.60254 -26.32161 -42.51086
vn -86.60254 -18.06208 -46.62361
vn -64.27876 -27.67272 71.43152
vn -64.27876 -40.32704 65.13041
vn -64.27876 -51.60808 56.61137
vn -64.27876 -61.13167 46.16449
vn -64.27876 -68.57349 34.14554
vn -64.27876 -73.68012 20.9638
vn -64.27876 -76.27766 7.06817
vn -64.27876 -76.27766 -7.06817
vn -64.27876 -73.68012 -20.9638
vn -64.27876 -68.57349 -34.14554
vn -64.27876 -61.13167 -46.16449
vn -64.27876 -51.60808 -56.61137
vn -64.27876 -40.32704 -65.13041
vn -64.27876 -27.67272 -71.43152
vt 0 0
vt 0 -0.65604
vt 0.6 0
vt 0.6 -0.65604
vt 0 -1.31208
vt 0.6 -1.31208
vt 0 -1.96812
vt 0.6 -1.96812
vt 0 -2.62415
vt 0.6 -2.62415
vt 0 -3.28019
vt 0.6 -3.28019
vt 0 -3.93623
vt 0.6 -3.93623
vt 0 -4.59227
vt 0.6 -4.59227
vt 0 -5.24831
vt 0.6 -5.24831
vt 0 -5.90435
vt 0.6 -5.90435
vt 0 -6.56038
vt 0.6 -6.56038
vt 0 -7.21642
vt 0.6 -7.21642
vt 0 -7.87246
vt 0.6 -7.87246
vt 0 -8.5285
vt 0.6 -8.5285
vt 0 -9.18454
vt 0.6 -9.18454
vt 0 -9.84058
vt 0.6 -9.84058
vt 0 -10.49662
vt 0.6 -10.49662
vt 0.6 -11.15265
vt 0 -11.15265
vt -0.95 0
vt -0.97343 0.42435
vt -0 0.693
vt -1.04315 0.84895
vt -0 1.386
vt -1.15708 1.26962
vt -1.3105 1.68246
vt -0 2.079
vt -1.49743 2.0844
vt -1.71008 2.47183
vt -0 2.77199
vt -1.93936 2.84064
vt -2.17924 3.19198
vt -0 3.46499
vt -2.69617 3.88089
vt -0 4.15799
vt -3.2204 4.54451
vt -0 4.85099
vt -3.46341 4.86455
vt -3.67983 5.18281
vt -0 5.54399
vt -3.85012 5.51264
vt -3.90592 5.69193
vt -3.92822 5.89049
vt -0 6.23698
vt -3.90592 6.08904
vt -3.85012 6.26834
vt -3.67983 6.59817
vt -0 6.92998
vt -3.46341 6.91642
vt -3.2204 7.23646
vt -0 7.62298
vt -2.69617 7.90008
vt -0 8.31598
vt -2.17924 8.589
vt -0 9.00898
vt -1.93936 8.94034
vt -1.71008 9.30914
vt -0 9.70198
vt -1.49743 9.69657
vt -1.3105 10.09852
vt -0 10.39498
vt -1.15708 10.51135
vt -1.04315 10.93202
vt -0 11.08797
vt -0.97343 11.35662
vt -0 11.78097
vt -0.95 11.78097
vt -3.6198 0
vt -3.60412 0.67195
vt -10.91 0
vt -10.91 0.71148
vt -3.55758 1.3439
vt -10.91 1.42296
vt -3.48159 2.01586
vt -10.91 2.13444
vt -3.37844 2.68781
vt -10.91 2.84591
vt -3.25129 3.35976
vt -10.91 3.55739
vt -3.10399 4.03171
vt -10.91 4.26887
vt -2.94102 4.70366
vt -10.91 4.98035
vt -2.76733 5.37561
vt -10.91 5.69183
vt -2.58819 6.04757
vt -10.91 6.4033
vt -2.40905 6.71952
vt -5.98 6.92697
vt -5.78154 6.94988
vt -5.60279 7.00736
vt -2.23536 7.39147
vt -5.27651 7.18417
vt -4.96681 7.41257
vt -4.66274 7.67522
vt -2.07239 8.06342
vt -4.06523 8.27336
vt -1.92509 8.73537
vt -3.50846 8.93028
vt -1.79794 9.40732
vt -3.25543 9.27225
vt -3.01561 9.63428
vt -1.6948 10.07928
vt -2.79457 10.01695
vt -2.60115 10.41581
vt -1.6188 10.75123
vt -2.44293 10.82681
vt -2.32569 11.24656
vt -1.57226 11.42318
vt -2.25406 11.67083
vt -1.55659 12.09513
vt -2.23 12.09513
vt -10.91 7.11478
vt -6.17846 6.94988
vt -6.35721 7.00736
vt -6.68349 7.18417
vt -6.99319 7.41257
vt -10.91 7.82626
vt -7.29726 7.67522
vt -7.89477 8.27336
vt -10.91 8.53774
vt -8.45155 8.93028
vt -10.91 9.24922
vt -8.70457 9.27225
vt -8.94439 9.63428
vt -10.91 9.9607
vt -9.16543 10.01695
vt -9.35885 10.41581
vt -10.91 10.67218
vt -9.51707 10.82681
vt -9.63431 11.24656
vt -10.91 11.38365
vt -9.70594 11.67083
vt -10.91 12.09513
vt -9.73 12.09513
vt -2.23 -12.09513
vt -1.55659 -12.09513
vt -2.25406 -11.67083
vt -1.57226 -11.42318
vt -2.32569 -11.24656
vt -1.6188 -10.75123
vt -2.44293 -10.82681
vt -2.60115 -10.41581
vt -1.6948 -10.07928
vt -2.79457 -10.01695
vt -3.01561 -9.63428
vt -1.79794 -9.40732
vt -3.25543 -9.27225
vt -1.92509 -8.73537
vt -3.50846 -8.93028
vt -4.06523 -8.27336
vt -2.07239 -8.06342
vt -4.66274 -7.67522
vt -2.23536 -7.39147
vt -4.96681 -7.41257
vt -5.27651 -7.18417
vt -2.40905 -6.71952
vt -5.60279 -7.00736
vt -5.78154 -6.94988
vt -5.98 -6.92697
vt -10.91 -7.11478
vt -6.17846 -6.94988
vt -6.35721 -7.00736
vt -6.68349 -7.18417
vt -6.99319 -7.41257
vt -10.91 -7.82626
vt -7.29726 -7.67522
vt -7.89477 -8.27336
vt -10.91 -8.53774
vt -8.45155 -8.93028
vt -10.91 -9.24922
vt -8.70457 -9.27225
vt -8.94439 -9.63428
vt -10.91 -9.9607
vt -9.16543 -10.01695
vt -9.35885 -10.41581
vt -10.91 -10.67218
vt -9.51707 -10.82681
vt -10.91 -11.38365
vt -9.63431 -11.24656
vt -9.70594 -11.67083
vt -10.91 -12.09513
vt -9.73 -12.09513
vt -10.91 -6.4033
vt -2.58819 -6.04757
vt -10.91 -5.69183
vt -2.76733 -5.37561
vt -10.91 -4.98035
vt -2.94102 -4.70366
vt -10.91 -4.26887
vt -3.10399 -4.03171
vt -10.91 -3.55739
vt -3.25129 -3.35976
vt -10.91 -2.84591
vt -3.37844 -2.68781
vt -10.91 -2.13444
vt -3.48159 -2.01586
vt -10.91 -1.42296
vt -3.55758 -1.3439
vt -10.91 -0.71148
vt -3.60412 -0.67195
vt -0.95 -11.78097
vt -0 -11.78097
vt -0.97343 -11.35662
vt -0 -11.08797
vt -1.04315 -10.93202
vt -0 -10.39498
vt -1.15708 -10.51135
vt -1.3105 -10.09852
vt -0 -9.70198
vt -1.49743 -9.69657
vt -1.71008 -9.30914
vt -0 -9.00898
vt -1.93936 -8.94034
vt -2.17924 -8.589
vt -0 -8.31598
vt -2.69617 -7.90008
vt -0 -7.62298
vt -3.2204 -7.23646
vt -0 -6.92998
vt -3.46341 -6.91642
vt -3.67983 -6.59817
vt -0 -6.23698
vt -3.85012 -6.26834
vt -3.90592 -6.08904
vt -3.92822 -5.89049
vt -0 -5.54399
vt -3.90592 -5.69193
vt -3.85012 -5.51264
vt -3.67983 -5.18281
vt 0 -4.85099
vt -3.46341 -4.86455
vt -3.2204 -4.54451
vt 0 -4.15799
vt -2.69617 -3.88089
vt 0 -3.46499
vt -2.17924 -3.19198
vt 0 -2.77199
vt -1.93936 -2.84064
vt -1.71008 -2.47183
vt 0 -2.079
vt -1.49743 -2.0844
vt -1.3105 -1.68246
vt 0 -1.386
vt -1.15708 -1.26962
vt -1.04315 -0.84895
vt -0 -0.693
vt -0.97343 -0.42435
vt -3.68615 -0.68906
vt -3.48955 -0.65231
vt -3.75 0
vt -3.55 0
vt -3.48955 0.65231
vt -3.31028 -1.28241
vt -3.49677 -1.35466
vt -3.01827 -1.86883
vt -3.18831 -1.97412
vt -2.62348 -2.39162
vt -2.77128 -2.52636
vt -2.13935 -2.83296
vt -2.25988 -2.99256
vt -1.58237 -3.17783
vt -1.67152 -3.35686
vt -0.9715 -3.41448
vt -1.02624 -3.60685
vt -0.32755 -3.53486
vt -0.34601 -3.734
vt 0.34601 -3.734
vt 0.32755 -3.53486
vt 1.02624 -3.60685
vt 0.9715 -3.41448
vt 1.67152 -3.35686
vt 1.58237 -3.17783
vt 2.25988 -2.99256
vt 2.13935 -2.83296
vt 2.77128 -2.52636
vt 2.62348 -2.39162
vt 3.18831 -1.97412
vt 3.01827 -1.86883
vt 3.49677 -1.35466
vt 3.31028 -1.28241
vt 3.68615 -0.68906
vt 3.48955 -0.65231
vt 3.75 0
vt 3.55 0
vt 3.48955 0.65231
vt 3.68615 0.68906
vt 3.31028 1.28241
vt 3.49677 1.35466
vt 3.01827 1.86883
vt 3.18831 1.97412
vt 2.62348 2.39162
vt 2.77128 2.52636
vt 2.13935 2.83296
vt 2.25988 2.99256
vt 1.58237 3.17783
vt 1.67152 3.35686
vt 0.9715 3.41448
vt 1.02624 3.60685
vt 0.32755 3.53486
vt 0.34601 3.734
vt -0.34601 3.734
vt -0.32755 3.53486
vt -1.02624 3.60685
vt -0.9715 3.41448
vt -1.67152 3.35686
vt -1.58237 3.17783
vt -2.25988 2.99256
vt -2.13935 2.83296
vt -2.77128 2.52636
vt -2.62348 2.39162
vt -3.18831 1.97412
vt -3.01827 1.86883
vt -3.49677 1.35466
vt -3.31028 1.28241
vt -3.68615 0.68906
vt 0.6 11.15265
vt 0 11.15265
vt 0.6 10.49662
vt 0 10.49662
vt 0 9.84058
vt 0.6 9.84058
vt 0 9.18454
vt 0.6 9.18454
vt 0 8.5285
vt 0.6 8.5285
vt 0 7.87246
vt 0.6 7.87246
vt 0 7.21642
vt 0.6 7.21642
vt 0 6.56038
vt 0.6 6.56038
vt 0 5.90435
vt 0.6 5.90435
vt 0 5.24831
vt 0.6 5.24831
vt 0 4.59227
vt 0.6 4.59227
vt 0 3.93623
vt 0.6 3.93623
vt 0 3.28019
vt 0.6 3.28019
vt 0 2.62415
vt 0.6 2.62415
vt 0 1.96812
vt 0.6 1.96812
vt 0 1.31208
vt 0.6 1.31208
vt 0 0.65604
vt 0.6 0.65604
vt -0.70744 3.30945
vt -0.70376 3.28979
vt 0 3.375
vt 0 3.355
vt 0.70376 3.28979
vt -1.38356 3.09637
vt -1.39078 3.11502
vt -2.01624 2.78133
vt -2.02676 2.79834
vt -2.58025 2.3554
vt -2.59373 2.37018
vt -3.05641 1.83309
vt -3.07237 1.84514
vt -3.42848 1.23218
vt -3.44638 1.24109
vt -3.68379 0.57313
vt -3.70303 0.5786
vt -3.81366 -0.12161
vt -3.83358 -0.11977
vt -3.83358 -0.83023
vt -3.81366 -0.82839
vt -3.70303 -1.5286
vt -3.68379 -1.52313
vt -3.44638 -2.19109
vt -3.42848 -2.18218
vt -3.07237 -2.79514
vt -3.05641 -2.78309
vt -2.59373 -3.32018
vt -2.58025 -3.3054
vt -2.02676 -3.74834
vt -2.01624 -3.73133
vt -1.39078 -4.06502
vt -1.38356 -4.04637
vt -0.70744 -4.25945
vt -0.70376 -4.23979
vt 0 -4.325
vt 0 -4.305
vt 0.70376 -4.23979
vt 0.70744 -4.25945
vt 1.38356 -4.04637
vt 1.39078 -4.06502
vt 2.01624 -3.73133
vt 2.02676 -3.74834
vt 2.58025 -3.3054
vt 2.59373 -3.32018
vt 3.05641 -2.78309
vt 3.07237 -2.79514
vt 3.42848 -2.18218
vt 3.44638 -2.19109
vt 3.68379 -1.52313
vt 3.70303 -1.5286
vt 3.81366 -0.82839
vt 3.83358 -0.83023
vt 3.81366 -0.12161
vt 3.83358 -0.11977
vt 3.70303 0.5786
vt 3.68379 0.57313
vt 3.44638 1.24109
vt 3.42848 1.23218
vt 3.07237 1.84514
vt 3.05641 1.83309
vt 2.59373 2.37018
vt 2.58025 2.3554
vt 2.02676 2.79834
vt 2.01624 2.78133
vt 1.39078 3.11502
vt 1.38356 3.09637
vt 0.70744 3.30945
vt 4.80312 0.66854
vt 4.78273 0.66507
vt 4.86368 0
vt 4.84297 0
vt 4.80312 -0.66854
vt 4.78273 -0.66507
vt 4.60385 -1.30994
vt 4.60385 1.30994
vt 4.6233 1.31678
vt 4.31175 1.915
vt 4.32968 1.925
vt 3.91531 2.46188
vt 3.93118 2.47473
vt 3.42659 2.93395
vt 3.4399 2.94927
vt 2.86042 3.31688
vt 2.87077 3.3342
vt 2.23401 3.59902
vt 2.24109 3.61782
vt 1.5664 3.77181
vt 1.56999 3.79151
vt 0.87786 3.83
vt 0.87786 3.85
vt 0.18574 3.79151
vt 0.18933 3.77181
vt -0.48536 3.61782
vt -0.47828 3.59902
vt -1.11504 3.3342
vt -1.10469 3.31688
vt -1.68417 2.94927
vt -1.67086 2.93395
vt -2.17544 2.47473
vt -2.15958 2.46188
vt -2.57395 1.925
vt -2.55602 1.915
vt -2.86757 1.31678
vt -2.84812 1.30994
vt -3.0474 0.66854
vt -3.027 0.66507
vt -3.10795 0
vt -3.08724 0
vt -3.027 -0.66507
vt -3.0474 -0.66854
vt -2.84812 -1.30994
vt -2.86757 -1.31678
vt -2.55602 -1.915
vt -2.57395 -1.925
vt -2.15958 -2.46188
vt -2.17544 -2.47473
vt -1.67086 -2.93395
vt -1.68417 -2.94927
vt -1.10469 -3.31688
vt -1.11504 -3.3342
vt -0.47828 -3.59902
vt -0.48536 -3.61782
vt 0.18933 -3.77181
vt 0.18574 -3.79151
vt 0.87786 -3.83
vt 0.87786 -3.85
vt 1.56999 -3.79151
vt 1.5664 -3.77181
vt 2.24109 -3.61782
vt 2.23401 -3.59902
vt 2.87077 -3.3342
vt 2.86042 -3.31688
vt 3.4399 -2.94927
vt 3.42659 -2.93395
vt 3.93118 -2.47473
vt 3.91531 -2.46188
vt 4.32968 -1.925
vt 4.31175 -1.915
vt 4.6233 -1.31678
vt 0.62832 0
vt 0.7854 0
vt 0.69813 0.68072
vt 0.7854 0.72326
vt 0.69813 1.36144
vt 0.7854 1.44653
vt 0.69813 2.04216
vt 0.7854 2.16979
vt 0.69813 2.72288
vt 0.7854 2.89306
vt 0.69813 3.4036
vt 0.7854 3.61632
vt 0.69813 4.08431
vt 0.7854 4.33958
vt 0.69813 4.76503
vt 0.7854 5.06285
vt 0.69813 5.44575
vt 0.7854 5.78611
vt 0.69813 6.12647
vt 0.7854 6.50938
vt 0.69813 6.80719
vt 0.7854 7.23264
vt 0.69813 7.48791
vt 0.7854 7.9559
vt 0.69813 8.16863
vt 0.7854 8.67917
vt 0.69813 8.84935
vt 0.7854 9.40243
vt 0.69813 9.53007
vt 0.7854 10.1257
vt 0.69813 10.21079
vt 0.7854 10.84896
vt 0.69813 10.8915
vt 0.7854 11.57222
vt 0.62832 11.57222
vt 0.5236 10.8915
vt 0.47124 11.57222
vt 0.34907 10.8915
vt 0.31416 11.57222
vt 0.17453 10.8915
vt 0.15708 11.57222
vt -0 10.8915
vt -0 11.57222
vt 0.17453 10.21079
vt -0 10.21079
vt 0.17453 9.53007
vt -0 9.53007
vt 0.17453 8.84935
vt -0 8.84935
vt 0.17453 8.16863
vt -0 8.16863
vt 0.17453 7.48791
vt -0 7.48791
vt 0.17453 6.80719
vt -0 6.80719
vt 0.17453 6.12647
vt -0 6.12647
vt 0.17453 5.44575
vt -0 5.44575
vt 0.17453 4.76503
vt -0 4.76503
vt 0.17453 4.08431
vt -0 4.08431
vt 0.17453 3.4036
vt -0 3.4036
vt 0.17453 2.72288
vt -0 2.72288
vt 0.17453 2.04216
vt -0 2.04216
vt 0.17453 1.36144
vt -0 1.36144
vt 0.17453 0.68072
vt -0 0.68072
vt 0.15708 0
vt 0.31416 0
vt 0.34907 0.68072
vt 0.34907 1.36144
vt 0.34907 2.04216
vt 0.34907 2.72288
vt 0.34907 3.4036
vt 0.34907 4.08431
vt 0.34907 4.76503
vt 0.34907 5.44575
vt 0.34907 6.12647
vt 0.34907 6.80719
vt 0.34907 7.48791
vt 0.34907 8.16863
vt 0.34907 8.84935
vt 0.34907 9.53007
vt 0.34907 10.21079
vt 0.47124 0
vt 0.5236 0.68072
vt 0.5236 1.36144
vt 0.5236 2.04216
vt 0.5236 2.72288
vt 0.5236 3.4036
vt 0.5236 4.08431
vt 0.5236 4.76503
vt 0.5236 5.44575
vt 0.5236 6.12647
vt 0.5236 6.80719
vt 0.5236 7.48791
vt 0.5236 8.16863
vt 0.5236 8.84935
vt 0.5236 9.53007
vt 0.5236 10.21079
vt -12.80178 0
vt -12.78618 0.66846
vt -13.86372 0
vt -13.86372 0.70778
vt -12.73988 1.33692
vt -13.86372 1.41556
vt -12.66428 2.00538
vt -13.86372 2.12335
vt -12.56168 2.67384
vt -13.86372 2.83113
vt -12.43519 3.3423
vt -13.86372 3.53891
vt -12.28865 4.01077
vt -13.86372 4.24669
vt -12.12653 4.67923
vt -13.86372 4.95448
vt -11.95374 5.34769
vt -13.86372 5.66226
vt -11.77553 6.01615
vt -13.86372 6.37004
vt -11.59732 6.68461
vt -13.86372 7.07782
vt -11.42453 7.35307
vt -13.86372 7.78561
vt -11.26241 8.02153
vt -13.86372 8.49339
vt -11.11587 8.69
vt -13.86372 9.20117
vt -10.98938 9.35846
vt -13.86372 9.90895
vt -10.88678 10.02692
vt -13.86372 10.61674
vt -10.81118 10.69538
vt -13.86372 11.32452
vt -10.76488 11.36384
vt -13.86372 12.0323
vt -10.74928 12.0323
vt -0.62 0
vt -0.62 0.65604
vt -0.62 1.31208
vt -0.62 1.96812
vt -0.62 2.62415
vt -0.62 3.28019
vt -0.62 3.93623
vt -0.62 4.59227
vt -0.62 5.24831
vt -0.62 5.90435
vt -0.62 6.56038
vt -0.62 7.21642
vt -0.62 7.87246
vt -0.62 8.5285
vt -0.62 9.18454
vt -0.62 9.84058
vt -0.62 10.49662
vt -0.62 11.15265
vt -0.5 0
vt -0.5 0.70778
vt -0 0.70778
vt -0.5 1.41556
vt -0 1.41556
vt -0.5 2.12335
vt -0 2.12335
vt -0.5 2.83113
vt -0 2.83113
vt -0.5 3.53891
vt -0 3.53891
vt -0.5 4.24669
vt -0 4.24669
vt -0.5 4.95448
vt -0 4.95448
vt -0.5 5.66226
vt -0 5.66226
vt -0.5 6.37004
vt -0 6.37004
vt -0.5 7.07782
vt -0 7.07782
vt -0.5 7.78561
vt -0 7.78561
vt -0.5 8.49339
vt -0 8.49339
vt -0.5 9.20117
vt -0 9.20117
vt -0.5 9.90895
vt -0 9.90895
vt -0.5 10.61674
vt -0 10.61674
vt -0.5 11.32452
vt -0 11.32452
vt -0.5 12.0323
vt -0 12.0323
vt -0.5 -12.0323
vt -0 -12.0323
vt -0.5 -11.32452
vt -0 -11.32452
vt -0.5 -10.61674
vt -0 -10.61674
vt -0.5 -9.90895
vt -0 -9.90895
vt -0.5 -9.20117
vt -0 -9.20117
vt -0.5 -8.49339
vt -0 -8.49339
vt -0.5 -7.78561
vt -0 -7.78561
vt -0.5 -7.07782
vt -0 -7.07782
vt -0.5 -6.37004
vt -0 -6.37004
vt -0.5 -5.66226
vt -0 -5.66226
vt -0.5 -4.95448
vt -0 -4.95448
vt -0.5 -4.24669
vt -0 -4.24669
vt -0.5 -3.53891
vt -0 -3.53891
vt -0.5 -2.83113
vt -0 -2.83113
vt -0.5 -2.12335
vt -0 -2.12335
vt -0.5 -1.41556
vt -0 -1.41556
vt -0.5 -0.70778
vt -0 -0.70778
vt 0 -3.55
vt 0.65231 -3.48955
vt -0.65231 -3.48955
vt -1.28241 -3.31028
vt 1.28241 -3.31028
vt -1.86883 -3.01827
vt 1.86883 -3.01827
vt -2.39162 -2.62348
vt 2.39162 -2.62348
vt -2.83296 -2.13935
vt -3.17783 -1.58237
vt -3.41448 -0.9715
vt -3.53486 -0.32755
vt -3.53486 0.32755
vt -3.41448 0.9715
vt -3.17783 1.58237
vt -2.83296 2.13935
vt -2.39162 2.62348
vt -1.86883 3.01827
vt 2.83296 -2.13935
vt -1.28241 3.31028
vt -0.65231 3.48955
vt 0 3.55
vt 0.65231 3.48955
vt 1.28241 3.31028
vt 1.86883 3.01827
vt 2.39162 2.62348
vt 2.83296 2.13935
vt 3.17783 -1.58237
vt 3.17783 1.58237
vt 3.41448 -0.9715
vt 3.41448 0.9715
vt 3.53486 -0.32755
vt 3.53486 0.32755
vt -0.62 -11.15265
vt -0.62 -10.49662
vt -0.62 -9.84058
vt -0.62 -9.18454
vt -0.62 -8.5285
vt -0.62 -7.87246
vt -0.62 -7.21642
vt -0.62 -6.56038
vt -0.62 -5.90435
vt -0.62 -5.24831
vt -0.62 -4.59227
vt -0.62 -3.93623
vt -0.62 -3.28019
vt -0.62 -2.62415
vt -0.62 -1.96812
vt -0.62 -1.31208
vt -0.62 -0.65604
vt 0.65231 -3.96456
vt 0 -4.025
vt -0.65231 -3.96456
vt 1.28241 -3.78528
vt 1.86883 -3.49327
vt 2.39162 -3.09848
vt 2.83296 -2.61435
vt 3.17783 -2.05737
vt 3.41448 -1.4465
vt 3.53486 -0.80255
vt 3.53486 -0.14745
vt 3.41448 0.4965
vt 3.17783 1.10737
vt 2.83296 1.66435
vt 2.39162 2.14848
vt 1.86883 2.54327
vt 1.28241 2.83528
vt 0.65231 3.01456
vt 0 3.075
vt -0.65231 3.01456
vt -1.28241 2.83528
vt -1.86883 2.54327
vt -2.39162 2.14848
vt -2.83296 1.66435
vt -3.17783 1.10737
vt -3.41448 0.4965
vt -3.53486 -0.14745
vt -3.53486 -0.80255
vt -3.41448 -1.4465
vt -3.17783 -2.05737
vt -2.83296 -2.61435
vt -2.39162 -3.09848
vt -1.86883 -3.49327
vt -1.28241 -3.78528
vt -10.74928 -12.0323
vt -10.76488 -11.36384
vt -13.86372 -12.0323
vt -13.86372 -11.32452
vt -10.81118 -10.69538
vt -13.86372 -10.61674
vt -10.88678 -10.02692
vt -13.86372 -9.90895
vt -10.98938 -9.35846
vt -13.86372 -9.20117
vt -11.11587 -8.69
vt -13.86372 -8.49339
vt -11.26241 -8.02153
vt -13.86372 -7.78561
vt -11.42453 -7.35307
vt -13.86372 -7.07782
vt -11.59732 -6.68461
vt -13.86372 -6.37004
vt -11.77553 -6.01615
vt -13.86372 -5.66226
vt -11.95374 -5.34769
vt -13.86372 -4.95448
vt -12.12653 -4.67923
vt -13.86372 -4.24669
vt -12.28865 -4.01077
vt -13.86372 -3.53891
vt -12.43519 -3.3423
vt -13.86372 -2.83113
vt -12.56168 -2.67384
vt -13.86372 -2.12335
vt -12.66428 -2.00538
vt -13.86372 -1.41556
vt -12.73988 -1.33692
vt -13.86372 -0.70778
vt -12.78618 -0.66846
vt -0 -3.33
vt 0.64965 -3.26602
vt -0.64965 -3.26602
vt -1.27434 -3.07652
vt 1.27434 -3.07652
vt -1.85005 -2.76879
vt 1.85005 -2.76879
vt -2.35467 -2.35467
vt 2.35467 -2.35467
vt -2.76879 -1.85005
vt 2.76879 -1.85005
vt -3.07652 -1.27434
vt 3.07652 -1.27434
vt -3.26602 -0.64965
vt 3.26602 -0.64965
vt -3.33 -0
vt 3.33 -0
vt -3.26602 0.64965
vt 3.26602 0.64965
vt -3.07652 1.27434
vt 3.07652 1.27434
vt -2.76879 1.85005
vt 2.76879 1.85005
vt -2.35467 2.35467
vt 2.35467 2.35467
vt -1.85005 2.76879
vt 1.85005 2.76879
vt -1.27434 3.07652
vt 1.27434 3.07652
vt -0.64965 3.26602
vt 0.64965 3.26602
vt -0 3.33
vt -0 -11.57222
vt 0.15708 -11.57222
vt -0 -10.8915
vt 0.17453 -10.8915
vt -0 -10.21079
vt 0.17453 -10.21079
vt -0 -9.53007
vt 0.17453 -9.53007
vt -0 -8.84935
vt 0.17453 -8.84935
vt -0 -8.16863
vt 0.17453 -8.16863
vt -0 -7.48791
vt 0.17453 -7.48791
vt -0 -6.80719
vt 0.17453 -6.80719
vt -0 -6.12647
vt 0.17453 -6.12647
vt -0 -5.44575
vt 0.17453 -5.44575
vt -0 -4.76503
vt 0.17453 -4.76503
vt -0 -4.08431
vt 0.17453 -4.08431
vt -0 -3.4036
vt 0.17453 -3.4036
vt -0 -2.72288
vt 0.17453 -2.72288
vt -0 -2.04216
vt 0.17453 -2.04216
vt -0 -1.36144
vt 0.17453 -1.36144
vt -0 -0.68072
vt 0.17453 -0.68072
vt 0.34907 -0.68072
vt 0.5236 -0.68072
vt 0.69813 -0.68072
vt 0.7854 -0.72326
vt 0.69813 -1.36144
vt 0.7854 -1.44653
vt 0.69813 -2.04216
vt 0.7854 -2.16979
vt 0.69813 -2.72288
vt 0.7854 -2.89306
vt 0.69813 -3.4036
vt 0.7854 -3.61632
vt 0.69813 -4.08431
vt 0.7854 -4.33958
vt 0.69813 -4.76503
vt 0.7854 -5.06285
vt 0.69813 -5.44575
vt 0.7854 -5.78611
vt 0.69813 -6.12647
vt 0.7854 -6.50938
vt 0.69813 -6.80719
vt 0.7854 -7.23264
vt 0.69813 -7.48791
vt 0.7854 -7.9559
vt 0.69813 -8.16863
vt 0.7854 -8.67917
vt 0.69813 -8.84935
vt 0.7854 -9.40243
vt 0.69813 -9.53007
vt 0.7854 -10.1257
vt 0.69813 -10.21079
vt 0.7854 -10.84896
vt 0.69813 -10.8915
vt 0.7854 -11.57222
vt 0.62832 -11.57222
vt 0.5236 -10.8915
vt 0.47124 -11.57222
vt 0.34907 -10.8915
vt 0.31416 -11.57222
vt 0.5236 -10.21079
vt 0.5236 -9.53007
vt 0.5236 -8.84935
vt 0.5236 -8.16863
vt 0.5236 -7.48791
vt 0.5236 -6.80719
vt 0.5236 -6.12647
vt 0.5236 -5.44575
vt 0.5236 -4.76503
vt 0.5236 -4.08431
vt 0.5236 -3.4036
vt 0.5236 -2.72288
vt 0.5236 -2.04216
vt 0.5236 -1.36144
vt 0.34907 -10.21079
vt 0.34907 -9.53007
vt 0.34907 -8.84935
vt 0.34907 -8.16863
vt 0.34907 -7.48791
vt 0.34907 -6.80719
vt 0.34907 -6.12647
vt 0.34907 -5.44575
vt 0.34907 -4.76503
vt 0.34907 -4.08431
vt 0.34907 -3.4036
vt 0.34907 -2.72288
vt 0.34907 -2.04216
vt 0.34907 -1.36144
usemtl mat0
f 1/1/1 2/2/2 3/3/1
f 3/3/1 2/2/2 4/4/2
f 4/4/2 2/2/2 5/5/3
f 4/4/2 5/5/3 6/6/3
f 6/6/3 5/5/3 7/7/4
f 6/6/3 7/7/4 8/8/4
f 8/8/4 7/7/4 9/9/5
f 8/8/4 9/9/5 10/10/5
f 10/10/5 9/9/5 11/11/6
f 10/10/5 11/11/6 12/12/6
f 12/12/6 11/11/6 13/13/7
f 12/12/6 13/13/7 14/14/7
f 14/14/7 13/13/7 15/15/8
f 14/14/7 15/15/8 16/16/8
f 16/16/8 15/15/8 17/17/9
f 16/16/8 17/17/9 18/18/9
f 18/18/9 17/17/9 19/19/10
f 18/18/9 19/19/10 20/20/10
f 20/20/10 19/19/10 21/21/11
f 20/20/10 21/21/11 22/22/11
f 22/22/11 21/21/11 23/23/12
f 22/22/11 23/23/12 24/24/12
f 24/24/12 23/23/12 25/25/13
f 24/24/12 25/25/13 26/26/13
f 26/26/13 25/25/13 27/27/14
f 26/26/13 27/27/14 28/28/14
f 28/28/14 27/27/14 29/29/15
f 28/28/14 29/29/15 30/30/15
f 30/30/15 29/29/15 31/31/16
f 30/30/15 31/31/16 32/32/16
f 32/32/16 31/31/16 33/33/17
f 32/32/16 33/33/17 34/34/17
f 34/34/17 33/33/17 35/35/18
f 35/35/18 33/33/17 36/36/18
f 37/37/1 38/1/1 39/38/19
f 39/38/19 38/1/1 40/39/2
f 39/38/19 40/39/2 41/40/20
f 41/40/20 40/39/2 42/41/3
f 41/40/20 42/41/3 43/42/21
f 43/42/21 42/41/3 44/43/22
f 44/43/22 42/41/3 45/44/4
f 44/43/22 45/44/4 46/45/23
f 46/45/23 45/44/4 47/46/24
f 47/46/24 45/44/4 48/47/5
f 47/46/24 48/47/5 49/48/25
f 49/48/25 48/47/5 50/49/26
f 50/49/26 48/47/5 51/50/6
f 50/49/26 51/50/6 52/51/27
f 52/51/27 51/50/6 53/52/7
f 52/51/27 53/52/7 54/53/28
f 54/53/28 53/52/7 55/54/8
f 54/53/28 55/54/8 56/55/29
f 56/55/29 55/54/8 57/56/30
f 57/56/30 55/54/8 58/57/9
f 57/56/30 58/57/9 59/58/31
f 59/58/31 58/57/9 60/59/32
f 60/59/32 58/57/9 61/60/33
f 61/60/33 58/57/9 62/61/10
f 61/60/33 62/61/10 63/62/34
f 63/62/34 62/61/10 64/63/35
f 64/63/35 62/61/10 65/64/36
f 65/64/36 62/61/10 66/65/11
f 65/64/36 66/65/11 67/66/37
f 67/66/37 66/65/11 68/67/38
f 68/67/38 66/65/11 69/68/12
f 68/67/38 69/68/12 70/69/39
f 70/69/39 69/68/12 71/70/13
f 70/69/39 71/70/13 72/71/40
f 72/71/40 71/70/13 73/72/14
f 72/71/40 73/72/14 74/73/41
f 74/73/41 73/72/14 75/74/42
f 75/74/42 73/72/14 76/75/15
f 75/74/42 76/75/15 77/76/43
f 77/76/43 76/75/15 78/77/44
f 78/77/44 76/75/15 79/78/16
f 78/77/44 79/78/16 80/79/45
f 80/79/45 79/78/16 81/80/46
f 81/80/46 79/78/16 82/81/17
f 81/80/46 82/81/17 83/82/47
f 83/82/47 82/81/17 84/83/18
f 83/82/47 84/83/18 85/84/18
f 86/85/48 87/86/49 88/87/48
f 88/87/48 87/86/49 89/88/50
f 89/88/50 87/86/49 90/89/51
f 89/88/50 90/89/51 91/90/52
f 91/90/52 90/89/51 92/91/53
f 91/90/52 92/91/53 93/92/54
f 93/92/54 92/91/53 94/93/55
f 93/92/54 94/93/55 95/94/56
f 95/94/56 94/93/55 96/95/57
f 95/94/56 96/95/57 97/96/58
f 97/96/58 96/95/57 98/97/59
f 97/96/58 98/97/59 99/98/60
f 99/98/60 98/97/59 100/99/61
f 99/98/60 100/99/61 101/100/62
f 101/100/62 100/99/61 102/101/63
f 101/100/62 102/101/63 103/102/64
f 103/102/64 102/101/63 104/103/33
f 103/102/64 104/103/33 105/104/65
f 105/104/65 104/103/33 106/105/66
f 105/104/65 106/105/66 107/106/67
f 107/106/67 106/105/66 108/107/68
f 108/107/68 106/105/66 109/108/69
f 109/108/69 106/105/66 110/109/70
f 109/108/69 110/109/70 111/110/71
f 111/110/71 110/109/70 112/111/72
f 112/111/72 110/109/70 113/112/73
f 113/112/73 110/109/70 114/113/74
f 113/112/73 114/113/74 115/114/75
f 115/114/75 114/113/74 116/115/76
f 115/114/75 116/115/76 117/116/77
f 117/116/77 116/115/76 118/117/78
f 117/116/77 118/117/78 119/118/79
f 119/118/79 118/117/78 120/119/80
f 120/119/80 118/117/78 121/120/81
f 120/119/80 121/120/81 122/121/82
f 122/121/82 121/120/81 123/122/83
f 123/122/83 121/120/81 124/123/84
f 123/122/83 124/123/84 125/124/85
f 125/124/85 124/123/84 126/125/86
f 126/125/86 124/123/84 127/126/87
f 126/125/86 127/126/87 128/127/88
f 128/127/88 127/126/87 129/128/89
f 128/127/88 129/128/89 130/129/89
f 105/104/65 107/106/67 131/130/90
f 131/130/90 107/106/67 132/131/68
f 131/130/90 132/131/68 133/132/69
f 133/132/69 134/133/71 131/130/90
f 131/130/90 134/133/71 135/134/72
f 131/130/90 135/134/72 136/135/91
f 136/135/91 135/134/72 137/136/73
f 136/135/91 137/136/73 138/137/75
f 136/135/91 138/137/75 139/138/92
f 139/138/92 138/137/75 140/139/77
f 139/138/92 140/139/77 141/140/93
f 141/140/93 140/139/77 142/141/79
f 141/140/93 142/141/79 143/142/80
f 141/140/93 143/142/80 144/143/94
f 144/143/94 143/142/80 145/144/82
f 144/143/94 145/144/82 146/145/83
f 144/143/94 146/145/83 147/146/95
f 147/146/95 146/145/83 148/147/85
f 147/146/95 148/147/85 149/148/86
f 147/146/95 149/148/86 150/149/96
f 150/149/96 149/148/86 151/150/88
f 150/149/96 151/150/88 152/151/89
f 152/151/89 151/150/88 153/152/89
f 154/153/89 155/154/89 156/155/97
f 156/155/97 155/154/89 157/156/98
f 156/155/97 157/156/98 158/157/99
f 158/157/99 157/156/98 159/158/100
f 158/157/99 159/158/100 160/159/101
f 160/159/101 159/158/100 161/160/102
f 161/160/102 159/158/100 162/161/103
f 161/160/102 162/161/103 163/162/104
f 163/162/104 162/161/103 164/163/105
f 164/163/105 162/161/103 165/164/106
f 164/163/105 165/164/106 166/165/107
f 166/165/107 165/164/106 167/166/108
f 166/165/107 167/166/108 168/167/109
f 168/167/109 167/166/108 169/168/110
f 169/168/110 167/166/108 170/169/111
f 169/168/110 170/169/111 171/170/112
f 171/170/112 170/169/111 172/171/113
f 171/170/112 172/171/113 173/172/114
f 173/172/114 172/171/113 174/173/115
f 174/173/115 172/171/113 175/174/116
f 174/173/115 175/174/116 176/175/117
f 176/175/117 175/174/116 177/176/118
f 177/176/118 175/174/116 178/177/119
f 178/177/119 175/174/116 179/178/120
f 178/177/119 179/178/120 180/179/118
f 180/179/118 179/178/120 181/180/117
f 181/180/117 179/178/120 182/181/115
f 182/181/115 179/178/120 183/182/114
f 183/182/114 179/178/120 184/183/121
f 183/182/114 184/183/121 185/184/112
f 185/184/112 184/183/121 186/185/110
f 186/185/110 184/183/121 187/186/122
f 186/185/110 187/186/122 188/187/109
f 188/187/109 187/186/122 189/188/123
f 188/187/109 189/188/123 190/189/107
f 190/189/107 189/188/123 191/190/105
f 191/190/105 189/188/123 192/191/124
f 191/190/105 192/191/124 193/192/104
f 193/192/104 192/191/124 194/193/102
f 194/193/102 192/191/124 195/194/125
f 194/193/102 195/194/125 196/195/101
f 196/195/101 195/194/125 197/196/126
f 196/195/101 197/196/126 198/197/99
f 198/197/99 197/196/126 199/198/97
f 199/198/97 197/196/126 200/199/89
f 199/198/97 200/199/89 201/200/89
f 179/178/120 175/174/116 202/201/127
f 202/201/127 175/174/116 203/202/128
f 202/201/127 203/202/128 204/203/129
f 204/203/129 203/202/128 205/204/130
f 204/203/129 205/204/130 206/205/131
f 206/205/131 205/204/130 207/206/132
f 206/205/131 207/206/132 208/207/133
f 208/207/133 207/206/132 209/208/134
f 208/207/133 209/208/134 210/209/135
f 210/209/135 209/208/134 211/210/136
f 210/209/135 211/210/136 212/211/137
f 212/211/137 211/210/136 213/212/138
f 212/211/137 213/212/138 214/213/139
f 214/213/139 213/212/138 215/214/140
f 214/213/139 215/214/140 216/215/141
f 216/215/141 215/214/140 217/216/142
f 216/215/141 217/216/142 218/217/143
f 218/217/143 217/216/142 219/218/144
f 218/217/143 219/218/144 88/87/48
f 88/87/48 219/218/144 86/85/48
f 220/219/18 221/220/18 222/221/145
f 222/221/145 221/220/18 223/222/146
f 222/221/145 223/222/146 224/223/147
f 224/223/147 223/222/146 225/224/148
f 224/223/147 225/224/148 226/225/149
f 226/225/149 225/224/148 227/226/150
f 227/226/150 225/224/148 228/227/151
f 227/226/150 228/227/151 229/228/152
f 229/228/152 228/227/151 230/229/153
f 230/229/153 228/227/151 231/230/154
f 230/229/153 231/230/154 232/231/155
f 232/231/155 231/230/154 233/232/156
f 233/232/156 231/230/154 234/233/157
f 233/232/156 234/233/157 235/234/158
f 235/234/158 234/233/157 236/235/159
f 235/234/158 236/235/159 237/236/160
f 237/236/160 236/235/159 238/237/161
f 237/236/160 238/237/161 239/238/162
f 239/238/162 238/237/161 240/239/163
f 240/239/163 238/237/161 241/240/164
f 240/239/163 241/240/164 242/241/165
f 242/241/165 241/240/164 243/242/166
f 243/242/166 241/240/164 244/243/128
f 244/243/128 241/240/164 245/244/167
f 244/243/128 245/244/167 246/245/168
f 246/245/168 245/244/167 247/246/169
f 247/246/169 245/244/167 248/247/170
f 248/247/170 245/244/167 249/248/171
f 248/247/170 249/248/171 250/249/172
f 250/249/172 249/248/171 251/250/173
f 251/250/173 249/248/171 252/251/174
f 251/250/173 252/251/174 253/252/175
f 253/252/175 252/251/174 254/253/176
f 253/252/175 254/253/176 255/254/177
f 255/254/177 254/253/176 256/255/178
f 255/254/177 256/255/178 257/256/179
f 257/256/179 256/255/178 258/257/180
f 258/257/180 256/255/178 259/258/181
f 258/257/180 259/258/181 260/259/182
f 260/259/182 259/258/181 261/260/183
f 261/260/183 259/258/181 262/261/184
f 261/260/183 262/261/184 263/262/185
f 263/262/185 262/261/184 264/263/186
f 264/263/186 262/261/184 265/264/187
f 264/263/186 265/264/187 266/265/188
f 266/265/188 265/264/187 38/1/1
f 266/265/188 38/1/1 37/37/1
f 267/266/89 268/267/89 269/268/89
f 269/268/89 268/267/89 270/269/89
f 269/268/89 270/269/89 271/270/89
f 268/267/89 267/266/89 272/271/89
f 272/271/89 267/266/89 273/272/89
f 272/271/89 273/272/89 274/273/89
f 274/273/89 273/272/89 275/274/89
f 274/273/89 275/274/89 276/275/89
f 276/275/89 275/274/89 277/276/89
f 276/275/89 277/276/89 278/277/89
f 278/277/89 277/276/89 279/278/89
f 278/277/89 279/278/89 280/279/89
f 280/279/89 279/278/89 281/280/89
f 280/279/89 281/280/89 282/281/89
f 282/281/89 281/280/89 283/282/89
f 282/281/89 283/282/89 284/283/89
f 284/283/89 283/282/89 285/284/89
f 284/283/89 285/284/89 286/285/89
f 284/283/89 286/285/89 287/286/89
f 287/286/89 286/285/89 288/287/89
f 287/286/89 288/287/89 289/288/89
f 289/288/89 288/287/89 290/289/89
f 289/288/89 290/289/89 291/290/89
f 291/290/89 290/289/89 292/291/89
f 291/290/89 292/291/89 293/292/89
f 293/292/89 292/291/89 294/293/89
f 293/292/89 294/293/89 295/294/89
f 295/294/89 294/293/89 296/295/89
f 295/294/89 296/295/89 297/296/89
f 297/296/89 296/295/89 298/297/89
f 297/296/89 298/297/89 299/298/89
f 299/298/89 298/297/89 300/299/89
f 299/298/89 300/299/89 301/300/89
f 301/300/89 300/299/89 302/301/89
f 301/300/89 302/301/89 303/302/89
f 303/302/89 302/301/89 304/303/89
f 304/303/89 302/301/89 305/304/89
f 304/303/89 305/304/89 306/305/89
f 306/305/89 305/304/89 307/306/89
f 306/305/89 307/306/89 308/307/89
f 308/307/89 307/306/89 309/308/89
f 308/307/89 309/308/89 310/309/89
f 310/309/89 309/308/89 311/310/89
f 310/309/89 311/310/89 312/311/89
f 312/311/89 311/310/89 313/312/89
f 312/311/89 313/312/89 314/313/89
f 314/313/89 313/312/89 315/314/89
f 314/313/89 315/314/89 316/315/89
f 316/315/89 315/314/89 317/316/89
f 316/315/89 317/316/89 318/317/89
f 318/317/89 317/316/89 319/318/89
f 318/317/89 319/318/89 320/319/89
f 318/317/89 320/319/89 321/320/89
f 321/320/89 320/319/89 322/321/89
f 321/320/89 322/321/89 323/322/89
f 323/322/89 322/321/89 324/323/89
f 323/322/89 324/323/89 325/324/89
f 325/324/89 324/323/89 326/325/89
f 325/324/89 326/325/89 327/326/89
f 327/326/89 326/325/89 328/327/89
f 327/326/89 328/327/89 329/328/89
f 329/328/89 328/327/89 330/329/89
f 329/328/89 330/329/89 331/330/89
f 331/330/89 330/329/89 332/331/89
f 331/330/89 332/331/89 333/332/89
f 333/332/89 332/331/89 334/333/89
f 333/332/89 334/333/89 271/270/89
f 271/270/89 334/333/89 269/268/89
f 335/334/18 336/335/18 337/336/146
f 337/336/146 336/335/18 338/337/146
f 337/336/146 338/337/146 339/338/148
f 337/336/146 339/338/148 340/339/148
f 340/339/148 339/338/148 341/340/151
f 340/339/148 341/340/151 342/341/151
f 342/341/151 341/340/151 343/342/154
f 342/341/151 343/342/154 344/343/154
f 344/343/154 343/342/154 345/344/157
f 344/343/154 345/344/157 346/345/157
f 346/345/157 345/344/157 347/346/159
f 346/345/157 347/346/159 348/347/159
f 348/347/159 347/346/159 349/348/161
f 348/347/159 349/348/161 350/349/161
f 350/349/161 349/348/161 351/350/164
f 350/349/161 351/350/164 352/351/164
f 352/351/164 351/350/164 353/352/167
f 352/351/164 353/352/167 354/353/167
f 354/353/167 353/352/167 355/354/171
f 354/353/167 355/354/171 356/355/171
f 356/355/171 355/354/171 357/356/174
f 356/355/171 357/356/174 358/357/174
f 358/357/174 357/356/174 359/358/176
f 358/357/174 359/358/176 360/359/176
f 360/359/176 359/358/176 361/360/178
f 360/359/176 361/360/178 362/361/178
f 362/361/178 361/360/178 363/362/181
f 362/361/178 363/362/181 364/363/181
f 364/363/181 363/362/181 365/364/184
f 364/363/181 365/364/184 366/365/184
f 366/365/184 365/364/184 367/366/187
f 366/365/184 367/366/187 368/367/187
f 368/367/187 367/366/187 1/1/1
f 368/367/187 1/1/1 3/3/1
f 369/303/89 370/270/89 371/302/89
f 371/302/89 370/270/89 372/269/89
f 371/302/89 372/269/89 373/300/89
f 373/300/89 372/269/89 374/267/89
f 373/300/89 374/267/89 375/298/89
f 375/298/89 374/267/89 376/271/89
f 375/298/89 376/271/89 377/296/89
f 377/296/89 376/271/89 378/273/89
f 377/296/89 378/273/89 379/294/89
f 379/294/89 378/273/89 380/275/89
f 379/294/89 380/275/89 381/292/89
f 381/292/89 380/275/89 382/277/89
f 381/292/89 382/277/89 383/290/89
f 383/290/89 382/277/89 384/279/89
f 383/290/89 384/279/89 385/288/89
f 385/288/89 384/279/89 386/281/89
f 385/288/89 386/281/89 387/286/89
f 387/286/89 386/281/89 388/283/89
f 370/270/89 369/303/89 389/332/89
f 389/332/89 369/303/89 390/305/89
f 389/332/89 390/305/89 391/330/89
f 391/330/89 390/305/89 392/307/89
f 391/330/89 392/307/89 393/328/89
f 393/328/89 392/307/89 394/309/89
f 393/328/89 394/309/89 395/326/89
f 395/326/89 394/309/89 396/311/89
f 395/326/89 396/311/89 397/324/89
f 397/324/89 396/311/89 398/313/89
f 397/324/89 398/313/89 399/322/89
f 399/322/89 398/313/89 400/315/89
f 399/322/89 400/315/89 401/320/89
f 401/320/89 400/315/89 402/317/89
f 403/368/18 404/369/18 405/370/18
f 405/370/18 404/369/18 406/371/18
f 405/370/18 406/371/18 407/372/18
f 404/369/18 403/368/18 408/373/18
f 408/373/18 403/368/18 409/374/18
f 408/373/18 409/374/18 410/375/18
f 410/375/18 409/374/18 411/376/18
f 410/375/18 411/376/18 412/377/18
f 412/377/18 411/376/18 413/378/18
f 412/377/18 413/378/18 414/379/18
f 414/379/18 413/378/18 415/380/18
f 414/379/18 415/380/18 416/381/18
f 416/381/18 415/380/18 417/382/18
f 416/381/18 417/382/18 418/383/18
f 418/383/18 417/382/18 419/384/18
f 418/383/18 419/384/18 420/385/18
f 420/385/18 419/384/18 421/386/18
f 420/385/18 421/386/18 422/387/18
f 420/385/18 422/387/18 423/388/18
f 423/388/18 422/387/18 424/389/18
f 423/388/18 424/389/18 425/390/18
f 425/390/18 424/389/18 426/391/18
f 425/390/18 426/391/18 427/392/18
f 427/392/18 426/391/18 428/393/18
f 427/392/18 428/393/18 429/394/18
f 429/394/18 428/393/18 430/395/18
f 429/394/18 430/395/18 431/396/18
f 431/396/18 430/395/18 432/397/18
f 431/396/18 432/397/18 433/398/18
f 433/398/18 432/397/18 434/399/18
f 433/398/18 434/399/18 435/400/18
f 435/400/18 434/399/18 436/401/18
f 435/400/18 436/401/18 437/402/18
f 437/402/18 436/401/18 438/403/18
f 437/402/18 438/403/18 439/404/18
f 439/404/18 438/403/18 440/405/18
f 440/405/18 438/403/18 441/406/18
f 440/405/18 441/406/18 442/407/18
f 442/407/18 441/406/18 443/408/18
f 442/407/18 443/408/18 444/409/18
f 444/409/18 443/408/18 445/410/18
f 444/409/18 445/410/18 446/411/18
f 446/411/18 445/410/18 447/412/18
f 446/411/18 447/412/18 448/413/18
f 448/413/18 447/412/18 449/414/18
f 448/413/18 449/414/18 450/415/18
f 450/415/18 449/414/18 451/416/18
f 450/415/18 451/416/18 452/417/18
f 452/417/18 451/416/18 453/418/18
f 452/417/18 453/418/18 454/419/18
f 454/419/18 453/418/18 455/420/18
f 454/419/18 455/420/18 456/421/18
f 456/421/18 455/420/18 457/422/18
f 456/421/18 457/422/18 458/423/18
f 456/421/18 458/423/18 459/424/18
f 459/424/18 458/423/18 460/425/18
f 459/424/18 460/425/18 461/426/18
f 461/426/18 460/425/18 462/427/18
f 461/426/18 462/427/18 463/428/18
f 463/428/18 462/427/18 464/429/18
f 463/428/18 464/429/18 465/430/18
f 465/430/18 464/429/18 466/431/18
f 465/430/18 466/431/18 467/432/18
f 467/432/18 466/431/18 468/433/18
f 467/432/18 468/433/18 469/434/18
f 469/434/18 468/433/18 470/435/18
f 469/434/18 470/435/18 407/372/18
f 407/372/18 470/435/18 405/370/18
f 471/436/189 472/437/189 473/438/189
f 473/438/189 472/437/189 474/439/189
f 473/438/189 474/439/189 475/440/189
f 475/440/189 474/439/189 476/441/189
f 475/440/189 476/441/189 477/442/189
f 472/437/189 471/436/189 478/443/189
f 478/443/189 471/436/189 479/444/189
f 478/443/189 479/444/189 480/445/189
f 480/445/189 479/444/189 481/446/189
f 480/445/189 481/446/189 482/447/189
f 482/447/189 481/446/189 483/448/189
f 482/447/189 483/448/189 484/449/189
f 484/449/189 483/448/189 485/450/189
f 484/449/189 485/450/189 486/451/189
f 486/451/189 485/450/189 487/452/189
f 486/451/189 487/452/189 488/453/189
f 488/453/189 487/452/189 489/454/189
f 488/453/189 489/454/189 490/455/189
f 490/455/189 489/454/189 491/456/189
f 490/455/189 491/456/189 492/457/189
f 492/457/189 491/456/189 493/458/189
f 492/457/189 493/458/189 494/459/189
f 492/457/189 494/459/189 495/460/189
f 495/460/189 494/459/189 496/461/189
f 495/460/189 496/461/189 497/462/189
f 497/462/189 496/461/189 498/463/189
f 497/462/189 498/463/189 499/464/189
f 499/464/189 498/463/189 500/465/189
f 499/464/189 500/465/189 501/466/189
f 501/466/189 500/465/189 502/467/189
f 501/466/189 502/467/189 503/468/189
f 503/468/189 502/467/189 504/469/189
f 503/468/189 504/469/189 505/470/189
f 505/470/189 504/469/189 506/471/189
f 505/470/189 506/471/189 507/472/189
f 507/472/189 506/471/189 508/473/189
f 507/472/189 508/473/189 509/474/189
f 509/474/189 508/473/189 510/475/189
f 509/474/189 510/475/189 511/476/189
f 511/476/189 510/475/189 512/477/189
f 512/477/189 510/475/189 513/478/189
f 512/477/189 513/478/189 514/479/189
f 514/479/189 513/478/189 515/480/189
f 514/479/189 515/480/189 516/481/189
f 516/481/189 515/480/189 517/482/189
f 516/481/189 517/482/189 518/483/189
f 518/483/189 517/482/189 519/484/189
f 518/483/189 519/484/189 520/485/189
f 520/485/189 519/484/189 521/486/189
f 520/485/189 521/486/189 522/487/189
f 522/487/189 521/486/189 523/488/189
f 522/487/189 523/488/189 524/489/189
f 524/489/189 523/488/189 525/490/189
f 524/489/189 525/490/189 526/491/189
f 526/491/189 525/490/189 527/492/189
f 526/491/189 527/492/189 528/493/189
f 528/493/189 527/492/189 529/494/189
f 528/493/189 529/494/189 530/495/189
f 528/493/189 530/495/189 531/496/189
f 531/496/189 530/495/189 532/497/189
f 531/496/189 532/497/189 533/498/189
f 533/498/189 532/497/189 534/499/189
f 533/498/189 534/499/189 535/500/189
f 535/500/189 534/499/189 536/501/189
f 535/500/189 536/501/189 537/502/189
f 537/502/189 536/501/189 538/503/189
f 537/502/189 538/503/189 539/504/189
f 539/504/189 538/503/189 540/505/189
f 539/504/189 540/505/189 541/506/189
f 541/506/189 540/505/189 542/507/189
f 541/506/189 542/507/189 477/442/189
f 477/442/189 542/507/189 475/440/189
usemtl mat1
f 543/508/190 544/509/1 545/510/191
f 545/510/191 544/509/1 546/511/1
f 545/510/191 546/511/1 547/512/192
f 547/512/192 546/511/1 548/513/1
f 547/512/192 548/513/1 549/514/193
f 549/514/193 548/513/1 550/515/1
f 549/514/193 550/515/1 551/516/194
f 551/516/194 550/515/1 552/517/1
f 551/516/194 552/517/1 553/518/195
f 553/518/195 552/517/1 554/519/1
f 553/518/195 554/519/1 555/520/196
f 555/520/196 554/519/1 556/521/1
f 555/520/196 556/521/1 557/522/197
f 557/522/197 556/521/1 558/523/1
f 557/522/197 558/523/1 559/524/198
f 559/524/198 558/523/1 560/525/1
f 559/524/198 560/525/1 561/526/199
f 561/526/199 560/525/1 562/527/1
f 561/526/199 562/527/1 563/528/200
f 563/528/200 562/527/1 564/529/1
f 563/528/200 564/529/1 565/530/201
f 565/530/201 564/529/1 566/531/1
f 565/530/201 566/531/1 567/532/202
f 567/532/202 566/531/1 568/533/1
f 567/532/202 568/533/1 569/534/203
f 569/534/203 568/533/1 570/535/1
f 569/534/203 570/535/1 571/536/204
f 571/536/204 570/535/1 572/537/1
f 571/536/204 572/537/1 573/538/205
f 573/538/205 572/537/1 574/539/1
f 573/538/205 574/539/1 575/540/206
f 575/540/206 574/539/1 576/541/1
f 575/540/206 576/541/1 577/542/207
f 575/540/206 577/542/207 578/543/208
f 578/543/208 577/542/207 579/544/209
f 578/543/208 579/544/209 580/545/210
f 580/545/210 579/544/209 581/546/211
f 580/545/210 581/546/211 582/547/212
f 582/547/212 581/546/211 583/548/213
f 582/547/212 583/548/213 584/549/96
f 584/549/96 583/548/213 585/550/89
f 582/547/212 584/549/96 586/551/214
f 586/551/214 584/549/96 587/552/95
f 586/551/214 587/552/95 588/553/215
f 588/553/215 587/552/95 589/554/94
f 588/553/215 589/554/94 590/555/216
f 590/555/216 589/554/94 591/556/93
f 590/555/216 591/556/93 592/557/217
f 592/557/217 591/556/93 593/558/92
f 592/557/217 593/558/92 594/559/218
f 594/559/218 593/558/92 595/560/91
f 594/559/218 595/560/91 596/561/219
f 596/561/219 595/560/91 597/562/90
f 596/561/219 597/562/90 598/563/220
f 598/563/220 597/562/90 599/564/65
f 598/563/220 599/564/65 600/565/221
f 600/565/221 599/564/65 601/566/64
f 600/565/221 601/566/64 602/567/222
f 602/567/222 601/566/64 603/568/62
f 602/567/222 603/568/62 604/569/223
f 604/569/223 603/568/62 605/570/60
f 604/569/223 605/570/60 606/571/224
f 606/571/224 605/570/60 607/572/58
f 606/571/224 607/572/58 608/573/225
f 608/573/225 607/572/58 609/574/56
f 608/573/225 609/574/56 610/575/226
f 610/575/226 609/574/56 611/576/54
f 610/575/226 611/576/54 612/577/227
f 612/577/227 611/576/54 613/578/52
f 612/577/227 613/578/52 614/579/228
f 614/579/228 613/578/52 615/580/50
f 614/579/228 615/580/50 616/581/229
f 616/581/229 615/580/50 617/1/48
f 616/581/229 618/582/230 614/579/228
f 614/579/228 618/582/230 619/583/231
f 614/579/228 619/583/231 612/577/227
f 612/577/227 619/583/231 620/584/232
f 612/577/227 620/584/232 610/575/226
f 610/575/226 620/584/232 621/585/233
f 610/575/226 621/585/233 608/573/225
f 608/573/225 621/585/233 622/586/234
f 608/573/225 622/586/234 606/571/224
f 606/571/224 622/586/234 623/587/235
f 606/571/224 623/587/235 604/569/223
f 604/569/223 623/587/235 624/588/236
f 604/569/223 624/588/236 602/567/222
f 602/567/222 624/588/236 625/589/237
f 602/567/222 625/589/237 600/565/221
f 600/565/221 625/589/237 626/590/238
f 600/565/221 626/590/238 598/563/220
f 598/563/220 626/590/238 627/591/239
f 598/563/220 627/591/239 596/561/219
f 596/561/219 627/591/239 628/592/240
f 596/561/219 628/592/240 594/559/218
f 594/559/218 628/592/240 629/593/241
f 594/559/218 629/593/241 592/557/217
f 592/557/217 629/593/241 630/594/242
f 592/557/217 630/594/242 590/555/216
f 590/555/216 630/594/242 631/595/243
f 590/555/216 631/595/243 588/553/215
f 588/553/215 631/595/243 632/596/244
f 588/553/215 632/596/244 586/551/214
f 586/551/214 632/596/244 633/597/245
f 586/551/214 633/597/245 582/547/212
f 582/547/212 633/597/245 580/545/210
f 618/582/230 634/598/246 619/583/231
f 619/583/231 634/598/246 635/599/247
f 619/583/231 635/599/247 620/584/232
f 620/584/232 635/599/247 636/600/248
f 620/584/232 636/600/248 621/585/233
f 621/585/233 636/600/248 637/601/249
f 621/585/233 637/601/249 622/586/234
f 622/586/234 637/601/249 638/602/250
f 622/586/234 638/602/250 623/587/235
f 623/587/235 638/602/250 639/603/251
f 623/587/235 639/603/251 624/588/236
f 624/588/236 639/603/251 640/604/252
f 624/588/236 640/604/252 625/589/237
f 625/589/237 640/604/252 641/605/253
f 625/589/237 641/605/253 626/590/238
f 626/590/238 641/605/253 642/606/254
f 626/590/238 642/606/254 627/591/239
f 627/591/239 642/606/254 643/607/255
f 627/591/239 643/607/255 628/592/240
f 628/592/240 643/607/255 644/608/256
f 628/592/240 644/608/256 629/593/241
f 629/593/241 644/608/256 645/609/257
f 629/593/241 645/609/257 630/594/242
f 630/594/242 645/609/257 646/610/258
f 630/594/242 646/610/258 631/595/243
f 631/595/243 646/610/258 647/611/259
f 631/595/243 647/611/259 632/596/244
f 632/596/244 647/611/259 648/612/260
f 632/596/244 648/612/260 633/597/245
f 633/597/245 648/612/260 649/613/261
f 633/597/245 649/613/261 580/545/210
f 580/545/210 649/613/261 578/543/208
f 634/598/246 543/508/190 635/599/247
f 635/599/247 543/508/190 545/510/191
f 635/599/247 545/510/191 636/600/248
f 636/600/248 545/510/191 547/512/192
f 636/600/248 547/512/192 637/601/249
f 637/601/249 547/512/192 549/514/193
f 637/601/249 549/514/193 638/602/250
f 638/602/250 549/514/193 551/516/194
f 638/602/250 551/516/194 639/603/251
f 639/603/251 551/516/194 553/518/195
f 639/603/251 553/518/195 640/604/252
f 640/604/252 553/518/195 555/520/196
f 640/604/252 555/520/196 641/605/253
f 641/605/253 555/520/196 557/522/197
f 641/605/253 557/522/197 642/606/254
f 642/606/254 557/522/197 559/524/198
f 642/606/254 559/524/198 643/607/255
f 643/607/255 559/524/198 561/526/199
f 643/607/255 561/526/199 644/608/256
f 644/608/256 561/526/199 563/528/200
f 644/608/256 563/528/200 645/609/257
f 645/609/257 563/528/200 565/530/201
f 645/609/257 565/530/201 646/610/258
f 646/610/258 565/530/201 567/532/202
f 646/610/258 567/532/202 647/611/259
f 647/611/259 567/532/202 569/534/203
f 647/611/259 569/534/203 648/612/260
f 648/612/260 569/534/203 571/536/204
f 648/612/260 571/536/204 649/613/261
f 649/613/261 571/536/204 573/538/205
f 649/613/261 573/538/205 578/543/208
f 578/543/208 573/538/205 575/540/206
f 650/614/89 651/615/87 652/616/89
f 652/616/89 651/615/87 653/617/96
f 653/617/96 651/615/87 654/618/84
f 653/617/96 654/618/84 655/619/95
f 655/619/95 654/618/84 656/620/81
f 655/619/95 656/620/81 657/621/94
f 657/621/94 656/620/81 658/622/78
f 657/621/94 658/622/78 659/623/93
f 659/623/93 658/622/78 660/624/76
f 659/623/93 660/624/76 661/625/92
f 661/625/92 660/624/76 662/626/74
f 661/625/92 662/626/74 663/627/91
f 663/627/91 662/626/74 664/628/70
f 663/627/91 664/628/70 665/629/90
f 665/629/90 664/628/70 666/630/66
f 665/629/90 666/630/66 667/631/65
f 667/631/65 666/630/66 668/632/33
f 667/631/65 668/632/33 669/633/64
f 669/633/64 668/632/33 670/634/63
f 669/633/64 670/634/63 671/635/62
f 671/635/62 670/634/63 672/636/61
f 671/635/62 672/636/61 673/637/60
f 673/637/60 672/636/61 674/638/59
f 673/637/60 674/638/59 675/639/58
f 675/639/58 674/638/59 676/640/57
f 675/639/58 676/640/57 677/641/56
f 677/641/56 676/640/57 678/642/55
f 677/641/56 678/642/55 679/643/54
f 679/643/54 678/642/55 680/644/53
f 679/643/54 680/644/53 681/645/52
f 681/645/52 680/644/53 682/646/51
f 681/645/52 682/646/51 683/647/50
f 683/647/50 682/646/51 684/648/49
f 683/647/50 684/648/49 685/649/48
f 685/649/48 684/648/49 686/650/48
f 687/1/48 688/366/50 689/651/48
f 689/651/48 688/366/50 690/652/50
f 690/652/50 688/366/50 691/364/52
f 690/652/50 691/364/52 692/653/52
f 692/653/52 691/364/52 693/362/54
f 692/653/52 693/362/54 694/654/54
f 694/654/54 693/362/54 695/360/56
f 694/654/54 695/360/56 696/655/56
f 696/655/56 695/360/56 697/358/58
f 696/655/56 697/358/58 698/656/58
f 698/656/58 697/358/58 699/356/60
f 698/656/58 699/356/60 700/657/60
f 700/657/60 699/356/60 701/354/62
f 700/657/60 701/354/62 702/658/62
f 702/658/62 701/354/62 703/352/64
f 702/658/62 703/352/64 704/659/64
f 704/659/64 703/352/64 705/350/65
f 704/659/64 705/350/65 706/660/65
f 706/660/65 705/350/65 707/348/90
f 706/660/65 707/348/90 708/661/90
f 708/661/90 707/348/90 709/346/91
f 708/661/90 709/346/91 710/662/91
f 710/662/91 709/346/91 711/344/92
f 710/662/91 711/344/92 712/663/92
f 712/663/92 711/344/92 713/342/93
f 712/663/92 713/342/93 714/664/93
f 714/664/93 713/342/93 715/340/94
f 714/664/93 715/340/94 716/665/94
f 716/665/94 715/340/94 717/338/95
f 716/665/94 717/338/95 718/666/95
f 718/666/95 717/338/95 719/337/96
f 718/666/95 719/337/96 720/667/96
f 720/667/96 719/337/96 721/668/89
f 721/668/89 719/337/96 722/335/89
f 723/669/48 724/1/48 725/670/50
f 725/670/50 724/1/48 726/671/50
f 725/670/50 726/671/50 727/672/52
f 727/672/52 726/671/50 728/673/52
f 727/672/52 728/673/52 729/674/54
f 729/674/54 728/673/52 730/675/54
f 729/674/54 730/675/54 731/676/56
f 731/676/56 730/675/54 732/677/56
f 731/676/56 732/677/56 733/678/58
f 733/678/58 732/677/56 734/679/58
f 733/678/58 734/679/58 735/680/60
f 735/680/60 734/679/58 736/681/60
f 735/680/60 736/681/60 737/682/62
f 737/682/62 736/681/60 738/683/62
f 737/682/62 738/683/62 739/684/64
f 739/684/64 738/683/62 740/685/64
f 739/684/64 740/685/64 741/686/65
f 741/686/65 740/685/64 742/687/65
f 741/686/65 742/687/65 743/688/90
f 743/688/90 742/687/65 744/689/90
f 743/688/90 744/689/90 745/690/91
f 745/690/91 744/689/90 746/691/91
f 745/690/91 746/691/91 747/692/92
f 747/692/92 746/691/91 748/693/92
f 747/692/92 748/693/92 749/694/93
f 749/694/93 748/693/92 750/695/93
f 749/694/93 750/695/93 751/696/94
f 751/696/94 750/695/93 752/697/94
f 751/696/94 752/697/94 753/698/95
f 753/698/95 752/697/94 754/699/95
f 753/698/95 754/699/95 755/700/96
f 755/700/96 754/699/95 756/701/96
f 755/700/96 756/701/96 757/702/89
f 757/702/89 756/701/96 758/703/89
f 759/704/89 760/705/89 761/706/126
f 761/706/126 760/705/89 762/707/126
f 761/706/126 762/707/126 763/708/125
f 763/708/125 762/707/126 764/709/125
f 763/708/125 764/709/125 765/710/124
f 765/710/124 764/709/125 766/711/124
f 765/710/124 766/711/124 767/712/123
f 767/712/123 766/711/124 768/713/123
f 767/712/123 768/713/123 769/714/122
f 769/714/122 768/713/123 770/715/122
f 769/714/122 770/715/122 771/716/121
f 771/716/121 770/715/122 772/717/121
f 771/716/121 772/717/121 773/718/120
f 773/718/120 772/717/121 774/719/120
f 773/718/120 774/719/120 775/720/127
f 775/720/127 774/719/120 776/721/127
f 775/720/127 776/721/127 777/722/129
f 777/722/129 776/721/127 778/723/129
f 777/722/129 778/723/129 779/724/131
f 779/724/131 778/723/129 780/725/131
f 779/724/131 780/725/131 781/726/133
f 781/726/133 780/725/131 782/727/133
f 781/726/133 782/727/133 783/728/135
f 783/728/135 782/727/133 784/729/135
f 783/728/135 784/729/135 785/730/137
f 785/730/137 784/729/135 786/731/137
f 785/730/137 786/731/137 787/732/139
f 787/732/139 786/731/137 788/733/139
f 787/732/139 788/733/139 789/734/141
f 789/734/141 788/733/139 790/735/141
f 789/734/141 790/735/141 791/736/143
f 791/736/143 790/735/141 792/737/143
f 791/736/143 792/737/143 723/669/48
f 723/669/48 792/737/143 724/1/48
f 793/738/18 794/739/18 795/740/18
f 795/740/18 794/739/18 796/741/18
f 796/741/18 794/739/18 797/742/18
f 796/741/18 797/742/18 798/743/18
f 798/743/18 797/742/18 799/744/18
f 798/743/18 799/744/18 800/745/18
f 800/745/18 799/744/18 801/746/18
f 800/745/18 801/746/18 802/747/18
f 802/747/18 801/746/18 803/748/18
f 803/748/18 801/746/18 804/749/18
f 804/749/18 801/746/18 805/750/18
f 805/750/18 801/746/18 806/751/18
f 806/751/18 801/746/18 807/752/18
f 807/752/18 801/746/18 808/753/18
f 808/753/18 801/746/18 809/754/18
f 809/754/18 801/746/18 810/755/18
f 810/755/18 801/746/18 811/756/18
f 811/756/18 801/746/18 812/757/18
f 811/756/18 812/757/18 813/758/18
f 813/758/18 812/757/18 814/759/18
f 814/759/18 812/757/18 815/760/18
f 815/760/18 812/757/18 816/761/18
f 816/761/18 812/757/18 817/762/18
f 817/762/18 812/757/18 818/763/18
f 818/763/18 812/757/18 819/764/18
f 819/764/18 812/757/18 820/765/18
f 820/765/18 812/757/18 821/766/18
f 820/765/18 821/766/18 822/767/18
f 822/767/18 821/766/18 823/768/18
f 822/767/18 823/768/18 824/769/18
f 824/769/18 823/768/18 825/770/18
f 824/769/18 825/770/18 826/771/18
f 827/772/89 828/36/89 829/773/126
f 829/773/126 828/36/89 830/33/126
f 829/773/126 830/33/126 831/31/125
f 829/773/126 831/31/125 832/774/125
f 832/774/125 831/31/125 833/29/124
f 832/774/125 833/29/124 834/775/124
f 834/775/124 833/29/124 835/27/123
f 834/775/124 835/27/123 836/776/123
f 836/776/123 835/27/123 837/25/122
f 836/776/123 837/25/122 838/777/122
f 838/777/122 837/25/122 839/23/121
f 838/777/122 839/23/121 840/778/121
f 840/778/121 839/23/121 841/21/120
f 840/778/121 841/21/120 842/779/120
f 842/779/120 841/21/120 843/19/127
f 842/779/120 843/19/127 844/780/127
f 844/780/127 843/19/127 845/17/129
f 844/780/127 845/17/129 846/781/129
f 846/781/129 845/17/129 847/15/131
f 846/781/129 847/15/131 848/782/131
f 848/782/131 847/15/131 849/13/133
f 848/782/131 849/13/133 850/783/133
f 850/783/133 849/13/133 851/11/135
f 850/783/133 851/11/135 852/784/135
f 852/784/135 851/11/135 853/9/137
f 852/784/135 853/9/137 854/785/137
f 854/785/137 853/9/137 855/7/139
f 854/785/137 855/7/139 856/786/139
f 856/786/139 855/7/139 857/5/141
f 856/786/139 857/5/141 858/787/141
f 858/787/141 857/5/141 859/2/143
f 858/787/141 859/2/143 860/788/143
f 860/788/143 859/2/143 687/1/48
f 860/788/143 687/1/48 689/651/48
f 861/405/18 862/789/18 863/404/18
f 863/404/18 862/789/18 864/790/18
f 863/404/18 864/790/18 865/791/18
f 862/789/18 861/405/18 866/792/18
f 866/792/18 861/405/18 867/407/18
f 866/792/18 867/407/18 868/793/18
f 868/793/18 867/407/18 869/409/18
f 868/793/18 869/409/18 870/794/18
f 870/794/18 869/409/18 871/411/18
f 870/794/18 871/411/18 872/795/18
f 872/795/18 871/411/18 873/413/18
f 872/795/18 873/413/18 874/796/18
f 874/796/18 873/413/18 875/415/18
f 874/796/18 875/415/18 876/797/18
f 876/797/18 875/415/18 877/417/18
f 876/797/18 877/417/18 878/798/18
f 878/798/18 877/417/18 879/419/18
f 878/798/18 879/419/18 880/799/18
f 880/799/18 879/419/18 881/421/18
f 880/799/18 881/421/18 882/424/18
f 880/799/18 882/424/18 883/800/18
f 883/800/18 882/424/18 884/426/18
f 883/800/18 884/426/18 885/801/18
f 885/801/18 884/426/18 886/428/18
f 885/801/18 886/428/18 887/802/18
f 887/802/18 886/428/18 888/430/18
f 887/802/18 888/430/18 889/803/18
f 889/803/18 888/430/18 890/432/18
f 889/803/18 890/432/18 891/804/18
f 891/804/18 890/432/18 892/434/18
f 891/804/18 892/434/18 893/805/18
f 893/805/18 892/434/18 894/372/18
f 893/805/18 894/372/18 895/806/18
f 895/806/18 894/372/18 896/371/18
f 895/806/18 896/371/18 897/807/18
f 897/807/18 896/371/18 898/808/18
f 898/808/18 896/371/18 899/369/18
f 898/808/18 899/369/18 900/809/18
f 900/809/18 899/369/18 901/373/18
f 900/809/18 901/373/18 902/810/18
f 902/810/18 901/373/18 903/375/18
f 902/810/18 903/375/18 904/811/18
f 904/811/18 903/375/18 905/377/18
f 904/811/18 905/377/18 906/812/18
f 906/812/18 905/377/18 907/379/18
f 906/812/18 907/379/18 908/813/18
f 908/813/18 907/379/18 909/381/18
f 908/813/18 909/381/18 910/814/18
f 910/814/18 909/381/18 911/383/18
f 910/814/18 911/383/18 912/815/18
f 912/815/18 911/383/18 913/385/18
f 912/815/18 913/385/18 914/388/18
f 912/815/18 914/388/18 915/816/18
f 915/816/18 914/388/18 916/390/18
f 915/816/18 916/390/18 917/817/18
f 917/817/18 916/390/18 918/392/18
f 917/817/18 918/392/18 919/818/18
f 919/818/18 918/392/18 920/394/18
f 919/818/18 920/394/18 921/819/18
f 921/819/18 920/394/18 922/396/18
f 921/819/18 922/396/18 923/820/18
f 923/820/18 922/396/18 924/398/18
f 923/820/18 924/398/18 925/821/18
f 925/821/18 924/398/18 926/400/18
f 925/821/18 926/400/18 927/822/18
f 927/822/18 926/400/18 928/402/18
f 927/822/18 928/402/18 865/791/18
f 865/791/18 928/402/18 863/404/18
f 929/823/48 930/824/144 931/825/48
f 931/825/48 930/824/144 932/826/143
f 932/826/143 930/824/144 933/827/142
f 932/826/143 933/827/142 934/828/141
f 934/828/141 933/827/142 935/829/140
f 934/828/141 935/829/140 936/830/139
f 936/830/139 935/829/140 937/831/138
f 936/830/139 937/831/138 938/832/137
f 938/832/137 937/831/138 939/833/136
f 938/832/137 939/833/136 940/834/135
f 940/834/135 939/833/136 941/835/134
f 940/834/135 941/835/134 942/836/133
f 942/836/133 941/835/134 943/837/132
f 942/836/133 943/837/132 944/838/131
f 944/838/131 943/837/132 945/839/130
f 944/838/131 945/839/130 946/840/129
f 946/840/129 945/839/130 947/841/128
f 946/840/129 947/841/128 948/842/127
f 948/842/127 947/841/128 949/843/116
f 948/842/127 949/843/116 950/844/120
f 950/844/120 949/843/116 951/845/113
f 950/844/120 951/845/113 952/846/121
f 952/846/121 951/845/113 953/847/111
f 952/846/121 953/847/111 954/848/122
f 954/848/122 953/847/111 955/849/108
f 954/848/122 955/849/108 956/850/123
f 956/850/123 955/849/108 957/851/106
f 956/850/123 957/851/106 958/852/124
f 958/852/124 957/851/106 959/853/103
f 958/852/124 959/853/103 960/854/125
f 960/854/125 959/853/103 961/855/100
f 960/854/125 961/855/100 962/856/126
f 962/856/126 961/855/100 963/857/98
f 962/856/126 963/857/98 652/616/89
f 652/616/89 963/857/98 650/614/89
f 964/858/1 965/859/1 966/860/1
f 966/860/1 965/859/1 967/861/1
f 967/861/1 965/859/1 968/862/1
f 967/861/1 968/862/1 969/863/1
f 969/863/1 968/862/1 970/864/1
f 969/863/1 970/864/1 971/865/1
f 971/865/1 970/864/1 972/866/1
f 971/865/1 972/866/1 973/867/1
f 973/867/1 972/866/1 974/868/1
f 973/867/1 974/868/1 975/869/1
f 975/869/1 974/868/1 976/870/1
f 975/869/1 976/870/1 977/871/1
f 977/871/1 976/870/1 978/872/1
f 977/871/1 978/872/1 979/873/1
f 979/873/1 978/872/1 980/874/1
f 979/873/1 980/874/1 981/875/1
f 981/875/1 980/874/1 982/876/1
f 981/875/1 982/876/1 983/877/1
f 983/877/1 982/876/1 984/878/1
f 983/877/1 984/878/1 985/879/1
f 985/879/1 984/878/1 986/880/1
f 985/879/1 986/880/1 987/881/1
f 987/881/1 986/880/1 988/882/1
f 987/881/1 988/882/1 989/883/1
f 989/883/1 988/882/1 990/884/1
f 989/883/1 990/884/1 991/885/1
f 991/885/1 990/884/1 992/886/1
f 991/885/1 992/886/1 993/887/1
f 993/887/1 992/886/1 994/888/1
f 993/887/1 994/888/1 995/889/1
f 996/890/89 997/891/213 998/892/126
f 998/892/126 997/891/213 999/893/262
f 998/892/126 999/893/262 1000/894/125
f 1000/894/125 999/893/262 1001/895/263
f 1000/894/125 1001/895/263 1002/896/124
f 1002/896/124 1001/895/263 1003/897/264
f 1002/896/124 1003/897/264 1004/898/123
f 1004/898/123 1003/897/264 1005/899/265
f 1004/898/123 1005/899/265 1006/900/122
f 1006/900/122 1005/899/265 1007/901/266
f 1006/900/122 1007/901/266 1008/902/121
f 1008/902/121 1007/901/266 1009/903/267
f 1008/902/121 1009/903/267 1010/904/120
f 1010/904/120 1009/903/267 1011/905/268
f 1010/904/120 1011/905/268 1012/906/127
f 1012/906/127 1011/905/268 1013/907/269
f 1012/906/127 1013/907/269 1014/908/129
f 1014/908/129 1013/907/269 1015/909/270
f 1014/908/129 1015/909/270 1016/910/131
f 1016/910/131 1015/909/270 1017/911/271
f 1016/910/131 1017/911/271 1018/912/133
f 1018/912/133 1017/911/271 1019/913/272
f 1018/912/133 1019/913/272 1020/914/135
f 1020/914/135 1019/913/272 1021/915/273
f 1020/914/135 1021/915/273 1022/916/137
f 1022/916/137 1021/915/273 1023/917/274
f 1022/916/137 1023/917/274 1024/918/139
f 1024/918/139 1023/917/274 1025/919/275
f 1024/918/139 1025/919/275 1026/920/141
f 1026/920/141 1025/919/275 1027/921/276
f 1026/920/141 1027/921/276 1028/922/143
f 1028/922/143 1027/921/276 1029/923/277
f 1028/922/143 1029/923/277 616/581/229
f 616/581/229 1029/923/277 618/582/230
f 618/582/230 1029/923/277 1030/924/278
f 618/582/230 1030/924/278 634/598/246
f 634/598/246 1030/924/278 1031/925/279
f 634/598/246 1031/925/279 543/508/190
f 543/508/190 1031/925/279 1032/926/280
f 543/508/190 1032/926/280 544/509/1
f 544/509/1 1032/926/280 1033/927/1
f 1033/927/1 1032/926/280 1034/928/281
f 1033/927/1 1034/928/281 1035/929/1
f 1035/929/1 1034/928/281 1036/930/282
f 1035/929/1 1036/930/282 1037/931/1
f 1037/931/1 1036/930/282 1038/932/283
f 1037/931/1 1038/932/283 1039/933/1
f 1039/933/1 1038/932/283 1040/934/284
f 1039/933/1 1040/934/284 1041/935/1
f 1041/935/1 1040/934/284 1042/936/285
f 1041/935/1 1042/936/285 1043/937/1
f 1043/937/1 1042/936/285 1044/938/286
f 1043/937/1 1044/938/286 1045/939/1
f 1045/939/1 1044/938/286 1046/940/287
f 1045/939/1 1046/940/287 1047/941/1
f 1047/941/1 1046/940/287 1048/942/288
f 1047/941/1 1048/942/288 1049/943/1
f 1049/943/1 1048/942/288 1050/944/289
f 1049/943/1 1050/944/289 1051/945/1
f 1051/945/1 1050/944/289 1052/946/290
f 1051/945/1 1052/946/290 1053/947/1
f 1053/947/1 1052/946/290 1054/948/291
f 1053/947/1 1054/948/291 1055/949/1
f 1055/949/1 1054/948/291 1056/950/292
f 1055/949/1 1056/950/292 1057/951/1
f 1057/951/1 1056/950/292 1058/952/293
f 1057/951/1 1058/952/293 1059/953/1
f 1059/953/1 1058/952/293 1060/954/294
f 1059/953/1 1060/954/294 1061/955/1
f 1061/955/1 1060/954/294 1062/956/295
f 1061/955/1 1062/956/295 1063/957/1
f 1063/957/1 1062/956/295 1064/958/207
f 1064/958/207 1062/956/295 1065/959/296
f 1064/958/207 1065/959/296 1066/960/209
f 1066/960/209 1065/959/296 1067/961/297
f 1066/960/209 1067/961/297 1068/962/211
f 1068/962/211 1067/961/297 999/893/262
f 1068/962/211 999/893/262 997/891/213
f 616/581/229 617/1/48 1028/922/143
f 1065/959/296 1062/956/295 1069/963/298
f 1069/963/298 1062/956/295 1060/954/294
f 1069/963/298 1060/954/294 1070/964/299
f 1070/964/299 1060/954/294 1058/952/293
f 1070/964/299 1058/952/293 1071/965/300
f 1071/965/300 1058/952/293 1056/950/292
f 1071/965/300 1056/950/292 1072/966/301
f 1072/966/301 1056/950/292 1054/948/291
f 1072/966/301 1054/948/291 1073/967/302
f 1073/967/302 1054/948/291 1052/946/290
f 1073/967/302 1052/946/290 1074/968/303
f 1074/968/303 1052/946/290 1050/944/289
f 1074/968/303 1050/944/289 1075/969/304
f 1075/969/304 1050/944/289 1048/942/288
f 1075/969/304 1048/942/288 1076/970/305
f 1076/970/305 1048/942/288 1046/940/287
f 1076/970/305 1046/940/287 1077/971/306
f 1077/971/306 1046/940/287 1044/938/286
f 1077/971/306 1044/938/286 1078/972/307
f 1078/972/307 1044/938/286 1042/936/285
f 1078/972/307 1042/936/285 1079/973/308
f 1079/973/308 1042/936/285 1040/934/284
f 1079/973/308 1040/934/284 1080/974/309
f 1080/974/309 1040/934/284 1038/932/283
f 1080/974/309 1038/932/283 1081/975/310
f 1081/975/310 1038/932/283 1036/930/282
f 1081/975/310 1036/930/282 1082/976/311
f 1082/976/311 1036/930/282 1034/928/281
f 1082/976/311 1034/928/281 1031/925/279
f 1031/925/279 1034/928/281 1032/926/280
f 1001/895/263 999/893/262 1067/961/297
f 1067/961/297 1065/959/296 1083/977/312
f 1083/977/312 1065/959/296 1069/963/298
f 1083/977/312 1069/963/298 1084/978/313
f 1084/978/313 1069/963/298 1070/964/299
f 1084/978/313 1070/964/299 1085/979/314
f 1085/979/314 1070/964/299 1071/965/300
f 1085/979/314 1071/965/300 1086/980/315
f 1086/980/315 1071/965/300 1072/966/301
f 1086/980/315 1072/966/301 1087/981/316
f 1087/981/316 1072/966/301 1073/967/302
f 1087/981/316 1073/967/302 1088/982/317
f 1088/982/317 1073/967/302 1074/968/303
f 1088/982/317 1074/968/303 1089/983/318
f 1089/983/318 1074/968/303 1075/969/304
f 1089/983/318 1075/969/304 1090/984/319
f 1090/984/319 1075/969/304 1076/970/305
f 1090/984/319 1076/970/305 1091/985/320
f 1091/985/320 1076/970/305 1077/971/306
f 1091/985/320 1077/971/306 1092/986/321
f 1092/986/321 1077/971/306 1078/972/307
f 1092/986/321 1078/972/307 1093/987/322
f 1093/987/322 1078/972/307 1079/973/308
f 1093/987/322 1079/973/308 1094/988/323
f 1094/988/323 1079/973/308 1080/974/309
f 1094/988/323 1080/974/309 1095/989/324
f 1095/989/324 1080/974/309 1081/975/310
f 1095/989/324 1081/975/310 1096/990/325
f 1096/990/325 1081/975/310 1082/976/311
f 1096/990/325 1082/976/311 1030/924/278
f 1030/924/278 1082/976/311 1031/925/279
f 1003/897/264 1001/895/263 1083/977/312
f 1083/977/312 1001/895/263 1067/961/297
f 1003/897/264 1083/977/312 1084/978/313
f 1005/899/265 1003/897/264 1084/978/313
f 1005/899/265 1084/978/313 1085/979/314
f 1007/901/266 1005/899/265 1085/979/314
f 1007/901/266 1085/979/314 1086/980/315
f 1009/903/267 1007/901/266 1086/980/315
f 1009/903/267 1086/980/315 1087/981/316
f 1011/905/268 1009/903/267 1087/981/316
f 1011/905/268 1087/981/316 1088/982/317
f 1013/907/269 1011/905/268 1088/982/317
f 1013/907/269 1088/982/317 1089/983/318
f 1015/909/270 1013/907/269 1089/983/318
f 1015/909/270 1089/983/318 1090/984/319
f 1017/911/271 1015/909/270 1090/984/319
f 1017/911/271 1090/984/319 1091/985/320
f 1019/913/272 1017/911/271 1091/985/320
f 1019/913/272 1091/985/320 1092/986/321
f 1021/915/273 1019/913/272 1092/986/321
f 1021/915/273 1092/986/321 1093/987/322
f 1023/917/274 1021/915/273 1093/987/322
f 1023/917/274 1093/987/322 1094/988/323
f 1025/919/275 1023/917/274 1094/988/323
f 1025/919/275 1094/988/323 1095/989/324
f 1027/921/276 1025/919/275 1095/989/324
f 1027/921/276 1095/989/324 1096/990/325
f 1029/923/277 1027/921/276 1096/990/325
f 1029/923/277 1096/990/325 1030/924/278
# Vertices: 1096, normals: 325, texture coordinates: 990, faces: 1208

