# File generated by ImageToStl.com - Free Image and 3D model conversion tools

mtllib base_link.mtl

o obj1
v 36.65000153 -3.5 2
v 37.34708405 -3.32818413 2
v 35.95291519 -3.32818413 2
v 35.41552353 -2.85209703 2
v 37.88447571 -2.85209703 2
v 35.16093826 -2.18080497 2
v 38.13906479 -2.18080497 2
v 35.24747467 -1.46809268 2
v 38.05252457 -1.46809268 2
v 35.6553154 -0.87723386 2
v 37.64468384 -0.87723386 2
v 36.29102707 -0.54358727 2
v 37.00897217 -0.54358727 2
v -36.65000153 -3.5 2
v -35.95291519 -3.32818413 2
v -37.34708405 -3.32818413 2
v -37.88447571 -2.85209703 2
v -35.41552353 -2.85209703 2
v -38.13906479 -2.18080497 2
v -35.16093826 -2.18080497 2
v -38.05252457 -1.46809268 2
v -35.24747467 -1.46809268 2
v -37.64468384 -0.87723386 2
v -35.6553154 -0.87723386 2
v -37.00897217 -0.54358727 2
v -36.29102707 -0.54358727 2
v 37.34708405 -3.32818413 4.5
v 36.65000153 -3.5 4.5
v 35.95291519 -3.32818413 4.5
v 35.41552353 -2.85209703 4.5
v 35.16093826 -2.18080497 4.5
v 35.24747467 -1.46809268 4.5
v 35.6553154 -0.87723386 4.5
v 36.29102707 -0.54358727 4.5
v 37.00897217 -0.54358727 4.5
v 37.64468384 -0.87723386 4.5
v 38.05252457 -1.46809268 4.5
v 38.13906479 -2.18080497 4.5
v 37.88447571 -2.85209703 4.5
v -35.95291519 -3.32818413 4.5
v -36.65000153 -3.5 4.5
v -37.34708405 -3.32818413 4.5
v -37.88447571 -2.85209703 4.5
v -38.13906479 -2.18080497 4.5
v -38.05252457 -1.46809268 4.5
v -37.64468384 -0.87723386 4.5
v -37.00897217 -0.54358727 4.5
v -36.29102707 -0.54358727 4.5
v -35.6553154 -0.87723386 4.5
v -35.24747467 -1.46809268 4.5
v -35.16093826 -2.18080497 4.5
v -35.41552353 -2.85209703 4.5
v 42.5 9.92380333 9.38753891
v 42.5 10.10000038 10.5
v 42.5 8.60000038 10.5
v 42.5 9.92380333 11.61246109
v 42.5 8.41844559 11.35414696
v 42.5 9.41246128 12.61602688
v 42.5 7.90517426 12.0606041
v 42.5 8.61602688 13.41246128
v 42.5 7.14893579 12.49721909
v 42.5 7.61246109 13.92380333
v 42.5 6.5 14.10000038
v 42.5 6.2804904 12.58849621
v 42.5 5.38753891 13.92380333
v 42.5 5.44999981 12.31865311
v 42.5 4.38397312 13.41246128
v 42.5 4.80106449 11.73434925
v 42.5 3.58753872 12.61602688
v 42.5 3.07619643 11.61246109
v 42.5 4.44588995 10.93661499
v 42.5 2.9000001 10.5
v 42.5 4.44588995 10.06338501
v 42.5 3.07619643 9.38753891
v 42.5 4.80106449 9.26565075
v 42.5 3.58753872 8.38397312
v 42.5 4.38397312 7.58753872
v 42.5 5.44999981 8.68134689
v 42.5 5.38753891 7.07619667
v 42.5 6.2804904 8.41150379
v 42.5 6.5 6.9000001
v 42.5 7.14893579 8.50278091
v 42.5 7.61246109 7.07619667
v 42.5 8.61602688 7.58753872
v 42.5 7.90517426 8.9393959
v 42.5 9.41246128 8.38397312
v 42.5 8.41844559 9.64585304
v 42.5 -3.07619643 9.38753891
v 42.5 -2.9000001 10.5
v 42.5 -4.4000001 10.5
v 42.5 -3.07619643 11.61246109
v 42.5 -4.58155441 11.35414696
v 42.5 -3.58753872 12.61602688
v 42.5 -5.09482574 12.0606041
v 42.5 -4.38397312 13.41246128
v 42.5 -5.85106421 12.49721909
v 42.5 -5.38753891 13.92380333
v 42.5 -6.5 14.10000038
v 42.5 -6.7195096 12.58849621
v 42.5 -7.61246109 13.92380333
v 42.5 -7.55000019 12.31865311
v 42.5 -8.61602688 13.41246128
v 42.5 -8.19893551 11.73434925
v 42.5 -9.41246128 12.61602688
v 42.5 -9.92380333 11.61246109
v 42.5 -8.55410957 10.93661499
v 42.5 -10.10000038 10.5
v 42.5 -8.55410957 10.06338501
v 42.5 -9.92380333 9.38753891
v 42.5 -8.19893551 9.26565075
v 42.5 -9.41246128 8.38397312
v 42.5 -8.61602688 7.58753872
v 42.5 -7.55000019 8.68134689
v 42.5 -7.61246109 7.07619667
v 42.5 -6.7195096 8.41150379
v 42.5 -6.5 6.9000001
v 42.5 -5.85106421 8.50278091
v 42.5 -5.38753891 7.07619667
v 42.5 -4.38397312 7.58753872
v 42.5 -5.09482574 8.9393959
v 42.5 -3.58753872 8.38397312
v 42.5 -4.58155441 9.64585304
v 40.5 8.60000038 10.5
v 40.5 8.41844559 9.64585304
v 40.5 7.90517426 8.9393959
v 40.5 7.14893579 8.50278091
v 40.5 6.2804904 8.41150379
v 40.5 5.44999981 8.68134689
v 40.5 4.80106449 9.26565075
v 40.5 4.44588995 10.06338501
v 40.5 4.44588995 10.93661499
v 40.5 4.80106449 11.73434925
v 40.5 5.44999981 12.31865311
v 40.5 6.2804904 12.58849621
v 40.5 7.14893579 12.49721909
v 40.5 7.90517426 12.0606041
v 40.5 8.41844559 11.35414696
v 40.5 -4.4000001 10.5
v 40.5 -4.58155441 9.64585304
v 40.5 -5.09482574 8.9393959
v 40.5 -5.85106421 8.50278091
v 40.5 -6.7195096 8.41150379
v 40.5 -7.55000019 8.68134689
v 40.5 -8.19893551 9.26565075
v 40.5 -8.55410957 10.06338501
v 40.5 -8.55410957 10.93661499
v 40.5 -8.19893551 11.73434925
v 40.5 -7.55000019 12.31865311
v 40.5 -6.7195096 12.58849621
v 40.5 -5.85106421 12.49721909
v 40.5 -5.09482574 12.0606041
v 40.5 -4.58155441 11.35414696
v -40.5 8.41844559 11.35414696
v -42.5 8.60000038 10.5
v -40.5 8.60000038 10.5
v -42.5 8.41844559 9.64585304
v -40.5 8.41844559 9.64585304
v -42.5 7.90517426 8.9393959
v -40.5 7.90517426 8.9393959
v -42.5 7.14893579 8.50278091
v -40.5 7.14893579 8.50278091
v -42.5 6.2804904 8.41150379
v -40.5 6.2804904 8.41150379
v -42.5 5.44999981 8.68134689
v -40.5 5.44999981 8.68134689
v -42.5 4.80106449 9.26565075
v -40.5 4.80106449 9.26565075
v -42.5 4.44588995 10.06338501
v -40.5 4.44588995 10.06338501
v -42.5 4.44588995 10.93661499
v -40.5 4.44588995 10.93661499
v -42.5 4.80106449 11.73434925
v -40.5 4.80106449 11.73434925
v -42.5 5.44999981 12.31865311
v -40.5 5.44999981 12.31865311
v -42.5 6.2804904 12.58849621
v -40.5 6.2804904 12.58849621
v -42.5 7.14893579 12.49721909
v -40.5 7.14893579 12.49721909
v -42.5 7.90517426 12.0606041
v -40.5 7.90517426 12.0606041
v -42.5 8.41844559 11.35414696
v -40.5 -4.58155441 11.35414696
v -42.5 -4.4000001 10.5
v -40.5 -4.4000001 10.5
v -42.5 -4.58155441 9.64585304
v -40.5 -4.58155441 9.64585304
v -42.5 -5.09482574 8.9393959
v -40.5 -5.09482574 8.9393959
v -42.5 -5.85106421 8.50278091
v -40.5 -5.85106421 8.50278091
v -42.5 -6.7195096 8.41150379
v -40.5 -6.7195096 8.41150379
v -42.5 -7.55000019 8.68134689
v -40.5 -7.55000019 8.68134689
v -42.5 -8.19893551 9.26565075
v -40.5 -8.19893551 9.26565075
v -42.5 -8.55410957 10.06338501
v -40.5 -8.55410957 10.06338501
v -42.5 -8.55410957 10.93661499
v -40.5 -8.55410957 10.93661499
v -42.5 -8.19893551 11.73434925
v -40.5 -8.19893551 11.73434925
v -42.5 -7.55000019 12.31865311
v -40.5 -7.55000019 12.31865311
v -42.5 -6.7195096 12.58849621
v -40.5 -6.7195096 12.58849621
v -42.5 -5.85106421 12.49721909
v -40.5 -5.85106421 12.49721909
v -42.5 -5.09482574 12.0606041
v -40.5 -5.09482574 12.0606041
v -42.5 -4.58155441 11.35414696
v 35.83652496 -3.82709098 5
v 36.65000153 -4 5
v 37.46347427 -3.82709098 5
v 38.1362915 -3.33826113 5
v 38.55211258 -2.61803389 5
v 38.6390419 -1.79094303 5
v 38.38204956 -1 5
v 37.82556915 -0.38196602 5
v 37.0658226 -0.0437048 5
v 36.23417664 -0.0437048 5
v 35.47443008 -0.38196602 5
v 34.91794968 -1 5
v 34.66095734 -1.79094303 5
v 34.74788666 -2.61803389 5
v 35.16371155 -3.33826113 5
v -37.46347427 -3.82709098 5
v -36.65000153 -4 5
v -35.83652496 -3.82709098 5
v -35.16371155 -3.33826113 5
v -34.74788666 -2.61803389 5
v -34.66095734 -1.79094303 5
v -34.91794968 -1 5
v -35.47443008 -0.38196602 5
v -36.23417664 -0.0437048 5
v -37.0658226 -0.0437048 5
v -37.82556915 -0.38196602 5
v -38.38204956 -1 5
v -38.6390419 -1.79094303 5
v -38.55211258 -2.61803389 5
v -38.1362915 -3.33826113 5
v -42.5 3.07619643 11.61246109
v -42.5 2.9000001 10.5
v -42.5 3.07619643 9.38753891
v -42.5 3.58753872 8.38397312
v -42.5 4.38397312 7.58753872
v -42.5 5.38753891 7.07619667
v -42.5 6.5 6.9000001
v -42.5 7.61246109 7.07619667
v -42.5 8.61602688 7.58753872
v -42.5 9.41246128 8.38397312
v -42.5 9.92380333 9.38753891
v -42.5 10.10000038 10.5
v -42.5 9.92380333 11.61246109
v -42.5 9.41246128 12.61602688
v -42.5 8.61602688 13.41246128
v -42.5 7.61246109 13.92380333
v -42.5 6.5 14.10000038
v -42.5 5.38753891 13.92380333
v -42.5 4.38397312 13.41246128
v -42.5 3.58753872 12.61602688
v -42.5 -9.92380333 11.61246109
v -42.5 -10.10000038 10.5
v -42.5 -9.92380333 9.38753891
v -42.5 -9.41246128 8.38397312
v -42.5 -8.61602688 7.58753872
v -42.5 -7.61246109 7.07619667
v -42.5 -6.5 6.9000001
v -42.5 -5.38753891 7.07619667
v -42.5 -4.38397312 7.58753872
v -42.5 -3.58753872 8.38397312
v -42.5 -3.07619643 9.38753891
v -42.5 -2.9000001 10.5
v -42.5 -3.07619643 11.61246109
v -42.5 -3.58753872 12.61602688
v -42.5 -4.38397312 13.41246128
v -42.5 -5.38753891 13.92380333
v -42.5 -6.5 14.10000038
v -42.5 -7.61246109 13.92380333
v -42.5 -8.61602688 13.41246128
v -42.5 -9.41246128 12.61602688
v 1.02606046 -22.18092155 3
v 1.02606046 -27.81907845 3
v 0 -22 3
v 0 -28 3
v -1.02606046 -22.18092155 3
v -1.02606046 -27.81907845 3
v -1.92836285 -22.70186615 3
v -1.92836285 -27.29813385 3
v -2.59807611 -23.5 3
v -2.59807611 -26.5 3
v -2.95442319 -24.4790554 3
v -2.95442319 -25.5209446 3
v 1.92836285 -27.29813385 3
v 1.92836285 -22.70186615 3
v 2.59807611 -26.5 3
v 2.59807611 -23.5 3
v 2.95442319 -25.5209446 3
v 2.95442319 -24.4790554 3
v 11.75492477 16.21784401 5
v 11.62214565 16.94239616 3.79999995
v 11.57766914 17.67766953 5
v 11.62214565 18.41294289 3.79999995
v 11.75492477 19.13749504 5
v 11.97407055 19.84075928 3.79999995
v 12.27638817 20.51248169 5
v 12.65746784 21.14286423 3.79999995
v 13.11175442 21.72271729 5
v 13.63262177 22.24358559 3.79999995
v 14.21247482 22.69787025 5
v 14.84285831 23.07895088 3.79999995
v 15.51457977 23.38126945 5
v 16.21784401 23.60041428 3.79999995
v 16.94239616 23.73319435 5
v 17.67766953 23.77766991 3.79999995
v 18.41294289 23.73319435 5
v 19.13749504 23.60041428 3.79999995
v 19.84075928 23.38126945 5
v 20.51248169 23.07895088 3.79999995
v 21.14286423 22.69787025 5
v 21.72271729 22.24358559 3.79999995
v 22.24358559 21.72271729 5
v 22.69787025 21.14286423 3.79999995
v 23.07895088 20.51248169 5
v 23.38126945 19.84075928 3.79999995
v 23.60041428 19.13749504 5
v 23.73319435 18.41294289 3.79999995
v 23.77766991 17.67766953 5
v 23.73319435 16.94239616 3.79999995
v 23.60041428 16.21784401 5
v 23.38126945 15.51457977 3.79999995
v 23.07895088 14.84285831 5
v 22.69787025 14.21247482 3.79999995
v 22.24358559 13.63262177 5
v 21.72271729 13.11175442 3.79999995
v 21.14286423 12.65746784 5
v 20.51248169 12.27638817 3.79999995
v 19.84075928 11.97407055 5
v 19.13749504 11.75492477 3.79999995
v 18.41294289 11.62214565 5
v 17.67766953 11.57766914 3.79999995
v 16.94239616 11.62214565 5
v 16.21784401 11.75492477 3.79999995
v 15.51457977 11.97407055 5
v 14.84285831 12.27638817 3.79999995
v 14.21247482 12.65746784 5
v 13.63262177 13.11175442 3.79999995
v 13.11175442 13.63262177 5
v 12.65746784 14.21247482 3.79999995
v 12.27638817 14.84285831 5
v 11.97407055 15.51457977 3.79999995
v 11.75492477 -19.13749504 5
v 11.62214565 -18.41294289 3.79999995
v 11.57766914 -17.67766953 5
v 11.62214565 -16.94239616 3.79999995
v 11.75492477 -16.21784401 5
v 11.97407055 -15.51457977 3.79999995
v 12.27638817 -14.84285831 5
v 12.65746784 -14.21247482 3.79999995
v 13.11175442 -13.63262177 5
v 13.63262177 -13.11175442 3.79999995
v 14.21247482 -12.65746784 5
v 14.84285831 -12.27638817 3.79999995
v 15.51457977 -11.97407055 5
v 16.21784401 -11.75492477 3.79999995
v 16.94239616 -11.62214565 5
v 17.67766953 -11.57766914 3.79999995
v 18.41294289 -11.62214565 5
v 19.13749504 -11.75492477 3.79999995
v 19.84075928 -11.97407055 5
v 20.51248169 -12.27638817 3.79999995
v 21.14286423 -12.65746784 5
v 21.72271729 -13.11175442 3.79999995
v 22.24358559 -13.63262177 5
v 22.69787025 -14.21247482 3.79999995
v 23.07895088 -14.84285831 5
v 23.38126945 -15.51457977 3.79999995
v 23.60041428 -16.21784401 5
v 23.73319435 -16.94239616 3.79999995
v 23.77766991 -17.67766953 5
v 23.73319435 -18.41294289 3.79999995
v 23.60041428 -19.13749504 5
v 23.38126945 -19.84075928 3.79999995
v 23.07895088 -20.51248169 5
v 22.69787025 -21.14286423 3.79999995
v 22.24358559 -21.72271729 5
v 21.72271729 -22.24358559 3.79999995
v 21.14286423 -22.69787025 5
v 20.51248169 -23.07895088 3.79999995
v 19.84075928 -23.38126945 5
v 19.13749504 -23.60041428 3.79999995
v 18.41294289 -23.73319435 5
v 17.67766953 -23.77766991 3.79999995
v 16.94239616 -23.73319435 5
v 16.21784401 -23.60041428 3.79999995
v 15.51457977 -23.38126945 5
v 14.84285831 -23.07895088 3.79999995
v 14.21247482 -22.69787025 5
v 13.63262177 -22.24358559 3.79999995
v 13.11175442 -21.72271729 5
v 12.65746784 -21.14286423 3.79999995
v 12.27638817 -20.51248169 5
v 11.97407055 -19.84075928 3.79999995
v -23.60041428 -19.13749504 5
v -23.73319435 -18.41294289 3.79999995
v -23.77766991 -17.67766953 5
v -23.73319435 -16.94239616 3.79999995
v -23.60041428 -16.21784401 5
v -23.38126945 -15.51457977 3.79999995
v -23.07895088 -14.84285831 5
v -22.69787025 -14.21247482 3.79999995
v -22.24358559 -13.63262177 5
v -21.72271729 -13.11175442 3.79999995
v -21.14286423 -12.65746784 5
v -20.51248169 -12.27638817 3.79999995
v -19.84075928 -11.97407055 5
v -19.13749504 -11.75492477 3.79999995
v -18.41294289 -11.62214565 5
v -17.67766953 -11.57766914 3.79999995
v -16.94239616 -11.62214565 5
v -16.21784401 -11.75492477 3.79999995
v -15.51457977 -11.97407055 5
v -14.84285831 -12.27638817 3.79999995
v -14.21247482 -12.65746784 5
v -13.63262177 -13.11175442 3.79999995
v -13.11175442 -13.63262177 5
v -12.65746784 -14.21247482 3.79999995
v -12.27638817 -14.84285831 5
v -11.97407055 -15.51457977 3.79999995
v -11.75492477 -16.21784401 5
v -11.62214565 -16.94239616 3.79999995
v -11.57766914 -17.67766953 5
v -11.62214565 -18.41294289 3.79999995
v -11.75492477 -19.13749504 5
v -11.97407055 -19.84075928 3.79999995
v -12.27638817 -20.51248169 5
v -12.65746784 -21.14286423 3.79999995
v -13.11175442 -21.72271729 5
v -13.63262177 -22.24358559 3.79999995
v -14.21247482 -22.69787025 5
v -14.84285831 -23.07895088 3.79999995
v -15.51457977 -23.38126945 5
v -16.21784401 -23.60041428 3.79999995
v -16.94239616 -23.73319435 5
v -17.67766953 -23.77766991 3.79999995
v -18.41294289 -23.73319435 5
v -19.13749504 -23.60041428 3.79999995
v -19.84075928 -23.38126945 5
v -20.51248169 -23.07895088 3.79999995
v -21.14286423 -22.69787025 5
v -21.72271729 -22.24358559 3.79999995
v -22.24358559 -21.72271729 5
v -22.69787025 -21.14286423 3.79999995
v -23.07895088 -20.51248169 5
v -23.38126945 -19.84075928 3.79999995
v -23.60041428 16.21784401 5
v -23.73319435 16.94239616 3.79999995
v -23.77766991 17.67766953 5
v -23.73319435 18.41294289 3.79999995
v -23.60041428 19.13749504 5
v -23.38126945 19.84075928 3.79999995
v -23.07895088 20.51248169 5
v -22.69787025 21.14286423 3.79999995
v -22.24358559 21.72271729 5
v -21.72271729 22.24358559 3.79999995
v -21.14286423 22.69787025 5
v -20.51248169 23.07895088 3.79999995
v -19.84075928 23.38126945 5
v -19.13749504 23.60041428 3.79999995
v -18.41294289 23.73319435 5
v -17.67766953 23.77766991 3.79999995
v -16.94239616 23.73319435 5
v -16.21784401 23.60041428 3.79999995
v -15.51457977 23.38126945 5
v -14.84285831 23.07895088 3.79999995
v -14.21247482 22.69787025 5
v -13.63262177 22.24358559 3.79999995
v -13.11175442 21.72271729 5
v -12.65746784 21.14286423 3.79999995
v -12.27638817 20.51248169 5
v -11.97407055 19.84075928 3.79999995
v -11.75492477 19.13749504 5
v -11.62214565 18.41294289 3.79999995
v -11.57766914 17.67766953 5
v -11.62214565 16.94239616 3.79999995
v -11.75492477 16.21784401 5
v -11.97407055 15.51457977 3.79999995
v -12.27638817 14.84285831 5
v -12.65746784 14.21247482 3.79999995
v -13.11175442 13.63262177 5
v -13.63262177 13.11175442 3.79999995
v -14.21247482 12.65746784 5
v -14.84285831 12.27638817 3.79999995
v -15.51457977 11.97407055 5
v -16.21784401 11.75492477 3.79999995
v -16.94239616 11.62214565 5
v -17.67766953 11.57766914 3.79999995
v -18.41294289 11.62214565 5
v -19.13749504 11.75492477 3.79999995
v -19.84075928 11.97407055 5
v -20.51248169 12.27638817 3.79999995
v -21.14286423 12.65746784 5
v -21.72271729 13.11175442 3.79999995
v -22.24358559 13.63262177 5
v -22.69787025 14.21247482 3.79999995
v -23.07895088 14.84285831 5
v -23.38126945 15.51457977 3.79999995
v 46.5 9.92380333 11.61246109
v 46.5 10.10000038 10.5
v 46.5 9.92380333 9.38753891
v 46.5 9.41246128 8.38397312
v 46.5 8.61602688 7.58753872
v 46.5 7.61246109 7.07619667
v 46.5 6.5 6.9000001
v 46.5 5.38753891 7.07619667
v 46.5 4.38397312 7.58753872
v 46.5 3.58753872 8.38397312
v 46.5 3.07619643 9.38753891
v 46.5 2.9000001 10.5
v 46.5 3.07619643 11.61246109
v 46.5 3.58753872 12.61602688
v 46.5 4.38397312 13.41246128
v 46.5 5.38753891 13.92380333
v 46.5 6.5 14.10000038
v 46.5 7.61246109 13.92380333
v 46.5 8.61602688 13.41246128
v 46.5 9.41246128 12.61602688
v 46.5 -3.07619643 11.61246109
v 46.5 -2.9000001 10.5
v 46.5 -3.07619643 9.38753891
v 46.5 -3.58753872 8.38397312
v 46.5 -4.38397312 7.58753872
v 46.5 -5.38753891 7.07619667
v 46.5 -6.5 6.9000001
v 46.5 -7.61246109 7.07619667
v 46.5 -8.61602688 7.58753872
v 46.5 -9.41246128 8.38397312
v 46.5 -9.92380333 9.38753891
v 46.5 -10.10000038 10.5
v 46.5 -9.92380333 11.61246109
v 46.5 -9.41246128 12.61602688
v 46.5 -8.61602688 13.41246128
v 46.5 -7.61246109 13.92380333
v 46.5 -6.5 14.10000038
v 46.5 -5.38753891 13.92380333
v 46.5 -4.38397312 13.41246128
v 46.5 -3.58753872 12.61602688
v 46.5 -11.80000019 14.69999981
v 46.5 11.80000019 14.69999981
v 43.52061462 -14.30000019 14.69999981
v 43.52061462 14.30000019 14.69999981
v 40.5 -14.30000019 14.69999981
v 40.5 14.30000019 14.69999981
v 40.5 -14.30000019 5
v 40.5 14.30000019 5
v -40.5 14.30000019 14.69999981
v -40.5 14.30000019 5
v -40.5 -14.30000019 14.69999981
v -40.5 -14.30000019 5
v -32.13969421 -14.30000019 5
v -31.34166908 -14.40808773 5
v -30.60114861 -14.72456264 5
v 31.34166908 -14.40808773 5
v 32.13969421 -14.30000019 5
v -29.97149467 -15.22661972 5
v -29.49807549 -15.87808228 5
v -27.71725655 -18.81498528 5
v -25.64508247 -21.55411148 5
v -23.3033371 -24.06666756 5
v -20.71663284 -26.32624435 5
v -17.91216278 -28.30908775 5
v -14.91940689 -29.99435425 5
v -11.76982212 -31.3643322 5
v -8.49651814 -32.40461731 5
v -5.13390064 -33.10427475 5
v -1.71731746 -33.45595169 5
v 1.71731746 -33.45595169 5
v 5.13390064 -33.10427475 5
v 8.49651814 -32.40461731 5
v 11.76982212 -31.3643322 5
v 14.91940689 -29.99435425 5
v 17.91216278 -28.30908775 5
v 20.71663284 -26.32624435 5
v 23.3033371 -24.06666756 5
v 25.64508247 -21.55411148 5
v 27.71725655 -18.81498528 5
v 29.49807549 -15.87808228 5
v 29.97149467 -15.22661972 5
v 30.60114861 -14.72456264 5
v 32.13969421 14.30000019 5
v 31.34166908 14.40808773 5
v 30.60114861 14.72456264 5
v 29.97149467 15.22661972 5
v 29.49807549 15.87808228 5
v 27.71725655 18.81498528 5
v 25.64508247 21.55411148 5
v 23.3033371 24.06666756 5
v 20.71663284 26.32624435 5
v 17.91216278 28.30908775 5
v 14.91940689 29.99435425 5
v 11.76982212 31.3643322 5
v 8.49651814 32.40461731 5
v 5.13390064 33.10427475 5
v 1.71731746 33.45595169 5
v -1.71731746 33.45595169 5
v -5.13390064 33.10427475 5
v -8.49651814 32.40461731 5
v -11.76982212 31.3643322 5
v -14.91940689 29.99435425 5
v -17.91216278 28.30908775 5
v -20.71663284 26.32624435 5
v -23.3033371 24.06666756 5
v -25.64508247 21.55411148 5
v -27.71725655 18.81498528 5
v -29.49807549 15.87808228 5
v -29.97149467 15.22661972 5
v -30.60114861 14.72456264 5
v -31.34166908 14.40808773 5
v -32.13969421 14.30000019 5
v -46.5 11.80000019 14.69999981
v -46.5 -11.80000019 14.69999981
v -43.52061462 14.30000019 14.69999981
v -43.52061462 -14.30000019 14.69999981
v -46.5 3.07619643 11.61246109
v -46.5 2.9000001 10.5
v -46.5 3.07619643 9.38753891
v -46.5 3.58753872 8.38397312
v -46.5 4.38397312 7.58753872
v -46.5 5.38753891 7.07619667
v -46.5 6.5 6.9000001
v -46.5 7.61246109 7.07619667
v -46.5 8.61602688 7.58753872
v -46.5 9.41246128 8.38397312
v -46.5 9.92380333 9.38753891
v -46.5 10.10000038 10.5
v -46.5 9.92380333 11.61246109
v -46.5 9.41246128 12.61602688
v -46.5 8.61602688 13.41246128
v -46.5 7.61246109 13.92380333
v -46.5 6.5 14.10000038
v -46.5 5.38753891 13.92380333
v -46.5 4.38397312 13.41246128
v -46.5 3.58753872 12.61602688
v -46.5 -9.92380333 11.61246109
v -46.5 -10.10000038 10.5
v -46.5 -9.92380333 9.38753891
v -46.5 -9.41246128 8.38397312
v -46.5 -8.61602688 7.58753872
v -46.5 -7.61246109 7.07619667
v -46.5 -6.5 6.9000001
v -46.5 -5.38753891 7.07619667
v -46.5 -4.38397312 7.58753872
v -46.5 -3.58753872 8.38397312
v -46.5 -3.07619643 9.38753891
v -46.5 -2.9000001 10.5
v -46.5 -3.07619643 11.61246109
v -46.5 -3.58753872 12.61602688
v -46.5 -4.38397312 13.41246128
v -46.5 -5.38753891 13.92380333
v -46.5 -6.5 14.10000038
v -46.5 -7.61246109 13.92380333
v -46.5 -8.61602688 13.41246128
v -46.5 -9.41246128 12.61602688
v 1.02606046 -22.18092155 0.5
v 0 -22 0.5
v -1.02606046 -22.18092155 0.5
v -1.92836285 -22.70186615 0.5
v -2.59807611 -23.5 0.5
v -2.95442319 -24.4790554 0.5
v -2.95442319 -25.5209446 0.5
v -2.59807611 -26.5 0.5
v -1.92836285 -27.29813385 0.5
v -1.02606046 -27.81907845 0.5
v 0 -28 0.5
v 1.02606046 -27.81907845 0.5
v 1.92836285 -27.29813385 0.5
v 2.59807611 -26.5 0.5
v 2.95442319 -25.5209446 0.5
v 2.95442319 -24.4790554 0.5
v 2.59807611 -23.5 0.5
v 1.92836285 -22.70186615 0.5
v 17.67766953 14.42766953 0.94999999
v 18.73294258 14.60376358 0.94999999
v 19.67386055 15.11296272 0.94999999
v 20.39846039 15.90008831 0.94999999
v 20.82822037 16.87984085 0.94999999
v 20.91656876 17.94605255 0.94999999
v 20.65393257 18.98317909 0.94999999
v 20.06877136 19.87883377 0.94999999
v 19.22449875 20.53595924 0.94999999
v 18.21260262 20.88334465 0.94999999
v 17.14273643 20.88334465 0.94999999
v 16.1308403 20.53595924 0.94999999
v 15.28656673 19.87883377 0.94999999
v 14.70140648 18.98317909 0.94999999
v 14.43877029 17.94605255 0.94999999
v 14.52711868 16.87984085 0.94999999
v 14.95687866 15.90008831 0.94999999
v 15.6814785 15.11296272 0.94999999
v 16.62239647 14.60376358 0.94999999
v 17.67766953 -20.92766953 0.94999999
v 18.73294258 -20.75157547 0.94999999
v 19.67386055 -20.24237633 0.94999999
v 20.39846039 -19.45525169 0.94999999
v 20.82822037 -18.4754982 0.94999999
v 20.91656876 -17.4092865 0.94999999
v 20.65393257 -16.37215996 0.94999999
v 20.06877136 -15.47650433 0.94999999
v 19.22449875 -14.81937981 0.94999999
v 18.21260262 -14.47199535 0.94999999
v 17.14273643 -14.47199535 0.94999999
v 16.1308403 -14.81937981 0.94999999
v 15.28656673 -15.47650433 0.94999999
v 14.70140648 -16.37215996 0.94999999
v 14.43877029 -17.4092865 0.94999999
v 14.52711868 -18.4754982 0.94999999
v 14.95687866 -19.45525169 0.94999999
v 15.6814785 -20.24237633 0.94999999
v 16.62239647 -20.75157547 0.94999999
v -17.67766953 -20.92766953 0.94999999
v -16.62239647 -20.75157547 0.94999999
v -15.6814785 -20.24237633 0.94999999
v -14.95687866 -19.45525169 0.94999999
v -14.52711868 -18.4754982 0.94999999
v -14.43877029 -17.4092865 0.94999999
v -14.70140648 -16.37215996 0.94999999
v -15.28656673 -15.47650433 0.94999999
v -16.1308403 -14.81937981 0.94999999
v -17.14273643 -14.47199535 0.94999999
v -18.21260262 -14.47199535 0.94999999
v -19.22449875 -14.81937981 0.94999999
v -20.06877136 -15.47650433 0.94999999
v -20.65393257 -16.37215996 0.94999999
v -20.91656876 -17.4092865 0.94999999
v -20.82822037 -18.4754982 0.94999999
v -20.39846039 -19.45525169 0.94999999
v -19.67386055 -20.24237633 0.94999999
v -18.73294258 -20.75157547 0.94999999
v -17.67766953 14.42766953 0.94999999
v -16.62239647 14.60376358 0.94999999
v -15.6814785 15.11296272 0.94999999
v -14.95687866 15.90008831 0.94999999
v -14.52711868 16.87984085 0.94999999
v -14.43877029 17.94605255 0.94999999
v -14.70140648 18.98317909 0.94999999
v -15.28656673 19.87883377 0.94999999
v -16.1308403 20.53595924 0.94999999
v -17.14273643 20.88334465 0.94999999
v -18.21260262 20.88334465 0.94999999
v -19.22449875 20.53595924 0.94999999
v -20.06877136 19.87883377 0.94999999
v -20.65393257 18.98317909 0.94999999
v -20.91656876 17.94605255 0.94999999
v -20.82822037 16.87984085 0.94999999
v -20.39846039 15.90008831 0.94999999
v -19.67386055 15.11296272 0.94999999
v -18.73294258 14.60376358 0.94999999
v -46.5 -11.80000019 0
v -43.52061462 -14.30000019 0
v -32.13969421 -14.30000019 0
v -29.49807549 -15.87808228 0
v -29.97149467 -15.22661972 0
v -30.60114861 -14.72456264 0
v -31.34166908 -14.40808773 0
v -27.71725655 -18.81498528 0
v -25.64508247 -21.55411148 0
v -23.3033371 -24.06666756 0
v -20.71663284 -26.32624435 0
v -17.91216278 -28.30908775 0
v -14.91940689 -29.99435425 0
v -11.76982212 -31.3643322 0
v -8.49651814 -32.40461731 0
v -5.13390064 -33.10427475 0
v -1.71731746 -33.45595169 0
v 1.71731746 -33.45595169 0
v 5.13390064 -33.10427475 0
v 8.49651814 -32.40461731 0
v 11.76982212 -31.3643322 0
v 14.91940689 -29.99435425 0
v 17.91216278 -28.30908775 0
v 20.71663284 -26.32624435 0
v 23.3033371 -24.06666756 0
v 25.64508247 -21.55411148 0
v 27.71725655 -18.81498528 0
v 29.49807549 -15.87808228 0
v 29.97149467 -15.22661972 0
v 30.60114861 -14.72456264 0
v 31.34166908 -14.40808773 0
v 32.13969421 -14.30000019 0
v 43.52061462 -14.30000019 0
v 46.5 -11.80000019 0
v 46.5 11.80000019 0
v 43.52061462 14.30000019 0
v 32.13969421 14.30000019 0
v 29.49807549 15.87808228 0
v 29.97149467 15.22661972 0
v 30.60114861 14.72456264 0
v 31.34166908 14.40808773 0
v 27.71725655 18.81498528 0
v 25.64508247 21.55411148 0
v 23.3033371 24.06666756 0
v 20.71663284 26.32624435 0
v 17.91216278 28.30908775 0
v 14.91940689 29.99435425 0
v 11.76982212 31.3643322 0
v 8.49651814 32.40461731 0
v 5.13390064 33.10427475 0
v 1.71731746 33.45595169 0
v -1.71731746 33.45595169 0
v -5.13390064 33.10427475 0
v -8.49651814 32.40461731 0
v -11.76982212 31.3643322 0
v -14.91940689 29.99435425 0
v -17.91216278 28.30908775 0
v -20.71663284 26.32624435 0
v -23.3033371 24.06666756 0
v -25.64508247 21.55411148 0
v -27.71725655 18.81498528 0
v -29.49807549 15.87808228 0
v -29.97149467 15.22661972 0
v -30.60114861 14.72456264 0
v -31.34166908 14.40808773 0
v -32.13969421 14.30000019 0
v -43.52061462 14.30000019 0
v -46.5 11.80000019 0
v -1.08155954 -21.6713028 0
v 0 -21.5 0
v 1.08155954 -21.6713028 0
v 2.05724835 -22.16843987 0
v 2.83155942 -22.94275093 0
v 3.32869792 -23.91843987 0
v 3.5 -25 0
v 3.32869792 -26.08156013 0
v 2.83155942 -27.05724907 0
v 2.05724835 -27.83156013 0
v 1.08155954 -28.3286972 0
v 0 -28.5 0
v -1.08155954 -28.3286972 0
v -2.05724835 -27.83156013 0
v -2.83155942 -27.05724907 0
v -3.32869792 -26.08156013 0
v -3.5 -25 0
v -3.32869792 -23.91843987 0
v -2.83155942 -22.94275093 0
v -2.05724835 -22.16843987 0
v 17.67766953 14.42766953 0
v 16.62239647 14.60376358 0
v 15.6814785 15.11296272 0
v 14.95687866 15.90008831 0
v 14.52711868 16.87984085 0
v 14.43877029 17.94605255 0
v 14.70140648 18.98317909 0
v 15.28656673 19.87883377 0
v 16.1308403 20.53595924 0
v 17.14273643 20.88334465 0
v 18.21260262 20.88334465 0
v 19.22449875 20.53595924 0
v 20.06877136 19.87883377 0
v 20.65393257 18.98317909 0
v 20.91656876 17.94605255 0
v 20.82822037 16.87984085 0
v 20.39846039 15.90008831 0
v 19.67386055 15.11296272 0
v 18.73294258 14.60376358 0
v 17.67766953 -20.92766953 0
v 16.62239647 -20.75157547 0
v 15.6814785 -20.24237633 0
v 14.95687866 -19.45525169 0
v 14.52711868 -18.4754982 0
v 14.43877029 -17.4092865 0
v 14.70140648 -16.37215996 0
v 15.28656673 -15.47650433 0
v 16.1308403 -14.81937981 0
v 17.14273643 -14.47199535 0
v 18.21260262 -14.47199535 0
v 19.22449875 -14.81937981 0
v 20.06877136 -15.47650433 0
v 20.65393257 -16.37215996 0
v 20.91656876 -17.4092865 0
v 20.82822037 -18.4754982 0
v 20.39846039 -19.45525169 0
v 19.67386055 -20.24237633 0
v 18.73294258 -20.75157547 0
v -17.67766953 -20.92766953 0
v -18.73294258 -20.75157547 0
v -19.67386055 -20.24237633 0
v -20.39846039 -19.45525169 0
v -20.82822037 -18.4754982 0
v -20.91656876 -17.4092865 0
v -20.65393257 -16.37215996 0
v -20.06877136 -15.47650433 0
v -19.22449875 -14.81937981 0
v -18.21260262 -14.47199535 0
v -17.14273643 -14.47199535 0
v -16.1308403 -14.81937981 0
v -15.28656673 -15.47650433 0
v -14.70140648 -16.37215996 0
v -14.43877029 -17.4092865 0
v -14.52711868 -18.4754982 0
v -14.95687866 -19.45525169 0
v -15.6814785 -20.24237633 0
v -16.62239647 -20.75157547 0
v -17.67766953 14.42766953 0
v -18.73294258 14.60376358 0
v -19.67386055 15.11296272 0
v -20.39846039 15.90008831 0
v -20.82822037 16.87984085 0
v -20.91656876 17.94605255 0
v -20.65393257 18.98317909 0
v -20.06877136 19.87883377 0
v -19.22449875 20.53595924 0
v -18.21260262 20.88334465 0
v -17.14273643 20.88334465 0
v -16.1308403 20.53595924 0
v -15.28656673 19.87883377 0
v -14.70140648 18.98317909 0
v -14.43877029 17.94605255 0
v -14.52711868 16.87984085 0
v -14.95687866 15.90008831 0
v -15.6814785 15.11296272 0
v -16.62239647 14.60376358 0
v -12.32019901 -2.1125102 0
v -12.5 0 0
v 10.35637093 -6.99968481 0
v -12.32019901 2.1125102 0
v -11.78596783 4.16424751 0
v -10.91267681 6.09618664 0
v -9.7254467 7.85274982 0
v -8.2584343 9.38340378 0
v -6.55384111 10.64411449 0
v -4.66070604 11.59861279 0
v -2.6334908 12.21944046 0
v -0.53051502 12.48873711 0
v 1.58772278 12.39875507 0
v 3.66028476 11.95208454 0
v 5.62754679 11.16157341 0
v 7.43291473 10.04996395 0
v 9.02445126 8.64923573 0
v 10.35637093 6.99968481 0
v 11.39035606 -5.14876556 0
v 11.39035606 5.14876556 0
v 12.09666157 -3.14972568 0
v 12.09666157 3.14972568 0
v 12.45496845 -1.06007409 0
v 12.45496845 1.06007409 0
v 9.02445126 -8.64923573 0
v -9.7254467 -7.85274982 0
v -10.91267681 -6.09618664 0
v -11.78596783 -4.16424751 0
v -8.2584343 -9.38340378 0
v 7.43291473 -10.04996395 0
v -6.55384111 -10.64411449 0
v 5.62754679 -11.16157341 0
v -4.66070604 -11.59861279 0
v 3.66028476 -11.95208454 0
v -2.6334908 -12.21944046 0
v 1.58772278 -12.39875507 0
v -0.53051502 -12.48873711 0
v -15.57408524 2.34741569 0
v -15.75 0 0
v -15.57408524 -2.34741569 0
v -15.05027199 -4.64239407 0
v -14.19025993 -6.83366871 0
v -13.01326084 -8.87229061 0
v -11.54556656 -10.71272087 0
v -9.81996441 -12.31384563 0
v -7.875 -13.63990021 0
v -5.7541213 -14.66126156 0
v -15.05027199 4.64239407 0
v -14.19025993 6.83366871 0
v -1.17699897 15.70596027 0
v 1.17699897 15.70596027 0
v 14.19025993 6.83366871 0
v 13.01326084 8.87229061 0
v 11.54556656 10.71272087 0
v 9.81996441 12.31384563 0
v 7.875 13.63990021 0
v 5.7541213 14.66126156 0
v 3.50470471 15.35511494 0
v 15.05027199 4.64239407 0
v 15.57408524 2.34741569 0
v 15.75 0 0
v 15.57408524 -2.34741569 0
v 15.05027199 -4.64239407 0
v 14.19025993 -6.83366871 0
v 5.7541213 -14.66126156 0
v 3.50470471 -15.35511494 0
v 1.17699897 -15.70596027 0
v -1.17699897 -15.70596027 0
v -3.50470471 -15.35511494 0
v 7.875 -13.63990021 0
v 9.81996441 -12.31384563 0
v 11.54556656 -10.71272087 0
v 13.01326084 -8.87229061 0
v -3.50470471 15.35511494 0
v -5.7541213 14.66126156 0
v -7.875 13.63990021 0
v -9.81996441 12.31384563 0
v -11.54556656 10.71272087 0
v -13.01326084 8.87229061 0
v -12.5 0 -3.5
v -12.32019901 2.1125102 -3.5
v -11.78596783 4.16424751 -3.5
v -10.91267681 6.09618664 -3.5
v -9.7254467 7.85274982 -3.5
v -8.2584343 9.38340378 -3.5
v -6.55384111 10.64411449 -3.5
v -4.66070604 11.59861279 -3.5
v -2.6334908 12.21944046 -3.5
v -0.53051502 12.48873711 -3.5
v 1.58772278 12.39875507 -3.5
v 3.66028476 11.95208454 -3.5
v 5.62754679 11.16157341 -3.5
v 7.43291473 10.04996395 -3.5
v 9.02445126 8.64923573 -3.5
v 10.35637093 6.99968481 -3.5
v 11.39035606 5.14876556 -3.5
v 12.09666157 3.14972568 -3.5
v 12.45496845 1.06007409 -3.5
v 12.45496845 -1.06007409 -3.5
v 12.09666157 -3.14972568 -3.5
v 11.39035606 -5.14876556 -3.5
v 10.35637093 -6.99968481 -3.5
v 9.02445126 -8.64923573 -3.5
v 7.43291473 -10.04996395 -3.5
v 5.62754679 -11.16157341 -3.5
v 3.66028476 -11.95208454 -3.5
v 1.58772278 -12.39875507 -3.5
v -0.53051502 -12.48873711 -3.5
v -2.6334908 -12.21944046 -3.5
v -4.66070604 -11.59861279 -3.5
v -6.55384111 -10.64411449 -3.5
v -8.2584343 -9.38340378 -3.5
v -9.7254467 -7.85274982 -3.5
v -10.91267681 -6.09618664 -3.5
v -11.78596783 -4.16424751 -3.5
v -12.32019901 -2.1125102 -3.5
v -15.75 0 -2.5
v -15.57408524 -2.34741569 -2.5
v -15.05027199 -4.64239407 -2.5
v -14.19025993 -6.83366871 -2.5
v -13.01326084 -8.87229061 -2.5
v -11.54556656 -10.71272087 -2.5
v -9.81996441 -12.31384563 -2.5
v -7.875 -13.63990021 -2.5
v -5.7541213 -14.66126156 -2.5
v -3.50470471 -15.35511494 -2.5
v -1.17699897 -15.70596027 -2.5
v 1.17699897 -15.70596027 -2.5
v 3.50470471 -15.35511494 -2.5
v 5.7541213 -14.66126156 -2.5
v 7.875 -13.63990021 -2.5
v 9.81996441 -12.31384563 -2.5
v 11.54556656 -10.71272087 -2.5
v 13.01326084 -8.87229061 -2.5
v 14.19025993 -6.83366871 -2.5
v 15.05027199 -4.64239407 -2.5
v 15.57408524 -2.34741569 -2.5
v 15.75 0 -2.5
v 15.57408524 2.34741569 -2.5
v 15.05027199 4.64239407 -2.5
v -15.57408524 2.34741569 -2.5
v -15.05027199 4.64239407 -2.5
v -14.19025993 6.83366871 -2.5
v -13.01326084 8.87229061 -2.5
v -11.54556656 10.71272087 -2.5
v -9.81996441 12.31384563 -2.5
v -7.875 13.63990021 -2.5
v -5.7541213 14.66126156 -2.5
v -3.50470471 15.35511494 -2.5
v -1.17699897 15.70596027 -2.5
v 1.17699897 15.70596027 -2.5
v 3.50470471 15.35511494 -2.5
v 5.7541213 14.66126156 -2.5
v 7.875 13.63990021 -2.5
v 9.81996441 12.31384563 -2.5
v 11.54556656 10.71272087 -2.5
v 13.01326084 8.87229061 -2.5
v 14.19025993 6.83366871 -2.5
v -14.56840324 -2.30740833 -3.5
v -14.75 0 -3.5
v -14.56840324 2.30740833 -3.5
v -14.0280838 4.55800056 -3.5
v -13.14234638 6.69635963 -3.5
v -11.93300056 8.66983223 -3.5
v -10.42982483 10.42982483 -3.5
v -8.66983223 11.93300056 -3.5
v -6.69635963 13.14234638 -3.5
v -4.55800056 14.0280838 -3.5
v -2.30740833 14.56840324 -3.5
v 0 14.75 -3.5
v 2.30740833 14.56840324 -3.5
v 4.55800056 14.0280838 -3.5
v 6.69635963 13.14234638 -3.5
v 8.66983223 11.93300056 -3.5
v 10.42982483 10.42982483 -3.5
v 11.93300056 8.66983223 -3.5
v 13.14234638 6.69635963 -3.5
v 14.0280838 4.55800056 -3.5
v 14.56840324 2.30740833 -3.5
v 14.75 0 -3.5
v 14.56840324 -2.30740833 -3.5
v 14.0280838 -4.55800056 -3.5
v 13.14234638 -6.69635963 -3.5
v 11.93300056 -8.66983223 -3.5
v 10.42982483 -10.42982483 -3.5
v 8.66983223 -11.93300056 -3.5
v 6.69635963 -13.14234638 -3.5
v 4.55800056 -14.0280838 -3.5
v 2.30740833 -14.56840324 -3.5
v 0 -14.75 -3.5
v -2.30740833 -14.56840324 -3.5
v -4.55800056 -14.0280838 -3.5
v -6.69635963 -13.14234638 -3.5
v -8.66983223 -11.93300056 -3.5
v -10.42982483 -10.42982483 -3.5
v -11.93300056 -8.66983223 -3.5
v -13.14234638 -6.69635963 -3.5
v -14.0280838 -4.55800056 -3.5
vn 0 0 1
vn 0 -0 1
vn 0 -0 1
vn 0 -0 1
vn 0 -0 1
vn 0 -0 1
vn 0 -0 1
vn 0 -0 1
vn 0 0 1
vn 0 -0 1
vn 0 -0 1
vn -0.23932 0.97094 0
vn 0.23932 0.97094 0
vn 0.66312 0.74851 0
vn 0.93502 0.3546 0
vn 0.99271 -0.12054 0
vn 0.82298 -0.56806 0
vn 0.46472 -0.88546 0
vn 0 -1 0
vn -0.46472 -0.88546 -0
vn -0.82298 -0.56806 -0
vn -0.99271 -0.12054 -0
vn -0.93502 0.3546 0
vn -0.66312 0.74851 0
vn 1 0 -0
vn 0 -0.97815 -0.20791
vn 0 -0.97815 0.20791
vn 0 -0.97815 0.20791
vn 0 -0.80902 0.58779
vn 0 -0.80902 0.58779
vn 0 -0.5 0.86603
vn 0 -0.10453 0.99452
vn -0 -0.10453 0.99452
vn -0 0.30902 0.95106
vn 0 0.30902 0.95106
vn 0 0.66913 0.74314
vn 0 0.66913 0.74314
vn 0 0.91355 0.40674
vn -0 0.91355 0.40674
vn 0 1 0
vn 0 0.91355 -0.40674
vn 0 0.91355 -0.40674
vn 0 0.66913 -0.74314
vn -0 0.66913 -0.74314
vn -0 0.30902 -0.95106
vn -0 0.30902 -0.95106
vn 0 -0.10453 -0.99452
vn 0 -0.10453 -0.99452
vn -0 -0.5 -0.86603
vn -0 -0.80902 -0.58779
vn -0 -0.80902 -0.58779
vn -0 -0.97815 -0.20791
vn -0 -0.97815 0.20791
vn 0 -0.80902 0.58779
vn 0 0.30902 0.95106
vn 0 0.91355 -0.40674
vn 0 -0.5 0.86603
vn 0 -0.10453 0.99452
vn -0 -0.10453 0.99452
vn 0 0.30902 0.95106
vn 0 -0.10453 -0.99452
vn 0 -0.5 -0.86603
vn -0 -0.80902 -0.58779
vn -0 -0.97815 0.20791
vn -0 -0.80902 0.58779
vn -0 -0.80902 0.58779
vn -0 -0.5 0.86603
vn 0 -0.10453 0.99452
vn -0 0.30902 0.95106
vn 0 0.30902 0.95106
vn 0 0.30902 -0.95106
vn 0 -0.80902 -0.58779
vn 0 -0.97815 -0.20791
vn 0.14863 0.69925 0.69925
vn -0.14863 0.69925 0.69925
vn -0.16716 0.67819 0.71562
vn -0.42741 0.58828 0.68648
vn -0.45465 0.51319 0.72796
vn -0.6366 0.36754 0.67798
vn -0.63447 0.24062 0.73454
vn -0.73446 0.0772 0.67424
vn -0.67222 -0.08162 0.73584
vn -0.70128 -0.22786 0.6755
vn -0.56076 -0.38706 0.73194
vn -0.54374 -0.48958 0.68166
vn -0.32127 -0.61213 0.72256
vn -0.29348 -0.65916 0.69237
vn 0 -0.70719 0.70702
vn 0 -0.70719 0.70702
vn 0.29348 -0.65916 0.69237
vn 0.32127 -0.61213 0.72256
vn 0.54374 -0.48958 0.68166
vn 0.56076 -0.38706 0.73194
vn 0.70128 -0.22786 0.6755
vn 0.67222 -0.08162 0.73584
vn 0.73446 0.0772 0.67424
vn 0.63447 0.24062 0.73454
vn 0.6366 0.36754 0.67798
vn 0.45465 0.51319 0.72796
vn 0.42741 0.58828 0.68648
vn 0.16716 0.67819 0.71562
vn -1 0 -0
vn -0 0 -1
vn -0 0 -1
vn 0 0 -1
vn 0 0 -1
vn -0 0 -1
vn -0 0 -1
vn -0 0 -1
vn 0 0 -1
vn 0 0 -1
vn -0 -0 -1
vn -0 0 -1
vn 0.99203 0.12045 -0.03704
vn 0.99931 -0 0.03704
vn 0.99203 -0.12045 -0.03704
vn 0.97028 -0.23915 0.03704
vn 0.93437 -0.35436 -0.03704
vn 0.88485 -0.4644 0.03704
vn 0.82242 -0.56767 -0.03704
vn 0.748 -0.66267 0.03704
vn 0.66267 -0.748 -0.03704
vn 0.56767 -0.82242 0.03704
vn 0.4644 -0.88485 -0.03704
vn 0.35436 -0.93437 0.03704
vn 0.23915 -0.97028 -0.03704
vn 0.12045 -0.99203 0.03704
vn 0 -0.99931 -0.03704
vn -0.12045 -0.99203 0.03704
vn -0.23915 -0.97028 -0.03704
vn -0.35436 -0.93437 0.03704
vn -0.4644 -0.88485 -0.03704
vn -0.56767 -0.82242 0.03704
vn -0.66267 -0.748 -0.03704
vn -0.748 -0.66267 0.03704
vn -0.82242 -0.56767 -0.03704
vn -0.88485 -0.4644 0.03704
vn -0.93437 -0.35436 -0.03704
vn -0.97028 -0.23915 0.03704
vn -0.99203 -0.12045 -0.03704
vn -0.99931 0 0.03704
vn -0.99203 0.12045 -0.03704
vn -0.97028 0.23915 0.03704
vn -0.93437 0.35436 -0.03704
vn -0.88485 0.4644 0.03704
vn -0.82242 0.56767 -0.03704
vn -0.748 0.66267 0.03704
vn -0.66267 0.748 -0.03704
vn -0.56767 0.82242 0.03704
vn -0.4644 0.88485 -0.03704
vn -0.35436 0.93437 0.03704
vn -0.23915 0.97028 -0.03704
vn -0.12045 0.99203 0.03704
vn -0 0.99931 -0.03704
vn 0.12045 0.99203 0.03704
vn 0.23915 0.97028 -0.03704
vn 0.35436 0.93437 0.03704
vn 0.4644 0.88485 -0.03704
vn 0.56767 0.82242 0.03704
vn 0.66267 0.748 -0.03704
vn 0.748 0.66267 0.03704
vn 0.82242 0.56767 -0.03704
vn 0.88485 0.4644 0.03704
vn 0.93437 0.35436 -0.03704
vn 0.97028 0.23915 0.03704
vn 0 0.99931 -0.03704
vn 0.99931 0 0.03704
vn -0.99931 0 0.03704
vn -0 -0.98769 -0.15643
vn 0 -0.98769 0.15643
vn 0 -0.89101 0.45399
vn 0 -0.70711 0.70711
vn 0 -0.45399 0.89101
vn 0 -0.15643 0.98769
vn 0 0.15643 0.98769
vn 0 0.45399 0.89101
vn 0 0.70711 0.70711
vn 0 0.89101 0.45399
vn 0 0.98769 0.15643
vn 0 0.98769 -0.15643
vn 0 0.89101 -0.45399
vn 0 0.70711 -0.70711
vn 0 0.45399 -0.89101
vn 0 0.15643 -0.98769
vn -0 -0.15643 -0.98769
vn -0 -0.45399 -0.89101
vn -0 -0.70711 -0.70711
vn -0 -0.89101 -0.45399
vn 0 -0 1
vn -0 -0 1
vn 0 -0 1
vn -1 -0 0
vn -1 -0 -0
vn -1 -0 -0
vn -1 -0 0
vn -1 -0 0
vn -1 0 0
vn -1 0 0
vn -1 0 0
vn -1 0 0
vn -1 -0 -0
vn -1 0 -0
vn -1 0 -0
vn -1 0 0
vn -1 0 0
vn -1 -0 -0
vn -1 0 -0
vn -1 0 -0
vn -1 -0 0
vn -1 -0 0
vn -1 -0 0
vn -1 -0 -0
vn -1 -0 -0
vn -1 0 -0
vn 1 0 0
vn 1 0 -0
vn 1 0 -0
vn 1 0 0
vn 1 0 0
vn 1 0 0
vn 1 -0 0
vn 1 -0 0
vn 1 -0 0
vn 1 -0 -0
vn 1 -0 -0
vn 1 0 -0
vn 1 0 -0
vn 1 0 -0
vn 1 -0 0
vn 1 0 0
vn 1 0 0
vn 1 -0 -0
vn 1 -0 -0
vn 1 -0 -0
vn 1 -0 0
vn 1 -0 0
vn 1 0 0
vn 0 -0 1
vn -0 -0 1
vn -0 -0 1
vn -0 -0 1
vn 0 -0 1
vn 0 -0 1
vn 0 0 1
vn 0 -0 1
vn -0 0 1
vn -0 0 1
vn -0 0 1
vn -0 0 1
vn -0 0 1
vn -0 -0 1
vn 0 -0 1
vn 0 -0 1
vn -0 -0 1
vn 0 -0 1
vn 0 -0 1
vn 0 -0 1
vn 0 -0 1
vn 0 -0 1
vn 0 -0 1
vn 0 -0 1
vn 0 0 1
vn 0 0 1
vn 0 0 1
vn 0 0 1
vn 0 0 1
vn 0 -0 1
vn 0 0 1
vn 0 -0 1
vn 0 0 1
vn 0 -0 1
vn 0 -0 1
vn 0 -0 1
vn -0 0 1
vn -0 -0 1
vn 0 -0 1
vn 0 0 1
vn -0 -0 1
vn 0 -0 1
vn 0 -0 1
vn 0 -0 1
vn -0 -0 1
vn -0 -0 1
vn 0 -0 1
vn 0 -0 1
vn 0 -0 1
vn 0 -0 1
vn -0 -0 1
vn -0 -0 1
vn 0 -0 1
vn -0 -0 1
vn 0 -0 1
vn 0 -0 1
vn 0 -0 1
vn 0 -0 1
vn 0 -0 1
vn -0 -0 1
vn 0 -0 1
vn 0 -0 1
vn 0 -0 1
vn 0 -0 1
vn 0 -0 1
vn 0 -0 1
vn -0 -0 1
vn 0 -0 1
vn 0 -0 1
vn 0 -0 1
vn -0 -0 1
vn 0 0 1
vn -0 -0 1
vn -0 -0 1
vn 0 -0 1
vn 0 -0 1
vn 0 0 1
vn -0 -0 1
vn -0 -0 1
vn 0 0 1
vn 0 0 1
vn 0 -0 1
vn 0 -0 1
vn -0 -0 1
vn -0 -0 1
vn -0 -0 1
vn 0 -0 1
vn 0 -0 1
vn 0 -0 1
vn -0 0 1
vn 0 0 1
vn 0 0 1
vn -0 0 1
vn 0 0 1
vn 0 -0 1
vn 0 -0 1
vn 0 -0 1
vn 0 -0 1
vn 0 0 1
vn 0 0 1
vn 0 -0 1
vn 0 0 1
vn 0 -0 1
vn 0 -0 1
vn 0 -0 1
vn 0 0 1
vn 0 0 1
vn 0 0 1
vn 0 0 1
vn -0 0 1
vn 0 -0 1
vn 0 -0 1
vn -0 -0 1
vn 0 -0 1
vn -0 -0 1
vn 0 -0 1
vn 0 -0 1
vn -0 -0 1
vn 0 -0 1
vn 0 -0 1
vn -0 -0 1
vn 0 -0 1
vn 0 -0 1
vn 0 -0 1
vn 0 0 1
vn -0 0 1
vn 0 0 1
vn 0 0 1
vn -0 0 1
vn -0 0 1
vn -0 0 1
vn -0 0 1
vn -0 0 1
vn -0 0 1
vn -0 0 1
vn -0 -0 1
vn -0 0 1
vn -0 -0 1
vn 0 0 1
vn -0 0 1
vn -0 -0 1
vn 0 0 1
vn 0 0 1
vn 0 -0 1
vn 0 -0 1
vn -0 0 1
vn -0 -0 1
vn 0 -0 1
vn 0 0 1
vn 0 0 1
vn -0 0 1
vn -0 0 1
vn -0 0 1
vn -0 0 1
vn -0 -0 1
vn -0 -0 1
vn -0 -0 1
vn 0 -0 1
vn 0 -0 1
vn 0 -0 1
vn 0 -0 1
vn 0 0 1
vn 0 0 1
vn 0 -0 1
vn 0 -0 1
vn -0 -0 1
vn -0 -0 1
vn -0 -0 1
vn -0 -0 1
vn 0 0 1
vn 0 0 1
vn 0 -0 1
vn 0 -0 1
vn 0 -0 1
vn 0 -0 1
vn 0 0 1
vn 0 -0 1
vn 0 -0 1
vn 0 -0 1
vn 0 -0 1
vn 0 0 1
vn 0 0 1
vn 0 -0 1
vn 0 -0 1
vn 0 -0 1
vn 0 0 1
vn 0 -0 1
vn 0 -0 1
vn 0 -0 1
vn 0 -0 1
vn 0 -0 1
vn 0 -0 1
vn 0 -0 1
vn -0.17365 -0.98481 0
vn 0.17365 -0.98481 0
vn 0.5 -0.86603 0
vn 0.76604 -0.64279 0
vn 0.93969 -0.34202 0
vn 0.93969 0.34202 -0
vn 0.76604 0.64279 -0
vn 0.5 0.86603 -0
vn 0.17365 0.98481 -0
vn -0.17365 0.98481 0
vn -0.5 0.86603 0
vn -0.76604 0.64279 0
vn -0.93969 0.34202 0
vn -1 0 0
vn -0.93969 -0.34202 0
vn -0.76604 -0.64279 0
vn -0.5 -0.86603 0
vn 0.08554 0.70451 0.70451
vn -0.08554 0.70451 0.70451
vn -0.11584 0.69422 0.71038
vn -0.25263 0.66614 0.70173
vn -0.33397 0.61712 0.71248
vn -0.40445 0.58595 0.7022
vn -0.51907 0.47784 0.70869
vn -0.53019 0.4697 0.70589
vn -0.62938 0.33033 0.70339
vn -0.64342 0.28223 0.71158
vn -0.69193 0.17055 0.70153
vn -0.69978 0.05799 0.712
vn -0.71126 0 0.70293
vn -0.68698 -0.16933 0.70667
vn -0.68494 -0.17345 0.70765
vn -0.63014 -0.33072 0.70253
vn -0.58758 -0.38389 0.7123
vn -0.53337 -0.47252 0.7016
vn -0.43188 -0.55488 0.71104
vn -0.40348 -0.58455 0.70392
vn -0.25143 -0.66296 0.70517
vn -0.22879 -0.66643 0.7096
vn -0.08585 -0.70705 0.70193
vn 0 -0.70163 0.71254
vn 0.08585 -0.70705 0.70193
vn 0.22879 -0.66643 0.7096
vn 0.25143 -0.66296 0.70517
vn 0.40348 -0.58455 0.70392
vn 0.43188 -0.55488 0.71104
vn 0.53337 -0.47252 0.7016
vn 0.58758 -0.38389 0.7123
vn 0.63014 -0.33072 0.70253
vn 0.68494 -0.17345 0.70765
vn 0.68698 -0.16933 0.70667
vn 0.71126 0 0.70293
vn 0.69978 0.05799 0.712
vn 0.69193 0.17055 0.70153
vn 0.64342 0.28223 0.71158
vn 0.62938 0.33033 0.70339
vn 0.53019 0.4697 0.70589
vn 0.51907 0.47784 0.70869
vn 0.40445 0.58595 0.7022
vn 0.33397 0.61712 0.71248
vn 0.25263 0.66614 0.70173
vn 0.11584 0.69422 0.71038
vn 0.71126 0 0.70293
vn -0.71126 0 0.70293
vn 0.71126 0 0.70293
vn -0.64279 -0.76604 -0
vn -0.64279 -0.76604 0
vn 0 -1 0
vn 0 -1 0
vn 0 -1 0
vn 0 -1 0
vn -0.80896 -0.58787 0
vn -0.80896 -0.58787 0
vn -0.62343 -0.78188 0
vn -0.62343 -0.78188 0
vn -0.39298 -0.91955 -0
vn -0.39298 -0.91955 0
vn -0.13422 -0.99095 0
vn -0.13422 -0.99095 0
vn -0.85508 -0.51849 -0
vn -0.7975 -0.60332 -0
vn -0.73154 -0.6818 -0
vn -0.65788 -0.75312 -0
vn -0.57731 -0.81653 -0
vn -0.49067 -0.87135 -0
vn -0.39887 -0.91701 -0
vn -0.30288 -0.95303 -0
vn -0.20371 -0.97903 -0
vn -0.10239 -0.99474 -0
vn 0 -1 0
vn 0.10239 -0.99474 0
vn 0.20371 -0.97903 0
vn 0.30288 -0.95303 0
vn 0.39887 -0.91701 0
vn 0.49067 -0.87135 0
vn 0.57731 -0.81653 0
vn 0.65788 -0.75312 0
vn 0.73154 -0.6818 0
vn 0.7975 -0.60332 0
vn 0.85508 -0.51849 0
vn 0.85508 -0.51849 -0
vn 0.80896 -0.58787 -0
vn 0.62343 -0.78188 -0
vn 0.62343 -0.78188 -0
vn 0.39298 -0.91955 -0
vn 0.39298 -0.91955 -0
vn 0.13422 -0.99095 -0
vn 0.13422 -0.99095 0
vn -0 -1 0
vn -0 -1 0
vn -0 -1 0
vn 0 -1 0
vn 0.64279 -0.76604 0
vn 0.64279 -0.76604 -0
vn 0.64279 0.76604 0
vn 0.64279 0.76604 0
vn -0 1 0
vn -0 1 0
vn -0 1 0
vn 0 1 0
vn 0.80896 0.58787 -0
vn 0.62343 0.78188 -0
vn 0.39298 0.91955 -0
vn 0.13422 0.99095 -0
vn 0.13422 0.99095 0
vn 0.85508 0.51849 0
vn 0.7975 0.60332 0
vn 0.73154 0.6818 0
vn 0.65788 0.75312 0
vn 0.57731 0.81653 0
vn 0.49067 0.87135 0
vn 0.39887 0.91701 0
vn 0.30288 0.95303 0
vn 0.20371 0.97903 0
vn 0.10239 0.99474 0
vn 0 1 0
vn -0.10239 0.99474 0
vn -0.20371 0.97903 0
vn -0.30288 0.95303 0
vn -0.39887 0.91701 0
vn -0.49067 0.87135 0
vn -0.57731 0.81653 0
vn -0.65788 0.75312 0
vn -0.73154 0.6818 0
vn -0.7975 0.60332 0
vn -0.85508 0.51849 0
vn -0.80896 0.58787 0
vn -0.62343 0.78188 0
vn -0.39298 0.91955 0
vn -0.13422 0.99095 0
vn -0.13422 0.99095 0
vn 0 1 0
vn 0 1 0
vn 0 1 0
vn -0 1 0
vn -0.64279 0.76604 0
vn -0.64279 0.76604 -0
vn -1 0 0
vn -1 0 -0
vn -1 0 0
vn -1 0 0
vn -1 0 0
vn -1 0 0
vn -1 0 0
vn -1 0 0
vn -1 -0 0
vn 0.1113 -0.70271 -0.70271
vn -0.1113 -0.70271 -0.70271
vn -0.12138 -0.68839 -0.71511
vn -0.32774 -0.64323 -0.69198
vn -0.34434 -0.59642 -0.72506
vn -0.51608 -0.51608 -0.68361
vn -0.52199 -0.438 -0.7319
vn -0.65505 -0.33377 -0.67787
vn -0.63625 -0.23157 -0.73591
vn -0.72878 -0.11543 -0.67495
vn -0.67564 0 -0.73723
vn -0.72878 0.11543 -0.67495
vn -0.63625 0.23157 -0.73591
vn -0.65505 0.33377 -0.67787
vn -0.52199 0.438 -0.7319
vn -0.51608 0.51608 -0.68361
vn -0.34434 0.59642 -0.72506
vn -0.32774 0.64323 -0.69198
vn -0.12138 0.68839 -0.71511
vn -0.1113 0.70271 -0.70271
vn 0.1113 0.70271 -0.70271
vn 0.12138 0.68839 -0.71511
vn 0.32774 0.64323 -0.69198
vn 0.34434 0.59642 -0.72506
vn 0.51608 0.51608 -0.68361
vn 0.52199 0.438 -0.7319
vn 0.65505 0.33377 -0.67787
vn 0.63625 0.23157 -0.73591
vn 0.72878 0.11543 -0.67495
vn 0.67564 0 -0.73723
vn 0.72878 -0.11543 -0.67495
vn 0.63625 -0.23157 -0.73591
vn 0.65505 -0.33377 -0.67787
vn 0.52199 -0.438 -0.7319
vn 0.51608 -0.51608 -0.68361
vn 0.34434 -0.59642 -0.72506
vn 0.32774 -0.64323 -0.69198
vn 0.12138 -0.68839 -0.71511
vn -0.16459 0.98636 0
vn 0.16459 0.98636 0
vn 0.47595 0.87947 0
vn 0.73572 0.67728 0
vn 0.91577 0.4017 0
vn 0.99658 0.08258 0
vn 0.9694 -0.24549 0
vn 0.83717 -0.54695 0
vn 0.83717 -0.54695 -0
vn 0.61421 -0.78914 -0
vn 0.61421 -0.78914 0
vn 0.3247 -0.94582 0
vn 0 -1 0
vn -0.3247 -0.94582 -0
vn -0.61421 -0.78914 -0
vn -0.83717 -0.54695 -0
vn -0.9694 -0.24549 -0
vn -0.99658 0.08258 0
vn -0.99658 0.08258 0
vn -0.91577 0.4017 0
vn -0.91577 0.4017 0
vn -0.73572 0.67728 0
vn -0.73572 0.67728 0
vn -0.47595 0.87947 0
vn 0.83717 -0.54695 -0
vn 0.61421 -0.78914 -0
vn -0.83717 -0.54695 -0
vn -0.9694 -0.24549 -0
vn -0.91577 0.4017 0
vn -0.73572 0.67728 0
vn 0.83717 -0.54695 0
vn 0.61421 -0.78914 0
vn -0.61421 -0.78914 0
vn -0.83717 -0.54695 0
vn -0.99658 0.08258 0
vn -0.16459 0.98636 0
vn 0.16459 0.98636 -0
vn 0.16459 0.98636 -0
vn 0.47595 0.87947 -0
vn 0.47595 0.87947 -0
vn 0.73572 0.67728 -0
vn 0.99658 0.08258 -0
vn 0.9694 -0.24549 -0
vn 0.83717 -0.54695 -0
vn 0.3247 -0.94582 -0
vn -0.3247 -0.94582 0
vn -0.83717 -0.54695 0
vn -0.9694 -0.24549 0
vn -0.9694 -0.24549 0
vn -0.99658 0.08258 0
vn -0.99658 0.08258 0
vn -0.91577 0.4017 0
vn -0.91577 0.4017 0
vn -0.73572 0.67728 0
vn -0.73572 0.67728 0
vn -0.47595 0.87947 0
vn -0.47595 0.87947 0
vn -0.16459 0.98636 0
vn 0 0 -1
vn -0 -0 -1
vn -0 0 -1
vn -0 0 -1
vn -0 0 -1
vn -0 0 -1
vn -0 -0 -1
vn -0 -0 -1
vn -0 -0 -1
vn 0 0 -1
vn -0 0 -1
vn 0 -0 -1
vn -0 0 -1
vn -0 0 -1
vn -0 0 -1
vn 0 -0 -1
vn 0 -0 -1
vn -0 0 -1
vn -0 -0 -1
vn -0 0 -1
vn -0 -0 -1
vn -0 -0 -1
vn -0 -0 -1
vn -0 0 -1
vn -0 -0 -1
vn -0 0 -1
vn -0 -0 -1
vn -0 0 -1
vn -0 0 -1
vn -0 0 -1
vn -0 0 -1
vn -0 0 -1
vn -0 0 -1
vn 0 0 -1
vn 0 0 -1
vn 0 0 -1
vn 0 0 -1
vn 0 0 -1
vn -0 0 -1
vn -0 0 -1
vn -0 0 -1
vn -0 0 -1
vn -0 0 -1
vn -0 0 -1
vn -0 0 -1
vn -0 0 -1
vn -0 0 -1
vn -0 0 -1
vn -0 0 -1
vn -0 0 -1
vn -0 0 -1
vn -0 0 -1
vn -0 0 -1
vn -0 0 -1
vn -0 0 -1
vn -0 0 -1
vn -0 0 -1
vn -0 0 -1
vn -0 0 -1
vn -0 0 -1
vn -0 0 -1
vn -0 0 -1
vn -0 0 -1
vn -0 0 -1
vn -0 0 -1
vn -0 0 -1
vn -0 0 -1
vn -0 0 -1
vn -0 0 -1
vn -0 0 -1
vn -0 0 -1
vn -0 0 -1
vn -0 0 -1
vn -0 0 -1
vn -0 0 -1
vn -0 0 -1
vn -0 0 -1
vn -0 0 -1
vn -0 0 -1
vn -0 0 -1
vn -0 0 -1
vn -0 0 -1
vn -0 0 -1
vn -0 0 -1
vn -0 0 -1
vn -0 0 -1
vn -0 0 -1
vn 0 0 -1
vn 0 -0 -1
vn 0 0 -1
vn -0 0 -1
vn -0 0 -1
vn -0 0 -1
vn -0 0 -1
vn 0 0 -1
vn -0 0 -1
vn -0 0 -1
vn 0 0 -1
vn -0 0 -1
vn -0 0 -1
vn -0 0 -1
vn 0 -0 -1
vn -0 0 -1
vn -0 0 -1
vn -0 0 -1
vn -0 -0 -1
vn -0 -0 -1
vn -0 0 -1
vn -0 0 -1
vn -0 0 -1
vn -0 -0 -1
vn -0 0 -1
vn -0 0 -1
vn -0 0 -1
vn -0 0 -1
vn -0 0 -1
vn -0 0 -1
vn -0 0 -1
vn -0 0 -1
vn -0 0 -1
vn -0 0 -1
vn -0 0 -1
vn -0 0 -1
vn -0 0 -1
vn 0 0 -1
vn -0 -0 -1
vn -0 0 -1
vn -0 0 -1
vn -0 0 -1
vn -0 0 -1
vn 0 0 -1
vn 0 0 -1
vn 0 0 -1
vn 0 0 -1
vn 0 0 -1
vn 0 0 -1
vn 0 0 -1
vn -0 0 -1
vn -0 0 -1
vn -0 0 -1
vn 0 0 -1
vn -0 0 -1
vn -0 0 -1
vn -0 0 -1
vn -0 0 -1
vn -0 0 -1
vn -0 0 -1
vn -0 0 -1
vn -0 0 -1
vn -0 0 -1
vn -0 0 -1
vn -0 0 -1
vn -0 0 -1
vn -0 0 -1
vn -0 0 -1
vn -0 0 -1
vn -0 0 -1
vn -0 0 -1
vn -0 0 -1
vn -0 0 -1
vn -0 0 -1
vn -0 0 -1
vn -0 0 -1
vn -0 0 -1
vn -0 0 -1
vn -0 0 -1
vn -0 0 -1
vn -0 0 -1
vn -0 0 -1
vn 0 0 -1
vn 0 0 -1
vn 0 0 -1
vn -0 0 -1
vn 0 -0 -1
vn 0 0 -1
vn 0 0 -1
vn 0 0 -1
vn 0 0 -1
vn 0 0 -1
vn 0 0 -1
vn 0 0 -1
vn 0 0 -1
vn 0 0 -1
vn 0 0 -1
vn 0 0 -1
vn 0 0 -1
vn 0 0 -1
vn 0 -0 -1
vn 0 0 -1
vn 0 -0 -1
vn 0 -0 -1
vn 0 -0 -1
vn 0 -0 -1
vn 0 -0 -1
vn 0 -0 -1
vn -0 -0 -1
vn 0 0 -1
vn -0 0 -1
vn -0 0 -1
vn -0 0 -1
vn -0 0 -1
vn -0 0 -1
vn -0 0 -1
vn -0 0 -1
vn -0 0 -1
vn -0 0 -1
vn -0 0 -1
vn -0 0 -1
vn -0 0 -1
vn -0 -0 -1
vn -0 0 -1
vn 0 0 -1
vn 0.9964 0.08481 -0
vn 0.9964 -0.08481 -0
vn 0.9964 -0.08481 -0
vn 0.96773 -0.25198 -0
vn 0.96773 -0.25198 -0
vn 0.91123 -0.4119 -0
vn 0.91123 -0.4119 -0
vn 0.82851 -0.55997 -0
vn 0.82851 -0.55997 -0
vn 0.72196 -0.69194 -0
vn 0.72196 -0.69194 -0
vn 0.59463 -0.804 -0
vn 0.59463 -0.804 -0
vn 0.4502 -0.89293 -0
vn 0.4502 -0.89293 -0
vn 0.29282 -0.95617 -0
vn 0.29282 -0.95617 -0
vn 0.12702 -0.9919 -0
vn 0.12702 -0.9919 -0
vn -0.04244 -0.9991 -0
vn -0.04244 -0.9991 -0
vn -0.21068 -0.97756 -0
vn -0.21068 -0.97756 -0
vn -0.37286 -0.92789 -0
vn -0.37286 -0.92789 -0
vn -0.52431 -0.85153 -0
vn -0.52431 -0.85153 -0
vn -0.66067 -0.75067 -0
vn -0.66067 -0.75067 -0
vn -0.77804 -0.62822 -0
vn -0.77804 -0.62822 -0
vn -0.87301 -0.48769 -0
vn -0.87301 -0.48769 -0
vn -0.94288 -0.33314 -0
vn -0.94288 -0.33314 -0
vn -0.98562 -0.169 -0
vn -0.98562 -0.169 -0
vn -0.98562 0.169 0
vn -0.98562 0.169 0
vn -0.94288 0.33314 0
vn -0.94288 0.33314 0
vn -0.87301 0.48769 0
vn -0.87301 0.48769 0
vn -0.77804 0.62822 0
vn -0.77804 0.62822 0
vn -0.66067 0.75067 0
vn -0.66067 0.75067 0
vn -0.52431 0.85153 0
vn -0.52431 0.85153 0
vn -0.37286 0.92789 0
vn -0.37286 0.92789 0
vn -0.21068 0.97756 0
vn -0.21068 0.97756 0
vn -0.04244 0.9991 0
vn -0.04244 0.9991 0
vn 0.12702 0.9919 0
vn 0.12702 0.9919 0
vn 0.29282 0.95617 0
vn 0.29282 0.95617 0
vn 0.4502 0.89293 0
vn 0.4502 0.89293 0
vn 0.59463 0.804 0
vn 0.59463 0.804 0
vn 0.72196 0.69194 0
vn 0.72196 0.69194 0
vn 0.82851 0.55997 0
vn 0.82851 0.55997 0
vn 0.91123 0.4119 0
vn 0.91123 0.4119 0
vn 0.96773 0.25198 0
vn 0.96773 0.25198 0
vn 0.9964 0.08481 0
vn -0.9972 0.07473 0
vn -0.9972 -0.07473 -0
vn -0.9972 -0.07473 -0
vn -0.97493 -0.22252 -0
vn -0.97493 -0.22252 -0
vn -0.93087 -0.36534 -0
vn -0.93087 -0.36534 -0
vn -0.86603 -0.5 -0
vn -0.86603 -0.5 -0
vn -0.78183 -0.62349 -0
vn -0.78183 -0.62349 -0
vn -0.68017 -0.73305 -0
vn -0.68017 -0.73305 -0
vn -0.56332 -0.82624 -0
vn -0.56332 -0.82624 -0
vn -0.43388 -0.90097 -0
vn -0.43388 -0.90097 -0
vn -0.29476 -0.95557 -0
vn -0.29476 -0.95557 -0
vn -0.14904 -0.98883 -0
vn -0.14904 -0.98883 -0
vn -0 -1 -0
vn -0 -1 -0
vn 0.14904 -0.98883 -0
vn 0.14904 -0.98883 -0
vn 0.29476 -0.95557 -0
vn 0.29476 -0.95557 -0
vn 0.43388 -0.90097 -0
vn 0.43388 -0.90097 -0
vn 0.56332 -0.82624 -0
vn 0.56332 -0.82624 -0
vn 0.68017 -0.73305 -0
vn 0.68017 -0.73305 -0
vn 0.78183 -0.62349 -0
vn 0.78183 -0.62349 -0
vn 0.86603 -0.5 -0
vn 0.86603 -0.5 -0
vn 0.93087 -0.36534 -0
vn 0.93087 -0.36534 -0
vn 0.97493 -0.22252 -0
vn 0.97493 -0.22252 -0
vn 0.9972 -0.07473 -0
vn 0.9972 -0.07473 -0
vn 0.9972 0.07473 0
vn 0.9972 0.07473 0
vn 0.97493 0.22252 0
vn -0.9972 0.07473 0
vn -0.97493 0.22252 0
vn -0.97493 0.22252 0
vn -0.93087 0.36534 0
vn -0.93087 0.36534 0
vn -0.86603 0.5 0
vn -0.86603 0.5 0
vn -0.78183 0.62349 0
vn -0.78183 0.62349 0
vn -0.68017 0.73305 0
vn -0.68017 0.73305 0
vn -0.56332 0.82624 0
vn -0.56332 0.82624 0
vn -0.43388 0.90097 0
vn -0.43388 0.90097 0
vn -0.29476 0.95557 0
vn -0.29476 0.95557 0
vn -0.14904 0.98883 0
vn -0.14904 0.98883 0
vn 0 1 0
vn 0 1 0
vn 0.14904 0.98883 0
vn 0.14904 0.98883 0
vn 0.29476 0.95557 0
vn 0.29476 0.95557 0
vn 0.43388 0.90097 0
vn 0.43388 0.90097 0
vn 0.56332 0.82624 0
vn 0.56332 0.82624 0
vn 0.68017 0.73305 0
vn 0.68017 0.73305 0
vn 0.78183 0.62349 0
vn 0.78183 0.62349 0
vn 0.86603 0.5 0
vn 0.86603 0.5 0
vn 0.93087 0.36534 0
vn 0.93087 0.36534 0
vn 0.97493 0.22252 0
vn 0 0 -1
vn 0 -0 -1
vn 0 -0 -1
vn 0 -0 -1
vn 0 -0 -1
vn 0 -0 -1
vn 0 -0 -1
vn 0 -0 -1
vn 0 -0 -1
vn 0 -0 -1
vn 0 -0 -1
vn 0 -0 -1
vn 0 -0 -1
vn 0 -0 -1
vn 0 -0 -1
vn 0 -0 -1
vn 0 -0 -1
vn 0 -0 -1
vn 0 -0 -1
vn 0 -0 -1
vn -0 -0 -1
vn -0 -0 -1
vn -0 -0 -1
vn -0 -0 -1
vn -0 -0 -1
vn -0 -0 -1
vn -0 -0 -1
vn -0 -0 -1
vn -0 -0 -1
vn -0 -0 -1
vn -0 -0 -1
vn -0 -0 -1
vn -0 -0 -1
vn -0 -0 -1
vn -0 -0 -1
vn -0 -0 -1
vn -0 -0 -1
vn -0 -0 -1
vn -0 -0 -1
vn -0 0 -1
vn -0 0 -1
vn -0 0 -1
vn -0 0 -1
vn -0 0 -1
vn -0 0 -1
vn -0 0 -1
vn -0 0 -1
vn -0 0 -1
vn -0 0 -1
vn -0 0 -1
vn -0 0 -1
vn -0 0 -1
vn -0 0 -1
vn -0 0 -1
vn -0 0 -1
vn -0 0 -1
vn -0 0 -1
vn -0 0 -1
vn -0 0 -1
vn 0 0 -1
vn 0 0 -1
vn 0 0 -1
vn 0 0 -1
vn 0 0 -1
vn 0 0 -1
vn 0 0 -1
vn 0 0 -1
vn 0 0 -1
vn 0 0 -1
vn 0 0 -1
vn 0 0 -1
vn 0 0 -1
vn 0 0 -1
vn 0 0 -1
vn 0 0 -1
vn 0 0 -1
vn 0 0 -1
vn -0.70612 -0.05292 -0.70612
vn -0.70612 0.05292 -0.70612
vn -0.70291 0.05532 -0.70912
vn -0.69305 0.15818 -0.70332
vn -0.68289 0.16395 -0.71188
vn -0.66406 0.26062 -0.70079
vn -0.64656 0.26781 -0.71431
vn -0.61971 0.35779 -0.69853
vn -0.59487 0.36453 -0.71641
vn -0.56096 0.44735 -0.69656
vn -0.52912 0.45191 -0.7182
vn -0.48913 0.52716 -0.69488
vn -0.45092 0.52795 -0.71968
vn -0.40585 0.59528 -0.69349
vn -0.36214 0.59095 -0.72086
vn -0.31305 0.65005 -0.69241
vn -0.26488 0.63948 -0.72174
vn -0.21289 0.69016 -0.69163
vn -0.16144 0.67245 -0.72232
vn -0.10771 0.71462 -0.69117
vn -0.05424 0.68912 -0.72261
vn -0 0.72284 -0.69101
vn 0.05424 0.68912 -0.72261
vn 0.10771 0.71462 -0.69117
vn 0.16144 0.67245 -0.72232
vn 0.21289 0.69016 -0.69163
vn 0.26488 0.63948 -0.72174
vn 0.31305 0.65005 -0.69241
vn 0.36214 0.59095 -0.72086
vn 0.40585 0.59528 -0.69349
vn 0.45092 0.52795 -0.71968
vn 0.48913 0.52716 -0.69488
vn 0.52912 0.45191 -0.7182
vn 0.56096 0.44735 -0.69656
vn 0.59487 0.36453 -0.71641
vn 0.61971 0.35779 -0.69853
vn 0.64656 0.26781 -0.71431
vn 0.66406 0.26062 -0.70079
vn 0.68289 0.16395 -0.71188
vn 0.69305 0.15818 -0.70332
vn 0.70291 0.05532 -0.70912
vn 0.70612 0.05292 -0.70612
vn 0.70612 -0.05292 -0.70612
vn 0.70291 -0.05532 -0.70912
vn 0.69305 -0.15818 -0.70332
vn 0.68289 -0.16395 -0.71188
vn 0.66406 -0.26062 -0.70079
vn 0.64656 -0.26781 -0.71431
vn 0.61971 -0.35779 -0.69853
vn 0.59487 -0.36453 -0.71641
vn 0.56096 -0.44735 -0.69656
vn 0.52912 -0.45191 -0.7182
vn 0.48913 -0.52716 -0.69488
vn 0.45092 -0.52795 -0.71968
vn 0.40585 -0.59528 -0.69349
vn 0.36214 -0.59095 -0.72086
vn 0.31305 -0.65005 -0.69241
vn 0.26488 -0.63948 -0.72174
vn 0.21289 -0.69016 -0.69163
vn 0.16144 -0.67245 -0.72232
vn 0.10771 -0.71462 -0.69117
vn 0.05424 -0.68912 -0.72261
vn -0 -0.72284 -0.69101
vn -0.05424 -0.68912 -0.72261
vn -0.10771 -0.71462 -0.69117
vn -0.16144 -0.67245 -0.72232
vn -0.21289 -0.69016 -0.69163
vn -0.26488 -0.63948 -0.72174
vn -0.31305 -0.65005 -0.69241
vn -0.36214 -0.59095 -0.72086
vn -0.40585 -0.59528 -0.69349
vn -0.45092 -0.52795 -0.71968
vn -0.48913 -0.52716 -0.69488
vn -0.52912 -0.45191 -0.7182
vn -0.56096 -0.44735 -0.69656
vn -0.59487 -0.36453 -0.71641
vn -0.61971 -0.35779 -0.69853
vn -0.64656 -0.26781 -0.71431
vn -0.66406 -0.26062 -0.70079
vn -0.68289 -0.16395 -0.71188
vn -0.69305 -0.15818 -0.70332
vn -0.70291 -0.05532 -0.70912
usemtl mat2
f 3//2 2//2 4//2
f 4//3 2//3 5//3
f 4//4 5//4 6//4
f 6//5 5//5 7//5
f 6//6 7//6 8//6
f 8//7 7//7 9//7
f 8//8 9//8 10//8
f 10//9 9//9 11//9
f 10//10 11//10 12//10
f 12//11 11//11 13//11
f 14//1 15//1 16//1
f 16//2 15//2 17//2
f 17//3 15//3 18//3
f 17//4 18//4 19//4
f 19//5 18//5 20//5
f 19//6 20//6 21//6
f 21//7 20//7 22//7
f 21//8 22//8 23//8
f 23//9 22//9 24//9
f 23//10 24//10 25//10
f 25//11 24//11 26//11
f 27//12 1//12 28//12
f 28//13 1//13 3//13
f 28//13 3//13 29//13
f 29//14 3//14 4//14
f 29//14 4//14 30//14
f 30//15 4//15 6//15
f 30//15 6//15 31//15
f 31//16 6//16 8//16
f 31//16 8//16 32//16
f 32//17 8//17 10//17
f 32//17 10//17 33//17
f 33//18 10//18 12//18
f 33//18 12//18 34//18
f 34//19 12//19 13//19
f 34//19 13//19 35//19
f 35//20 13//20 11//20
f 35//20 11//20 36//20
f 36//21 11//21 9//21
f 36//21 9//21 37//21
f 37//22 9//22 7//22
f 37//22 7//22 38//22
f 38//23 7//23 5//23
f 38//23 5//23 39//23
f 39//24 5//24 2//24
f 39//24 2//24 27//24
f 27//12 2//12 1//12
f 40//12 14//12 41//12
f 41//13 14//13 16//13
f 41//13 16//13 42//13
f 42//14 16//14 17//14
f 42//14 17//14 43//14
f 43//15 17//15 19//15
f 43//15 19//15 44//15
f 44//16 19//16 21//16
f 44//16 21//16 45//16
f 45//17 21//17 23//17
f 45//17 23//17 46//17
f 46//18 23//18 25//18
f 46//18 25//18 47//18
f 47//19 25//19 26//19
f 47//19 26//19 48//19
f 48//20 26//20 24//20
f 48//20 24//20 49//20
f 49//21 24//21 22//21
f 49//21 22//21 50//21
f 50//22 22//22 20//22
f 50//22 20//22 51//22
f 51//23 20//23 18//23
f 51//23 18//23 52//23
f 52//24 18//24 15//24
f 52//24 15//24 40//24
f 40//12 15//12 14//12
f 53//25 54//25 55//25
f 55//25 54//25 56//25
f 55//25 56//25 57//25
f 57//25 56//25 58//25
f 57//25 58//25 59//25
f 59//25 58//25 60//25
f 59//25 60//25 61//25
f 61//25 60//25 62//25
f 61//25 62//25 63//25
f 61//25 63//25 64//25
f 64//25 63//25 65//25
f 64//25 65//25 66//25
f 66//25 65//25 67//25
f 66//25 67//25 68//25
f 68//25 67//25 69//25
f 68//25 69//25 70//25
f 68//25 70//25 71//25
f 71//25 70//25 72//25
f 71//25 72//25 73//25
f 73//25 72//25 74//25
f 73//25 74//25 75//25
f 75//25 74//25 76//25
f 75//25 76//25 77//25
f 75//25 77//25 78//25
f 78//25 77//25 79//25
f 78//25 79//25 80//25
f 80//25 79//25 81//25
f 80//25 81//25 82//25
f 82//25 81//25 83//25
f 82//25 83//25 84//25
f 82//25 84//25 85//25
f 85//25 84//25 86//25
f 85//25 86//25 87//25
f 87//25 86//25 53//25
f 87//25 53//25 55//25
f 88//25 89//25 90//25
f 90//25 89//25 91//25
f 90//25 91//25 92//25
f 92//25 91//25 93//25
f 92//25 93//25 94//25
f 94//25 93//25 95//25
f 94//25 95//25 96//25
f 96//25 95//25 97//25
f 96//25 97//25 98//25
f 96//25 98//25 99//25
f 99//25 98//25 100//25
f 99//25 100//25 101//25
f 101//25 100//25 102//25
f 101//25 102//25 103//25
f 103//25 102//25 104//25
f 103//25 104//25 105//25
f 103//25 105//25 106//25
f 106//25 105//25 107//25
f 106//25 107//25 108//25
f 108//25 107//25 109//25
f 108//25 109//25 110//25
f 110//25 109//25 111//25
f 110//25 111//25 112//25
f 110//25 112//25 113//25
f 113//25 112//25 114//25
f 113//25 114//25 115//25
f 115//25 114//25 116//25
f 115//25 116//25 117//25
f 117//25 116//25 118//25
f 117//25 118//25 119//25
f 117//25 119//25 120//25
f 120//25 119//25 121//25
f 120//25 121//25 122//25
f 122//25 121//25 88//25
f 122//25 88//25 90//25
f 57//26 123//26 55//26
f 55//27 123//27 124//27
f 55//28 124//28 87//28
f 87//29 124//29 125//29
f 87//30 125//30 85//30
f 85//31 125//31 126//31
f 85//31 126//31 82//31
f 82//32 126//32 127//32
f 82//33 127//33 80//33
f 80//34 127//34 128//34
f 80//35 128//35 78//35
f 78//36 128//36 129//36
f 78//37 129//37 75//37
f 75//38 129//38 130//38
f 75//39 130//39 73//39
f 73//40 130//40 131//40
f 73//40 131//40 71//40
f 71//41 131//41 132//41
f 71//42 132//42 68//42
f 68//43 132//43 133//43
f 68//44 133//44 66//44
f 66//45 133//45 134//45
f 66//46 134//46 64//46
f 64//47 134//47 135//47
f 64//48 135//48 61//48
f 61//49 135//49 136//49
f 61//49 136//49 59//49
f 59//50 136//50 137//50
f 59//51 137//51 57//51
f 57//52 137//52 123//52
f 92//26 138//26 90//26
f 90//27 138//27 139//27
f 90//53 139//53 122//53
f 122//54 139//54 140//54
f 122//30 140//30 120//30
f 120//31 140//31 141//31
f 120//31 141//31 117//31
f 117//32 141//32 142//32
f 117//33 142//33 115//33
f 115//34 142//34 143//34
f 115//55 143//55 113//55
f 113//36 143//36 144//36
f 113//37 144//37 110//37
f 110//38 144//38 145//38
f 110//39 145//39 108//39
f 108//40 145//40 146//40
f 108//40 146//40 106//40
f 106//56 146//56 147//56
f 106//42 147//42 103//42
f 103//43 147//43 148//43
f 103//44 148//44 101//44
f 101//45 148//45 149//45
f 101//46 149//46 99//46
f 99//47 149//47 150//47
f 99//48 150//48 96//48
f 96//49 150//49 151//49
f 96//49 151//49 94//49
f 94//50 151//50 152//50
f 94//51 152//51 92//51
f 92//52 152//52 138//52
f 153//26 154//26 155//26
f 155//27 154//27 156//27
f 155//27 156//27 157//27
f 157//30 156//30 158//30
f 157//30 158//30 159//30
f 159//31 158//31 160//31
f 159//57 160//57 161//57
f 161//58 160//58 162//58
f 161//59 162//59 163//59
f 163//60 162//60 164//60
f 163//55 164//55 165//55
f 165//36 164//36 166//36
f 165//37 166//37 167//37
f 167//38 166//38 168//38
f 167//39 168//39 169//39
f 169//40 168//40 170//40
f 169//40 170//40 171//40
f 171//56 170//56 172//56
f 171//42 172//42 173//42
f 173//43 172//43 174//43
f 173//44 174//44 175//44
f 175//45 174//45 176//45
f 175//46 176//46 177//46
f 177//47 176//47 178//47
f 177//61 178//61 179//61
f 179//62 178//62 180//62
f 179//49 180//49 181//49
f 181//50 180//50 182//50
f 181//63 182//63 153//63
f 153//52 182//52 154//52
f 183//26 184//26 185//26
f 185//27 184//27 186//27
f 185//64 186//64 187//64
f 187//65 186//65 188//65
f 187//66 188//66 189//66
f 189//67 188//67 190//67
f 189//57 190//57 191//57
f 191//58 190//58 192//58
f 191//68 192//68 193//68
f 193//69 192//69 194//69
f 193//70 194//70 195//70
f 195//37 194//37 196//37
f 195//37 196//37 197//37
f 197//38 196//38 198//38
f 197//38 198//38 199//38
f 199//40 198//40 200//40
f 199//40 200//40 201//40
f 201//42 200//42 202//42
f 201//42 202//42 203//42
f 203//43 202//43 204//43
f 203//43 204//43 205//43
f 205//71 204//71 206//71
f 205//71 206//71 207//71
f 207//48 206//48 208//48
f 207//61 208//61 209//61
f 209//62 208//62 210//62
f 209//49 210//49 211//49
f 211//50 210//50 212//50
f 211//72 212//72 183//72
f 183//73 212//73 184//73
f 213//74 214//74 28//74
f 28//75 214//75 215//75
f 28//76 215//76 27//76
f 27//77 215//77 216//77
f 27//78 216//78 39//78
f 39//79 216//79 217//79
f 39//80 217//80 38//80
f 38//81 217//81 218//81
f 38//82 218//82 37//82
f 37//83 218//83 219//83
f 37//84 219//84 36//84
f 36//85 219//85 220//85
f 36//86 220//86 35//86
f 35//87 220//87 221//87
f 35//88 221//88 222//88
f 35//89 222//89 34//89
f 34//90 222//90 223//90
f 34//91 223//91 33//91
f 33//92 223//92 224//92
f 33//93 224//93 32//93
f 32//94 224//94 225//94
f 32//95 225//95 31//95
f 31//96 225//96 226//96
f 31//97 226//97 30//97
f 30//98 226//98 227//98
f 30//99 227//99 29//99
f 29//100 227//100 213//100
f 29//101 213//101 28//101
f 228//74 229//74 41//74
f 41//75 229//75 230//75
f 41//76 230//76 40//76
f 40//77 230//77 231//77
f 40//78 231//78 52//78
f 52//79 231//79 232//79
f 52//80 232//80 51//80
f 51//81 232//81 233//81
f 51//82 233//82 50//82
f 50//83 233//83 234//83
f 50//84 234//84 49//84
f 49//85 234//85 235//85
f 49//86 235//86 48//86
f 48//87 235//87 236//87
f 48//88 236//88 237//88
f 48//89 237//89 47//89
f 47//90 237//90 238//90
f 47//91 238//91 46//91
f 46//92 238//92 239//92
f 46//93 239//93 45//93
f 45//94 239//94 240//94
f 45//95 240//95 44//95
f 44//96 240//96 241//96
f 44//97 241//97 43//97
f 43//98 241//98 242//98
f 43//99 242//99 42//99
f 42//100 242//100 228//100
f 42//101 228//101 41//101
f 243//102 170//102 244//102
f 244//102 170//102 168//102
f 244//102 168//102 245//102
f 245//102 168//102 166//102
f 245//102 166//102 246//102
f 246//102 166//102 247//102
f 247//102 166//102 164//102
f 247//102 164//102 248//102
f 248//102 164//102 162//102
f 248//102 162//102 249//102
f 249//102 162//102 160//102
f 249//102 160//102 250//102
f 250//102 160//102 251//102
f 251//102 160//102 158//102
f 251//102 158//102 252//102
f 252//102 158//102 156//102
f 252//102 156//102 253//102
f 253//102 156//102 154//102
f 253//102 154//102 254//102
f 254//102 154//102 255//102
f 255//102 154//102 182//102
f 255//102 182//102 256//102
f 256//102 182//102 180//102
f 256//102 180//102 257//102
f 257//102 180//102 178//102
f 257//102 178//102 258//102
f 258//102 178//102 259//102
f 259//102 178//102 176//102
f 259//102 176//102 260//102
f 260//102 176//102 174//102
f 260//102 174//102 261//102
f 261//102 174//102 172//102
f 261//102 172//102 262//102
f 262//102 172//102 243//102
f 243//102 172//102 170//102
f 263//102 200//102 264//102
f 264//102 200//102 198//102
f 264//102 198//102 265//102
f 265//102 198//102 196//102
f 265//102 196//102 266//102
f 266//102 196//102 267//102
f 267//102 196//102 194//102
f 267//102 194//102 268//102
f 268//102 194//102 192//102
f 268//102 192//102 269//102
f 269//102 192//102 190//102
f 269//102 190//102 270//102
f 270//102 190//102 271//102
f 271//102 190//102 188//102
f 271//102 188//102 272//102
f 272//102 188//102 186//102
f 272//102 186//102 273//102
f 273//102 186//102 184//102
f 273//102 184//102 274//102
f 274//102 184//102 275//102
f 275//102 184//102 212//102
f 275//102 212//102 276//102
f 276//102 212//102 210//102
f 276//102 210//102 277//102
f 277//102 210//102 208//102
f 277//102 208//102 278//102
f 278//102 208//102 279//102
f 279//102 208//102 206//102
f 279//102 206//102 280//102
f 280//102 206//102 204//102
f 280//102 204//102 281//102
f 281//102 204//102 202//102
f 281//102 202//102 282//102
f 282//102 202//102 263//102
f 263//102 202//102 200//102
f 283//103 284//103 285//103
f 285//104 284//104 286//104
f 285//105 286//105 287//105
f 287//106 286//106 288//106
f 287//107 288//107 289//107
f 289//108 288//108 290//108
f 289//109 290//109 291//109
f 291//110 290//110 292//110
f 291//111 292//111 293//111
f 293//112 292//112 294//112
f 284//107 283//107 295//107
f 295//108 283//108 296//108
f 295//109 296//109 297//109
f 297//110 296//110 298//110
f 297//111 298//111 299//111
f 299//113 298//113 300//113
f 301//114 302//114 303//114
f 303//115 302//115 304//115
f 303//116 304//116 305//116
f 305//117 304//117 306//117
f 305//118 306//118 307//118
f 307//119 306//119 308//119
f 307//120 308//120 309//120
f 309//121 308//121 310//121
f 309//122 310//122 311//122
f 311//123 310//123 312//123
f 311//124 312//124 313//124
f 313//125 312//125 314//125
f 313//126 314//126 315//126
f 315//127 314//127 316//127
f 315//128 316//128 317//128
f 317//129 316//129 318//129
f 317//130 318//130 319//130
f 319//131 318//131 320//131
f 319//132 320//132 321//132
f 321//133 320//133 322//133
f 321//134 322//134 323//134
f 323//135 322//135 324//135
f 323//136 324//136 325//136
f 325//137 324//137 326//137
f 325//138 326//138 327//138
f 327//139 326//139 328//139
f 327//140 328//140 329//140
f 329//141 328//141 330//141
f 329//142 330//142 331//142
f 331//143 330//143 332//143
f 331//144 332//144 333//144
f 333//145 332//145 334//145
f 333//146 334//146 335//146
f 335//147 334//147 336//147
f 335//148 336//148 337//148
f 337//149 336//149 338//149
f 337//150 338//150 339//150
f 339//151 338//151 340//151
f 339//152 340//152 341//152
f 341//153 340//153 342//153
f 341//154 342//154 343//154
f 343//155 342//155 344//155
f 343//156 344//156 345//156
f 345//157 344//157 346//157
f 345//158 346//158 347//158
f 347//159 346//159 348//159
f 347//160 348//160 349//160
f 349//161 348//161 350//161
f 349//162 350//162 351//162
f 351//163 350//163 352//163
f 351//164 352//164 301//164
f 301//165 352//165 302//165
f 353//114 354//114 355//114
f 355//115 354//115 356//115
f 355//116 356//116 357//116
f 357//117 356//117 358//117
f 357//118 358//118 359//118
f 359//119 358//119 360//119
f 359//120 360//120 361//120
f 361//121 360//121 362//121
f 361//122 362//122 363//122
f 363//123 362//123 364//123
f 363//124 364//124 365//124
f 365//125 364//125 366//125
f 365//126 366//126 367//126
f 367//127 366//127 368//127
f 367//128 368//128 369//128
f 369//129 368//129 370//129
f 369//130 370//130 371//130
f 371//131 370//131 372//131
f 371//132 372//132 373//132
f 373//133 372//133 374//133
f 373//134 374//134 375//134
f 375//135 374//135 376//135
f 375//136 376//136 377//136
f 377//137 376//137 378//137
f 377//138 378//138 379//138
f 379//139 378//139 380//139
f 379//140 380//140 381//140
f 381//141 380//141 382//141
f 381//142 382//142 383//142
f 383//143 382//143 384//143
f 383//144 384//144 385//144
f 385//145 384//145 386//145
f 385//146 386//146 387//146
f 387//147 386//147 388//147
f 387//148 388//148 389//148
f 389//149 388//149 390//149
f 389//150 390//150 391//150
f 391//151 390//151 392//151
f 391//152 392//152 393//152
f 393//153 392//153 394//153
f 393//166 394//166 395//166
f 395//155 394//155 396//155
f 395//156 396//156 397//156
f 397//157 396//157 398//157
f 397//158 398//158 399//158
f 399//159 398//159 400//159
f 399//160 400//160 401//160
f 401//161 400//161 402//161
f 401//162 402//162 403//162
f 403//163 402//163 404//163
f 403//164 404//164 353//164
f 353//165 404//165 354//165
f 405//114 406//114 407//114
f 407//167 406//167 408//167
f 407//116 408//116 409//116
f 409//117 408//117 410//117
f 409//118 410//118 411//118
f 411//119 410//119 412//119
f 411//120 412//120 413//120
f 413//121 412//121 414//121
f 413//122 414//122 415//122
f 415//123 414//123 416//123
f 415//124 416//124 417//124
f 417//125 416//125 418//125
f 417//126 418//126 419//126
f 419//127 418//127 420//127
f 419//128 420//128 421//128
f 421//129 420//129 422//129
f 421//130 422//130 423//130
f 423//131 422//131 424//131
f 423//132 424//132 425//132
f 425//133 424//133 426//133
f 425//134 426//134 427//134
f 427//135 426//135 428//135
f 427//136 428//136 429//136
f 429//137 428//137 430//137
f 429//138 430//138 431//138
f 431//139 430//139 432//139
f 431//140 432//140 433//140
f 433//168 432//168 434//168
f 433//142 434//142 435//142
f 435//143 434//143 436//143
f 435//144 436//144 437//144
f 437//145 436//145 438//145
f 437//146 438//146 439//146
f 439//147 438//147 440//147
f 439//148 440//148 441//148
f 441//149 440//149 442//149
f 441//150 442//150 443//150
f 443//151 442//151 444//151
f 443//152 444//152 445//152
f 445//153 444//153 446//153
f 445//166 446//166 447//166
f 447//155 446//155 448//155
f 447//156 448//156 449//156
f 449//157 448//157 450//157
f 449//158 450//158 451//158
f 451//159 450//159 452//159
f 451//160 452//160 453//160
f 453//161 452//161 454//161
f 453//162 454//162 455//162
f 455//163 454//163 456//163
f 455//164 456//164 405//164
f 405//165 456//165 406//165
f 457//114 458//114 459//114
f 459//167 458//167 460//167
f 459//116 460//116 461//116
f 461//117 460//117 462//117
f 461//118 462//118 463//118
f 463//119 462//119 464//119
f 463//120 464//120 465//120
f 465//121 464//121 466//121
f 465//122 466//122 467//122
f 467//123 466//123 468//123
f 467//124 468//124 469//124
f 469//125 468//125 470//125
f 469//126 470//126 471//126
f 471//127 470//127 472//127
f 471//128 472//128 473//128
f 473//129 472//129 474//129
f 473//130 474//130 475//130
f 475//131 474//131 476//131
f 475//132 476//132 477//132
f 477//133 476//133 478//133
f 477//134 478//134 479//134
f 479//135 478//135 480//135
f 479//136 480//136 481//136
f 481//137 480//137 482//137
f 481//138 482//138 483//138
f 483//139 482//139 484//139
f 483//140 484//140 485//140
f 485//168 484//168 486//168
f 485//142 486//142 487//142
f 487//143 486//143 488//143
f 487//144 488//144 489//144
f 489//145 488//145 490//145
f 489//146 490//146 491//146
f 491//147 490//147 492//147
f 491//148 492//148 493//148
f 493//149 492//149 494//149
f 493//150 494//150 495//150
f 495//151 494//151 496//151
f 495//152 496//152 497//152
f 497//153 496//153 498//153
f 497//154 498//154 499//154
f 499//155 498//155 500//155
f 499//156 500//156 501//156
f 501//157 500//157 502//157
f 501//158 502//158 503//158
f 503//159 502//159 504//159
f 503//160 504//160 505//160
f 505//161 504//161 506//161
f 505//162 506//162 507//162
f 507//163 506//163 508//163
f 507//164 508//164 457//164
f 457//165 508//165 458//165
f 509//169 56//169 510//169
f 510//169 56//169 54//169
f 510//170 54//170 511//170
f 511//170 54//170 53//170
f 511//171 53//171 512//171
f 512//171 53//171 86//171
f 512//172 86//172 513//172
f 513//172 86//172 84//172
f 513//173 84//173 514//173
f 514//173 84//173 83//173
f 514//174 83//174 515//174
f 515//174 83//174 81//174
f 515//175 81//175 516//175
f 516//175 81//175 79//175
f 516//176 79//176 517//176
f 517//176 79//176 77//176
f 517//177 77//177 518//177
f 518//177 77//177 76//177
f 518//178 76//178 519//178
f 519//178 76//178 74//178
f 519//179 74//179 520//179
f 520//179 74//179 72//179
f 520//180 72//180 521//180
f 521//180 72//180 70//180
f 521//181 70//181 522//181
f 522//181 70//181 69//181
f 522//182 69//182 523//182
f 523//182 69//182 67//182
f 523//183 67//183 524//183
f 524//183 67//183 65//183
f 524//184 65//184 525//184
f 525//184 65//184 63//184
f 525//185 63//185 526//185
f 526//185 63//185 62//185
f 526//186 62//186 527//186
f 527//186 62//186 60//186
f 527//187 60//187 528//187
f 528//187 60//187 58//187
f 528//188 58//188 509//188
f 509//188 58//188 56//188
f 529//169 91//169 530//169
f 530//169 91//169 89//169
f 530//170 89//170 531//170
f 531//170 89//170 88//170
f 531//171 88//171 532//171
f 532//171 88//171 121//171
f 532//172 121//172 533//172
f 533//172 121//172 119//172
f 533//173 119//173 534//173
f 534//173 119//173 118//173
f 534//174 118//174 535//174
f 535//174 118//174 116//174
f 535//175 116//175 536//175
f 536//175 116//175 114//175
f 536//176 114//176 537//176
f 537//176 114//176 112//176
f 537//177 112//177 538//177
f 538//177 112//177 111//177
f 538//178 111//178 539//178
f 539//178 111//178 109//178
f 539//179 109//179 540//179
f 540//179 109//179 107//179
f 540//180 107//180 541//180
f 541//180 107//180 105//180
f 541//181 105//181 542//181
f 542//181 105//181 104//181
f 542//182 104//182 543//182
f 543//182 104//182 102//182
f 543//183 102//183 544//183
f 544//183 102//183 100//183
f 544//184 100//184 545//184
f 545//184 100//184 98//184
f 545//185 98//185 546//185
f 546//185 98//185 97//185
f 546//186 97//186 547//186
f 547//186 97//186 95//186
f 547//187 95//187 548//187
f 548//187 95//187 93//187
f 548//188 93//188 529//188
f 529//188 93//188 91//188
f 549//189 550//189 551//189
f 551//190 550//190 552//190
f 551//191 552//191 553//191
f 553//191 552//191 554//191
f 553//192 145//192 555//192
f 555//193 145//193 144//193
f 555//194 144//194 143//194
f 554//195 134//195 553//195
f 553//196 134//196 150//196
f 553//197 150//197 149//197
f 556//198 123//198 554//198
f 554//199 123//199 137//199
f 554//200 137//200 136//200
f 555//201 127//201 556//201
f 556//202 127//202 126//202
f 556//203 126//203 125//203
f 136//204 135//204 554//204
f 554//205 135//205 134//205
f 134//102 133//102 150//102
f 150//102 133//102 151//102
f 151//102 133//102 132//102
f 151//102 132//102 152//102
f 152//102 132//102 131//102
f 152//102 131//102 138//102
f 138//102 131//102 130//102
f 138//102 130//102 139//102
f 139//102 130//102 129//102
f 139//102 129//102 140//102
f 140//102 129//102 128//102
f 140//102 128//102 141//102
f 141//102 128//102 127//102
f 141//206 127//206 555//206
f 125//207 124//207 556//207
f 556//208 124//208 123//208
f 149//209 148//209 553//209
f 553//210 148//210 147//210
f 553//211 147//211 146//211
f 146//212 145//212 553//212
f 143//213 142//213 555//213
f 555//214 142//214 141//214
f 557//215 155//215 558//215
f 558//216 155//216 157//216
f 558//217 157//217 159//217
f 559//218 177//218 557//218
f 557//219 177//219 179//219
f 557//220 179//220 181//220
f 560//221 199//221 559//221
f 559//222 199//222 201//222
f 559//223 201//223 203//223
f 558//224 163//224 560//224
f 560//225 163//225 191//225
f 560//226 191//226 193//226
f 159//227 161//227 558//227
f 558//228 161//228 163//228
f 163//25 165//25 191//25
f 191//25 165//25 189//25
f 189//25 165//25 167//25
f 189//25 167//25 187//25
f 187//25 167//25 169//25
f 187//25 169//25 185//25
f 185//25 169//25 171//25
f 185//25 171//25 183//25
f 183//25 171//25 173//25
f 183//25 173//25 211//25
f 211//25 173//25 175//25
f 211//25 175//25 209//25
f 209//25 175//25 177//25
f 209//229 177//229 559//229
f 181//230 153//230 557//230
f 557//231 153//231 155//231
f 193//232 195//232 560//232
f 560//233 195//233 197//233
f 560//234 197//234 199//234
f 203//235 205//235 559//235
f 559//236 205//236 207//236
f 559//237 207//237 209//237
f 561//238 229//238 560//238
f 560//239 229//239 228//239
f 560//240 228//240 242//240
f 562//241 231//241 561//241
f 561//242 231//242 230//242
f 561//243 230//243 229//243
f 563//244 413//244 562//244
f 562//245 413//245 415//245
f 562//246 415//246 231//246
f 231//247 415//247 232//247
f 232//248 415//248 417//248
f 232//249 417//249 233//249
f 233//250 417//250 419//250
f 233//251 419//251 499//251
f 499//252 419//252 421//252
f 499//253 421//253 497//253
f 497//254 421//254 423//254
f 497//255 423//255 495//255
f 495//256 423//256 425//256
f 495//257 425//257 493//257
f 493//258 425//258 363//258
f 493//258 363//258 347//258
f 347//259 363//259 365//259
f 347//260 365//260 345//260
f 345//255 365//255 367//255
f 345//254 367//254 343//254
f 343//253 367//253 341//253
f 341//252 367//252 369//252
f 341//261 369//261 225//261
f 225//262 369//262 371//262
f 225//263 371//263 226//263
f 226//264 371//264 373//264
f 226//265 373//265 227//265
f 227//266 373//266 564//266
f 227//267 564//267 565//267
f 563//268 566//268 413//268
f 413//269 566//269 411//269
f 411//270 566//270 567//270
f 411//271 567//271 409//271
f 409//272 567//272 568//272
f 409//273 568//273 407//273
f 407//274 568//274 405//274
f 405//275 568//275 569//275
f 405//276 569//276 455//276
f 455//277 569//277 453//277
f 453//278 569//278 570//278
f 453//279 570//279 451//279
f 451//280 570//280 449//280
f 449//281 570//281 571//281
f 449//282 571//282 447//282
f 447//283 571//283 572//283
f 447//284 572//284 445//284
f 445//285 572//285 443//285
f 443//286 572//286 573//286
f 443//287 573//287 441//287
f 441//288 573//288 574//288
f 441//289 574//289 439//289
f 439//290 574//290 575//290
f 439//291 575//291 576//291
f 439//292 576//292 437//292
f 437//293 576//293 577//293
f 437//294 577//294 578//294
f 437//295 578//295 403//295
f 403//296 578//296 579//296
f 403//297 579//297 401//297
f 401//298 579//298 580//298
f 401//299 580//299 581//299
f 401//300 581//300 399//300
f 399//301 581//301 582//301
f 399//302 582//302 397//302
f 397//303 582//303 583//303
f 397//304 583//304 395//304
f 395//305 583//305 393//305
f 393//306 583//306 584//306
f 393//307 584//307 391//307
f 391//308 584//308 585//308
f 391//309 585//309 389//309
f 389//310 585//310 387//310
f 387//277 585//277 586//277
f 387//277 586//277 385//277
f 385//311 586//311 383//311
f 383//312 586//312 587//312
f 383//313 587//313 381//313
f 381//314 587//314 379//314
f 379//315 587//315 588//315
f 379//316 588//316 377//316
f 377//317 588//317 589//317
f 377//318 589//318 375//318
f 375//319 589//319 590//319
f 375//320 590//320 564//320
f 555//321 214//321 565//321
f 565//322 214//322 213//322
f 565//323 213//323 227//323
f 556//324 218//324 555//324
f 555//325 218//325 217//325
f 555//326 217//326 216//326
f 591//327 222//327 556//327
f 556//328 222//328 221//328
f 556//329 221//329 220//329
f 222//330 591//330 223//330
f 223//331 591//331 592//331
f 223//332 592//332 337//332
f 337//245 592//245 335//245
f 335//244 592//244 593//244
f 335//268 593//268 594//268
f 335//269 594//269 333//269
f 333//270 594//270 595//270
f 333//333 595//333 331//333
f 331//334 595//334 596//334
f 331//335 596//335 329//335
f 329//336 596//336 327//336
f 327//337 596//337 597//337
f 327//338 597//338 325//338
f 325//339 597//339 323//339
f 323//340 597//340 598//340
f 323//341 598//341 321//341
f 321//342 598//342 319//342
f 319//343 598//343 599//343
f 319//344 599//344 317//344
f 317//345 599//345 600//345
f 317//346 600//346 315//346
f 315//347 600//347 313//347
f 313//348 600//348 601//348
f 313//349 601//349 311//349
f 311//277 601//277 602//277
f 311//350 602//350 309//350
f 309//351 602//351 603//351
f 309//352 603//352 604//352
f 309//353 604//353 307//353
f 307//354 604//354 605//354
f 307//355 605//355 606//355
f 307//356 606//356 481//356
f 481//357 606//357 607//357
f 481//358 607//358 479//358
f 479//359 607//359 608//359
f 479//360 608//360 609//360
f 479//361 609//361 477//361
f 477//277 609//277 610//277
f 477//362 610//362 475//362
f 475//363 610//363 611//363
f 475//364 611//364 473//364
f 473//365 611//365 471//365
f 471//366 611//366 612//366
f 471//367 612//367 469//367
f 469//368 612//368 613//368
f 469//369 613//369 467//369
f 467//370 613//370 465//370
f 465//371 613//371 614//371
f 465//372 614//372 463//372
f 463//373 614//373 461//373
f 461//374 614//374 615//374
f 461//375 615//375 459//375
f 459//376 615//376 457//376
f 457//377 615//377 616//377
f 457//378 616//378 507//378
f 507//379 616//379 617//379
f 507//380 617//380 505//380
f 505//381 617//381 618//381
f 505//382 618//382 619//382
f 620//383 235//383 619//383
f 619//384 235//384 503//384
f 619//385 503//385 505//385
f 235//386 620//386 236//386
f 236//387 620//387 558//387
f 236//388 558//388 237//388
f 237//389 558//389 238//389
f 238//390 558//390 239//390
f 239//391 558//391 240//391
f 240//392 558//392 560//392
f 240//393 560//393 241//393
f 241//394 560//394 242//394
f 225//395 224//395 341//395
f 341//396 224//396 339//396
f 339//397 224//397 337//397
f 337//398 224//398 223//398
f 220//399 219//399 556//399
f 556//400 219//400 218//400
f 216//401 215//401 555//401
f 555//402 215//402 214//402
f 235//403 234//403 503//403
f 503//404 234//404 501//404
f 501//405 234//405 499//405
f 499//406 234//406 233//406
f 305//407 483//407 303//407
f 303//408 483//408 485//408
f 303//409 485//409 301//409
f 301//410 485//410 487//410
f 301//411 487//411 351//411
f 351//412 487//412 489//412
f 351//413 489//413 349//413
f 349//414 489//414 491//414
f 349//415 491//415 347//415
f 347//416 491//416 493//416
f 483//411 305//411 481//411
f 481//417 305//417 307//417
f 357//418 431//418 355//418
f 355//419 431//419 433//419
f 355//420 433//420 353//420
f 353//410 433//410 435//410
f 353//411 435//411 403//411
f 403//412 435//412 437//412
f 431//421 357//421 429//421
f 429//422 357//422 359//422
f 429//423 359//423 427//423
f 427//424 359//424 361//424
f 427//425 361//425 425//425
f 425//426 361//426 363//426
f 373//427 375//427 564//427
f 621//428 622//428 623//428
f 623//429 622//429 624//429
f 623//430 624//430 557//430
f 557//430 624//430 559//430
f 625//180 243//180 626//180
f 626//180 243//180 244//180
f 626//179 244//179 627//179
f 627//179 244//179 245//179
f 627//178 245//178 628//178
f 628//178 245//178 246//178
f 628//177 246//177 629//177
f 629//177 246//177 247//177
f 629//176 247//176 630//176
f 630//176 247//176 248//176
f 630//175 248//175 631//175
f 631//175 248//175 249//175
f 631//174 249//174 632//174
f 632//174 249//174 250//174
f 632//173 250//173 633//173
f 633//173 250//173 251//173
f 633//172 251//172 634//172
f 634//172 251//172 252//172
f 634//171 252//171 635//171
f 635//171 252//171 253//171
f 635//170 253//170 636//170
f 636//170 253//170 254//170
f 636//169 254//169 637//169
f 637//169 254//169 255//169
f 637//188 255//188 638//188
f 638//188 255//188 256//188
f 638//187 256//187 639//187
f 639//187 256//187 257//187
f 639//186 257//186 640//186
f 640//186 257//186 258//186
f 640//185 258//185 641//185
f 641//185 258//185 259//185
f 641//184 259//184 642//184
f 642//184 259//184 260//184
f 642//183 260//183 643//183
f 643//183 260//183 261//183
f 643//182 261//182 644//182
f 644//182 261//182 262//182
f 644//181 262//181 625//181
f 625//181 262//181 243//181
f 645//180 263//180 646//180
f 646//180 263//180 264//180
f 646//179 264//179 647//179
f 647//179 264//179 265//179
f 647//178 265//178 648//178
f 648//178 265//178 266//178
f 648//177 266//177 649//177
f 649//177 266//177 267//177
f 649//176 267//176 650//176
f 650//176 267//176 268//176
f 650//175 268//175 651//175
f 651//175 268//175 269//175
f 651//174 269//174 652//174
f 652//174 269//174 270//174
f 652//173 270//173 653//173
f 653//173 270//173 271//173
f 653//172 271//172 654//172
f 654//172 271//172 272//172
f 654//171 272//171 655//171
f 655//171 272//171 273//171
f 655//170 273//170 656//170
f 656//170 273//170 274//170
f 656//169 274//169 657//169
f 657//169 274//169 275//169
f 657//188 275//188 658//188
f 658//188 275//188 276//188
f 658//187 276//187 659//187
f 659//187 276//187 277//187
f 659//186 277//186 660//186
f 660//186 277//186 278//186
f 660//185 278//185 661//185
f 661//185 278//185 279//185
f 661//184 279//184 662//184
f 662//184 279//184 280//184
f 662//183 280//183 663//183
f 663//183 280//183 281//183
f 663//182 281//182 664//182
f 664//182 281//182 282//182
f 664//181 282//181 645//181
f 645//181 282//181 263//181
f 665//431 283//431 666//431
f 666//431 283//431 285//431
f 666//432 285//432 667//432
f 667//432 285//432 287//432
f 667//433 287//433 668//433
f 668//433 287//433 289//433
f 668//434 289//434 669//434
f 669//434 289//434 291//434
f 669//435 291//435 670//435
f 670//435 291//435 293//435
f 670//25 293//25 671//25
f 671//25 293//25 294//25
f 671//436 294//436 672//436
f 672//436 294//436 292//436
f 672//437 292//437 673//437
f 673//437 292//437 290//437
f 673//438 290//438 674//438
f 674//438 290//438 288//438
f 674//439 288//439 675//439
f 675//439 288//439 286//439
f 675//440 286//440 676//440
f 676//440 286//440 284//440
f 676//441 284//441 677//441
f 677//441 284//441 295//441
f 677//442 295//442 678//442
f 678//442 295//442 297//442
f 678//443 297//443 679//443
f 679//443 297//443 299//443
f 679//444 299//444 680//444
f 680//444 299//444 300//444
f 680//445 300//445 681//445
f 681//445 300//445 298//445
f 681//446 298//446 682//446
f 682//446 298//446 296//446
f 682//447 296//447 665//447
f 665//447 296//447 283//447
f 344//448 342//448 683//448
f 683//449 342//449 340//449
f 683//450 340//450 684//450
f 684//451 340//451 338//451
f 684//452 338//452 685//452
f 685//453 338//453 336//453
f 685//454 336//454 686//454
f 686//455 336//455 334//455
f 686//456 334//456 332//456
f 686//457 332//457 687//457
f 687//458 332//458 330//458
f 687//459 330//459 688//459
f 688//460 330//460 328//460
f 688//461 328//461 326//461
f 688//462 326//462 689//462
f 689//463 326//463 324//463
f 689//464 324//464 690//464
f 690//465 324//465 322//465
f 690//466 322//466 691//466
f 691//467 322//467 320//467
f 691//468 320//468 318//468
f 691//469 318//469 692//469
f 692//470 318//470 316//470
f 692//471 316//471 693//471
f 693//472 316//472 314//472
f 693//473 314//473 694//473
f 694//474 314//474 312//474
f 694//475 312//475 310//475
f 694//476 310//476 695//476
f 695//477 310//477 308//477
f 695//478 308//478 696//478
f 696//479 308//479 306//479
f 696//480 306//480 697//480
f 697//481 306//481 304//481
f 697//482 304//482 302//482
f 697//483 302//483 698//483
f 698//484 302//484 352//484
f 698//485 352//485 699//485
f 699//486 352//486 350//486
f 699//487 350//487 348//487
f 699//488 348//488 700//488
f 700//489 348//489 346//489
f 700//490 346//490 701//490
f 701//491 346//491 344//491
f 701//492 344//492 683//492
f 396//448 394//448 702//448
f 702//449 394//449 392//449
f 702//450 392//450 703//450
f 703//451 392//451 390//451
f 703//452 390//452 704//452
f 704//453 390//453 388//453
f 704//454 388//454 705//454
f 705//455 388//455 386//455
f 705//456 386//456 384//456
f 705//457 384//457 706//457
f 706//458 384//458 382//458
f 706//459 382//459 707//459
f 707//460 382//460 380//460
f 707//461 380//461 378//461
f 707//462 378//462 708//462
f 708//463 378//463 376//463
f 708//464 376//464 709//464
f 709//465 376//465 374//465
f 709//466 374//466 710//466
f 710//467 374//467 372//467
f 710//468 372//468 370//468
f 710//469 370//469 711//469
f 711//470 370//470 368//470
f 711//471 368//471 712//471
f 712//472 368//472 366//472
f 712//473 366//473 713//473
f 713//474 366//474 364//474
f 713//475 364//475 362//475
f 713//476 362//476 714//476
f 714//477 362//477 360//477
f 714//478 360//478 715//478
f 715//479 360//479 358//479
f 715//480 358//480 716//480
f 716//481 358//481 356//481
f 716//493 356//493 354//493
f 716//483 354//483 717//483
f 717//484 354//484 404//484
f 717//485 404//485 718//485
f 718//486 404//486 402//486
f 718//487 402//487 400//487
f 718//488 400//488 719//488
f 719//489 400//489 398//489
f 719//490 398//490 720//490
f 720//491 398//491 396//491
f 720//492 396//492 702//492
f 448//448 446//448 721//448
f 721//449 446//449 444//449
f 721//450 444//450 722//450
f 722//451 444//451 442//451
f 722//452 442//452 723//452
f 723//453 442//453 440//453
f 723//454 440//454 724//454
f 724//455 440//455 438//455
f 724//456 438//456 436//456
f 724//457 436//457 725//457
f 725//458 436//458 434//458
f 725//459 434//459 726//459
f 726//494 434//494 432//494
f 726//461 432//461 430//461
f 726//462 430//462 727//462
f 727//463 430//463 428//463
f 727//464 428//464 728//464
f 728//465 428//465 426//465
f 728//466 426//466 729//466
f 729//467 426//467 424//467
f 729//468 424//468 422//468
f 729//469 422//469 730//469
f 730//470 422//470 420//470
f 730//471 420//471 731//471
f 731//472 420//472 418//472
f 731//473 418//473 732//473
f 732//474 418//474 416//474
f 732//475 416//475 414//475
f 732//476 414//476 733//476
f 733//477 414//477 412//477
f 733//478 412//478 734//478
f 734//479 412//479 410//479
f 734//480 410//480 735//480
f 735//481 410//481 408//481
f 735//495 408//495 406//495
f 735//483 406//483 736//483
f 736//484 406//484 456//484
f 736//485 456//485 737//485
f 737//486 456//486 454//486
f 737//487 454//487 452//487
f 737//488 452//488 738//488
f 738//489 452//489 450//489
f 738//490 450//490 739//490
f 739//491 450//491 448//491
f 739//492 448//492 721//492
f 500//448 498//448 740//448
f 740//449 498//449 496//449
f 740//450 496//450 741//450
f 741//451 496//451 494//451
f 741//452 494//452 742//452
f 742//453 494//453 492//453
f 742//454 492//454 743//454
f 743//455 492//455 490//455
f 743//456 490//456 488//456
f 743//457 488//457 744//457
f 744//458 488//458 486//458
f 744//459 486//459 745//459
f 745//494 486//494 484//494
f 745//461 484//461 482//461
f 745//462 482//462 746//462
f 746//463 482//463 480//463
f 746//464 480//464 747//464
f 747//465 480//465 478//465
f 747//466 478//466 748//466
f 748//467 478//467 476//467
f 748//468 476//468 474//468
f 748//469 474//469 749//469
f 749//470 474//470 472//470
f 749//471 472//471 750//471
f 750//472 472//472 470//472
f 750//473 470//473 751//473
f 751//474 470//474 468//474
f 751//475 468//475 466//475
f 751//476 466//476 752//476
f 752//477 466//477 464//477
f 752//478 464//478 753//478
f 753//479 464//479 462//479
f 753//480 462//480 754//480
f 754//481 462//481 460//481
f 754//495 460//495 458//495
f 754//483 458//483 755//483
f 755//484 458//484 508//484
f 755//485 508//485 756//485
f 756//486 508//486 506//486
f 756//487 506//487 504//487
f 756//488 504//488 757//488
f 757//489 504//489 502//489
f 757//490 502//490 758//490
f 758//491 502//491 500//491
f 758//492 500//492 740//492
f 622//496 759//496 624//496
f 624//497 759//497 760//497
f 561//498 560//498 761//498
f 761//499 560//499 760//499
f 760//500 560//500 624//500
f 624//501 560//501 559//501
f 762//502 567//502 763//502
f 763//503 567//503 566//503
f 763//504 566//504 563//504
f 763//505 563//505 764//505
f 764//506 563//506 562//506
f 764//507 562//507 765//507
f 765//508 562//508 561//508
f 765//509 561//509 761//509
f 567//510 762//510 568//510
f 568//510 762//510 766//510
f 568//511 766//511 569//511
f 569//511 766//511 767//511
f 569//512 767//512 570//512
f 570//512 767//512 768//512
f 570//513 768//513 571//513
f 571//513 768//513 769//513
f 571//514 769//514 572//514
f 572//514 769//514 770//514
f 572//515 770//515 573//515
f 573//515 770//515 771//515
f 573//516 771//516 574//516
f 574//516 771//516 772//516
f 574//517 772//517 575//517
f 575//517 772//517 773//517
f 575//518 773//518 576//518
f 576//518 773//518 774//518
f 576//519 774//519 577//519
f 577//519 774//519 775//519
f 577//520 775//520 578//520
f 578//520 775//520 776//520
f 578//521 776//521 579//521
f 579//521 776//521 777//521
f 579//522 777//522 580//522
f 580//522 777//522 778//522
f 580//523 778//523 581//523
f 581//523 778//523 779//523
f 581//524 779//524 582//524
f 582//524 779//524 780//524
f 582//525 780//525 583//525
f 583//525 780//525 781//525
f 583//526 781//526 584//526
f 584//526 781//526 782//526
f 584//527 782//527 585//527
f 585//527 782//527 783//527
f 585//528 783//528 586//528
f 586//528 783//528 784//528
f 586//529 784//529 587//529
f 587//529 784//529 785//529
f 587//530 785//530 588//530
f 588//531 785//531 786//531
f 588//532 786//532 589//532
f 589//532 786//532 787//532
f 589//533 787//533 788//533
f 589//534 788//534 590//534
f 590//535 788//535 789//535
f 590//536 789//536 564//536
f 564//537 789//537 565//537
f 565//538 789//538 790//538
f 565//539 790//539 555//539
f 555//540 790//540 791//540
f 555//541 791//541 551//541
f 551//542 553//542 555//542
f 791//543 792//543 551//543
f 551//544 792//544 549//544
f 550//25 511//25 793//25
f 793//25 511//25 512//25
f 793//25 512//25 513//25
f 549//25 525//25 550//25
f 550//25 525//25 526//25
f 550//25 526//25 527//25
f 792//25 539//25 549//25
f 549//25 539//25 540//25
f 549//25 540//25 541//25
f 793//25 534//25 792//25
f 792//25 534//25 535//25
f 792//25 535//25 536//25
f 509//25 510//25 550//25
f 550//25 510//25 511//25
f 513//25 514//25 793//25
f 793//25 514//25 515//25
f 793//25 515//25 516//25
f 517//25 533//25 516//25
f 516//25 533//25 534//25
f 516//25 534//25 793//25
f 533//25 517//25 532//25
f 532//25 517//25 518//25
f 532//25 518//25 531//25
f 531//25 518//25 519//25
f 531//25 519//25 530//25
f 530//25 519//25 520//25
f 530//25 520//25 529//25
f 529//25 520//25 521//25
f 529//25 521//25 548//25
f 548//25 521//25 522//25
f 548//25 522//25 547//25
f 547//25 522//25 523//25
f 547//25 523//25 546//25
f 546//25 523//25 524//25
f 546//25 524//25 545//25
f 545//25 524//25 525//25
f 545//25 525//25 549//25
f 527//25 528//25 550//25
f 550//25 528//25 509//25
f 536//25 537//25 792//25
f 792//25 537//25 538//25
f 792//25 538//25 539//25
f 541//25 542//25 549//25
f 549//25 542//25 543//25
f 549//25 543//25 544//25
f 544//25 545//25 549//25
f 550//545 793//545 552//545
f 552//546 793//546 794//546
f 591//547 556//547 795//547
f 795//548 556//548 794//548
f 794//549 556//549 552//549
f 552//550 556//550 554//550
f 796//551 595//551 797//551
f 797//551 595//551 594//551
f 797//552 594//552 593//552
f 797//552 593//552 798//552
f 798//553 593//553 592//553
f 798//553 592//553 799//553
f 799//554 592//554 591//554
f 799//555 591//555 795//555
f 595//556 796//556 596//556
f 596//556 796//556 800//556
f 596//557 800//557 597//557
f 597//557 800//557 801//557
f 597//558 801//558 598//558
f 598//558 801//558 802//558
f 598//559 802//559 599//559
f 599//559 802//559 803//559
f 599//560 803//560 600//560
f 600//560 803//560 804//560
f 600//561 804//561 601//561
f 601//561 804//561 805//561
f 601//562 805//562 602//562
f 602//562 805//562 806//562
f 602//563 806//563 603//563
f 603//563 806//563 807//563
f 603//564 807//564 604//564
f 604//564 807//564 808//564
f 604//565 808//565 605//565
f 605//565 808//565 809//565
f 605//566 809//566 606//566
f 606//566 809//566 810//566
f 606//567 810//567 607//567
f 607//567 810//567 811//567
f 607//568 811//568 608//568
f 608//568 811//568 812//568
f 608//569 812//569 609//569
f 609//569 812//569 813//569
f 609//570 813//570 610//570
f 610//570 813//570 814//570
f 610//571 814//571 611//571
f 611//571 814//571 815//571
f 611//572 815//572 612//572
f 612//572 815//572 816//572
f 612//573 816//573 613//573
f 613//573 816//573 817//573
f 613//574 817//574 614//574
f 614//574 817//574 818//574
f 614//575 818//575 615//575
f 615//575 818//575 819//575
f 615//576 819//576 616//576
f 616//576 819//576 820//576
f 616//577 820//577 617//577
f 617//577 820//577 821//577
f 617//578 821//578 822//578
f 617//578 822//578 618//578
f 618//579 822//579 823//579
f 618//579 823//579 619//579
f 619//580 823//580 620//580
f 620//581 823//581 824//581
f 620//582 824//582 558//582
f 558//583 824//583 825//583
f 558//584 825//584 623//584
f 623//585 557//585 558//585
f 825//586 826//586 623//586
f 623//587 826//587 621//587
f 826//588 635//588 621//588
f 621//589 635//589 636//589
f 621//590 636//590 637//590
f 759//102 652//102 826//102
f 826//102 652//102 630//102
f 826//102 630//102 631//102
f 622//102 647//102 759//102
f 759//102 647//102 648//102
f 759//102 648//102 649//102
f 621//591 661//591 622//591
f 622//102 661//102 662//102
f 622//102 662//102 663//102
f 625//102 626//102 656//102
f 656//102 626//102 627//102
f 656//102 627//102 655//102
f 655//102 627//102 628//102
f 655//102 628//102 654//102
f 654//102 628//102 653//102
f 653//102 628//102 629//102
f 653//102 629//102 652//102
f 652//102 629//102 630//102
f 631//102 632//102 826//102
f 826//102 632//102 633//102
f 826//102 633//102 634//102
f 634//102 635//102 826//102
f 637//592 638//592 621//592
f 621//593 638//593 639//593
f 621//594 639//594 640//594
f 640//595 641//595 621//595
f 621//596 641//596 661//596
f 661//102 641//102 660//102
f 660//102 641//102 642//102
f 660//102 642//102 659//102
f 659//102 642//102 643//102
f 659//102 643//102 658//102
f 658//102 643//102 644//102
f 658//102 644//102 657//102
f 657//102 644//102 625//102
f 657//102 625//102 656//102
f 645//102 646//102 622//102
f 622//102 646//102 647//102
f 649//102 650//102 759//102
f 759//102 650//102 651//102
f 759//102 651//102 652//102
f 663//102 664//102 622//102
f 622//102 664//102 645//102
f 827//597 828//597 666//597
f 666//598 828//598 829//598
f 666//599 829//599 665//599
f 665//600 829//600 830//600
f 665//601 830//601 682//601
f 682//602 830//602 831//602
f 682//603 831//603 681//603
f 681//604 831//604 832//604
f 681//605 832//605 680//605
f 680//606 832//606 833//606
f 680//607 833//607 679//607
f 679//608 833//608 834//608
f 679//609 834//609 678//609
f 678//610 834//610 835//610
f 678//611 835//611 677//611
f 677//612 835//612 836//612
f 677//613 836//613 676//613
f 676//614 836//614 837//614
f 676//615 837//615 675//615
f 675//616 837//616 838//616
f 675//617 838//617 839//617
f 675//618 839//618 674//618
f 674//619 839//619 840//619
f 674//620 840//620 673//620
f 673//621 840//621 841//621
f 673//622 841//622 672//622
f 672//623 841//623 842//623
f 672//624 842//624 671//624
f 671//625 842//625 843//625
f 671//626 843//626 670//626
f 670//627 843//627 844//627
f 670//628 844//628 669//628
f 669//629 844//629 845//629
f 669//630 845//630 668//630
f 668//631 845//631 846//631
f 668//632 846//632 667//632
f 667//633 846//633 827//633
f 667//634 827//634 666//634
f 684//635 847//635 683//635
f 683//636 847//636 848//636
f 683//636 848//636 701//636
f 701//637 848//637 849//637
f 701//637 849//637 700//637
f 700//638 849//638 850//638
f 700//638 850//638 699//638
f 699//639 850//639 851//639
f 699//639 851//639 698//639
f 698//640 851//640 852//640
f 698//640 852//640 697//640
f 697//641 852//641 853//641
f 697//641 853//641 696//641
f 696//642 853//642 854//642
f 696//643 854//643 695//643
f 695//644 854//644 855//644
f 695//645 855//645 694//645
f 694//646 855//646 856//646
f 694//646 856//646 693//646
f 693//647 856//647 857//647
f 693//647 857//647 692//647
f 692//648 857//648 858//648
f 692//648 858//648 691//648
f 691//649 858//649 859//649
f 691//649 859//649 690//649
f 690//650 859//650 860//650
f 690//650 860//650 689//650
f 689//651 860//651 861//651
f 689//651 861//651 688//651
f 688//652 861//652 862//652
f 688//653 862//653 687//653
f 687//654 862//654 863//654
f 687//655 863//655 686//655
f 686//656 863//656 864//656
f 686//657 864//657 685//657
f 685//658 864//658 865//658
f 685//658 865//658 684//658
f 684//635 865//635 847//635
f 703//635 866//635 702//635
f 702//636 866//636 867//636
f 702//636 867//636 720//636
f 720//637 867//637 868//637
f 720//637 868//637 719//637
f 719//638 868//638 869//638
f 719//638 869//638 718//638
f 718//639 869//639 870//639
f 718//639 870//639 717//639
f 717//640 870//640 871//640
f 717//640 871//640 716//640
f 716//641 871//641 872//641
f 716//641 872//641 715//641
f 715//642 872//642 873//642
f 715//659 873//659 714//659
f 714//660 873//660 874//660
f 714//645 874//645 713//645
f 713//646 874//646 875//646
f 713//646 875//646 712//646
f 712//647 875//647 876//647
f 712//647 876//647 711//647
f 711//648 876//648 877//648
f 711//648 877//648 710//648
f 710//649 877//649 878//649
f 710//649 878//649 709//649
f 709//650 878//650 879//650
f 709//661 879//661 708//661
f 708//662 879//662 880//662
f 708//651 880//651 707//651
f 707//652 880//652 881//652
f 707//653 881//653 706//653
f 706//654 881//654 882//654
f 706//663 882//663 705//663
f 705//664 882//664 883//664
f 705//657 883//657 704//657
f 704//658 883//658 884//658
f 704//658 884//658 703//658
f 703//635 884//635 866//635
f 722//635 885//635 721//635
f 721//636 885//636 886//636
f 721//636 886//636 739//636
f 739//637 886//637 887//637
f 739//637 887//637 738//637
f 738//638 887//638 888//638
f 738//638 888//638 737//638
f 737//639 888//639 889//639
f 737//639 889//639 736//639
f 736//640 889//640 890//640
f 736//640 890//640 735//640
f 735//641 890//641 891//641
f 735//641 891//641 734//641
f 734//642 891//642 892//642
f 734//665 892//665 733//665
f 733//666 892//666 893//666
f 733//645 893//645 732//645
f 732//646 893//646 894//646
f 732//646 894//646 731//646
f 731//647 894//647 895//647
f 731//647 895//647 730//647
f 730//648 895//648 896//648
f 730//648 896//648 729//648
f 729//649 896//649 897//649
f 729//667 897//667 728//667
f 728//668 897//668 898//668
f 728//650 898//650 727//650
f 727//651 898//651 899//651
f 727//651 899//651 726//651
f 726//652 899//652 900//652
f 726//669 900//669 725//669
f 725//654 900//654 901//654
f 725//663 901//663 724//663
f 724//664 901//664 902//664
f 724//657 902//657 723//657
f 723//658 902//658 903//658
f 723//658 903//658 722//658
f 722//635 903//635 885//635
f 741//670 904//670 740//670
f 740//671 904//671 905//671
f 740//672 905//672 758//672
f 758//673 905//673 906//673
f 758//674 906//674 757//674
f 757//675 906//675 907//675
f 757//638 907//638 756//638
f 756//639 907//639 908//639
f 756//639 908//639 755//639
f 755//640 908//640 909//640
f 755//676 909//676 754//676
f 754//677 909//677 910//677
f 754//641 910//641 753//641
f 753//642 910//642 911//642
f 753//678 911//678 752//678
f 752//644 911//644 912//644
f 752//645 912//645 751//645
f 751//646 912//646 913//646
f 751//679 913//679 750//679
f 750//647 913//647 914//647
f 750//647 914//647 749//647
f 749//680 914//680 915//680
f 749//648 915//648 748//648
f 748//649 915//649 916//649
f 748//667 916//667 747//667
f 747//668 916//668 917//668
f 747//681 917//681 746//681
f 746//682 917//682 918//682
f 746//683 918//683 745//683
f 745//684 918//684 919//684
f 745//685 919//685 744//685
f 744//686 919//686 920//686
f 744//687 920//687 743//687
f 743//688 920//688 921//688
f 743//689 921//689 742//689
f 742//690 921//690 922//690
f 742//691 922//691 741//691
f 741//692 922//692 904//692
f 923//693 924//693 925//693
f 925//694 924//694 926//694
f 925//695 926//695 927//695
f 927//695 928//695 925//695
f 925//695 928//695 929//695
f 925//695 929//695 930//695
f 930//695 931//695 925//695
f 925//695 931//695 932//695
f 925//695 932//695 933//695
f 933//695 934//695 925//695
f 925//695 934//695 935//695
f 925//695 935//695 936//695
f 936//695 937//695 925//695
f 925//695 937//695 938//695
f 925//695 938//695 939//695
f 939//695 940//695 925//695
f 925//695 940//695 941//695
f 941//695 940//695 942//695
f 941//695 942//695 943//695
f 943//695 942//695 944//695
f 943//695 944//695 945//695
f 945//695 944//695 946//695
f 947//695 948//695 925//695
f 925//695 948//695 949//695
f 925//695 949//695 950//695
f 948//695 947//695 951//695
f 951//695 947//695 952//695
f 951//695 952//695 953//695
f 953//695 952//695 954//695
f 953//695 954//695 955//695
f 955//695 954//695 956//695
f 955//695 956//695 957//695
f 957//695 956//695 958//695
f 957//695 958//695 959//695
f 950//695 923//695 925//695
f 825//696 824//696 826//696
f 826//697 824//697 759//697
f 759//698 824//698 761//698
f 759//699 761//699 760//699
f 823//700 960//700 824//700
f 824//701 960//701 961//701
f 824//702 961//702 761//702
f 761//703 961//703 962//703
f 761//704 962//704 765//704
f 765//705 962//705 963//705
f 765//706 963//706 764//706
f 764//707 963//707 964//707
f 764//708 964//708 893//708
f 893//709 964//709 894//709
f 894//710 964//710 965//710
f 894//711 965//711 895//711
f 895//712 965//712 966//712
f 895//713 966//713 896//713
f 896//714 966//714 967//714
f 896//715 967//715 897//715
f 897//716 967//716 898//716
f 898//717 967//717 968//717
f 898//718 968//718 899//718
f 899//719 968//719 969//719
f 899//720 969//720 900//720
f 900//721 969//721 846//721
f 900//722 846//722 845//722
f 960//723 823//723 970//723
f 970//724 823//724 822//724
f 970//725 822//725 971//725
f 971//726 822//726 905//726
f 971//727 905//727 904//727
f 905//728 822//728 906//728
f 906//729 822//729 821//729
f 906//730 821//730 907//730
f 907//731 821//731 820//731
f 907//732 820//732 908//732
f 908//733 820//733 819//733
f 908//734 819//734 909//734
f 909//735 819//735 910//735
f 910//736 819//736 818//736
f 910//737 818//737 911//737
f 911//738 818//738 817//738
f 911//739 817//739 912//739
f 912//740 817//740 913//740
f 913//741 817//741 816//741
f 913//742 816//742 914//742
f 914//743 816//743 815//743
f 914//744 815//744 915//744
f 915//745 815//745 814//745
f 915//746 814//746 916//746
f 916//747 814//747 813//747
f 916//748 813//748 812//748
f 916//749 812//749 972//749
f 972//750 812//750 811//750
f 972//751 811//751 810//751
f 810//752 809//752 972//752
f 972//753 809//753 973//753
f 973//754 809//754 808//754
f 973//755 808//755 807//755
f 973//756 807//756 854//756
f 854//757 807//757 806//757
f 854//758 806//758 805//758
f 854//759 805//759 855//759
f 855//760 805//760 804//760
f 855//761 804//761 856//761
f 856//762 804//762 803//762
f 856//763 803//763 857//763
f 857//764 803//764 802//764
f 857//765 802//765 858//765
f 858//766 802//766 859//766
f 859//767 802//767 801//767
f 859//768 801//768 860//768
f 860//769 801//769 800//769
f 860//770 800//770 861//770
f 861//771 800//771 862//771
f 862//772 800//772 796//772
f 862//773 796//773 863//773
f 863//774 796//774 797//774
f 863//775 797//775 864//775
f 864//776 797//776 798//776
f 864//777 798//777 865//777
f 865//778 798//778 974//778
f 865//779 974//779 847//779
f 847//780 974//780 975//780
f 847//781 975//781 848//781
f 848//782 975//782 976//782
f 848//783 976//783 849//783
f 849//784 976//784 977//784
f 849//785 977//785 850//785
f 850//786 977//786 978//786
f 850//787 978//787 851//787
f 851//788 978//788 979//788
f 851//789 979//789 852//789
f 852//790 979//790 853//790
f 853//791 979//791 980//791
f 853//792 980//792 854//792
f 854//793 980//793 973//793
f 974//707 798//707 981//707
f 981//706 798//706 799//706
f 981//705 799//705 982//705
f 982//794 799//794 795//794
f 982//795 795//795 983//795
f 983//796 795//796 790//796
f 983//797 790//797 984//797
f 984//700 790//700 789//700
f 984//723 789//723 985//723
f 985//724 789//724 788//724
f 985//725 788//725 986//725
f 986//798 788//798 877//798
f 986//799 877//799 876//799
f 794//800 793//800 795//800
f 795//801 793//801 792//801
f 795//802 792//802 790//802
f 790//803 792//803 791//803
f 788//804 787//804 877//804
f 877//805 787//805 878//805
f 878//806 787//806 786//806
f 878//807 786//807 879//807
f 879//808 786//808 785//808
f 879//809 785//809 880//809
f 880//810 785//810 881//810
f 881//811 785//811 784//811
f 881//812 784//812 882//812
f 882//813 784//813 883//813
f 883//814 784//814 783//814
f 883//815 783//815 884//815
f 884//816 783//816 782//816
f 884//817 782//817 866//817
f 866//818 782//818 867//818
f 867//819 782//819 781//819
f 867//820 781//820 780//820
f 779//821 834//821 780//821
f 780//822 834//822 833//822
f 780//823 833//823 868//823
f 868//824 833//824 832//824
f 868//825 832//825 869//825
f 869//826 832//826 831//826
f 869//827 831//827 870//827
f 870//828 831//828 830//828
f 870//829 830//829 987//829
f 987//830 830//830 988//830
f 988//831 830//831 829//831
f 988//832 829//832 989//832
f 989//833 829//833 828//833
f 989//834 828//834 990//834
f 990//835 828//835 827//835
f 990//836 827//836 991//836
f 991//837 827//837 846//837
f 991//838 846//838 969//838
f 834//839 779//839 835//839
f 835//840 779//840 778//840
f 835//841 778//841 836//841
f 836//842 778//842 777//842
f 836//843 777//843 837//843
f 837//844 777//844 776//844
f 837//845 776//845 838//845
f 838//846 776//846 775//846
f 838//847 775//847 839//847
f 839//848 775//848 774//848
f 839//849 774//849 840//849
f 840//850 774//850 773//850
f 840//851 773//851 841//851
f 841//852 773//852 772//852
f 841//853 772//853 842//853
f 842//854 772//854 771//854
f 842//855 771//855 843//855
f 843//856 771//856 902//856
f 843//857 902//857 844//857
f 844//858 902//858 901//858
f 844//859 901//859 845//859
f 845//860 901//860 900//860
f 902//861 771//861 903//861
f 903//862 771//862 770//862
f 903//863 770//863 769//863
f 768//864 886//864 769//864
f 769//865 886//865 885//865
f 769//866 885//866 903//866
f 886//867 768//867 887//867
f 887//868 768//868 767//868
f 887//869 767//869 888//869
f 888//870 767//870 889//870
f 889//871 767//871 766//871
f 889//872 766//872 890//872
f 890//873 766//873 891//873
f 891//874 766//874 762//874
f 891//875 762//875 892//875
f 892//876 762//876 763//876
f 892//877 763//877 893//877
f 893//878 763//878 764//878
f 870//879 987//879 871//879
f 871//880 987//880 992//880
f 871//881 992//881 872//881
f 872//882 992//882 993//882
f 872//883 993//883 873//883
f 873//884 993//884 874//884
f 874//885 993//885 994//885
f 874//886 994//886 875//886
f 875//887 994//887 995//887
f 875//888 995//888 876//888
f 876//889 995//889 986//889
f 972//890 996//890 916//890
f 916//891 996//891 917//891
f 917//892 996//892 997//892
f 917//893 997//893 918//893
f 918//894 997//894 919//894
f 919//895 997//895 998//895
f 919//896 998//896 920//896
f 920//897 998//897 999//897
f 920//898 999//898 921//898
f 921//899 999//899 1000//899
f 921//900 1000//900 922//900
f 922//901 1000//901 1001//901
f 922//902 1001//902 904//902
f 904//903 1001//903 971//903
f 868//904 867//904 780//904
f 923//905 1002//905 924//905
f 924//906 1002//906 1003//906
f 924//907 1003//907 926//907
f 926//908 1003//908 1004//908
f 926//909 1004//909 927//909
f 927//910 1004//910 1005//910
f 927//911 1005//911 928//911
f 928//912 1005//912 1006//912
f 928//913 1006//913 929//913
f 929//914 1006//914 1007//914
f 929//915 1007//915 930//915
f 930//916 1007//916 1008//916
f 930//917 1008//917 931//917
f 931//918 1008//918 1009//918
f 931//919 1009//919 932//919
f 932//920 1009//920 1010//920
f 932//921 1010//921 933//921
f 933//922 1010//922 1011//922
f 933//923 1011//923 934//923
f 934//924 1011//924 1012//924
f 934//925 1012//925 935//925
f 935//926 1012//926 1013//926
f 935//927 1013//927 936//927
f 936//928 1013//928 1014//928
f 936//929 1014//929 937//929
f 937//930 1014//930 1015//930
f 937//931 1015//931 938//931
f 938//932 1015//932 1016//932
f 938//933 1016//933 939//933
f 939//934 1016//934 1017//934
f 939//935 1017//935 940//935
f 940//936 1017//936 1018//936
f 940//937 1018//937 942//937
f 942//938 1018//938 1019//938
f 942//939 1019//939 944//939
f 944//940 1019//940 1020//940
f 944//941 1020//941 946//941
f 946//102 1020//102 1021//102
f 946//102 1021//102 945//102
f 945//942 1021//942 1022//942
f 945//943 1022//943 943//943
f 943//944 1022//944 1023//944
f 943//945 1023//945 941//945
f 941//946 1023//946 1024//946
f 941//947 1024//947 925//947
f 925//948 1024//948 1025//948
f 925//949 1025//949 947//949
f 947//950 1025//950 1026//950
f 947//951 1026//951 952//951
f 952//952 1026//952 1027//952
f 952//953 1027//953 954//953
f 954//954 1027//954 1028//954
f 954//955 1028//955 956//955
f 956//956 1028//956 1029//956
f 956//957 1029//957 958//957
f 958//958 1029//958 1030//958
f 958//959 1030//959 959//959
f 959//960 1030//960 1031//960
f 959//961 1031//961 957//961
f 957//962 1031//962 1032//962
f 957//963 1032//963 955//963
f 955//964 1032//964 1033//964
f 955//965 1033//965 953//965
f 953//966 1033//966 1034//966
f 953//967 1034//967 951//967
f 951//968 1034//968 1035//968
f 951//969 1035//969 948//969
f 948//970 1035//970 1036//970
f 948//971 1036//971 949//971
f 949//972 1036//972 1037//972
f 949//973 1037//973 950//973
f 950//974 1037//974 1038//974
f 950//975 1038//975 923//975
f 923//976 1038//976 1002//976
f 960//977 1039//977 961//977
f 961//978 1039//978 1040//978
f 961//979 1040//979 962//979
f 962//980 1040//980 1041//980
f 962//981 1041//981 963//981
f 963//982 1041//982 1042//982
f 963//983 1042//983 964//983
f 964//984 1042//984 1043//984
f 964//985 1043//985 965//985
f 965//986 1043//986 1044//986
f 965//987 1044//987 966//987
f 966//988 1044//988 1045//988
f 966//989 1045//989 967//989
f 967//990 1045//990 1046//990
f 967//991 1046//991 968//991
f 968//992 1046//992 1047//992
f 968//993 1047//993 969//993
f 969//994 1047//994 1048//994
f 969//995 1048//995 991//995
f 991//996 1048//996 1049//996
f 991//997 1049//997 990//997
f 990//998 1049//998 1050//998
f 990//999 1050//999 989//999
f 989//1000 1050//1000 1051//1000
f 989//1001 1051//1001 988//1001
f 988//1002 1051//1002 1052//1002
f 988//1003 1052//1003 987//1003
f 987//1004 1052//1004 1053//1004
f 987//1005 1053//1005 992//1005
f 992//1006 1053//1006 1054//1006
f 992//1007 1054//1007 993//1007
f 993//1008 1054//1008 1055//1008
f 993//1009 1055//1009 994//1009
f 994//1010 1055//1010 1056//1010
f 994//1011 1056//1011 995//1011
f 995//1012 1056//1012 1057//1012
f 995//1013 1057//1013 986//1013
f 986//1014 1057//1014 1058//1014
f 986//1015 1058//1015 985//1015
f 985//1016 1058//1016 1059//1016
f 985//1017 1059//1017 984//1017
f 984//1018 1059//1018 983//1018
f 983//1019 1059//1019 1060//1019
f 983//1020 1060//1020 982//1020
f 982//1021 1060//1021 1061//1021
f 982//1022 1061//1022 1062//1022
f 1039//1023 960//1023 1063//1023
f 1063//1024 960//1024 970//1024
f 1063//1025 970//1025 1064//1025
f 1064//1026 970//1026 971//1026
f 1064//1027 971//1027 1065//1027
f 1065//1028 971//1028 1001//1028
f 1065//1029 1001//1029 1066//1029
f 1066//1030 1001//1030 1000//1030
f 1066//1031 1000//1031 1067//1031
f 1067//1032 1000//1032 999//1032
f 1067//1033 999//1033 1068//1033
f 1068//1034 999//1034 998//1034
f 1068//1035 998//1035 1069//1035
f 1069//1036 998//1036 997//1036
f 1069//1037 997//1037 1070//1037
f 1070//1038 997//1038 996//1038
f 1070//1039 996//1039 1071//1039
f 1071//1040 996//1040 972//1040
f 1071//1041 972//1041 1072//1041
f 1072//1042 972//1042 973//1042
f 1072//1043 973//1043 1073//1043
f 1073//1044 973//1044 980//1044
f 1073//1045 980//1045 1074//1045
f 1074//1046 980//1046 979//1046
f 1074//1047 979//1047 1075//1047
f 1075//1048 979//1048 978//1048
f 1075//1049 978//1049 1076//1049
f 1076//1050 978//1050 977//1050
f 1076//1051 977//1051 1077//1051
f 1077//1052 977//1052 976//1052
f 1077//1053 976//1053 1078//1053
f 1078//1054 976//1054 975//1054
f 1078//1055 975//1055 1079//1055
f 1079//1056 975//1056 974//1056
f 1079//1057 974//1057 1080//1057
f 1080//1058 974//1058 981//1058
f 1080//1059 981//1059 1062//1059
f 1062//1060 981//1060 982//1060
f 1081//1061 1082//1061 1002//1061
f 1002//1062 1082//1062 1083//1062
f 1002//1063 1083//1063 1003//1063
f 1003//1064 1083//1064 1084//1064
f 1003//1065 1084//1065 1004//1065
f 1004//1066 1084//1066 1085//1066
f 1004//1067 1085//1067 1005//1067
f 1005//1068 1085//1068 1086//1068
f 1005//1069 1086//1069 1006//1069
f 1006//1070 1086//1070 1087//1070
f 1006//1071 1087//1071 1007//1071
f 1007//1072 1087//1072 1088//1072
f 1007//1073 1088//1073 1008//1073
f 1008//1074 1088//1074 1089//1074
f 1008//1075 1089//1075 1009//1075
f 1009//1076 1089//1076 1090//1076
f 1009//1077 1090//1077 1010//1077
f 1010//1078 1090//1078 1091//1078
f 1010//1079 1091//1079 1011//1079
f 1011//1080 1091//1080 1092//1080
f 1011//1081 1092//1081 1012//1081
f 1012//1082 1092//1082 1093//1082
f 1012//1083 1093//1083 1013//1083
f 1013//1084 1093//1084 1094//1084
f 1013//1085 1094//1085 1014//1085
f 1014//1086 1094//1086 1095//1086
f 1014//1087 1095//1087 1096//1087
f 1014//1088 1096//1088 1015//1088
f 1015//1089 1096//1089 1097//1089
f 1015//1090 1097//1090 1016//1090
f 1016//1091 1097//1091 1098//1091
f 1016//1092 1098//1092 1017//1092
f 1017//1093 1098//1093 1099//1093
f 1017//1094 1099//1094 1018//1094
f 1018//1095 1099//1095 1100//1095
f 1018//1096 1100//1096 1019//1096
f 1019//1097 1100//1097 1101//1097
f 1019//1098 1101//1098 1020//1098
f 1020//1099 1101//1099 1102//1099
f 1020//1100 1102//1100 1021//1100
f 1021//1101 1102//1101 1103//1101
f 1021//1102 1103//1102 1022//1102
f 1022//1103 1103//1103 1104//1103
f 1022//1104 1104//1104 1023//1104
f 1023//1105 1104//1105 1105//1105
f 1023//1106 1105//1106 1024//1106
f 1024//1107 1105//1107 1106//1107
f 1024//1108 1106//1108 1025//1108
f 1025//1109 1106//1109 1107//1109
f 1025//1110 1107//1110 1026//1110
f 1026//1111 1107//1111 1108//1111
f 1026//1112 1108//1112 1027//1112
f 1027//1113 1108//1113 1109//1113
f 1027//1114 1109//1114 1110//1114
f 1027//1115 1110//1115 1028//1115
f 1028//1116 1110//1116 1111//1116
f 1028//1117 1111//1117 1029//1117
f 1029//1118 1111//1118 1112//1118
f 1029//1119 1112//1119 1030//1119
f 1030//1120 1112//1120 1113//1120
f 1030//1121 1113//1121 1031//1121
f 1031//1122 1113//1122 1114//1122
f 1031//1123 1114//1123 1032//1123
f 1032//1124 1114//1124 1115//1124
f 1032//1125 1115//1125 1033//1125
f 1033//1126 1115//1126 1116//1126
f 1033//1127 1116//1127 1034//1127
f 1034//1128 1116//1128 1117//1128
f 1034//1129 1117//1129 1035//1129
f 1035//1130 1117//1130 1118//1130
f 1035//1131 1118//1131 1036//1131
f 1036//1132 1118//1132 1119//1132
f 1036//1133 1119//1133 1037//1133
f 1037//1134 1119//1134 1120//1134
f 1037//1135 1120//1135 1038//1135
f 1038//1136 1120//1136 1081//1136
f 1038//1137 1081//1137 1002//1137
f 1040//1138 1039//1138 1082//1138
f 1082//1139 1039//1139 1063//1139
f 1082//1140 1063//1140 1083//1140
f 1083//1141 1063//1141 1064//1141
f 1083//1142 1064//1142 1084//1142
f 1084//1143 1064//1143 1065//1143
f 1084//1144 1065//1144 1085//1144
f 1085//1145 1065//1145 1066//1145
f 1085//1146 1066//1146 1086//1146
f 1086//1147 1066//1147 1067//1147
f 1086//1148 1067//1148 1087//1148
f 1087//1149 1067//1149 1068//1149
f 1087//1150 1068//1150 1088//1150
f 1088//1151 1068//1151 1069//1151
f 1088//1152 1069//1152 1089//1152
f 1089//1153 1069//1153 1070//1153
f 1089//1154 1070//1154 1090//1154
f 1090//1155 1070//1155 1071//1155
f 1090//1156 1071//1156 1091//1156
f 1091//1157 1071//1157 1072//1157
f 1091//1158 1072//1158 1092//1158
f 1092//1159 1072//1159 1073//1159
f 1092//1160 1073//1160 1093//1160
f 1093//1161 1073//1161 1074//1161
f 1093//1162 1074//1162 1094//1162
f 1094//1163 1074//1163 1075//1163
f 1094//1164 1075//1164 1095//1164
f 1095//1165 1075//1165 1076//1165
f 1095//1166 1076//1166 1096//1166
f 1096//1167 1076//1167 1077//1167
f 1096//1168 1077//1168 1097//1168
f 1097//1169 1077//1169 1078//1169
f 1097//1170 1078//1170 1098//1170
f 1098//1171 1078//1171 1079//1171
f 1098//1172 1079//1172 1099//1172
f 1099//1173 1079//1173 1080//1173
f 1099//1174 1080//1174 1100//1174
f 1100//1175 1080//1175 1062//1175
f 1100//1176 1062//1176 1101//1176
f 1101//1177 1062//1177 1061//1177
f 1101//1178 1061//1178 1102//1178
f 1102//1179 1061//1179 1060//1179
f 1102//1180 1060//1180 1059//1180
f 1102//1181 1059//1181 1103//1181
f 1103//1182 1059//1182 1058//1182
f 1103//1183 1058//1183 1104//1183
f 1104//1184 1058//1184 1057//1184
f 1104//1185 1057//1185 1105//1185
f 1105//1186 1057//1186 1056//1186
f 1105//1187 1056//1187 1106//1187
f 1106//1188 1056//1188 1055//1188
f 1106//1189 1055//1189 1107//1189
f 1107//1190 1055//1190 1054//1190
f 1107//1191 1054//1191 1108//1191
f 1108//1192 1054//1192 1053//1192
f 1108//1193 1053//1193 1109//1193
f 1109//1194 1053//1194 1052//1194
f 1109//1195 1052//1195 1110//1195
f 1110//1196 1052//1196 1051//1196
f 1110//1197 1051//1197 1111//1197
f 1111//1198 1051//1198 1050//1198
f 1111//1199 1050//1199 1112//1199
f 1112//1200 1050//1200 1049//1200
f 1112//1201 1049//1201 1113//1201
f 1113//1202 1049//1202 1048//1202
f 1113//1203 1048//1203 1114//1203
f 1114//1204 1048//1204 1047//1204
f 1114//1205 1047//1205 1115//1205
f 1115//1206 1047//1206 1046//1206
f 1115//1207 1046//1207 1116//1207
f 1116//1208 1046//1208 1045//1208
f 1116//1209 1045//1209 1117//1209
f 1117//1210 1045//1210 1044//1210
f 1117//1211 1044//1211 1118//1211
f 1118//1212 1044//1212 1043//1212
f 1118//1213 1043//1213 1119//1213
f 1119//1214 1043//1214 1042//1214
f 1119//1215 1042//1215 1120//1215
f 1120//1216 1042//1216 1041//1216
f 1120//1217 1041//1217 1081//1217
f 1081//1218 1041//1218 1040//1218
f 1081//1219 1040//1219 1082//1219
usemtl mat1
f 1//1 2//1 3//1
# Vertices: 1120, normals: 1219, texture coordinates: 0, faces: 2268

