# File generated by ImageToStl.com - Free Image and 3D model conversion tools

mtllib finger.mtl

o obj1
v 70.80000305 -1.43335688 115.91786957
v 70.5 -1.73324883 115.87436676
v 70.80000305 -1.49999774 116.36000061
v 70.5 -1.79999769 116.36000061
v 70.5 -1.73324883 116.84563446
v 70.5 -1.53795266 115.42475128
v 70.80000305 -1.2393558 115.51502228
v 70.5 -1.22859335 115.04449463
v 70.80000305 -0.9352324 115.18725586
v 70.5 -0.82811475 114.7618103
v 70.80000305 -0.54800922 114.96369171
v 70.5 -0.36621851 114.59764862
v 70.80000305 -0.11209282 114.86419678
v 70.5 0.12283866 114.56419373
v 70.80000305 0.33378372 114.8976059
v 70.5 0.60278565 114.6639328
v 70.80000305 0.75000232 115.06095886
v 70.5 1.03802693 114.8894577
v 70.80000305 1.09958017 115.33974457
v 70.5 1.39628267 115.2240448
v 70.80000305 1.35145557 115.70917511
v 70.5 1.65098262 115.64287567
v 70.80000305 1.48324859 116.13643646
v 70.5 1.78323698 116.11489868
v 70.80000305 1.48324859 116.58356476
v 70.5 1.78323698 116.60510254
v 70.5 1.65098262 117.07712555
v 70.80000305 1.35145557 117.01082611
v 70.5 1.39628267 117.49595642
v 70.80000305 1.09958017 117.38025665
v 70.5 1.03802693 117.83054352
v 70.80000305 0.75000232 117.65903473
v 70.5 0.60278565 118.05606842
v 70.80000305 0.33378372 117.82239532
v 70.5 0.12283866 118.1558075
v 70.80000305 -0.11209282 117.85580444
v 70.5 -0.36621851 118.1223526
v 70.80000305 -0.54800922 117.75630951
v 70.5 -0.82811475 117.95819092
v 70.80000305 -0.9352324 117.53274536
v 70.5 -1.22859335 117.67550659
v 70.80000305 -1.2393558 117.20497894
v 70.5 -1.53795266 117.29524994
v 70.80000305 -1.43335688 116.80213165
v 73.59999847 -1.43335688 115.91786957
v 73.59999847 -1.49999774 116.36000061
v 73.59999847 -1.43335688 116.80213165
v 73.59999847 -1.2393558 117.20497894
v 73.59999847 -0.9352324 117.53274536
v 73.59999847 -0.54800922 117.75630951
v 73.59999847 -0.11209282 117.85580444
v 73.59999847 0.33378372 117.82239532
v 73.59999847 0.75000232 117.65903473
v 73.59999847 1.09958017 117.38025665
v 73.59999847 1.35145557 117.01082611
v 73.59999847 1.48324859 116.58356476
v 73.59999847 1.48324859 116.13643646
v 73.59999847 1.35145557 115.70917511
v 73.59999847 1.09958017 115.33974457
v 73.59999847 0.75000232 115.06095886
v 73.59999847 0.33378372 114.8976059
v 73.59999847 -0.11209282 114.86419678
v 73.59999847 -0.54800922 114.96369171
v 73.59999847 -0.9352324 115.18725586
v 73.59999847 -1.2393558 115.51502228
v 89.79212952 8.25000191 93.16724396
v 89.96313477 8.75000191 93.63709259
v 90.62378693 8.25000191 92.93660736
v 90.75980377 8.75000191 93.41970062
v 91.48129272 8.25000191 92.83890533
v 91.58138275 8.75000191 93.33640289
v 92.34352112 8.25000191 92.8765564
v 92.4054718 8.75000191 93.38946533
v 93.1892395 8.25000191 93.0486145
v 93.2095871 8.75000191 93.57744598
v 93.99763489 8.25000191 93.3508606
v 93.9717865 8.75000191 93.89521027
v 94.74880219 8.25000191 93.77584839
v 94.67129517 8.75000191 94.33409882
v 95.42422485 8.25000191 94.31311035
v 95.28902435 8.75000191 94.88214111
v 96.0072937 8.25000191 94.94941711
v 95.80812073 8.75000191 95.52438354
v 96.48364258 8.25000191 95.66910553
v 96.21443176 8.75000191 96.24330139
v 96.8415451 8.25000191 96.45444489
v 96.49687195 8.75000191 97.01929474
v 97.07218933 8.25000191 97.28610992
v 96.6477356 8.75000191 97.83119202
v 97.16988373 8.25000191 98.14360809
v 96.66290283 8.75000191 98.65684509
v 97.1322403 8.25000191 99.00583649
v 96.5419693 8.75000191 99.47373199
v 96.96017456 8.25000191 99.8515625
v 96.2882309 8.75000191 100.25957489
v 96.65792847 8.25000191 100.65995789
v 95.90859985 8.75000191 100.99293518
v 96.23294067 8.25000191 101.41111755
v 95.41344452 8.75000191 101.65381622
v 95.69568634 8.25000191 102.08654785
v 94.81626892 8.75000191 102.2241745
v 95.05937958 8.25000191 102.6696167
v 94.13335419 8.75000191 102.68846893
v 94.33969116 8.25000191 103.14596558
v 93.38333893 8.75000191 103.03401947
v 93.55435181 8.25000191 103.5038681
v 74.17897797 -8.24999809 105.18428802
v 74.677948 -8.74999809 105.12841034
v 74.25 -8.24999809 105.86000061
v 74.75 -8.74999809 105.86000061
v 74.677948 -8.74999809 106.59159088
v 74.4645462 -8.74999809 104.42493439
v 73.96902466 -8.24999809 104.53810883
v 74.11801147 -8.74999809 103.77661133
v 73.62930298 -8.24999809 103.9496994
v 73.65164948 -8.74999809 103.20835114
v 73.17467499 -8.24999809 103.44477844
v 73.08338928 -8.74999809 102.74198914
v 72.625 -8.24999809 103.04541779
v 72.43506622 -8.74999809 102.39545441
v 72.00430298 -8.24999809 102.76906586
v 71.73159027 -8.74999809 102.18205261
v 71.33971405 -8.24999809 102.62780762
v 71 -8.74999809 102.11000061
v 70.66028595 -8.24999809 102.62780762
v 70.26840973 -8.74999809 102.18205261
v 69.99569702 -8.24999809 102.76906586
v 69.56493378 -8.74999809 102.39545441
v 69.375 -8.24999809 103.04541779
v 68.91661072 -8.74999809 102.74198914
v 68.82532501 -8.24999809 103.44477844
v 68.34835052 -8.74999809 103.20835114
v 68.37069702 -8.24999809 103.9496994
v 67.88198853 -8.74999809 103.77661133
v 68.03097534 -8.24999809 104.53810883
v 67.5354538 -8.74999809 104.42493439
v 67.82102203 -8.24999809 105.18428802
v 67.322052 -8.74999809 105.12841034
v 67.75 -8.24999809 105.86000061
v 67.25 -8.74999809 105.86000061
v 67.322052 -8.74999809 106.59159088
v 67.82102203 -8.24999809 106.5357132
v 67.5354538 -8.74999809 107.2950592
v 68.03097534 -8.24999809 107.1818924
v 67.88198853 -8.74999809 107.94338989
v 68.37069702 -8.24999809 107.77030182
v 68.34835052 -8.74999809 108.51165009
v 68.82532501 -8.24999809 108.27522278
v 68.91661072 -8.74999809 108.97801208
v 69.375 -8.24999809 108.67458344
v 69.56493378 -8.74999809 109.32454681
v 69.99569702 -8.24999809 108.95093536
v 70.26840973 -8.74999809 109.53794861
v 70.66028595 -8.24999809 109.0921936
v 71 -8.74999809 109.61000061
v 71.33971405 -8.24999809 109.0921936
v 71.73159027 -8.74999809 109.53794861
v 72.00430298 -8.24999809 108.95093536
v 72.43506622 -8.74999809 109.32454681
v 72.625 -8.24999809 108.67458344
v 73.08338928 -8.74999809 108.97801208
v 73.17467499 -8.24999809 108.27522278
v 73.65164948 -8.74999809 108.51165009
v 73.62930298 -8.24999809 107.77030182
v 74.11801147 -8.74999809 107.94338989
v 73.96902466 -8.24999809 107.1818924
v 74.4645462 -8.74999809 107.2950592
v 74.17897797 -8.24999809 106.5357132
v 85.45529175 -8.24999809 101.08004761
v 85.95425415 -8.74999809 101.02416992
v 85.52631378 -8.24999809 101.75576019
v 86.02631378 -8.74999809 101.75576019
v 85.95425415 -8.74999809 102.48735046
v 85.74085999 -8.74999809 100.32069397
v 85.24533081 -8.24999809 100.43386078
v 85.39432526 -8.74999809 99.67237091
v 84.90561676 -8.24999809 99.84545898
v 84.92796326 -8.74999809 99.10411072
v 84.45098877 -8.24999809 99.34053802
v 84.35970306 -8.74999809 98.63774872
v 83.90131378 -8.24999809 98.94117737
v 83.71137238 -8.74999809 98.29120636
v 83.28061676 -8.24999809 98.66482544
v 83.00789642 -8.74999809 98.07781219
v 82.61602783 -8.24999809 98.52355957
v 82.27631378 -8.74999809 98.00576019
v 81.9365921 -8.24999809 98.52355957
v 81.54472351 -8.74999809 98.07781219
v 81.27200317 -8.24999809 98.66482544
v 80.84124756 -8.74999809 98.29120636
v 80.65131378 -8.24999809 98.94117737
v 80.1929245 -8.74999809 98.63774872
v 80.10163879 -8.24999809 99.34053802
v 79.62466431 -8.74999809 99.10411072
v 79.64700317 -8.24999809 99.84545898
v 79.15830231 -8.74999809 99.67237091
v 79.30728912 -8.24999809 100.43386078
v 78.81175995 -8.74999809 100.32069397
v 79.09732819 -8.24999809 101.08004761
v 78.59836578 -8.74999809 101.02416992
v 79.02631378 -8.24999809 101.75576019
v 78.52631378 -8.74999809 101.75576019
v 78.59836578 -8.74999809 102.48735046
v 79.09732819 -8.24999809 102.43147278
v 78.81175995 -8.74999809 103.19081879
v 79.30728912 -8.24999809 103.07765198
v 79.15830231 -8.74999809 103.83914948
v 79.64700317 -8.24999809 103.6660614
v 79.62466431 -8.74999809 104.40740967
v 80.10163879 -8.24999809 104.17098236
v 80.1929245 -8.74999809 104.87377167
v 80.65131378 -8.24999809 104.57034302
v 80.84124756 -8.74999809 105.2203064
v 81.27200317 -8.24999809 104.84669495
v 81.54472351 -8.74999809 105.43370056
v 81.9365921 -8.24999809 104.98795319
v 82.27631378 -8.74999809 105.50576019
v 82.61602783 -8.24999809 104.98795319
v 83.00789642 -8.74999809 105.43370056
v 83.28061676 -8.24999809 104.84669495
v 83.71137238 -8.74999809 105.2203064
v 83.90131378 -8.24999809 104.57034302
v 84.35970306 -8.74999809 104.87377167
v 84.45098877 -8.24999809 104.17098236
v 84.92796326 -8.74999809 104.40740967
v 84.90561676 -8.24999809 103.6660614
v 85.39432526 -8.74999809 103.83914948
v 85.24533081 -8.24999809 103.07765198
v 85.74085999 -8.74999809 103.19081879
v 85.45529175 -8.24999809 102.43147278
v 94.85221863 -8.24999809 97.65984344
v 95.35118103 -8.74999809 97.60396576
v 94.92324066 -8.24999809 98.33555603
v 95.42324066 -8.74999809 98.33555603
v 95.35118103 -8.74999809 99.0671463
v 95.13778687 -8.74999809 96.90049744
v 94.64225769 -8.24999809 97.01366425
v 94.79125214 -8.74999809 96.25216675
v 94.30254364 -8.24999809 96.42525482
v 94.32489014 -8.74999809 95.68390656
v 93.84791565 -8.24999809 95.92033386
v 93.75662231 -8.74999809 95.21754456
v 93.29824066 -8.24999809 95.52097321
v 93.10829926 -8.74999809 94.87100983
v 92.67754364 -8.24999809 95.24462128
v 92.4048233 -8.74999809 94.65761566
v 92.01295471 -8.24999809 95.10336304
v 91.67324066 -8.74999809 94.58555603
v 91.33351898 -8.24999809 95.10336304
v 90.94165039 -8.74999809 94.65761566
v 90.66893005 -8.24999809 95.24462128
v 90.23817444 -8.74999809 94.87100983
v 90.04824066 -8.24999809 95.52097321
v 89.58985138 -8.74999809 95.21754456
v 89.49856567 -8.24999809 95.92033386
v 89.02158356 -8.74999809 95.68390656
v 89.04393005 -8.24999809 96.42525482
v 88.55522919 -8.74999809 96.25216675
v 88.704216 -8.24999809 97.01366425
v 88.20868683 -8.74999809 96.90049744
v 88.49425507 -8.24999809 97.65984344
v 87.99529266 -8.74999809 97.60396576
v 88.42324066 -8.24999809 98.33555603
v 87.92324066 -8.74999809 98.33555603
v 87.99529266 -8.74999809 99.0671463
v 88.49425507 -8.24999809 99.01126862
v 88.20868683 -8.74999809 99.77062225
v 88.704216 -8.24999809 99.65744781
v 88.55522919 -8.74999809 100.41894531
v 89.04393005 -8.24999809 100.24585724
v 89.02158356 -8.74999809 100.98720551
v 89.49856567 -8.24999809 100.7507782
v 89.58985138 -8.74999809 101.4535675
v 90.04824066 -8.24999809 101.15013885
v 90.23817444 -8.74999809 101.80010223
v 90.66893005 -8.24999809 101.42649078
v 90.94165039 -8.74999809 102.01350403
v 91.33351898 -8.24999809 101.56775665
v 91.67324066 -8.74999809 102.08555603
v 92.01295471 -8.24999809 101.56775665
v 92.4048233 -8.74999809 102.01350403
v 92.67754364 -8.24999809 101.42649078
v 93.10829926 -8.74999809 101.80010223
v 93.29824066 -8.24999809 101.15013885
v 93.75662231 -8.74999809 101.4535675
v 93.84791565 -8.24999809 100.7507782
v 94.32489014 -8.74999809 100.98720551
v 94.30254364 -8.24999809 100.24585724
v 94.79125214 -8.74999809 100.41894531
v 94.64225769 -8.24999809 99.65744781
v 95.13778687 -8.74999809 99.77062225
v 94.85221863 -8.24999809 99.01126862
v 88.49425507 8.25000191 97.65984344
v 87.99529266 8.75000191 97.60396576
v 88.42324066 8.25000191 98.33555603
v 87.92324066 8.75000191 98.33555603
v 87.99529266 8.75000191 99.0671463
v 88.20868683 8.75000191 96.90049744
v 88.704216 8.25000191 97.01366425
v 88.55522919 8.75000191 96.25216675
v 89.04393005 8.25000191 96.42525482
v 89.02158356 8.75000191 95.68390656
v 89.49856567 8.25000191 95.92033386
v 89.58985138 8.75000191 95.21754456
v 90.04824066 8.25000191 95.52097321
v 90.23817444 8.75000191 94.87100983
v 90.66893005 8.25000191 95.24462128
v 90.94165039 8.75000191 94.65761566
v 91.33351898 8.25000191 95.10336304
v 91.67324066 8.75000191 94.58555603
v 92.01295471 8.25000191 95.10336304
v 92.4048233 8.75000191 94.65761566
v 92.67754364 8.25000191 95.24462128
v 93.10829926 8.75000191 94.87100983
v 93.29824066 8.25000191 95.52097321
v 93.75662231 8.75000191 95.21754456
v 93.84791565 8.25000191 95.92033386
v 94.32489014 8.75000191 95.68390656
v 94.30254364 8.25000191 96.42525482
v 94.79125214 8.75000191 96.25216675
v 94.64225769 8.25000191 97.01366425
v 95.13778687 8.75000191 96.90049744
v 94.85221863 8.25000191 97.65984344
v 95.35118103 8.75000191 97.60396576
v 94.92324066 8.25000191 98.33555603
v 95.42324066 8.75000191 98.33555603
v 95.35118103 8.75000191 99.0671463
v 94.85221863 8.25000191 99.01126862
v 95.13778687 8.75000191 99.77062225
v 94.64225769 8.25000191 99.65744781
v 94.79125214 8.75000191 100.41894531
v 94.30254364 8.25000191 100.24585724
v 94.32489014 8.75000191 100.98720551
v 93.84791565 8.25000191 100.7507782
v 93.75662231 8.75000191 101.4535675
v 93.29824066 8.25000191 101.15013885
v 93.10829926 8.75000191 101.80010223
v 92.67754364 8.25000191 101.42649078
v 92.4048233 8.75000191 102.01350403
v 92.01295471 8.25000191 101.56775665
v 91.67324066 8.75000191 102.08555603
v 91.33351898 8.25000191 101.56775665
v 90.94165039 8.75000191 102.01350403
v 90.66893005 8.25000191 101.42649078
v 90.23817444 8.75000191 101.80010223
v 90.04824066 8.25000191 101.15013885
v 89.58985138 8.75000191 101.4535675
v 89.49856567 8.25000191 100.7507782
v 89.02158356 8.75000191 100.98720551
v 89.04393005 8.25000191 100.24585724
v 88.55522919 8.75000191 100.41894531
v 88.704216 8.25000191 99.65744781
v 88.20868683 8.75000191 99.77062225
v 88.49425507 8.25000191 99.01126862
v 79.09732819 8.25000191 101.08004761
v 78.59836578 8.75000191 101.02416992
v 79.02631378 8.25000191 101.75576019
v 78.52631378 8.75000191 101.75576019
v 78.59836578 8.75000191 102.48735046
v 78.81175995 8.75000191 100.32069397
v 79.30728912 8.25000191 100.43386078
v 79.15830231 8.75000191 99.67237091
v 79.64700317 8.25000191 99.84545898
v 79.62466431 8.75000191 99.10411072
v 80.10163879 8.25000191 99.34053802
v 80.1929245 8.75000191 98.63774872
v 80.65131378 8.25000191 98.94117737
v 80.84124756 8.75000191 98.29120636
v 81.27200317 8.25000191 98.66482544
v 81.54472351 8.75000191 98.07781219
v 81.9365921 8.25000191 98.52355957
v 82.27631378 8.75000191 98.00576019
v 82.61602783 8.25000191 98.52355957
v 83.00789642 8.75000191 98.07781219
v 83.28061676 8.25000191 98.66482544
v 83.71137238 8.75000191 98.29120636
v 83.90131378 8.25000191 98.94117737
v 84.35970306 8.75000191 98.63774872
v 84.45098877 8.25000191 99.34053802
v 84.92796326 8.75000191 99.10411072
v 84.90561676 8.25000191 99.84545898
v 85.39432526 8.75000191 99.67237091
v 85.24533081 8.25000191 100.43386078
v 85.74085999 8.75000191 100.32069397
v 85.45529175 8.25000191 101.08004761
v 85.95425415 8.75000191 101.02416992
v 85.52631378 8.25000191 101.75576019
v 86.02631378 8.75000191 101.75576019
v 85.95425415 8.75000191 102.48735046
v 85.45529175 8.25000191 102.43147278
v 85.74085999 8.75000191 103.19081879
v 85.24533081 8.25000191 103.07765198
v 85.39432526 8.75000191 103.83914948
v 84.90561676 8.25000191 103.6660614
v 84.92796326 8.75000191 104.40740967
v 84.45098877 8.25000191 104.17098236
v 84.35970306 8.75000191 104.87377167
v 83.90131378 8.25000191 104.57034302
v 83.71137238 8.75000191 105.2203064
v 83.28061676 8.25000191 104.84669495
v 83.00789642 8.75000191 105.43370056
v 82.61602783 8.25000191 104.98795319
v 82.27631378 8.75000191 105.50576019
v 81.9365921 8.25000191 104.98795319
v 81.54472351 8.75000191 105.43370056
v 81.27200317 8.25000191 104.84669495
v 80.84124756 8.75000191 105.2203064
v 80.65131378 8.25000191 104.57034302
v 80.1929245 8.75000191 104.87377167
v 80.10163879 8.25000191 104.17098236
v 79.62466431 8.75000191 104.40740967
v 79.64700317 8.25000191 103.6660614
v 79.15830231 8.75000191 103.83914948
v 79.30728912 8.25000191 103.07765198
v 78.81175995 8.75000191 103.19081879
v 79.09732819 8.25000191 102.43147278
v 67.82102203 8.25000191 105.18428802
v 67.322052 8.75000191 105.12841034
v 67.75 8.25000191 105.86000061
v 67.25 8.75000191 105.86000061
v 67.322052 8.75000191 106.59159088
v 67.5354538 8.75000191 104.42493439
v 68.03097534 8.25000191 104.53810883
v 67.88198853 8.75000191 103.77661133
v 68.37069702 8.25000191 103.9496994
v 68.34835052 8.75000191 103.20835114
v 68.82532501 8.25000191 103.44477844
v 68.91661072 8.75000191 102.74198914
v 69.375 8.25000191 103.04541779
v 69.56493378 8.75000191 102.39545441
v 69.99569702 8.25000191 102.76906586
v 70.26840973 8.75000191 102.18205261
v 70.66028595 8.25000191 102.62780762
v 71 8.75000191 102.11000061
v 71.33971405 8.25000191 102.62780762
v 71.73159027 8.75000191 102.18205261
v 72.00430298 8.25000191 102.76906586
v 72.43506622 8.75000191 102.39545441
v 72.625 8.25000191 103.04541779
v 73.08338928 8.75000191 102.74198914
v 73.17467499 8.25000191 103.44477844
v 73.65164948 8.75000191 103.20835114
v 73.62930298 8.25000191 103.9496994
v 74.11801147 8.75000191 103.77661133
v 73.96902466 8.25000191 104.53810883
v 74.4645462 8.75000191 104.42493439
v 74.17897797 8.25000191 105.18428802
v 74.677948 8.75000191 105.12841034
v 74.25 8.25000191 105.86000061
v 74.75 8.75000191 105.86000061
v 74.677948 8.75000191 106.59159088
v 74.17897797 8.25000191 106.5357132
v 74.4645462 8.75000191 107.2950592
v 73.96902466 8.25000191 107.1818924
v 74.11801147 8.75000191 107.94338989
v 73.62930298 8.25000191 107.77030182
v 73.65164948 8.75000191 108.51165009
v 73.17467499 8.25000191 108.27522278
v 73.08338928 8.75000191 108.97801208
v 72.625 8.25000191 108.67458344
v 72.43506622 8.75000191 109.32454681
v 72.00430298 8.25000191 108.95093536
v 71.73159027 8.75000191 109.53794861
v 71.33971405 8.25000191 109.0921936
v 71 8.75000191 109.61000061
v 70.66028595 8.25000191 109.0921936
v 70.26840973 8.75000191 109.53794861
v 69.99569702 8.25000191 108.95093536
v 69.56493378 8.75000191 109.32454681
v 69.375 8.25000191 108.67458344
v 68.91661072 8.75000191 108.97801208
v 68.82532501 8.25000191 108.27522278
v 68.34835052 8.75000191 108.51165009
v 68.37069702 8.25000191 107.77030182
v 67.88198853 8.75000191 107.94338989
v 68.03097534 8.25000191 107.1818924
v 67.5354538 8.75000191 107.2950592
v 67.82102203 8.25000191 106.5357132
v 70.5 6.52891874 115.88838959
v 75 6.60000229 116.36000061
v 70.5 6.60000229 116.36000061
v 75 6.52891874 116.83161163
v 70.5 6.52891874 116.83161163
v 75 6.32198429 117.26131439
v 70.5 6.32198429 117.26131439
v 75 5.99758577 117.6109314
v 70.5 5.99758577 117.6109314
v 75 5.584548 117.84939575
v 70.5 5.584548 117.84939575
v 75 5.11957026 117.95552826
v 70.5 5.11957026 117.95552826
v 75 4.64396906 117.91988373
v 70.5 4.64396906 117.91988373
v 75 4.20000219 117.74564362
v 70.5 4.20000219 117.74564362
v 75 3.82711935 117.44827271
v 70.5 3.82711935 117.44827271
v 75 3.55845213 117.05421448
v 70.5 3.55845213 117.05421448
v 75 3.41787291 116.59846497
v 70.5 3.41787291 116.59846497
v 75 3.41787291 116.12152863
v 70.5 3.41787291 116.12152863
v 75 3.55845213 115.66578674
v 70.5 3.55845213 115.66578674
v 75 3.82711935 115.27172089
v 70.5 3.82711935 115.27172089
v 75 4.20000219 114.9743576
v 70.5 4.20000219 114.9743576
v 75 4.64396906 114.80011749
v 70.5 4.64396906 114.80011749
v 75 5.11957026 114.76447296
v 70.5 5.11957026 114.76447296
v 75 5.584548 114.87060547
v 70.5 5.584548 114.87060547
v 75 5.99758577 115.10906982
v 70.5 5.99758577 115.10906982
v 75 6.32198429 115.45868683
v 70.5 6.32198429 115.45868683
v 75 6.52891874 115.88838959
v 70.5 -3.47108126 115.88838959
v 75 -3.39999771 116.36000061
v 70.5 -3.39999771 116.36000061
v 75 -3.47108126 116.83161163
v 70.5 -3.47108126 116.83161163
v 75 -3.67801571 117.26131439
v 70.5 -3.67801571 117.26131439
v 75 -4.00241423 117.6109314
v 70.5 -4.00241423 117.6109314
v 75 -4.415452 117.84939575
v 70.5 -4.415452 117.84939575
v 75 -4.88042974 117.95552826
v 70.5 -4.88042974 117.95552826
v 75 -5.35603094 117.91988373
v 70.5 -5.35603094 117.91988373
v 75 -5.79999781 117.74564362
v 70.5 -5.79999781 117.74564362
v 75 -6.17288065 117.44827271
v 70.5 -6.17288065 117.44827271
v 75 -6.44154787 117.05421448
v 70.5 -6.44154787 117.05421448
v 75 -6.58212709 116.59846497
v 70.5 -6.58212709 116.59846497
v 75 -6.58212709 116.12152863
v 70.5 -6.58212709 116.12152863
v 75 -6.44154787 115.66578674
v 70.5 -6.44154787 115.66578674
v 75 -6.17288065 115.27172089
v 70.5 -6.17288065 115.27172089
v 75 -5.79999781 114.9743576
v 70.5 -5.79999781 114.9743576
v 75 -5.35603094 114.80011749
v 70.5 -5.35603094 114.80011749
v 75 -4.88042974 114.76447296
v 70.5 -4.88042974 114.76447296
v 75 -4.415452 114.87060547
v 70.5 -4.415452 114.87060547
v 75 -4.00241423 115.10906982
v 70.5 -4.00241423 115.10906982
v 75 -3.67801571 115.45868683
v 70.5 -3.67801571 115.45868683
v 75 -3.47108126 115.88838959
v 75 7.83220196 115.73658752
v 76.5 7.83220196 115.73658752
v 75 7.90000248 116.36000061
v 76.5 7.90000248 116.36000061
v 75 7.83220196 116.9834137
v 76.5 7.83220196 116.9834137
v 76.5 7.63197088 117.57767487
v 75 7.63197088 115.14231873
v 76.5 7.63197088 115.14231873
v 75 7.30867243 114.60499573
v 76.5 7.30867243 114.60499573
v 75 6.87742233 114.14972687
v 76.5 6.87742233 114.14972687
v 75 6.35838699 113.79781342
v 76.5 6.35838699 113.79781342
v 75 5.77583456 113.56570435
v 76.5 5.77583456 113.56570435
v 75 5.15700531 113.46425629
v 76.5 5.15700531 113.46425629
v 75 4.53083467 113.49819946
v 76.5 4.53083467 113.49819946
v 75 3.92660165 113.66596985
v 76.5 3.92660165 113.66596985
v 75 3.37255979 113.95970154
v 76.5 3.37255979 113.95970154
v 75 2.89461541 114.36566925
v 76.5 2.89461541 114.36566925
v 75 2.51511645 114.86489105
v 76.5 2.51511645 114.86489105
v 75 2.25180817 115.43402863
v 76.5 2.25180817 115.43402863
v 75 2.11700225 116.04645538
v 76.5 2.11700225 116.04645538
v 75 2.11700225 116.67354584
v 76.5 2.11700225 116.67354584
v 75 2.25180817 117.2859726
v 76.5 2.25180817 117.2859726
v 75 2.51511645 117.85510254
v 76.5 2.51511645 117.85510254
v 75 2.89461541 118.35433197
v 76.5 2.89461541 118.35433197
v 75 3.37255979 118.76029968
v 76.5 3.37255979 118.76029968
v 75 3.92660165 119.05403137
v 76.5 3.92660165 119.05403137
v 75 4.53083467 119.22179413
v 76.5 4.53083467 119.22179413
v 75 5.15700531 119.25574493
v 76.5 5.15700531 119.25574493
v 75 5.77583456 119.15429688
v 76.5 5.77583456 119.15429688
v 75 6.35838699 118.92218781
v 76.5 6.35838699 118.92218781
v 75 6.87742233 118.57026672
v 76.5 6.87742233 118.57026672
v 75 7.30867243 118.11500549
v 76.5 7.30867243 118.11500549
v 75 7.63197088 117.57767487
v 75 -2.16779804 115.73658752
v 76.5 -2.16779804 115.73658752
v 75 -2.09999776 116.36000061
v 76.5 -2.09999776 116.36000061
v 75 -2.16779804 116.9834137
v 76.5 -2.16779804 116.9834137
v 76.5 -2.36802888 117.57767487
v 75 -2.36802888 115.14231873
v 76.5 -2.36802888 115.14231873
v 75 -2.69132781 114.60499573
v 76.5 -2.69132781 114.60499573
v 75 -3.12257743 114.14972687
v 76.5 -3.12257743 114.14972687
v 75 -3.64161325 113.79781342
v 76.5 -3.64161325 113.79781342
v 75 -4.22416544 113.56570435
v 76.5 -4.22416544 113.56570435
v 75 -4.84299469 113.46425629
v 76.5 -4.84299469 113.46425629
v 75 -5.46916533 113.49819946
v 76.5 -5.46916533 113.49819946
v 75 -6.07339811 113.66596985
v 76.5 -6.07339811 113.66596985
v 75 -6.62743998 113.95970154
v 76.5 -6.62743998 113.95970154
v 75 -7.10538483 114.36566925
v 76.5 -7.10538483 114.36566925
v 75 -7.48488331 114.86489105
v 76.5 -7.48488331 114.86489105
v 75 -7.74819183 115.43402863
v 76.5 -7.74819183 115.43402863
v 75 -7.88299799 116.04645538
v 76.5 -7.88299799 116.04645538
v 75 -7.88299799 116.67354584
v 76.5 -7.88299799 116.67354584
v 75 -7.74819183 117.2859726
v 76.5 -7.74819183 117.2859726
v 75 -7.48488331 117.85510254
v 76.5 -7.48488331 117.85510254
v 75 -7.10538483 118.35433197
v 76.5 -7.10538483 118.35433197
v 75 -6.62743998 118.76029968
v 76.5 -6.62743998 118.76029968
v 75 -6.07339811 119.05403137
v 76.5 -6.07339811 119.05403137
v 75 -5.46916533 119.22179413
v 76.5 -5.46916533 119.22179413
v 75 -4.84299469 119.25574493
v 76.5 -4.84299469 119.25574493
v 75 -4.22416544 119.15429688
v 76.5 -4.22416544 119.15429688
v 75 -3.64161325 118.92218781
v 76.5 -3.64161325 118.92218781
v 75 -3.12257743 118.57026672
v 76.5 -3.12257743 118.57026672
v 75 -2.69132781 118.11500549
v 76.5 -2.69132781 118.11500549
v 75 -2.36802888 117.57767487
v 94.85221863 -3.74999762 99.01126862
v 94.92324066 -3.74999762 98.33555603
v 94.85221863 -3.74999762 97.65984344
v 94.64225769 -3.74999762 97.01366425
v 94.30254364 -3.74999762 96.42525482
v 93.84791565 -3.74999762 95.92033386
v 93.29824066 -3.74999762 95.52097321
v 92.67754364 -3.74999762 95.24462128
v 92.01295471 -3.74999762 95.10336304
v 91.33351898 -3.74999762 95.10336304
v 90.66893005 -3.74999762 95.24462128
v 90.04824066 -3.74999762 95.52097321
v 89.49856567 -3.74999762 95.92033386
v 89.04393005 -3.74999762 96.42525482
v 88.704216 -3.74999762 97.01366425
v 88.49425507 -3.74999762 97.65984344
v 88.42324066 -3.74999762 98.33555603
v 88.49425507 -3.74999762 99.01126862
v 88.704216 -3.74999762 99.65744781
v 89.04393005 -3.74999762 100.24585724
v 89.49856567 -3.74999762 100.7507782
v 90.04824066 -3.74999762 101.15013885
v 90.66893005 -3.74999762 101.42649078
v 91.33351898 -3.74999762 101.56775665
v 92.01295471 -3.74999762 101.56775665
v 92.67754364 -3.74999762 101.42649078
v 93.29824066 -3.74999762 101.15013885
v 93.84791565 -3.74999762 100.7507782
v 94.30254364 -3.74999762 100.24585724
v 94.64225769 -3.74999762 99.65744781
v 85.45529175 2.32E-06 102.43147278
v 85.52631378 2.32E-06 101.75576019
v 85.45529175 2.32E-06 101.08004761
v 85.24533081 2.32E-06 100.43386078
v 84.90561676 2.32E-06 99.84545898
v 84.45098877 2.32E-06 99.34053802
v 83.90131378 2.32E-06 98.94117737
v 83.28061676 2.32E-06 98.66482544
v 82.61602783 2.32E-06 98.52355957
v 81.9365921 2.32E-06 98.52355957
v 81.27200317 2.32E-06 98.66482544
v 80.65131378 2.32E-06 98.94117737
v 80.10163879 2.32E-06 99.34053802
v 79.64700317 2.32E-06 99.84545898
v 79.30728912 2.32E-06 100.43386078
v 79.09732819 2.32E-06 101.08004761
v 79.02631378 2.32E-06 101.75576019
v 79.09732819 2.32E-06 102.43147278
v 79.30728912 2.32E-06 103.07765198
v 79.64700317 2.32E-06 103.6660614
v 80.10163879 2.32E-06 104.17098236
v 80.65131378 2.32E-06 104.57034302
v 81.27200317 2.32E-06 104.84669495
v 81.9365921 2.32E-06 104.98795319
v 82.61602783 2.32E-06 104.98795319
v 83.28061676 2.32E-06 104.84669495
v 83.90131378 2.32E-06 104.57034302
v 84.45098877 2.32E-06 104.17098236
v 84.90561676 2.32E-06 103.6660614
v 85.24533081 2.32E-06 103.07765198
v 74.17897797 2.32E-06 106.5357132
v 74.25 2.32E-06 105.86000061
v 74.17897797 2.32E-06 105.18428802
v 73.96902466 2.32E-06 104.53810883
v 73.62930298 2.32E-06 103.9496994
v 73.17467499 2.32E-06 103.44477844
v 72.625 2.32E-06 103.04541779
v 72.00430298 2.32E-06 102.76906586
v 71.33971405 2.32E-06 102.62780762
v 70.66028595 2.32E-06 102.62780762
v 69.99569702 2.32E-06 102.76906586
v 69.375 2.32E-06 103.04541779
v 68.82532501 2.32E-06 103.44477844
v 68.37069702 2.32E-06 103.9496994
v 68.03097534 2.32E-06 104.53810883
v 67.82102203 2.32E-06 105.18428802
v 67.75 2.32E-06 105.86000061
v 67.82102203 2.32E-06 106.5357132
v 68.03097534 2.32E-06 107.1818924
v 68.37069702 2.32E-06 107.77030182
v 68.82532501 2.32E-06 108.27522278
v 69.375 2.32E-06 108.67458344
v 69.99569702 2.32E-06 108.95093536
v 70.66028595 2.32E-06 109.0921936
v 71.33971405 2.32E-06 109.0921936
v 72.00430298 2.32E-06 108.95093536
v 72.625 2.32E-06 108.67458344
v 73.17467499 2.32E-06 108.27522278
v 73.62930298 2.32E-06 107.77030182
v 73.96902466 2.32E-06 107.1818924
v 88.49425507 3.75000238 97.65984344
v 88.42324066 3.75000238 98.33555603
v 88.49425507 3.75000238 99.01126862
v 88.704216 3.75000238 99.65744781
v 89.04393005 3.75000238 100.24585724
v 89.49856567 3.75000238 100.7507782
v 90.04824066 3.75000238 101.15013885
v 90.66893005 3.75000238 101.42649078
v 91.33351898 3.75000238 101.56775665
v 92.01295471 3.75000238 101.56775665
v 92.67754364 3.75000238 101.42649078
v 93.29824066 3.75000238 101.15013885
v 93.84791565 3.75000238 100.7507782
v 94.30254364 3.75000238 100.24585724
v 94.64225769 3.75000238 99.65744781
v 94.85221863 3.75000238 99.01126862
v 94.92324066 3.75000238 98.33555603
v 94.85221863 3.75000238 97.65984344
v 94.64225769 3.75000238 97.01366425
v 94.30254364 3.75000238 96.42525482
v 93.84791565 3.75000238 95.92033386
v 93.29824066 3.75000238 95.52097321
v 92.67754364 3.75000238 95.24462128
v 92.01295471 3.75000238 95.10336304
v 91.33351898 3.75000238 95.10336304
v 90.66893005 3.75000238 95.24462128
v 90.04824066 3.75000238 95.52097321
v 89.49856567 3.75000238 95.92033386
v 89.04393005 3.75000238 96.42525482
v 88.704216 3.75000238 97.01366425
v 79.69042969 -3.74999762 96.84396362
v 69.11888885 8.25000191 100.69168854
v 79.69042969 3.75000238 96.84396362
v 89.79212952 3.75000238 93.16724396
v 89.79212952 -3.74999762 93.16724396
v 89.79212952 -8.24999809 93.16724396
v 69.11888885 -8.24999809 100.69168854
v 90.62378693 3.75000238 92.93660736
v 91.48129272 3.75000238 92.83890533
v 92.34352112 3.75000238 92.8765564
v 93.1892395 3.75000238 93.0486145
v 93.99763489 3.75000238 93.3508606
v 94.74880219 3.75000238 93.77584839
v 95.42422485 3.75000238 94.31311035
v 96.0072937 3.75000238 94.94941711
v 96.48364258 3.75000238 95.66910553
v 96.8415451 3.75000238 96.45444489
v 97.07218933 3.75000238 97.28610992
v 97.16988373 3.75000238 98.14360809
v 97.1322403 3.75000238 99.00583649
v 96.96017456 3.75000238 99.8515625
v 96.65792847 3.75000238 100.65995789
v 96.23294067 3.75000238 101.41111755
v 95.69568634 3.75000238 102.08654785
v 95.05937958 3.75000238 102.6696167
v 94.33969116 3.75000238 103.14596558
v 93.55435181 3.75000238 103.5038681
v 88.15111542 3.75000238 105.47048187
v 79.13191986 8.25000191 108.75320435
v 79.13191986 -8.24999809 108.75320435
v 88.15111542 -3.74999762 105.47048187
v 93.55435181 -8.24999809 103.5038681
v 93.55435181 -3.74999762 103.5038681
v 76 -8.74999809 120.36000061
v 70.5 -8.74999809 120.55999756
v 76 -8.74999809 112.51197052
v 70.5 -8.74999809 111.76000214
v 76.068367 -8.74999809 111.73055267
v 75.5 -8.74999809 120.86000061
v 70.80000305 -8.74999809 120.86000061
v 66 -8.74999809 111.76000214
v 66 -8.74999809 105.86000061
v 66.05818939 -8.74999809 105.09938049
v 66.23141479 -8.74999809 104.3564682
v 66.51563263 -8.74999809 103.64855957
v 66.90424347 -8.74999809 102.99211884
v 67.38818359 -8.74999809 102.4024353
v 67.95619202 -8.74999809 101.89323425
v 68.59505463 -8.74999809 101.47636414
v 69.28990173 -8.74999809 101.16153717
v 78.96090698 -8.74999809 108.28335571
v 89.96313477 -8.74999809 93.63709259
v 90.75980377 -8.74999809 93.41970062
v 91.58138275 -8.74999809 93.33640289
v 92.4054718 -8.74999809 93.38946533
v 93.2095871 -8.74999809 93.57744598
v 93.9717865 -8.74999809 93.89521027
v 94.67129517 -8.74999809 94.33409882
v 95.28902435 -8.74999809 94.88214111
v 95.80812073 -8.74999809 95.52438354
v 96.21443176 -8.74999809 96.24330139
v 96.49687195 -8.74999809 97.01929474
v 96.6477356 -8.74999809 97.83119202
v 96.66290283 -8.74999809 98.65684509
v 96.5419693 -8.74999809 99.47373199
v 96.2882309 -8.74999809 100.25957489
v 95.90859985 -8.74999809 100.99293518
v 95.41344452 -8.74999809 101.65381622
v 94.81626892 -8.74999809 102.2241745
v 94.13335419 -8.74999809 102.68846893
v 93.38333893 -8.74999809 103.03401947
v 78.25 -8.74999809 108.61486053
v 77.60745239 -8.74999809 109.06477356
v 77.05280304 -8.74999809 109.61943054
v 76.60288239 -8.74999809 110.26197052
v 76.27138519 -8.74999809 110.9728775
v 70.80000305 8.75000191 120.86000061
v 75.5 8.75000191 120.86000061
v 70.5 8.75000191 120.55999756
v 76 8.75000191 120.36000061
v 76 8.75000191 112.51197052
v 70.5 8.75000191 111.76000214
v 76.068367 8.75000191 111.73055267
v 76.27138519 8.75000191 110.9728775
v 76.60288239 8.75000191 110.26197052
v 77.05280304 8.75000191 109.61943054
v 77.60745239 8.75000191 109.06477356
v 78.25 8.75000191 108.61486053
v 78.96090698 8.75000191 108.28335571
v 69.28990173 8.75000191 101.16153717
v 68.59505463 8.75000191 101.47636414
v 67.95619202 8.75000191 101.89323425
v 67.38818359 8.75000191 102.4024353
v 66.90424347 8.75000191 102.99211884
v 66.51563263 8.75000191 103.64855957
v 66.23141479 8.75000191 104.3564682
v 66.05818939 8.75000191 105.09938049
v 66 8.75000191 105.86000061
v 66 8.75000191 111.76000214
v 65.5 -8.24999809 105.86000061
v 65.5 8.25000191 105.86000061
v 65.56401062 -8.24999809 105.02332306
v 65.56401062 8.25000191 105.02332306
v 65.75455475 -8.24999809 104.20611572
v 65.75455475 8.25000191 104.20611572
v 66.06719971 -8.24999809 103.42741394
v 66.06719971 8.25000191 103.42741394
v 66.49466705 -8.24999809 102.7053299
v 66.49466705 8.25000191 102.7053299
v 67.02700043 -8.24999809 102.05667877
v 67.02700043 8.25000191 102.05667877
v 67.65180969 -8.24999809 101.49655914
v 67.65180969 8.25000191 101.49655914
v 68.35456085 -8.24999809 101.03800201
v 68.35456085 8.25000191 101.03800201
v 94.33969116 -3.74999762 103.14596558
v 94.33969116 -8.24999809 103.14596558
v 95.05937958 -3.74999762 102.6696167
v 95.05937958 -8.24999809 102.6696167
v 95.69568634 -3.74999762 102.08654785
v 95.69568634 -8.24999809 102.08654785
v 96.23294067 -3.74999762 101.41111755
v 96.23294067 -8.24999809 101.41111755
v 96.65792847 -3.74999762 100.65995789
v 96.65792847 -8.24999809 100.65995789
v 96.96017456 -3.74999762 99.8515625
v 96.96017456 -8.24999809 99.8515625
v 97.1322403 -3.74999762 99.00583649
v 97.1322403 -8.24999809 99.00583649
v 97.16988373 -3.74999762 98.14360809
v 97.16988373 -8.24999809 98.14360809
v 97.07218933 -3.74999762 97.28610992
v 97.07218933 -8.24999809 97.28610992
v 96.8415451 -3.74999762 96.45444489
v 96.8415451 -8.24999809 96.45444489
v 96.48364258 -3.74999762 95.66910553
v 96.48364258 -8.24999809 95.66910553
v 96.0072937 -3.74999762 94.94941711
v 96.0072937 -8.24999809 94.94941711
v 95.42422485 -3.74999762 94.31311035
v 95.42422485 -8.24999809 94.31311035
v 94.74880219 -3.74999762 93.77584839
v 94.74880219 -8.24999809 93.77584839
v 93.99763489 -3.74999762 93.3508606
v 93.99763489 -8.24999809 93.3508606
v 93.1892395 -3.74999762 93.0486145
v 93.1892395 -8.24999809 93.0486145
v 92.34352112 -3.74999762 92.8765564
v 92.34352112 -8.24999809 92.8765564
v 91.48129272 -3.74999762 92.83890533
v 91.48129272 -8.24999809 92.83890533
v 90.62378693 -3.74999762 92.93660736
v 90.62378693 -8.24999809 92.93660736
v 76.5 8.25000191 119.44578552
v 76.5 8.25000191 112.51197052
v 76.5 -8.24999809 119.44578552
v 76.5 -8.24999809 112.51197052
v 65.5 8.25000191 111.76000214
v 65.5 -8.24999809 111.76000214
v 78.5 -8.24999809 109.04786682
v 78.5 8.25000191 109.04786682
v 77.92884827 -8.24999809 109.44779205
v 77.92884827 8.25000191 109.44779205
v 77.43582153 -8.24999809 109.94081879
v 77.43582153 8.25000191 109.94081879
v 77.0358963 -8.24999809 110.51197052
v 77.0358963 8.25000191 110.51197052
v 76.7412262 -8.24999809 111.14389038
v 76.7412262 8.25000191 111.14389038
v 76.56076813 -8.24999809 111.81737518
v 76.56076813 8.25000191 111.81737518
v 86.38233185 -3.74999762 100.61079407
v 86.38233185 3.75000238 100.61079407
v 85.34818268 3.75000238 99.48221588
v 86.14125061 3.75000238 100.14768219
v 85.78852081 3.75000238 99.76274109
v 85.34818268 -3.74999762 99.48221588
v 85.78852081 -3.74999762 99.76274109
v 86.14125061 -3.74999762 100.14768219
v 76.20710754 8.54289532 120.15289307
v 76.33146667 8.41853237 120.00135803
v 76.42388153 8.32612324 119.82846832
v 76.48078156 8.26921749 119.64087677
v 76.42388153 -8.32611847 119.82846832
v 76.33146667 -8.4185276 120.00135803
v 76.20710754 -8.54289055 120.15289307
v 76.48078156 -8.26921272 119.64087677
v 76.42388153 2.32E-06 119.82846832
vn -0.71065 0.69569 0.10486
vn -0.70379 0.70379 0.09673
vn -0.70379 0.70379 -0.09673
vn -0.69797 0.65684 0.28531
vn -0.71657 0.62844 0.30264
vn -0.69327 0.55904 0.45481
vn -0.721 0.50796 0.47132
vn -0.68977 0.41753 0.59151
vn -0.72402 0.34489 0.59737
vn -0.68751 0.24318 0.68424
vn -0.72568 0.1531 0.67079
vn -0.68654 0.04962 0.7254
vn -0.72601 -0.05139 0.68577
vn -0.68686 -0.14787 0.71159
vn -0.72501 -0.25162 0.64113
vn -0.68848 -0.33366 0.64394
vn -0.72268 -0.43095 0.54039
vn -0.69137 -0.49315 0.52803
vn -0.71896 -0.57428 0.39153
vn -0.69548 -0.61394 0.37335
vn -0.7138 -0.66924 0.20643
vn -0.70075 -0.68696 0.19248
vn -0.70709 -0.70712 0
vn -0.70709 -0.70712 0
vn -0.70075 -0.68696 -0.19248
vn -0.7138 -0.66924 -0.20643
vn -0.69548 -0.61394 -0.37335
vn -0.71896 -0.57428 -0.39153
vn -0.69137 -0.49315 -0.52803
vn -0.72268 -0.43095 -0.54039
vn -0.68848 -0.33366 -0.64394
vn -0.72501 -0.25162 -0.64113
vn -0.68686 -0.14787 -0.71159
vn -0.72601 -0.05139 -0.68577
vn -0.68654 0.04962 -0.7254
vn -0.72568 0.1531 -0.67079
vn -0.68751 0.24318 -0.68424
vn -0.72402 0.34489 -0.59737
vn -0.68977 0.41753 -0.59151
vn -0.721 0.50796 -0.47132
vn -0.69327 0.55904 -0.45481
vn -0.71657 0.62844 -0.30264
vn -0.69797 0.65684 -0.28531
vn -0.71065 0.69569 -0.10486
vn 0 0.98883 0.14904
vn 0 0.98883 -0.14904
vn 0 0.98883 -0.14904
vn 0 0.90097 -0.43388
vn 0 0.90097 -0.43388
vn 0 0.73305 -0.68017
vn 0 0.73305 -0.68017
vn 0 0.5 -0.86603
vn -0 0.5 -0.86603
vn -0 0.22252 -0.97493
vn -0 0.22252 -0.97493
vn 0 -0.07473 -0.9972
vn -0 -0.07473 -0.9972
vn -0 -0.36534 -0.93087
vn -0 -0.36534 -0.93087
vn -0 -0.62349 -0.78183
vn -0 -0.62349 -0.78183
vn -0 -0.82624 -0.56332
vn -0 -0.82624 -0.56332
vn -0 -0.95557 -0.29476
vn -0 -0.95557 -0.29476
vn -0 -1 0
vn -0 -0.95557 0.29476
vn -0 -0.95557 0.29476
vn -0 -0.82624 0.56332
vn -0 -0.82624 0.56332
vn -0 -0.62349 0.78183
vn -0 -0.62349 0.78183
vn -0 -0.36534 0.93087
vn -0 -0.36534 0.93087
vn -0 -0.07473 0.9972
vn -0 -0.07473 0.9972
vn 0 0.22252 0.97493
vn 0 0.22252 0.97493
vn 0 0.5 0.86603
vn 0 0.5 0.86603
vn 0 0.73305 0.68017
vn 0 0.73305 0.68017
vn 0 0.90097 0.43388
vn 0 0.90097 0.43388
vn 0 0.98883 0.14904
vn -0.18926 0.70601 -0.68244
vn -0.1858 0.70842 -0.6809
vn -0.08042 0.70382 -0.70581
vn -0.07097 0.71065 -0.69995
vn 0.03107 0.70185 -0.71164
vn 0.04508 0.71261 -0.70011
vn 0.14235 0.70012 -0.69969
vn 0.15931 0.71429 -0.68148
vn 0.25057 0.69862 -0.67018
vn 0.26875 0.7157 -0.64463
vn 0.35293 0.69737 -0.62379
vn 0.37056 0.71685 -0.5906
vn 0.44677 0.69636 -0.56167
vn 0.46211 0.71774 -0.52087
vn 0.52968 0.6956 -0.48536
vn 0.54103 0.71837 -0.4373
vn 0.5995 0.69509 -0.3968
vn 0.60529 0.71875 -0.34209
vn 0.65441 0.69484 -0.29823
vn 0.65321 0.71888 -0.23775
vn 0.69301 0.69484 -0.19219
vn 0.68357 0.71875 -0.12702
vn 0.7143 0.69509 -0.08138
vn 0.69554 0.71837 -0.01278
vn 0.71774 0.6956 0.03134
vn 0.6888 0.71774 0.10197
vn 0.70328 0.69636 0.14308
vn 0.6635 0.71685 0.21424
vn 0.67132 0.69737 0.251
vn 0.62023 0.7157 0.32107
vn 0.62273 0.69862 0.35232
vn 0.56009 0.71429 0.41964
vn 0.5588 0.70012 0.44449
vn 0.48456 0.71261 0.50734
vn 0.48124 0.70185 0.52518
vn 0.39556 0.71065 0.58181
vn 0.39208 0.70382 0.59237
vn 0.29534 0.70842 0.64103
vn 0.29368 0.70601 0.64443
vn -0.70178 -0.70857 0.07376
vn -0.7054 -0.7054 0.06948
vn -0.7054 -0.7054 -0.06948
vn -0.68094 -0.70261 0.20656
vn -0.66831 -0.71148 0.21715
vn -0.62965 -0.70019 0.33656
vn -0.60642 -0.71392 0.35011
vn -0.55343 -0.69816 0.45419
vn -0.51887 -0.71589 0.46719
vn -0.4552 -0.69652 0.55466
vn -0.40948 -0.71742 0.56359
vn -0.33881 -0.69528 0.63387
vn -0.2829 -0.7185 0.63539
vn -0.20887 -0.69445 0.68855
vn -0.14447 -0.71915 0.67967
vn -0.07057 -0.69404 0.71647
vn 0 -0.71937 0.69463
vn 0.07057 -0.69404 0.71647
vn 0.14447 -0.71915 0.67967
vn 0.20887 -0.69445 0.68855
vn 0.2829 -0.7185 0.63539
vn 0.33881 -0.69528 0.63387
vn 0.40948 -0.71742 0.56359
vn 0.4552 -0.69652 0.55466
vn 0.51887 -0.71589 0.46719
vn 0.55343 -0.69816 0.45419
vn 0.60642 -0.71392 0.35011
vn 0.62965 -0.70019 0.33656
vn 0.66831 -0.71148 0.21715
vn 0.68094 -0.70261 0.20656
vn 0.70178 -0.70857 0.07376
vn 0.7054 -0.7054 0.06948
vn 0.7054 -0.7054 -0.06948
vn 0.70178 -0.70857 -0.07376
vn 0.68094 -0.70261 -0.20656
vn 0.66831 -0.71148 -0.21715
vn 0.62965 -0.70019 -0.33656
vn 0.60642 -0.71392 -0.35011
vn 0.55343 -0.69816 -0.45419
vn 0.51887 -0.71589 -0.46719
vn 0.4552 -0.69652 -0.55466
vn 0.40948 -0.71742 -0.56359
vn 0.33881 -0.69528 -0.63387
vn 0.2829 -0.7185 -0.63539
vn 0.20887 -0.69445 -0.68855
vn 0.14447 -0.71915 -0.67967
vn 0.07057 -0.69404 -0.71647
vn 0 -0.71937 -0.69463
vn -0.07057 -0.69404 -0.71647
vn -0.14447 -0.71915 -0.67967
vn -0.20887 -0.69445 -0.68855
vn -0.2829 -0.7185 -0.63539
vn -0.33881 -0.69528 -0.63387
vn -0.40948 -0.71742 -0.56359
vn -0.4552 -0.69652 -0.55466
vn -0.51887 -0.71589 -0.46719
vn -0.55343 -0.69816 -0.45419
vn -0.60642 -0.71392 -0.35011
vn -0.62965 -0.70019 -0.33656
vn -0.66831 -0.71148 -0.21715
vn -0.68094 -0.70261 -0.20656
vn -0.70178 -0.70857 -0.07376
vn 0.70178 0.70857 0.07376
vn 0.7054 0.7054 0.06948
vn 0.7054 0.7054 -0.06948
vn 0.68094 0.70261 0.20656
vn 0.66831 0.71148 0.21715
vn 0.62965 0.70019 0.33656
vn 0.60642 0.71392 0.35011
vn 0.55343 0.69816 0.45419
vn 0.51887 0.71589 0.46719
vn 0.4552 0.69652 0.55466
vn 0.40948 0.71742 0.56359
vn 0.33881 0.69528 0.63387
vn 0.2829 0.7185 0.63539
vn 0.20887 0.69445 0.68855
vn 0.14447 0.71915 0.67967
vn 0.07057 0.69404 0.71647
vn 0 0.71937 0.69463
vn -0.07057 0.69404 0.71647
vn -0.14447 0.71915 0.67967
vn -0.20887 0.69445 0.68855
vn -0.2829 0.7185 0.63539
vn -0.33881 0.69528 0.63387
vn -0.40948 0.71742 0.56359
vn -0.4552 0.69652 0.55466
vn -0.51887 0.71589 0.46719
vn -0.55343 0.69816 0.45419
vn -0.60642 0.71392 0.35011
vn -0.62965 0.70019 0.33656
vn -0.66831 0.71148 0.21715
vn -0.68094 0.70261 0.20656
vn -0.70178 0.70857 0.07376
vn -0.7054 0.7054 0.06948
vn -0.7054 0.7054 -0.06948
vn -0.70178 0.70857 -0.07376
vn -0.68094 0.70261 -0.20656
vn -0.66831 0.71148 -0.21715
vn -0.62965 0.70019 -0.33656
vn -0.60642 0.71392 -0.35011
vn -0.55343 0.69816 -0.45419
vn -0.51887 0.71589 -0.46719
vn -0.4552 0.69652 -0.55466
vn -0.40948 0.71742 -0.56359
vn -0.33881 0.69528 -0.63387
vn -0.2829 0.7185 -0.63539
vn -0.20887 0.69445 -0.68855
vn -0.14447 0.71915 -0.67967
vn -0.07057 0.69404 -0.71647
vn 0 0.71937 -0.69463
vn 0.07057 0.69404 -0.71647
vn 0.14447 0.71915 -0.67967
vn 0.20887 0.69445 -0.68855
vn 0.2829 0.7185 -0.63539
vn 0.33881 0.69528 -0.63387
vn 0.40948 0.71742 -0.56359
vn 0.4552 0.69652 -0.55466
vn 0.51887 0.71589 -0.46719
vn 0.55343 0.69816 -0.45419
vn 0.60642 0.71392 -0.35011
vn 0.62965 0.70019 -0.33656
vn 0.66831 0.71148 -0.21715
vn 0.68094 0.70261 -0.20656
vn 0.70178 0.70857 -0.07376
vn 0 -0.98883 0.14904
vn 0 -0.98883 -0.14904
vn -0 -0.98883 -0.14904
vn -0 -0.90097 -0.43388
vn 0 -0.90097 -0.43388
vn 0 -0.73305 -0.68017
vn -0 -0.73305 -0.68017
vn -0 -0.5 -0.86603
vn -0 -0.5 -0.86603
vn -0 -0.22252 -0.97493
vn -0 -0.22252 -0.97493
vn 0 0.07473 -0.9972
vn 0 0.07473 -0.9972
vn 0 0.36534 -0.93087
vn 0 0.36534 -0.93087
vn 0 0.62349 -0.78183
vn 0 0.62349 -0.78183
vn 0 0.82624 -0.56332
vn 0 0.82624 -0.56332
vn 0 0.95557 -0.29476
vn 0 0.95557 -0.29476
vn 0 1 0
vn 0 1 0
vn 0 0.95557 0.29476
vn 0 0.95557 0.29476
vn 0 0.82624 0.56332
vn 0 0.82624 0.56332
vn 0 0.62349 0.78183
vn 0 0.62349 0.78183
vn 0 0.36534 0.93087
vn 0 0.36534 0.93087
vn 0 0.07473 0.9972
vn 0 0.07473 0.9972
vn -0 -0.22252 0.97493
vn -0 -0.22252 0.97493
vn -0 -0.5 0.86603
vn -0 -0.5 0.86603
vn -0 -0.73305 0.68017
vn 0 -0.73305 0.68017
vn 0 -0.90097 0.43388
vn -0 -0.90097 0.43388
vn -0 -0.98883 0.14904
vn -0 -0.98883 0.14904
vn -0 -0.98883 -0.14904
vn 0 -0.5 -0.86603
vn 0 -0.22252 -0.97493
vn 0 0.07473 -0.9972
vn 0 0.36534 -0.93087
vn 0 0.62349 -0.78183
vn 0 0.82624 -0.56332
vn 0 0.95557 -0.29476
vn -0 1 0
vn -0 0.95557 0.29476
vn -0 0.82624 0.56332
vn -0 0.62349 0.78183
vn -0 0.36534 0.93087
vn -0 0.07473 0.9972
vn 0 -0.22252 0.97493
vn 0 -0.5 0.86603
vn 0 -0.99414 0.10812
vn 0 -0.99414 -0.10812
vn 0 -0.94765 -0.3193
vn 0 -0.94765 0.3193
vn -0 -0.94765 0.3193
vn -0 -0.85686 0.51555
vn -0 -0.85686 0.51555
vn -0 -0.726 0.6877
vn -0 -0.726 0.6877
vn -0 -0.56119 0.82769
vn -0 -0.56119 0.82769
vn -0 -0.37014 0.92898
vn -0 -0.37014 0.92898
vn -0 -0.16178 0.98683
vn -0 -0.16178 0.98683
vn 0 0.05414 0.99853
vn 0 0.05414 0.99853
vn 0 0.26753 0.96355
vn 0 0.26753 0.96355
vn 0 0.46841 0.88351
vn 0 0.46841 0.88351
vn 0 0.64739 0.76216
vn 0 0.64739 0.76216
vn 0 0.79609 0.60517
vn 0 0.79609 0.60517
vn 0 0.90758 0.41989
vn 0 0.90758 0.41989
vn 0 0.97662 0.21497
vn 0 0.97662 0.21497
vn 0 1 0
vn 0 0.97662 -0.21497
vn 0 0.97662 -0.21497
vn 0 0.90758 -0.41989
vn 0 0.90758 -0.41989
vn 0 0.79609 -0.60517
vn 0 0.79609 -0.60517
vn 0 0.64739 -0.76216
vn 0 0.64739 -0.76216
vn 0 0.46841 -0.88351
vn 0 0.46841 -0.88351
vn 0 0.26753 -0.96355
vn 0 0.26753 -0.96355
vn 0 0.05414 -0.99853
vn 0 0.05414 -0.99853
vn -0 -0.16178 -0.98683
vn -0 -0.16178 -0.98683
vn -0 -0.37014 -0.92898
vn -0 -0.37014 -0.92898
vn -0 -0.56119 -0.82769
vn -0 -0.56119 -0.82769
vn -0 -0.726 -0.6877
vn 0 -0.726 -0.6877
vn -0 -0.85686 -0.51555
vn -0 -0.85686 -0.51555
vn -0 -0.94765 -0.3193
vn 0 -0.85686 0.51555
vn 0 -0.726 0.6877
vn 0 -0.56119 0.82769
vn 0 -0.37014 0.92898
vn 0 -0.16178 0.98683
vn 0 0.05414 0.99853
vn 0 0.26753 0.96355
vn 0 0.46841 0.88351
vn 0 0.64739 0.76216
vn 0 0.79609 0.60517
vn 0 0.90758 0.41989
vn 0 0.97662 0.21497
vn 0 1 0
vn 0 0.97662 -0.21497
vn 0 0.90758 -0.41989
vn 0 0.79609 -0.60517
vn 0 0.64739 -0.76216
vn 0 0.46841 -0.88351
vn 0 0.26753 -0.96355
vn 0 0.05414 -0.99853
vn -0 -0.16178 -0.98683
vn -0 -0.37014 -0.92898
vn -0 -0.56119 -0.82769
vn -0.99452 0 -0.10453
vn -0.99452 -0 -0.10453
vn -0.99452 -0 0.10453
vn -0.99452 0 0.10453
vn -0.95106 0 0.30902
vn -0.86603 0 0.5
vn -0.74314 0 0.66913
vn -0.58779 0 0.80902
vn -0.40674 0 0.91355
vn -0.20791 0 0.97815
vn 0 -0 1
vn 0.20791 -0 0.97815
vn 0.40674 -0 0.91355
vn 0.58779 -0 0.80902
vn 0.74314 -0 0.66913
vn 0.86603 -0 0.5
vn 0.95106 -0 0.30902
vn 0.99452 -0 0.10453
vn 0.99452 0 -0.10453
vn 0.95106 0 -0.30902
vn 0.86603 0 -0.5
vn 0.74314 0 -0.66913
vn 0.58779 0 -0.80902
vn 0.40674 0 -0.91355
vn 0.20791 0 -0.97815
vn 0 0 -1
vn -0.20791 0 -0.97815
vn -0.40674 0 -0.91355
vn -0.58779 0 -0.80902
vn -0.74314 0 -0.66913
vn -0.86603 0 -0.5
vn -0.95106 0 -0.30902
vn -0.99452 -0 -0.10453
vn -0.99452 -0 0.10453
vn -0.40674 0 0.91355
vn -0.20791 0 0.97815
vn -0.20791 -0 0.97815
vn -0.40674 -0 0.91355
vn -0.20791 -0 -0.97815
vn 0.20791 -0 0.97815
vn -0.20791 0 0.97815
vn -0.40674 0 0.91355
vn -0.58779 0 0.80902
vn -0.34202 0 -0.93969
vn -0.34202 0 -0.93969
vn -0.34202 0 -0.93969
vn -0.34202 -0 -0.93969
vn -0.34202 0 -0.93969
vn -0.26724 0 -0.96363
vn -0.1132 0 -0.99357
vn 0.04362 0 -0.99905
vn 0.19937 0 -0.97992
vn 0.35021 0 -0.93667
vn 0.49242 0 -0.87036
vn 0.62251 0 -0.78261
vn 0.73728 0 -0.67559
vn 0.83389 0 -0.55194
vn 0.90996 0 -0.41469
vn 0.96363 0 -0.26724
vn 0.99357 0 -0.1132
vn 0.99905 -0 0.04362
vn 0.97992 -0 0.19937
vn 0.93667 -0 0.35021
vn 0.87036 -0 0.49242
vn 0.78261 -0 0.62251
vn 0.67559 -0 0.73728
vn 0.55194 -0 0.83389
vn 0.41469 -0 0.90996
vn 0.34202 -0 0.93969
vn 0.34202 -0 0.93969
vn 0.34202 0 0.93969
vn -0 -1 -0
vn 0 -1 -0
vn 0 -1 -0
vn -0 -1 -0
vn -0 -1 -0
vn -0 -1 -0
vn -0 -1 0
vn -0 -1 0
vn -0 -1 -0
vn -0 -1 -0
vn -0 -1 -0
vn -0 -1 -0
vn 0 -1 -0
vn -0 -1 -0
vn -0 -1 0
vn -0 -1 -0
vn -0 -1 0
vn -0 -1 -0
vn -0 -1 0
vn -0 -1 0
vn -0 -1 -0
vn -0 -1 -0
vn -0 -1 0
vn -0 -1 -0
vn -0 -1 -0
vn -0 -1 -0
vn -0 -1 -0
vn -0 -1 -0
vn -0 -1 0
vn -0 -1 -0
vn -0 -1 0
vn -0 -1 -0
vn -0 -1 0
vn 0 -1 0
vn -0 -1 -0
vn -0 -1 0
vn -0 -1 0
vn -0 -1 -0
vn -0 -1 0
vn -0 -1 0
vn -0 -1 -0
vn -0 -1 0
vn -0 -1 -0
vn -0 -1 0
vn -0 -1 -0
vn -0 -1 0
vn -0 -1 -0
vn -0 -1 -0
vn -0 -1 -0
vn -0 -1 -0
vn -0 -1 -0
vn -0 -1 -0
vn -0 -1 -0
vn -0 -1 -0
vn 0 -1 -0
vn 0 1 0
vn -0 1 0
vn -0 1 0
vn 0 1 0
vn 0 1 0
vn 0 1 0
vn 0 1 0
vn 0 1 0
vn 0 1 0
vn 0 1 -0
vn 0 1 0
vn 0 1 0
vn 0 1 0
vn 0 1 -0
vn 0 1 0
vn 0 1 0
vn 0 1 0
vn 0 1 0
vn 0 1 0
vn 0 1 -0
vn 0 1 0
vn 0 1 -0
vn 0 1 0
vn 0 1 -0
vn -0 1 -0
vn 0 1 -0
vn 0 1 0
vn 0 1 0
vn 0 1 -0
vn 0 1 -0
vn 0 1 -0
vn 0 1 0
vn 0 1 -0
vn 0 1 0
vn 0 1 -0
vn 0 1 0
vn -0 1 0
vn 0 1 0
vn 0 1 0
vn 0 1 0
vn 0 1 0
vn 0 1 0
vn 0 1 -0
vn 0 1 -0
vn 0 1 0
vn 0 1 0
vn 0 1 0
vn 0 1 -0
vn 0 1 0
vn 0 1 -0
vn 0 1 0
vn 0 1 -0
vn 0 1 -0
vn 0 1 0
vn -0.99709 0 -0.07628
vn -0.97388 0 -0.22708
vn -0.97388 0 -0.22708
vn -0.928 0 -0.37258
vn -0.928 0 -0.37258
vn -0.86052 0 -0.50942
vn -0.86052 0 -0.50942
vn -0.77301 0 -0.63439
vn -0.66751 0 -0.7446
vn -0.66751 -0 -0.7446
vn -0.54647 -0 -0.83748
vn -0.54647 -0 -0.83748
vn -0.41271 -0 -0.91086
vn -0.41271 0 -0.91086
vn 1 0 0
vn -1 -0 -0
vn 0.42262 -0 0.90631
vn 0.57358 -0 0.81915
vn 0.70711 -0 0.70711
vn 0.81915 -0 0.57358
vn 0.90631 -0 0.42262
vn 0.96593 -0 0.25882
vn 0.96593 -0 0.25882
vn 0.99619 -0 0.08716
vn 0.99619 -0 0.08716
vn 0.93969 0 -0.34202
vn 0.93969 0 -0.34202
vn -0 -1 -0
vn -0 -1 -0
vn -0 -1 -0
vn -0 -1 -0
vn -0 -1 -0
vn -0 -1 -0
vn 0 -1 -0
vn -0 -1 -0
vn 0 -1 -0
vn 0 -1 -0
vn 0 -1 -0
vn 0 -1 -0
vn -0 -1 -0
vn -0 -1 0
vn -0 -1 -0
vn -0 -1 -0
vn 0 -1 -0
vn 0 -1 -0
vn -0 -1 -0
vn 0 -1 -0
vn 0 -1 -0
vn -0 -1 -0
vn 0 -1 -0
vn 0 -1 -0
vn -0 -1 -0
vn -0 -1 -0
vn -0 -1 0
vn -0 -1 -0
vn -0 -1 -0
vn 0 -1 -0
vn -0 -1 -0
vn -0 -1 -0
vn -0 -1 -0
vn 0 -1 -0
vn -0 -1 -0
vn -0 -1 -0
vn 0 -1 -0
vn -0 -1 -0
vn -0 -1 -0
vn -0 -1 -0
vn -0 -1 -0
vn 0 1 0
vn 0 1 0
vn 0 1 0
vn 0 1 0
vn 0 1 0
vn 0 1 0
vn 0 1 0
vn 0 1 0
vn -0 1 0
vn 0 1 0
vn 0 1 0
vn -0 1 0
vn 0 1 0
vn -0 1 0
vn 0 1 0
vn 0 1 0
vn -0 1 0
vn 0 1 0
vn 0 1 0
vn 0 1 -0
vn 0 1 0
vn 0 1 0
vn -0 1 0
vn -0 1 0
vn 0 1 0
vn -0 1 0
vn -0 1 0
vn 0 1 0
vn -0 1 0
vn -0 1 0
vn 0 1 0
vn 0 1 0
vn 0 1 -0
vn 0 1 0
vn -0 1 0
vn -0 1 0
vn -0 1 0
vn 0 1 0
vn 0 1 0
vn 0 1 0
vn -0 1 0
vn 0.70711 0.70711 0
vn 0.70711 0.70711 -0
vn 0.70711 0.70711 -0
vn 0.70711 0.70711 -0
vn 0.70711 0.70711 0
vn 0.70711 0.70711 -0
vn 0.70576 0.70576 0.06175
vn 0.68431 0.70576 0.18336
vn 0.64208 0.70576 0.29941
vn 0.58033 0.70576 0.40635
vn 0.50095 0.70576 0.50095
vn 0.40635 0.70576 0.58033
vn 0.29941 0.70576 0.64208
vn 0.24184 0.70711 0.66446
vn -0.24184 0.70711 -0.66446
vn -0.29225 0.70607 -0.64502
vn -0.38697 0.70607 -0.59305
vn -0.47269 0.70607 -0.52728
vn -0.5474 0.70607 -0.44924
vn -0.60937 0.70607 -0.36074
vn -0.65715 0.70607 -0.26384
vn -0.68964 0.70607 -0.1608
vn -0.70607 0.70607 -0.05402
vn -0.70711 0.70711 0
vn -0.70711 0.70711 0
vn 0.70711 -0.70711 -0
vn 0.70711 -0.70711 -0
vn 0.70711 -0.70711 -0
vn 0.70711 -0.70711 -0
vn 0.70711 -0.70711 -0
vn 0.70711 -0.70711 0
vn 0.70576 -0.70576 0.06175
vn 0.68431 -0.70576 0.18336
vn 0.64208 -0.70576 0.29941
vn 0.58033 -0.70576 0.40635
vn 0.50095 -0.70576 0.50095
vn 0.40635 -0.70576 0.58033
vn 0.29941 -0.70576 0.64208
vn 0.24184 -0.70711 0.66446
vn 0.29368 -0.70601 0.64443
vn 0.29534 -0.70842 0.64103
vn 0.39208 -0.70382 0.59237
vn 0.39556 -0.71065 0.58181
vn 0.48124 -0.70185 0.52518
vn 0.48456 -0.71261 0.50734
vn 0.5588 -0.70012 0.44449
vn 0.56009 -0.71429 0.41964
vn 0.62273 -0.69862 0.35232
vn 0.62023 -0.7157 0.32107
vn 0.67132 -0.69737 0.251
vn 0.6635 -0.71685 0.21424
vn 0.70328 -0.69636 0.14308
vn 0.6888 -0.71774 0.10197
vn 0.71774 -0.6956 0.03134
vn 0.69554 -0.71837 -0.01278
vn 0.7143 -0.69509 -0.08138
vn 0.68357 -0.71875 -0.12702
vn 0.69301 -0.69484 -0.19219
vn 0.65321 -0.71888 -0.23775
vn 0.65441 -0.69484 -0.29823
vn 0.60529 -0.71875 -0.34209
vn 0.5995 -0.69509 -0.3968
vn 0.54103 -0.71837 -0.4373
vn 0.52968 -0.6956 -0.48536
vn 0.46211 -0.71774 -0.52087
vn 0.44677 -0.69636 -0.56167
vn 0.37056 -0.71685 -0.5906
vn 0.35293 -0.69737 -0.62379
vn 0.26875 -0.7157 -0.64463
vn 0.25057 -0.69862 -0.67018
vn 0.15931 -0.71429 -0.68148
vn 0.14235 -0.70012 -0.69969
vn 0.04508 -0.71261 -0.70011
vn 0.03107 -0.70185 -0.71164
vn -0.07097 -0.71065 -0.69995
vn -0.08042 -0.70382 -0.70581
vn -0.1858 -0.70842 -0.6809
vn -0.18926 -0.70601 -0.68244
vn -0.24184 -0.70711 -0.66446
vn -0.29225 -0.70607 -0.64502
vn -0.38697 -0.70607 -0.59305
vn -0.47269 -0.70607 -0.52728
vn -0.5474 -0.70607 -0.44924
vn -0.60937 -0.70607 -0.36074
vn -0.65715 -0.70607 -0.26384
vn -0.68964 -0.70607 -0.1608
vn -0.70607 -0.70607 -0.05402
vn -0.70711 -0.70711 -0
vn -0.70711 -0.70711 -0
vn 0.42262 -0 -0.90631
vn 0.42262 0 -0.90631
vn 0.88701 0 -0.46175
vn 0.88701 0 -0.46175
vn 0.73728 -0 -0.67559
vn 0.5373 -0 -0.84339
vn -0.70711 0 0.70711
vn -0.70711 -0 0.70711
vn 0.70711 -0 0.70711
vn 0.70711 -0 0.70711
vn 0.99513 -0.00461 0.09847
vn 0.97387 0.00155 0.22712
vn 0.99518 0 0.09802
vn 0.95694 -0 0.29028
vn 0.88192 -0 0.4714
vn 0.84942 -0.00151 0.52771
vn 0.77301 -0 0.63439
vn 0.77114 0.00461 0.63664
vn 0.88192 0 0.4714
vn 0.95694 0 0.29028
usemtl mat2
f 3//2 2//2 4//2
f 3//3 4//3 5//3
f 2//4 1//4 6//4
f 6//5 1//5 7//5
f 6//6 7//6 8//6
f 8//7 7//7 9//7
f 8//8 9//8 10//8
f 10//9 9//9 11//9
f 10//10 11//10 12//10
f 12//11 11//11 13//11
f 12//12 13//12 14//12
f 14//13 13//13 15//13
f 14//14 15//14 16//14
f 16//15 15//15 17//15
f 16//16 17//16 18//16
f 18//17 17//17 19//17
f 18//18 19//18 20//18
f 20//19 19//19 21//19
f 20//20 21//20 22//20
f 22//21 21//21 23//21
f 22//22 23//22 24//22
f 24//23 23//23 25//23
f 24//24 25//24 26//24
f 26//25 25//25 27//25
f 27//26 25//26 28//26
f 27//27 28//27 29//27
f 29//28 28//28 30//28
f 29//29 30//29 31//29
f 31//30 30//30 32//30
f 31//31 32//31 33//31
f 33//32 32//32 34//32
f 33//33 34//33 35//33
f 35//34 34//34 36//34
f 35//35 36//35 37//35
f 37//36 36//36 38//36
f 37//37 38//37 39//37
f 39//38 38//38 40//38
f 39//39 40//39 41//39
f 41//40 40//40 42//40
f 41//41 42//41 43//41
f 43//42 42//42 44//42
f 43//43 44//43 5//43
f 5//44 44//44 3//44
f 45//45 3//45 46//45
f 46//46 3//46 44//46
f 46//47 44//47 47//47
f 47//48 44//48 42//48
f 47//49 42//49 48//49
f 48//50 42//50 40//50
f 48//51 40//51 49//51
f 49//52 40//52 38//52
f 49//53 38//53 50//53
f 50//54 38//54 36//54
f 50//55 36//55 51//55
f 51//56 36//56 34//56
f 51//57 34//57 52//57
f 52//58 34//58 32//58
f 52//59 32//59 53//59
f 53//60 32//60 30//60
f 53//61 30//61 54//61
f 54//62 30//62 28//62
f 54//63 28//63 55//63
f 55//64 28//64 25//64
f 55//65 25//65 56//65
f 56//66 25//66 23//66
f 56//66 23//66 57//66
f 57//67 23//67 21//67
f 57//68 21//68 58//68
f 58//69 21//69 19//69
f 58//70 19//70 59//70
f 59//71 19//71 17//71
f 59//72 17//72 60//72
f 60//73 17//73 15//73
f 60//74 15//74 61//74
f 61//75 15//75 13//75
f 61//76 13//76 62//76
f 62//77 13//77 11//77
f 62//78 11//78 63//78
f 63//79 11//79 9//79
f 63//80 9//80 64//80
f 64//81 9//81 7//81
f 64//82 7//82 65//82
f 65//83 7//83 1//83
f 65//84 1//84 45//84
f 45//85 1//85 3//85
f 66//86 67//86 68//86
f 68//87 67//87 69//87
f 68//88 69//88 70//88
f 70//89 69//89 71//89
f 70//90 71//90 72//90
f 72//91 71//91 73//91
f 72//92 73//92 74//92
f 74//93 73//93 75//93
f 74//94 75//94 76//94
f 76//95 75//95 77//95
f 76//96 77//96 78//96
f 78//97 77//97 79//97
f 78//98 79//98 80//98
f 80//99 79//99 81//99
f 80//100 81//100 82//100
f 82//101 81//101 83//101
f 82//102 83//102 84//102
f 84//103 83//103 85//103
f 84//104 85//104 86//104
f 86//105 85//105 87//105
f 86//106 87//106 88//106
f 88//107 87//107 89//107
f 88//108 89//108 90//108
f 90//109 89//109 91//109
f 90//110 91//110 92//110
f 92//111 91//111 93//111
f 92//112 93//112 94//112
f 94//113 93//113 95//113
f 94//114 95//114 96//114
f 96//115 95//115 97//115
f 96//116 97//116 98//116
f 98//117 97//117 99//117
f 98//118 99//118 100//118
f 100//119 99//119 101//119
f 100//120 101//120 102//120
f 102//121 101//121 103//121
f 102//122 103//122 104//122
f 104//123 103//123 105//123
f 104//124 105//124 106//124
f 107//125 108//125 109//125
f 109//126 108//126 110//126
f 109//127 110//127 111//127
f 108//128 107//128 112//128
f 112//129 107//129 113//129
f 112//130 113//130 114//130
f 114//131 113//131 115//131
f 114//132 115//132 116//132
f 116//133 115//133 117//133
f 116//134 117//134 118//134
f 118//135 117//135 119//135
f 118//136 119//136 120//136
f 120//137 119//137 121//137
f 120//138 121//138 122//138
f 122//139 121//139 123//139
f 122//140 123//140 124//140
f 124//141 123//141 125//141
f 124//142 125//142 126//142
f 126//143 125//143 127//143
f 126//144 127//144 128//144
f 128//145 127//145 129//145
f 128//146 129//146 130//146
f 130//147 129//147 131//147
f 130//148 131//148 132//148
f 132//149 131//149 133//149
f 132//150 133//150 134//150
f 134//151 133//151 135//151
f 134//152 135//152 136//152
f 136//153 135//153 137//153
f 136//154 137//154 138//154
f 138//155 137//155 139//155
f 138//156 139//156 140//156
f 140//157 139//157 141//157
f 141//158 139//158 142//158
f 141//159 142//159 143//159
f 143//160 142//160 144//160
f 143//161 144//161 145//161
f 145//162 144//162 146//162
f 145//163 146//163 147//163
f 147//164 146//164 148//164
f 147//165 148//165 149//165
f 149//166 148//166 150//166
f 149//167 150//167 151//167
f 151//168 150//168 152//168
f 151//169 152//169 153//169
f 153//170 152//170 154//170
f 153//171 154//171 155//171
f 155//172 154//172 156//172
f 155//173 156//173 157//173
f 157//174 156//174 158//174
f 157//175 158//175 159//175
f 159//176 158//176 160//176
f 159//177 160//177 161//177
f 161//178 160//178 162//178
f 161//179 162//179 163//179
f 163//180 162//180 164//180
f 163//181 164//181 165//181
f 165//182 164//182 166//182
f 165//183 166//183 167//183
f 167//184 166//184 168//184
f 167//185 168//185 111//185
f 111//186 168//186 109//186
f 169//125 170//125 171//125
f 171//126 170//126 172//126
f 171//127 172//127 173//127
f 170//128 169//128 174//128
f 174//129 169//129 175//129
f 174//130 175//130 176//130
f 176//131 175//131 177//131
f 176//132 177//132 178//132
f 178//133 177//133 179//133
f 178//134 179//134 180//134
f 180//135 179//135 181//135
f 180//136 181//136 182//136
f 182//137 181//137 183//137
f 182//138 183//138 184//138
f 184//139 183//139 185//139
f 184//140 185//140 186//140
f 186//141 185//141 187//141
f 186//142 187//142 188//142
f 188//143 187//143 189//143
f 188//144 189//144 190//144
f 190//145 189//145 191//145
f 190//146 191//146 192//146
f 192//147 191//147 193//147
f 192//148 193//148 194//148
f 194//149 193//149 195//149
f 194//150 195//150 196//150
f 196//151 195//151 197//151
f 196//152 197//152 198//152
f 198//153 197//153 199//153
f 198//154 199//154 200//154
f 200//155 199//155 201//155
f 200//156 201//156 202//156
f 202//157 201//157 203//157
f 203//158 201//158 204//158
f 203//159 204//159 205//159
f 205//160 204//160 206//160
f 205//161 206//161 207//161
f 207//162 206//162 208//162
f 207//163 208//163 209//163
f 209//164 208//164 210//164
f 209//165 210//165 211//165
f 211//166 210//166 212//166
f 211//167 212//167 213//167
f 213//168 212//168 214//168
f 213//169 214//169 215//169
f 215//170 214//170 216//170
f 215//171 216//171 217//171
f 217//172 216//172 218//172
f 217//173 218//173 219//173
f 219//174 218//174 220//174
f 219//175 220//175 221//175
f 221//176 220//176 222//176
f 221//177 222//177 223//177
f 223//178 222//178 224//178
f 223//179 224//179 225//179
f 225//180 224//180 226//180
f 225//181 226//181 227//181
f 227//182 226//182 228//182
f 227//183 228//183 229//183
f 229//184 228//184 230//184
f 229//185 230//185 173//185
f 173//186 230//186 171//186
f 231//125 232//125 233//125
f 233//126 232//126 234//126
f 233//127 234//127 235//127
f 232//128 231//128 236//128
f 236//129 231//129 237//129
f 236//130 237//130 238//130
f 238//131 237//131 239//131
f 238//132 239//132 240//132
f 240//133 239//133 241//133
f 240//134 241//134 242//134
f 242//135 241//135 243//135
f 242//136 243//136 244//136
f 244//137 243//137 245//137
f 244//138 245//138 246//138
f 246//139 245//139 247//139
f 246//140 247//140 248//140
f 248//141 247//141 249//141
f 248//142 249//142 250//142
f 250//143 249//143 251//143
f 250//144 251//144 252//144
f 252//145 251//145 253//145
f 252//146 253//146 254//146
f 254//147 253//147 255//147
f 254//148 255//148 256//148
f 256//149 255//149 257//149
f 256//150 257//150 258//150
f 258//151 257//151 259//151
f 258//152 259//152 260//152
f 260//153 259//153 261//153
f 260//154 261//154 262//154
f 262//155 261//155 263//155
f 262//156 263//156 264//156
f 264//157 263//157 265//157
f 265//158 263//158 266//158
f 265//159 266//159 267//159
f 267//160 266//160 268//160
f 267//161 268//161 269//161
f 269//162 268//162 270//162
f 269//163 270//163 271//163
f 271//164 270//164 272//164
f 271//165 272//165 273//165
f 273//166 272//166 274//166
f 273//167 274//167 275//167
f 275//168 274//168 276//168
f 275//169 276//169 277//169
f 277//170 276//170 278//170
f 277//171 278//171 279//171
f 279//172 278//172 280//172
f 279//173 280//173 281//173
f 281//174 280//174 282//174
f 281//175 282//175 283//175
f 283//176 282//176 284//176
f 283//177 284//177 285//177
f 285//178 284//178 286//178
f 285//179 286//179 287//179
f 287//180 286//180 288//180
f 287//181 288//181 289//181
f 289//182 288//182 290//182
f 289//183 290//183 291//183
f 291//184 290//184 292//184
f 291//185 292//185 235//185
f 235//186 292//186 233//186
f 293//187 294//187 295//187
f 295//188 294//188 296//188
f 295//189 296//189 297//189
f 294//190 293//190 298//190
f 298//191 293//191 299//191
f 298//192 299//192 300//192
f 300//193 299//193 301//193
f 300//194 301//194 302//194
f 302//195 301//195 303//195
f 302//196 303//196 304//196
f 304//197 303//197 305//197
f 304//198 305//198 306//198
f 306//199 305//199 307//199
f 306//200 307//200 308//200
f 308//201 307//201 309//201
f 308//202 309//202 310//202
f 310//203 309//203 311//203
f 310//204 311//204 312//204
f 312//205 311//205 313//205
f 312//206 313//206 314//206
f 314//207 313//207 315//207
f 314//208 315//208 316//208
f 316//209 315//209 317//209
f 316//210 317//210 318//210
f 318//211 317//211 319//211
f 318//212 319//212 320//212
f 320//213 319//213 321//213
f 320//214 321//214 322//214
f 322//215 321//215 323//215
f 322//216 323//216 324//216
f 324//217 323//217 325//217
f 324//218 325//218 326//218
f 326//219 325//219 327//219
f 327//220 325//220 328//220
f 327//221 328//221 329//221
f 329//222 328//222 330//222
f 329//223 330//223 331//223
f 331//224 330//224 332//224
f 331//225 332//225 333//225
f 333//226 332//226 334//226
f 333//227 334//227 335//227
f 335//228 334//228 336//228
f 335//229 336//229 337//229
f 337//230 336//230 338//230
f 337//231 338//231 339//231
f 339//232 338//232 340//232
f 339//233 340//233 341//233
f 341//234 340//234 342//234
f 341//235 342//235 343//235
f 343//236 342//236 344//236
f 343//237 344//237 345//237
f 345//238 344//238 346//238
f 345//239 346//239 347//239
f 347//240 346//240 348//240
f 347//241 348//241 349//241
f 349//242 348//242 350//242
f 349//243 350//243 351//243
f 351//244 350//244 352//244
f 351//245 352//245 353//245
f 353//246 352//246 354//246
f 353//247 354//247 297//247
f 297//248 354//248 295//248
f 355//187 356//187 357//187
f 357//188 356//188 358//188
f 357//189 358//189 359//189
f 356//190 355//190 360//190
f 360//191 355//191 361//191
f 360//192 361//192 362//192
f 362//193 361//193 363//193
f 362//194 363//194 364//194
f 364//195 363//195 365//195
f 364//196 365//196 366//196
f 366//197 365//197 367//197
f 366//198 367//198 368//198
f 368//199 367//199 369//199
f 368//200 369//200 370//200
f 370//201 369//201 371//201
f 370//202 371//202 372//202
f 372//203 371//203 373//203
f 372//204 373//204 374//204
f 374//205 373//205 375//205
f 374//206 375//206 376//206
f 376//207 375//207 377//207
f 376//208 377//208 378//208
f 378//209 377//209 379//209
f 378//210 379//210 380//210
f 380//211 379//211 381//211
f 380//212 381//212 382//212
f 382//213 381//213 383//213
f 382//214 383//214 384//214
f 384//215 383//215 385//215
f 384//216 385//216 386//216
f 386//217 385//217 387//217
f 386//218 387//218 388//218
f 388//219 387//219 389//219
f 389//220 387//220 390//220
f 389//221 390//221 391//221
f 391//222 390//222 392//222
f 391//223 392//223 393//223
f 393//224 392//224 394//224
f 393//225 394//225 395//225
f 395//226 394//226 396//226
f 395//227 396//227 397//227
f 397//228 396//228 398//228
f 397//229 398//229 399//229
f 399//230 398//230 400//230
f 399//231 400//231 401//231
f 401//232 400//232 402//232
f 401//233 402//233 403//233
f 403//234 402//234 404//234
f 403//235 404//235 405//235
f 405//236 404//236 406//236
f 405//237 406//237 407//237
f 407//238 406//238 408//238
f 407//239 408//239 409//239
f 409//240 408//240 410//240
f 409//241 410//241 411//241
f 411//242 410//242 412//242
f 411//243 412//243 413//243
f 413//244 412//244 414//244
f 413//245 414//245 415//245
f 415//246 414//246 416//246
f 415//247 416//247 359//247
f 359//248 416//248 357//248
f 417//187 418//187 419//187
f 419//188 418//188 420//188
f 419//189 420//189 421//189
f 418//190 417//190 422//190
f 422//191 417//191 423//191
f 422//192 423//192 424//192
f 424//193 423//193 425//193
f 424//194 425//194 426//194
f 426//195 425//195 427//195
f 426//196 427//196 428//196
f 428//197 427//197 429//197
f 428//198 429//198 430//198
f 430//199 429//199 431//199
f 430//200 431//200 432//200
f 432//201 431//201 433//201
f 432//202 433//202 434//202
f 434//203 433//203 435//203
f 434//204 435//204 436//204
f 436//205 435//205 437//205
f 436//206 437//206 438//206
f 438//207 437//207 439//207
f 438//208 439//208 440//208
f 440//209 439//209 441//209
f 440//210 441//210 442//210
f 442//211 441//211 443//211
f 442//212 443//212 444//212
f 444//213 443//213 445//213
f 444//214 445//214 446//214
f 446//215 445//215 447//215
f 446//216 447//216 448//216
f 448//217 447//217 449//217
f 448//218 449//218 450//218
f 450//219 449//219 451//219
f 451//220 449//220 452//220
f 451//221 452//221 453//221
f 453//222 452//222 454//222
f 453//223 454//223 455//223
f 455//224 454//224 456//224
f 455//225 456//225 457//225
f 457//226 456//226 458//226
f 457//227 458//227 459//227
f 459//228 458//228 460//228
f 459//229 460//229 461//229
f 461//230 460//230 462//230
f 461//231 462//231 463//231
f 463//232 462//232 464//232
f 463//233 464//233 465//233
f 465//234 464//234 466//234
f 465//235 466//235 467//235
f 467//236 466//236 468//236
f 467//237 468//237 469//237
f 469//238 468//238 470//238
f 469//239 470//239 471//239
f 471//240 470//240 472//240
f 471//241 472//241 473//241
f 473//242 472//242 474//242
f 473//243 474//243 475//243
f 475//244 474//244 476//244
f 475//245 476//245 477//245
f 477//246 476//246 478//246
f 477//247 478//247 421//247
f 421//248 478//248 419//248
f 479//249 480//249 481//249
f 481//250 480//250 482//250
f 481//251 482//251 483//251
f 483//252 482//252 484//252
f 483//253 484//253 485//253
f 485//254 484//254 486//254
f 485//255 486//255 487//255
f 487//256 486//256 488//256
f 487//257 488//257 489//257
f 489//258 488//258 490//258
f 489//259 490//259 491//259
f 491//260 490//260 492//260
f 491//261 492//261 493//261
f 493//262 492//262 494//262
f 493//263 494//263 495//263
f 495//264 494//264 496//264
f 495//265 496//265 497//265
f 497//266 496//266 498//266
f 497//267 498//267 499//267
f 499//268 498//268 500//268
f 499//269 500//269 501//269
f 501//270 500//270 502//270
f 501//271 502//271 503//271
f 503//272 502//272 504//272
f 503//273 504//273 505//273
f 505//274 504//274 506//274
f 505//275 506//275 507//275
f 507//276 506//276 508//276
f 507//277 508//277 509//277
f 509//278 508//278 510//278
f 509//279 510//279 511//279
f 511//280 510//280 512//280
f 511//281 512//281 513//281
f 513//282 512//282 514//282
f 513//283 514//283 515//283
f 515//284 514//284 516//284
f 515//285 516//285 517//285
f 517//286 516//286 518//286
f 517//287 518//287 519//287
f 519//288 518//288 520//288
f 519//289 520//289 479//289
f 479//290 520//290 480//290
f 521//291 522//291 523//291
f 523//292 522//292 524//292
f 523//250 524//250 525//250
f 525//253 524//253 526//253
f 525//253 526//253 527//253
f 527//254 526//254 528//254
f 527//254 528//254 529//254
f 529//293 528//293 530//293
f 529//293 530//293 531//293
f 531//294 530//294 532//294
f 531//294 532//294 533//294
f 533//295 532//295 534//295
f 533//295 534//295 535//295
f 535//296 534//296 536//296
f 535//296 536//296 537//296
f 537//297 536//297 538//297
f 537//297 538//297 539//297
f 539//298 538//298 540//298
f 539//298 540//298 541//298
f 541//299 540//299 542//299
f 541//299 542//299 543//299
f 543//300 542//300 544//300
f 543//300 544//300 545//300
f 545//301 544//301 546//301
f 545//301 546//301 547//301
f 547//302 546//302 548//302
f 547//302 548//302 549//302
f 549//303 548//303 550//303
f 549//303 550//303 551//303
f 551//304 550//304 552//304
f 551//304 552//304 553//304
f 553//305 552//305 554//305
f 553//305 554//305 555//305
f 555//306 554//306 556//306
f 555//306 556//306 557//306
f 557//307 556//307 558//307
f 557//307 558//307 559//307
f 559//287 558//287 560//287
f 559//287 560//287 561//287
f 561//288 560//288 562//288
f 561//288 562//288 521//288
f 521//249 562//249 522//249
f 563//308 564//308 565//308
f 565//308 564//308 566//308
f 565//309 566//309 567//309
f 567//309 566//309 568//309
f 567//310 568//310 569//310
f 563//311 570//311 564//311
f 564//312 570//312 571//312
f 571//313 570//313 572//313
f 571//314 572//314 573//314
f 573//315 572//315 574//315
f 573//316 574//316 575//316
f 575//317 574//317 576//317
f 575//318 576//318 577//318
f 577//319 576//319 578//319
f 577//320 578//320 579//320
f 579//321 578//321 580//321
f 579//322 580//322 581//322
f 581//323 580//323 582//323
f 581//324 582//324 583//324
f 583//325 582//325 584//325
f 583//326 584//326 585//326
f 585//327 584//327 586//327
f 585//328 586//328 587//328
f 587//329 586//329 588//329
f 587//330 588//330 589//330
f 589//331 588//331 590//331
f 589//332 590//332 591//332
f 591//333 590//333 592//333
f 591//334 592//334 593//334
f 593//335 592//335 594//335
f 593//336 594//336 595//336
f 595//337 594//337 596//337
f 595//337 596//337 597//337
f 597//338 596//338 598//338
f 597//339 598//339 599//339
f 599//340 598//340 600//340
f 599//341 600//341 601//341
f 601//342 600//342 602//342
f 601//343 602//343 603//343
f 603//344 602//344 604//344
f 603//345 604//345 605//345
f 605//346 604//346 606//346
f 605//347 606//347 607//347
f 607//348 606//348 608//348
f 607//349 608//349 609//349
f 609//350 608//350 610//350
f 609//351 610//351 611//351
f 611//352 610//352 612//352
f 611//353 612//353 613//353
f 613//354 612//354 614//354
f 613//355 614//355 615//355
f 615//356 614//356 616//356
f 615//357 616//357 617//357
f 617//358 616//358 618//358
f 617//359 618//359 619//359
f 619//360 618//360 620//360
f 619//361 620//361 569//361
f 569//362 620//362 567//362
f 621//308 622//308 623//308
f 623//308 622//308 624//308
f 623//309 624//309 625//309
f 625//309 624//309 626//309
f 625//310 626//310 627//310
f 621//311 628//311 622//311
f 622//311 628//311 629//311
f 629//363 628//363 630//363
f 629//363 630//363 631//363
f 631//364 630//364 632//364
f 631//364 632//364 633//364
f 633//365 632//365 634//365
f 633//365 634//365 635//365
f 635//366 634//366 636//366
f 635//366 636//366 637//366
f 637//367 636//367 638//367
f 637//367 638//367 639//367
f 639//368 638//368 640//368
f 639//368 640//368 641//368
f 641//369 640//369 642//369
f 641//369 642//369 643//369
f 643//370 642//370 644//370
f 643//370 644//370 645//370
f 645//371 644//371 646//371
f 645//371 646//371 647//371
f 647//372 646//372 648//372
f 647//372 648//372 649//372
f 649//373 648//373 650//373
f 649//373 650//373 651//373
f 651//374 650//374 652//374
f 651//374 652//374 653//374
f 653//375 652//375 654//375
f 653//375 654//375 655//375
f 655//376 654//376 656//376
f 655//376 656//376 657//376
f 657//377 656//377 658//377
f 657//377 658//377 659//377
f 659//378 658//378 660//378
f 659//378 660//378 661//378
f 661//379 660//379 662//379
f 661//379 662//379 663//379
f 663//380 662//380 664//380
f 663//380 664//380 665//380
f 665//381 664//381 666//381
f 665//381 666//381 667//381
f 667//382 666//382 668//382
f 667//382 668//382 669//382
f 669//383 668//383 670//383
f 669//383 670//383 671//383
f 671//384 670//384 672//384
f 671//384 672//384 673//384
f 673//385 672//385 674//385
f 673//385 674//385 675//385
f 675//359 674//359 676//359
f 675//359 676//359 677//359
f 677//360 676//360 678//360
f 677//360 678//360 627//360
f 627//310 678//310 625//310
f 292//386 679//386 233//386
f 233//387 679//387 680//387
f 233//388 680//388 231//388
f 231//389 680//389 681//389
f 231//390 681//390 237//390
f 237//390 681//390 682//390
f 237//391 682//391 239//391
f 239//391 682//391 683//391
f 239//392 683//392 241//392
f 241//392 683//392 684//392
f 241//393 684//393 243//393
f 243//393 684//393 685//393
f 243//394 685//394 245//394
f 245//394 685//394 686//394
f 245//395 686//395 247//395
f 247//395 686//395 687//395
f 247//396 687//396 249//396
f 249//396 687//396 688//396
f 249//397 688//397 251//397
f 251//397 688//397 689//397
f 251//398 689//398 253//398
f 253//398 689//398 690//398
f 253//399 690//399 255//399
f 255//399 690//399 691//399
f 255//400 691//400 257//400
f 257//400 691//400 692//400
f 257//401 692//401 259//401
f 259//401 692//401 693//401
f 259//402 693//402 261//402
f 261//402 693//402 694//402
f 261//403 694//403 263//403
f 263//403 694//403 695//403
f 263//404 695//404 266//404
f 266//404 695//404 696//404
f 266//405 696//405 268//405
f 268//405 696//405 697//405
f 268//406 697//406 270//406
f 270//406 697//406 698//406
f 270//407 698//407 272//407
f 272//407 698//407 699//407
f 272//408 699//408 274//408
f 274//408 699//408 700//408
f 274//409 700//409 276//409
f 276//409 700//409 701//409
f 276//410 701//410 278//410
f 278//410 701//410 702//410
f 278//411 702//411 280//411
f 280//411 702//411 703//411
f 280//412 703//412 282//412
f 282//412 703//412 704//412
f 282//413 704//413 284//413
f 284//413 704//413 705//413
f 284//414 705//414 286//414
f 286//414 705//414 706//414
f 286//415 706//415 288//415
f 288//415 706//415 707//415
f 288//416 707//416 290//416
f 290//416 707//416 708//416
f 290//417 708//417 292//417
f 292//417 708//417 679//417
f 230//386 709//386 171//386
f 171//418 709//418 710//418
f 171//419 710//419 169//419
f 169//389 710//389 711//389
f 169//390 711//390 175//390
f 175//390 711//390 712//390
f 175//391 712//391 177//391
f 177//391 712//391 713//391
f 177//392 713//392 179//392
f 179//392 713//392 714//392
f 179//393 714//393 181//393
f 181//393 714//393 715//393
f 181//394 715//394 183//394
f 183//420 715//420 716//420
f 183//421 716//421 185//421
f 185//395 716//395 717//395
f 185//396 717//396 187//396
f 187//396 717//396 718//396
f 187//397 718//397 189//397
f 189//397 718//397 719//397
f 189//398 719//398 191//398
f 191//398 719//398 720//398
f 191//399 720//399 193//399
f 193//399 720//399 721//399
f 193//400 721//400 195//400
f 195//400 721//400 722//400
f 195//401 722//401 197//401
f 197//401 722//401 723//401
f 197//402 723//402 199//402
f 199//402 723//402 724//402
f 199//403 724//403 201//403
f 201//403 724//403 725//403
f 201//404 725//404 204//404
f 204//404 725//404 726//404
f 204//405 726//405 206//405
f 206//405 726//405 727//405
f 206//406 727//406 208//406
f 208//406 727//406 728//406
f 208//407 728//407 210//407
f 210//407 728//407 729//407
f 210//408 729//408 212//408
f 212//408 729//408 730//408
f 212//409 730//409 214//409
f 214//409 730//409 731//409
f 214//410 731//410 216//410
f 216//410 731//410 732//410
f 216//411 732//411 218//411
f 218//411 732//411 733//411
f 218//412 733//412 220//412
f 220//412 733//412 734//412
f 220//413 734//413 222//413
f 222//413 734//413 735//413
f 222//414 735//414 224//414
f 224//414 735//414 736//414
f 224//415 736//415 226//415
f 226//415 736//415 737//415
f 226//416 737//416 228//416
f 228//416 737//416 738//416
f 228//417 738//417 230//417
f 230//417 738//417 709//417
f 416//404 726//404 357//404
f 357//404 726//404 725//404
f 357//403 725//403 355//403
f 355//403 725//403 724//403
f 355//402 724//402 361//402
f 361//402 724//402 723//402
f 361//401 723//401 363//401
f 363//401 723//401 722//401
f 363//400 722//400 365//400
f 365//400 722//400 721//400
f 365//399 721//399 367//399
f 367//399 721//399 720//399
f 367//398 720//398 369//398
f 369//398 720//398 719//398
f 369//397 719//397 371//397
f 371//397 719//397 718//397
f 371//396 718//396 373//396
f 373//396 718//396 717//396
f 373//395 717//395 375//395
f 375//422 717//422 716//422
f 375//423 716//423 377//423
f 377//394 716//394 715//394
f 377//393 715//393 379//393
f 379//393 715//393 714//393
f 379//392 714//392 381//392
f 381//392 714//392 713//392
f 381//391 713//391 383//391
f 383//391 713//391 712//391
f 383//390 712//390 385//390
f 385//390 712//390 711//390
f 385//389 711//389 387//389
f 387//389 711//389 710//389
f 387//386 710//386 390//386
f 390//386 710//386 709//386
f 390//417 709//417 392//417
f 392//417 709//417 738//417
f 392//416 738//416 394//416
f 394//416 738//416 737//416
f 394//415 737//415 396//415
f 396//415 737//415 736//415
f 396//414 736//414 398//414
f 398//414 736//414 735//414
f 398//413 735//413 400//413
f 400//413 735//413 734//413
f 400//412 734//412 402//412
f 402//412 734//412 733//412
f 402//411 733//411 404//411
f 404//411 733//411 732//411
f 404//410 732//410 406//410
f 406//410 732//410 731//410
f 406//409 731//409 408//409
f 408//409 731//409 730//409
f 408//408 730//408 410//408
f 410//408 730//408 729//408
f 410//407 729//407 412//407
f 412//407 729//407 728//407
f 412//406 728//406 414//406
f 414//406 728//406 727//406
f 414//405 727//405 416//405
f 416//405 727//405 726//405
f 168//386 739//386 109//386
f 109//386 739//386 740//386
f 109//389 740//389 107//389
f 107//389 740//389 741//389
f 107//390 741//390 113//390
f 113//390 741//390 742//390
f 113//391 742//391 115//391
f 115//391 742//391 743//391
f 115//392 743//392 117//392
f 117//392 743//392 744//392
f 117//393 744//393 119//393
f 119//393 744//393 745//393
f 119//394 745//394 121//394
f 121//394 745//394 746//394
f 121//395 746//395 123//395
f 123//395 746//395 747//395
f 123//396 747//396 125//396
f 125//396 747//396 748//396
f 125//397 748//397 127//397
f 127//397 748//397 749//397
f 127//398 749//398 129//398
f 129//398 749//398 750//398
f 129//399 750//399 131//399
f 131//399 750//399 751//399
f 131//400 751//400 133//400
f 133//400 751//400 752//400
f 133//401 752//401 135//401
f 135//401 752//401 753//401
f 135//402 753//402 137//402
f 137//402 753//402 754//402
f 137//403 754//403 139//403
f 139//403 754//403 755//403
f 139//404 755//404 142//404
f 142//404 755//404 756//404
f 142//405 756//405 144//405
f 144//405 756//405 757//405
f 144//406 757//406 146//406
f 146//406 757//406 758//406
f 146//407 758//407 148//407
f 148//407 758//407 759//407
f 148//408 759//408 150//408
f 150//408 759//408 760//408
f 150//409 760//409 152//409
f 152//409 760//409 761//409
f 152//410 761//410 154//410
f 154//410 761//410 762//410
f 154//411 762//411 156//411
f 156//411 762//411 763//411
f 156//424 763//424 158//424
f 158//412 763//412 764//412
f 158//413 764//413 160//413
f 160//413 764//413 765//413
f 160//414 765//414 162//414
f 162//414 765//414 766//414
f 162//415 766//415 164//415
f 164//415 766//415 767//415
f 164//416 767//416 166//416
f 166//416 767//416 768//416
f 166//417 768//417 168//417
f 168//417 768//417 739//417
f 478//404 756//404 419//404
f 419//404 756//404 755//404
f 419//403 755//403 417//403
f 417//403 755//403 754//403
f 417//402 754//402 423//402
f 423//402 754//402 753//402
f 423//401 753//401 425//401
f 425//401 753//401 752//401
f 425//400 752//400 427//400
f 427//400 752//400 751//400
f 427//399 751//399 429//399
f 429//399 751//399 750//399
f 429//398 750//398 431//398
f 431//398 750//398 749//398
f 431//397 749//397 433//397
f 433//425 749//425 748//425
f 433//396 748//396 435//396
f 435//396 748//396 747//396
f 435//426 747//426 437//426
f 437//395 747//395 746//395
f 437//394 746//394 439//394
f 439//427 746//427 745//427
f 439//428 745//428 441//428
f 441//393 745//393 744//393
f 441//392 744//392 443//392
f 443//392 744//392 743//392
f 443//391 743//391 445//391
f 445//391 743//391 742//391
f 445//390 742//390 447//390
f 447//390 742//390 741//390
f 447//389 741//389 449//389
f 449//389 741//389 740//389
f 449//386 740//386 452//386
f 452//386 740//386 739//386
f 452//417 739//417 454//417
f 454//417 739//417 768//417
f 454//416 768//416 456//416
f 456//416 768//416 767//416
f 456//415 767//415 458//415
f 458//415 767//415 766//415
f 458//414 766//414 460//414
f 460//414 766//414 765//414
f 460//413 765//413 462//413
f 462//413 765//413 764//413
f 462//412 764//412 464//412
f 464//412 764//412 763//412
f 464//411 763//411 466//411
f 466//411 763//411 762//411
f 466//410 762//410 468//410
f 468//410 762//410 761//410
f 468//409 761//409 470//409
f 470//409 761//409 760//409
f 470//408 760//408 472//408
f 472//408 760//408 759//408
f 472//407 759//407 474//407
f 474//407 759//407 758//407
f 474//406 758//406 476//406
f 476//406 758//406 757//406
f 476//405 757//405 478//405
f 478//405 757//405 756//405
f 769//403 293//403 770//403
f 770//403 293//403 295//403
f 770//404 295//404 771//404
f 771//404 295//404 354//404
f 771//405 354//405 772//405
f 772//405 354//405 352//405
f 772//406 352//406 773//406
f 773//406 352//406 350//406
f 773//407 350//407 774//407
f 774//407 350//407 348//407
f 774//408 348//408 775//408
f 775//408 348//408 346//408
f 775//409 346//409 776//409
f 776//409 346//409 344//409
f 776//410 344//410 777//410
f 777//410 344//410 342//410
f 777//411 342//411 778//411
f 778//411 342//411 340//411
f 778//412 340//412 779//412
f 779//412 340//412 338//412
f 779//413 338//413 780//413
f 780//413 338//413 336//413
f 780//414 336//414 781//414
f 781//414 336//414 334//414
f 781//415 334//415 782//415
f 782//415 334//415 332//415
f 782//416 332//416 783//416
f 783//416 332//416 330//416
f 783//417 330//417 784//417
f 784//417 330//417 328//417
f 784//386 328//386 785//386
f 785//386 328//386 325//386
f 785//389 325//389 786//389
f 786//389 325//389 323//389
f 786//390 323//390 787//390
f 787//390 323//390 321//390
f 787//391 321//391 788//391
f 788//391 321//391 319//391
f 788//392 319//392 789//392
f 789//392 319//392 317//392
f 789//393 317//393 790//393
f 790//393 317//393 315//393
f 790//394 315//394 791//394
f 791//394 315//394 313//394
f 791//395 313//395 792//395
f 792//395 313//395 311//395
f 792//396 311//396 793//396
f 793//396 311//396 309//396
f 793//397 309//397 794//397
f 794//397 309//397 307//397
f 794//398 307//398 795//398
f 795//398 307//398 305//398
f 795//399 305//399 796//399
f 796//399 305//399 303//399
f 796//400 303//400 797//400
f 797//400 303//400 301//400
f 797//401 301//401 798//401
f 798//401 301//401 299//401
f 798//402 299//402 769//402
f 769//402 299//402 293//402
f 799//429 800//429 801//429
f 801//430 800//430 66//430
f 801//431 66//431 802//431
f 803//431 804//431 799//431
f 799//432 804//432 805//432
f 799//433 805//433 800//433
f 802//434 66//434 806//434
f 806//434 66//434 68//434
f 806//435 68//435 807//435
f 807//435 68//435 70//435
f 807//436 70//436 808//436
f 808//436 70//436 72//436
f 808//437 72//437 809//437
f 809//437 72//437 74//437
f 809//438 74//438 810//438
f 810//438 74//438 76//438
f 810//439 76//439 811//439
f 811//439 76//439 78//439
f 811//440 78//440 812//440
f 812//440 78//440 80//440
f 812//441 80//441 813//441
f 813//441 80//441 82//441
f 813//442 82//442 814//442
f 814//442 82//442 84//442
f 814//443 84//443 815//443
f 815//443 84//443 86//443
f 815//444 86//444 816//444
f 816//444 86//444 88//444
f 816//445 88//445 817//445
f 817//445 88//445 90//445
f 817//446 90//446 818//446
f 818//446 90//446 92//446
f 818//447 92//447 819//447
f 819//447 92//447 94//447
f 819//448 94//448 820//448
f 820//448 94//448 96//448
f 820//449 96//449 821//449
f 821//449 96//449 98//449
f 821//450 98//450 822//450
f 822//450 98//450 100//450
f 822//451 100//451 823//451
f 823//451 100//451 102//451
f 823//452 102//452 824//452
f 824//452 102//452 104//452
f 824//453 104//453 825//453
f 825//453 104//453 106//453
f 825//454 106//454 826//454
f 826//455 106//455 827//455
f 826//454 827//454 828//454
f 826//454 828//454 829//454
f 829//456 828//456 830//456
f 829//454 830//454 831//454
f 832//457 833//457 834//457
f 834//458 833//458 835//458
f 834//459 835//459 836//459
f 836//459 835//459 159//459
f 836//459 159//459 161//459
f 832//459 837//459 833//459
f 833//459 837//459 838//459
f 839//459 151//459 835//459
f 835//459 151//459 153//459
f 835//459 153//459 155//459
f 840//460 143//460 839//460
f 839//461 143//461 145//461
f 839//459 145//459 147//459
f 841//462 140//462 840//462
f 840//463 140//463 141//463
f 840//464 141//464 143//464
f 140//465 841//465 138//465
f 138//466 841//466 842//466
f 138//467 842//467 136//467
f 136//468 842//468 843//468
f 136//469 843//469 134//469
f 134//459 843//459 844//459
f 134//459 844//459 132//459
f 132//459 844//459 845//459
f 132//459 845//459 846//459
f 132//459 846//459 130//459
f 130//459 846//459 847//459
f 130//459 847//459 128//459
f 128//459 847//459 848//459
f 128//459 848//459 126//459
f 126//459 848//459 124//459
f 124//459 848//459 122//459
f 122//459 848//459 196//459
f 122//459 196//459 120//459
f 120//470 196//470 198//470
f 120//471 198//471 118//471
f 118//472 198//472 200//472
f 118//473 200//473 116//473
f 116//474 200//474 202//474
f 116//475 202//475 114//475
f 114//476 202//476 203//476
f 114//477 203//477 112//477
f 112//459 203//459 205//459
f 112//459 205//459 108//459
f 108//477 205//477 207//477
f 108//476 207//476 110//476
f 110//475 207//475 209//475
f 110//478 209//478 849//478
f 849//459 209//459 211//459
f 849//459 211//459 213//459
f 850//459 190//459 848//459
f 848//459 190//459 192//459
f 848//459 192//459 194//459
f 851//479 250//479 850//479
f 850//480 250//480 252//480
f 850//481 252//481 254//481
f 250//459 851//459 248//459
f 248//459 851//459 852//459
f 248//459 852//459 853//459
f 248//459 853//459 246//459
f 246//459 853//459 854//459
f 246//459 854//459 244//459
f 244//459 854//459 855//459
f 244//459 855//459 242//459
f 242//459 855//459 856//459
f 242//459 856//459 240//459
f 240//459 856//459 857//459
f 240//459 857//459 858//459
f 240//459 858//459 238//459
f 238//482 858//482 859//482
f 238//483 859//483 236//483
f 236//459 859//459 860//459
f 236//459 860//459 232//459
f 232//459 860//459 861//459
f 232//459 861//459 234//459
f 234//459 861//459 862//459
f 234//459 862//459 235//459
f 235//459 862//459 863//459
f 235//459 863//459 291//459
f 291//459 863//459 864//459
f 291//459 864//459 289//459
f 289//484 864//484 865//484
f 289//485 865//485 866//485
f 289//459 866//459 287//459
f 287//459 866//459 867//459
f 287//459 867//459 285//459
f 285//459 867//459 868//459
f 285//459 868//459 283//459
f 283//459 868//459 869//459
f 283//459 869//459 281//459
f 281//459 869//459 279//459
f 279//459 869//459 277//459
f 277//459 869//459 227//459
f 277//459 227//459 275//459
f 275//486 227//486 229//486
f 275//487 229//487 273//487
f 273//488 229//488 173//488
f 273//489 173//489 271//489
f 271//490 173//490 172//490
f 271//459 172//459 269//459
f 269//491 172//491 170//491
f 269//492 170//492 267//492
f 267//493 170//493 174//493
f 267//493 174//493 265//493
f 265//494 174//494 176//494
f 265//495 176//495 264//495
f 264//496 176//496 178//496
f 264//497 178//497 262//497
f 262//498 178//498 180//498
f 262//499 180//499 260//499
f 260//500 180//500 182//500
f 260//501 182//501 258//501
f 258//502 182//502 184//502
f 258//503 184//503 256//503
f 256//504 184//504 850//504
f 256//505 850//505 254//505
f 849//459 221//459 869//459
f 869//459 221//459 223//459
f 869//459 223//459 225//459
f 849//506 870//506 110//506
f 110//507 870//507 111//507
f 111//508 870//508 871//508
f 111//509 871//509 167//509
f 167//510 871//510 872//510
f 167//511 872//511 165//511
f 165//459 872//459 873//459
f 165//459 873//459 163//459
f 163//459 873//459 874//459
f 163//459 874//459 161//459
f 161//459 874//459 836//459
f 184//459 186//459 850//459
f 850//459 186//459 188//459
f 850//459 188//459 190//459
f 194//459 196//459 848//459
f 213//459 215//459 849//459
f 849//459 215//459 217//459
f 849//459 217//459 219//459
f 219//459 221//459 849//459
f 225//459 227//459 869//459
f 147//459 149//459 839//459
f 839//459 149//459 151//459
f 155//459 157//459 835//459
f 835//459 157//459 159//459
f 875//375 876//375 877//375
f 877//375 876//375 878//375
f 877//512 878//512 879//512
f 877//513 879//513 880//513
f 880//375 879//375 881//375
f 880//375 881//375 461//375
f 461//375 881//375 459//375
f 459//375 881//375 882//375
f 459//375 882//375 457//375
f 457//375 882//375 883//375
f 457//375 883//375 455//375
f 455//375 883//375 884//375
f 455//514 884//514 453//514
f 453//515 884//515 885//515
f 453//516 885//516 451//516
f 451//517 885//517 886//517
f 451//518 886//518 450//518
f 450//519 886//519 887//519
f 450//520 887//520 411//520
f 411//375 887//375 409//375
f 409//375 887//375 407//375
f 407//375 887//375 405//375
f 405//375 887//375 403//375
f 403//375 887//375 401//375
f 401//375 887//375 399//375
f 399//375 887//375 105//375
f 399//375 105//375 397//375
f 397//375 105//375 395//375
f 395//375 105//375 393//375
f 393//375 105//375 343//375
f 393//375 343//375 345//375
f 103//375 337//375 105//375
f 105//375 337//375 339//375
f 105//375 339//375 341//375
f 337//375 103//375 335//375
f 335//375 103//375 101//375
f 335//375 101//375 333//375
f 333//375 101//375 99//375
f 333//375 99//375 331//375
f 331//521 99//521 97//521
f 331//522 97//522 95//522
f 331//375 95//375 329//375
f 329//375 95//375 93//375
f 329//375 93//375 327//375
f 327//375 93//375 91//375
f 327//375 91//375 326//375
f 326//375 91//375 89//375
f 326//375 89//375 324//375
f 324//375 89//375 87//375
f 324//375 87//375 322//375
f 322//375 87//375 85//375
f 322//523 85//523 320//523
f 320//524 85//524 83//524
f 320//375 83//375 318//375
f 318//375 83//375 81//375
f 318//375 81//375 79//375
f 318//375 79//375 316//375
f 316//375 79//375 77//375
f 316//375 77//375 314//375
f 314//375 77//375 75//375
f 314//375 75//375 312//375
f 312//375 75//375 73//375
f 312//375 73//375 310//375
f 310//375 73//375 71//375
f 310//375 71//375 69//375
f 310//375 69//375 308//375
f 308//525 69//525 67//525
f 308//526 67//526 306//526
f 306//527 67//527 304//527
f 304//528 67//528 302//528
f 302//529 67//529 374//529
f 302//530 374//530 300//530
f 300//531 374//531 376//531
f 300//532 376//532 298//532
f 298//533 376//533 378//533
f 298//534 378//534 294//534
f 294//535 378//535 380//535
f 294//536 380//536 296//536
f 296//537 380//537 382//537
f 296//538 382//538 297//538
f 297//539 382//539 384//539
f 297//540 384//540 353//540
f 353//540 384//540 386//540
f 353//541 386//541 351//541
f 351//542 386//542 388//542
f 351//537 388//537 349//537
f 349//543 388//543 389//543
f 349//544 389//544 347//544
f 347//545 389//545 391//545
f 347//546 391//546 345//546
f 345//547 391//547 393//547
f 888//375 368//375 67//375
f 67//375 368//375 370//375
f 67//375 370//375 372//375
f 889//375 430//375 888//375
f 888//375 430//375 432//375
f 888//375 432//375 434//375
f 430//375 889//375 428//375
f 428//375 889//375 890//375
f 428//375 890//375 426//375
f 426//375 890//375 891//375
f 426//375 891//375 892//375
f 426//375 892//375 424//375
f 424//375 892//375 893//375
f 424//548 893//548 422//548
f 422//549 893//549 894//549
f 422//550 894//550 418//550
f 418//551 894//551 895//551
f 418//552 895//552 420//552
f 420//553 895//553 896//553
f 420//554 896//554 421//554
f 421//555 896//555 477//555
f 477//556 896//556 897//556
f 477//557 897//557 475//557
f 475//375 897//375 473//375
f 473//375 897//375 471//375
f 471//375 897//375 469//375
f 469//375 897//375 880//375
f 469//375 880//375 467//375
f 467//375 880//375 465//375
f 465//375 880//375 463//375
f 463//375 880//375 461//375
f 434//375 436//375 888//375
f 888//375 436//375 362//375
f 888//375 362//375 364//375
f 436//375 438//375 362//375
f 362//558 438//558 360//558
f 360//559 438//559 440//559
f 360//560 440//560 356//560
f 356//561 440//561 442//561
f 356//562 442//562 358//562
f 358//563 442//563 444//563
f 358//564 444//564 359//564
f 359//565 444//565 446//565
f 359//375 446//375 415//375
f 415//375 446//375 448//375
f 415//565 448//565 413//565
f 413//564 448//564 450//564
f 413//563 450//563 411//563
f 364//375 366//375 888//375
f 888//375 366//375 368//375
f 372//375 374//375 67//375
f 341//375 343//375 105//375
f 898//566 899//566 900//566
f 900//566 899//566 901//566
f 900//567 901//567 902//567
f 902//568 901//568 903//568
f 902//569 903//569 904//569
f 904//570 903//570 905//570
f 904//571 905//571 906//571
f 906//572 905//572 907//572
f 906//573 907//573 908//573
f 908//573 907//573 909//573
f 908//574 909//574 910//574
f 910//575 909//575 911//575
f 910//576 911//576 912//576
f 912//577 911//577 913//577
f 912//578 913//578 805//578
f 805//579 913//579 800//579
f 831//453 830//453 914//453
f 914//453 830//453 915//453
f 914//452 915//452 916//452
f 916//452 915//452 917//452
f 916//451 917//451 918//451
f 918//451 917//451 919//451
f 918//450 919//450 920//450
f 920//450 919//450 921//450
f 920//449 921//449 922//449
f 922//449 921//449 923//449
f 922//448 923//448 924//448
f 924//448 923//448 925//448
f 924//447 925//447 926//447
f 926//447 925//447 927//447
f 926//446 927//446 928//446
f 928//446 927//446 929//446
f 928//445 929//445 930//445
f 930//445 929//445 931//445
f 930//444 931//444 932//444
f 932//444 931//444 933//444
f 932//443 933//443 934//443
f 934//443 933//443 935//443
f 934//442 935//442 936//442
f 936//442 935//442 937//442
f 936//441 937//441 938//441
f 938//441 937//441 939//441
f 938//440 939//440 940//440
f 940//440 939//440 941//440
f 940//439 941//439 942//439
f 942//439 941//439 943//439
f 942//438 943//438 944//438
f 944//438 943//438 945//438
f 944//437 945//437 946//437
f 946//437 945//437 947//437
f 946//436 947//436 948//436
f 948//436 947//436 949//436
f 948//435 949//435 950//435
f 950//435 949//435 951//435
f 950//434 951//434 803//434
f 803//434 951//434 804//434
f 952//580 566//580 953//580
f 953//580 566//580 564//580
f 953//580 564//580 571//580
f 954//580 669//580 952//580
f 952//580 669//580 611//580
f 952//580 611//580 613//580
f 955//580 653//580 954//580
f 954//580 653//580 655//580
f 954//580 655//580 657//580
f 953//580 583//580 955//580
f 955//580 583//580 637//580
f 955//580 637//580 639//580
f 571//580 573//580 953//580
f 953//580 573//580 575//580
f 953//580 575//580 577//580
f 577//580 579//580 953//580
f 953//580 579//580 581//580
f 953//580 581//580 583//580
f 583//580 585//580 637//580
f 637//580 585//580 635//580
f 635//580 585//580 587//580
f 635//580 587//580 633//580
f 633//580 587//580 589//580
f 633//580 589//580 631//580
f 631//580 589//580 591//580
f 631//580 591//580 629//580
f 629//580 591//580 593//580
f 629//580 593//580 622//580
f 622//580 593//580 595//580
f 622//580 595//580 624//580
f 624//580 595//580 597//580
f 624//580 597//580 626//580
f 626//580 597//580 599//580
f 626//580 599//580 627//580
f 627//580 599//580 601//580
f 627//580 601//580 677//580
f 677//580 601//580 603//580
f 677//580 603//580 675//580
f 675//580 603//580 605//580
f 675//580 605//580 673//580
f 673//580 605//580 607//580
f 673//580 607//580 671//580
f 671//580 607//580 609//580
f 671//580 609//580 669//580
f 669//580 609//580 611//580
f 613//580 615//580 952//580
f 952//580 615//580 617//580
f 952//580 617//580 619//580
f 619//580 569//580 952//580
f 952//580 569//580 568//580
f 952//580 568//580 566//580
f 639//580 641//580 955//580
f 955//580 641//580 643//580
f 955//580 643//580 645//580
f 645//580 647//580 955//580
f 955//580 647//580 649//580
f 955//580 649//580 651//580
f 651//580 653//580 955//580
f 657//580 659//580 954//580
f 954//580 659//580 661//580
f 954//580 661//580 663//580
f 663//580 665//580 954//580
f 954//580 665//580 667//580
f 954//580 667//580 669//580
f 837//396 876//396 838//396
f 838//396 876//396 875//396
f 956//581 899//581 957//581
f 957//581 899//581 898//581
f 828//582 827//582 958//582
f 958//582 827//582 959//582
f 958//583 959//583 960//583
f 960//583 959//583 961//583
f 960//584 961//584 962//584
f 962//584 961//584 963//584
f 962//585 963//585 964//585
f 964//585 963//585 965//585
f 964//586 965//586 966//586
f 966//586 965//586 967//586
f 966//587 967//587 968//587
f 968//588 967//588 969//588
f 968//589 969//589 955//589
f 955//590 969//590 953//590
f 970//591 971//591 829//591
f 829//592 971//592 826//592
f 802//593 797//593 801//593
f 801//594 797//594 798//594
f 801//595 798//595 972//595
f 972//596 798//596 769//596
f 972//459 769//459 770//459
f 806//597 793//597 802//597
f 802//598 793//598 794//598
f 802//599 794//599 795//599
f 806//600 807//600 793//600
f 793//601 807//601 792//601
f 792//602 807//602 808//602
f 792//603 808//603 809//603
f 792//604 809//604 791//604
f 791//605 809//605 810//605
f 791//606 810//606 811//606
f 791//607 811//607 790//607
f 790//459 811//459 812//459
f 790//608 812//608 789//608
f 789//609 812//609 813//609
f 789//610 813//610 788//610
f 788//611 813//611 814//611
f 788//459 814//459 815//459
f 788//459 815//459 787//459
f 787//459 815//459 816//459
f 787//612 816//612 786//612
f 786//613 816//613 817//613
f 786//459 817//459 785//459
f 785//459 817//459 818//459
f 785//459 818//459 784//459
f 784//614 818//614 819//614
f 784//615 819//615 783//615
f 783//459 819//459 820//459
f 783//459 820//459 782//459
f 782//616 820//616 821//616
f 782//617 821//617 781//617
f 781//618 821//618 822//618
f 781//619 822//619 780//619
f 780//620 822//620 823//620
f 780//621 823//621 824//621
f 780//622 824//622 779//622
f 779//623 824//623 825//623
f 779//598 825//598 778//598
f 778//624 825//624 777//624
f 777//625 825//625 826//625
f 777//626 826//626 776//626
f 776//627 826//627 775//627
f 775//628 826//628 971//628
f 775//629 971//629 774//629
f 774//459 971//459 773//459
f 773//459 971//459 772//459
f 772//630 971//630 973//630
f 772//631 973//631 771//631
f 771//459 973//459 974//459
f 771//459 974//459 770//459
f 770//459 974//459 972//459
f 795//632 796//632 802//632
f 802//633 796//633 797//633
f 799//634 692//634 803//634
f 803//635 692//635 691//635
f 803//636 691//636 690//636
f 692//637 799//637 693//637
f 693//638 799//638 975//638
f 693//639 975//639 694//639
f 694//375 975//375 695//375
f 695//375 975//375 976//375
f 695//375 976//375 696//375
f 696//375 976//375 977//375
f 696//640 977//640 697//640
f 697//641 977//641 970//641
f 697//375 970//375 698//375
f 698//375 970//375 699//375
f 699//642 970//642 700//642
f 700//643 970//643 829//643
f 700//644 829//644 701//644
f 701//645 829//645 702//645
f 702//646 829//646 831//646
f 702//647 831//647 703//647
f 703//648 831//648 704//648
f 704//649 831//649 914//649
f 704//650 914//650 705//650
f 705//651 914//651 916//651
f 705//652 916//652 918//652
f 705//653 918//653 706//653
f 706//654 918//654 920//654
f 706//655 920//655 707//655
f 707//656 920//656 922//656
f 707//375 922//375 708//375
f 708//375 922//375 924//375
f 708//657 924//657 679//657
f 679//658 924//658 926//658
f 679//375 926//375 680//375
f 680//375 926//375 928//375
f 680//375 928//375 681//375
f 681//659 928//659 930//659
f 681//660 930//660 682//660
f 682//375 930//375 932//375
f 682//375 932//375 683//375
f 683//375 932//375 934//375
f 683//661 934//661 936//661
f 683//662 936//662 684//662
f 684//663 936//663 938//663
f 684//664 938//664 685//664
f 685//375 938//375 940//375
f 685//665 940//665 686//665
f 686//666 940//666 942//666
f 686//667 942//667 944//667
f 686//668 944//668 687//668
f 687//669 944//669 946//669
f 687//670 946//670 948//670
f 687//671 948//671 688//671
f 688//672 948//672 950//672
f 688//673 950//673 803//673
f 690//674 689//674 803//674
f 803//648 689//648 688//648
f 880//396 897//396 835//396
f 835//396 897//396 839//396
f 839//396 897//396 957//396
f 957//396 897//396 956//396
f 833//581 545//581 835//581
f 835//581 545//581 547//581
f 835//581 547//581 549//581
f 877//581 35//581 833//581
f 833//581 35//581 37//581
f 833//581 37//581 533//581
f 533//581 37//581 531//581
f 531//581 37//581 39//581
f 531//581 39//581 529//581
f 529//581 39//581 41//581
f 529//581 41//581 527//581
f 527//581 41//581 43//581
f 527//581 43//581 525//581
f 525//581 43//581 5//581
f 525//581 5//581 523//581
f 523//581 5//581 4//581
f 523//581 4//581 2//581
f 880//581 481//581 877//581
f 877//581 481//581 483//581
f 877//581 483//581 485//581
f 835//581 14//581 880//581
f 880//581 14//581 16//581
f 880//581 16//581 511//581
f 511//581 16//581 509//581
f 509//581 16//581 18//581
f 509//581 18//581 507//581
f 507//581 18//581 20//581
f 507//581 20//581 505//581
f 505//581 20//581 22//581
f 505//581 22//581 503//581
f 503//581 22//581 24//581
f 503//581 24//581 26//581
f 523//581 2//581 521//581
f 521//581 2//581 6//581
f 521//581 6//581 561//581
f 561//581 6//581 8//581
f 561//581 8//581 559//581
f 559//581 8//581 10//581
f 559//581 10//581 557//581
f 557//581 10//581 12//581
f 557//581 12//581 555//581
f 555//581 12//581 835//581
f 555//581 835//581 553//581
f 553//581 835//581 551//581
f 551//581 835//581 549//581
f 12//581 14//581 835//581
f 503//581 26//581 501//581
f 501//581 26//581 27//581
f 501//581 27//581 499//581
f 499//581 27//581 29//581
f 499//581 29//581 497//581
f 497//581 29//581 31//581
f 497//581 31//581 495//581
f 495//581 31//581 33//581
f 495//581 33//581 493//581
f 493//581 33//581 877//581
f 493//581 877//581 491//581
f 491//581 877//581 489//581
f 489//581 877//581 487//581
f 487//581 877//581 485//581
f 33//581 35//581 877//581
f 511//581 513//581 880//581
f 880//581 513//581 515//581
f 880//581 515//581 517//581
f 517//581 519//581 880//581
f 880//581 519//581 479//581
f 880//581 479//581 481//581
f 533//581 535//581 833//581
f 833//581 535//581 537//581
f 833//581 537//581 539//581
f 539//581 541//581 833//581
f 833//581 541//581 543//581
f 833//581 543//581 545//581
f 621//580 623//580 522//580
f 522//580 623//580 625//580
f 522//580 625//580 524//580
f 524//580 625//580 678//580
f 524//580 678//580 526//580
f 526//580 678//580 676//580
f 526//580 676//580 528//580
f 528//580 676//580 674//580
f 528//580 674//580 672//580
f 528//580 672//580 530//580
f 530//580 672//580 670//580
f 530//580 670//580 532//580
f 532//580 670//580 668//580
f 532//580 668//580 666//580
f 532//580 666//580 534//580
f 534//580 666//580 664//580
f 534//580 664//580 536//580
f 536//580 664//580 662//580
f 536//580 662//580 538//580
f 538//580 662//580 660//580
f 538//580 660//580 658//580
f 538//580 658//580 540//580
f 540//580 658//580 656//580
f 540//580 656//580 542//580
f 542//580 656//580 654//580
f 542//580 654//580 652//580
f 542//580 652//580 544//580
f 544//580 652//580 650//580
f 544//580 650//580 546//580
f 546//580 650//580 648//580
f 546//580 648//580 548//580
f 548//580 648//580 646//580
f 548//580 646//580 644//580
f 548//580 644//580 550//580
f 550//580 644//580 642//580
f 550//580 642//580 552//580
f 552//580 642//580 640//580
f 552//580 640//580 554//580
f 554//580 640//580 638//580
f 554//580 638//580 636//580
f 554//580 636//580 556//580
f 556//580 636//580 634//580
f 556//580 634//580 558//580
f 558//580 634//580 632//580
f 558//580 632//580 630//580
f 558//580 630//580 560//580
f 560//580 630//580 628//580
f 560//580 628//580 562//580
f 562//580 628//580 621//580
f 562//580 621//580 522//580
f 563//580 565//580 480//580
f 480//580 565//580 567//580
f 480//580 567//580 482//580
f 482//580 567//580 620//580
f 482//580 620//580 484//580
f 484//580 620//580 618//580
f 484//580 618//580 486//580
f 486//580 618//580 616//580
f 486//580 616//580 614//580
f 486//580 614//580 488//580
f 488//580 614//580 612//580
f 488//580 612//580 490//580
f 490//580 612//580 610//580
f 490//580 610//580 608//580
f 490//580 608//580 492//580
f 492//580 608//580 606//580
f 492//580 606//580 494//580
f 494//580 606//580 604//580
f 494//580 604//580 496//580
f 496//580 604//580 602//580
f 496//580 602//580 600//580
f 496//580 600//580 498//580
f 498//580 600//580 598//580
f 498//580 598//580 500//580
f 500//580 598//580 596//580
f 500//580 596//580 594//580
f 500//580 594//580 502//580
f 502//580 594//580 592//580
f 502//580 592//580 504//580
f 504//580 592//580 590//580
f 504//580 590//580 506//580
f 506//580 590//580 588//580
f 506//580 588//580 586//580
f 506//580 586//580 508//580
f 508//580 586//580 584//580
f 508//580 584//580 510//580
f 510//580 584//580 582//580
f 510//580 582//580 512//580
f 512//580 582//580 580//580
f 512//580 580//580 578//580
f 512//580 578//580 514//580
f 514//580 578//580 576//580
f 514//580 576//580 516//580
f 516//580 576//580 574//580
f 516//580 574//580 572//580
f 516//580 572//580 518//580
f 518//580 572//580 570//580
f 518//580 570//580 520//580
f 520//580 570//580 563//580
f 520//580 563//580 480//580
f 878//675 978//675 879//675
f 879//676 978//676 979//676
f 879//677 979//677 953//677
f 953//678 979//678 980//678
f 953//679 980//679 952//679
f 952//680 980//680 981//680
f 879//681 953//681 881//681
f 881//681 953//681 969//681
f 881//682 969//682 882//682
f 882//682 969//682 967//682
f 882//683 967//683 883//683
f 883//683 967//683 965//683
f 883//684 965//684 884//684
f 884//684 965//684 963//684
f 884//685 963//685 885//685
f 885//685 963//685 961//685
f 885//686 961//686 886//686
f 886//686 961//686 959//686
f 886//687 959//687 887//687
f 887//687 959//687 827//687
f 827//688 106//688 887//688
f 887//688 106//688 105//688
f 66//689 800//689 67//689
f 67//689 800//689 888//689
f 888//690 800//690 889//690
f 889//690 800//690 913//690
f 889//691 913//691 890//691
f 890//691 913//691 911//691
f 890//692 911//692 891//692
f 891//692 911//692 909//692
f 891//693 909//693 892//693
f 892//693 909//693 907//693
f 892//694 907//694 893//694
f 893//694 907//694 905//694
f 893//695 905//695 894//695
f 894//695 905//695 903//695
f 894//696 903//696 895//696
f 895//696 903//696 901//696
f 895//697 901//697 896//697
f 896//697 901//697 899//697
f 897//698 896//698 956//698
f 956//699 896//699 899//699
f 954//700 982//700 955//700
f 955//701 982//701 983//701
f 955//702 983//702 834//702
f 834//703 983//703 984//703
f 834//704 984//704 832//704
f 954//705 985//705 982//705
f 955//706 834//706 968//706
f 968//706 834//706 836//706
f 968//707 836//707 966//707
f 966//707 836//707 874//707
f 966//708 874//708 964//708
f 964//708 874//708 873//708
f 964//709 873//709 962//709
f 962//709 873//709 872//709
f 962//710 872//710 960//710
f 960//710 872//710 871//710
f 960//711 871//711 958//711
f 958//711 871//711 870//711
f 958//712 870//712 828//712
f 828//712 870//712 849//712
f 849//713 869//713 828//713
f 828//713 869//713 830//713
f 830//714 869//714 915//714
f 915//715 869//715 868//715
f 915//716 868//716 917//716
f 917//717 868//717 867//717
f 917//718 867//718 919//718
f 919//719 867//719 866//719
f 919//720 866//720 921//720
f 921//721 866//721 865//721
f 921//722 865//722 923//722
f 923//723 865//723 864//723
f 923//724 864//724 925//724
f 925//725 864//725 863//725
f 925//726 863//726 927//726
f 927//727 863//727 862//727
f 927//728 862//728 929//728
f 929//729 862//729 861//729
f 929//730 861//730 931//730
f 931//731 861//731 860//731
f 931//732 860//732 933//732
f 933//733 860//733 859//733
f 933//734 859//734 935//734
f 935//735 859//735 858//735
f 935//736 858//736 937//736
f 937//737 858//737 857//737
f 937//738 857//738 939//738
f 939//739 857//739 856//739
f 939//740 856//740 941//740
f 941//741 856//741 855//741
f 941//742 855//742 943//742
f 943//743 855//743 854//743
f 943//744 854//744 945//744
f 945//745 854//745 853//745
f 945//746 853//746 947//746
f 947//747 853//747 852//747
f 947//748 852//748 949//748
f 949//749 852//749 851//749
f 949//750 851//750 951//750
f 951//751 851//751 850//751
f 951//752 850//752 804//752
f 850//753 848//753 804//753
f 804//753 848//753 805//753
f 805//754 848//754 912//754
f 912//754 848//754 847//754
f 912//755 847//755 910//755
f 910//755 847//755 846//755
f 910//756 846//756 908//756
f 908//756 846//756 845//756
f 908//757 845//757 906//757
f 906//757 845//757 844//757
f 906//758 844//758 904//758
f 904//758 844//758 843//758
f 904//759 843//759 902//759
f 902//759 843//759 842//759
f 902//760 842//760 900//760
f 900//760 842//760 841//760
f 900//761 841//761 898//761
f 898//761 841//761 840//761
f 957//762 898//762 839//762
f 839//763 898//763 840//763
f 972//764 975//764 801//764
f 801//765 975//765 799//765
f 971//766 970//766 973//766
f 973//767 970//767 977//767
f 973//441 977//441 974//441
f 974//768 977//768 976//768
f 974//769 976//769 972//769
f 972//769 976//769 975//769
f 45//581 46//581 61//581
f 61//581 46//581 47//581
f 61//581 47//581 48//581
f 48//581 49//581 61//581
f 61//581 49//581 50//581
f 61//581 50//581 51//581
f 51//581 52//581 61//581
f 61//581 52//581 60//581
f 60//581 52//581 53//581
f 60//581 53//581 59//581
f 59//581 53//581 54//581
f 59//581 54//581 58//581
f 58//581 54//581 55//581
f 58//581 55//581 57//581
f 57//581 55//581 56//581
f 62//581 63//581 61//581
f 61//581 63//581 64//581
f 61//581 64//581 65//581
f 65//581 45//581 61//581
f 838//770 875//770 833//770
f 833//771 875//771 877//771
f 837//772 832//772 878//772
f 878//772 832//772 984//772
f 878//773 984//773 978//773
f 878//584 876//584 837//584
f 981//774 986//774 952//774
f 952//775 986//775 985//775
f 952//776 985//776 954//776
f 981//777 980//777 986//777
f 986//778 980//778 979//778
f 986//779 979//779 984//779
f 984//780 979//780 978//780
f 984//781 983//781 986//781
f 986//782 983//782 982//782
f 986//783 982//783 985//783
usemtl mat1
f 1//1 2//1 3//1
# Vertices: 986, normals: 783, texture coordinates: 0, faces: 1992

