# File generated by ImageToStl.com - Free Image and 3D model conversion tools

mtllib inner_knuckle.mtl

o obj1
v 16.41563034 13.80000019 163.97607422
v 15.96252346 14.30000019 164.074646
v 15.5 13.80000019 164.10772705
v 15.03747654 14.30000019 164.074646
v 14.58436966 13.80000019 163.97607422
v 14.14990139 14.30000019 163.81402588
v 13.74291706 13.80000019 163.59179688
v 13.37170219 14.30000019 163.31391907
v 13.04381371 13.80000019 162.98602295
v 12.76592636 14.30000019 162.61480713
v 12.5436964 13.80000019 162.20782471
v 12.38164806 14.30000019 161.77336121
v 12.2830801 13.80000019 161.32025146
v 12.25 14.30000019 160.85772705
v 12.2830801 13.80000019 160.39520264
v 12.38164806 14.30000019 159.9420929
v 12.5436964 13.80000019 159.50762939
v 12.76592636 14.30000019 159.10064697
v 13.04381371 13.80000019 158.72943115
v 13.37170219 14.30000019 158.40153503
v 13.74291706 13.80000019 158.12365723
v 14.14990139 14.30000019 157.90142822
v 14.58436966 13.80000019 157.73937988
v 15.03747654 14.30000019 157.64080811
v 15.5 13.80000019 157.60772705
v 15.96252346 14.30000019 157.64080811
v 16.41563034 13.80000019 157.73937988
v 16.85009956 14.30000019 157.90142822
v 17.25708199 13.80000019 158.12365723
v 17.62829781 14.30000019 158.40153503
v 17.95618629 13.80000019 158.72943115
v 18.23407364 14.30000019 159.10064697
v 18.45630455 13.80000019 159.50762939
v 18.61835289 14.30000019 159.9420929
v 18.71691895 13.80000019 160.39520264
v 18.75 14.30000019 160.85772705
v 18.71691895 13.80000019 161.32025146
v 18.61835289 14.30000019 161.77336121
v 18.45630455 13.80000019 162.20782471
v 18.23407364 14.30000019 162.61480713
v 17.95618629 13.80000019 162.98602295
v 17.62829781 14.30000019 163.31391907
v 17.25708199 13.80000019 163.59179688
v 16.85009956 14.30000019 163.81402588
v 16.41563034 -9.80000019 163.97607422
v 15.5 9.80000019 164.10772705
v 15.5 -9.80000019 164.10772705
v 14.58436966 9.80000019 163.97607422
v 14.58436966 -9.80000019 163.97607422
v 13.74291706 9.80000019 163.59179688
v 13.74291706 -9.80000019 163.59179688
v 13.04381371 9.80000019 162.98602295
v 13.04381371 -9.80000019 162.98602295
v 12.5436964 9.80000019 162.20782471
v 12.5436964 -9.80000019 162.20782471
v 12.2830801 9.80000019 161.32025146
v 12.2830801 -9.80000019 161.32025146
v 12.2830801 9.80000019 160.39520264
v 12.2830801 -9.80000019 160.39520264
v 12.5436964 9.80000019 159.50762939
v 12.5436964 -9.80000019 159.50762939
v 13.04381371 9.80000019 158.72943115
v 13.04381371 -9.80000019 158.72943115
v 13.74291706 9.80000019 158.12365723
v 13.74291706 -9.80000019 158.12365723
v 14.58436966 9.80000019 157.73937988
v 14.58436966 -9.80000019 157.73937988
v 15.5 9.80000019 157.60772705
v 15.5 -9.80000019 157.60772705
v 16.41563034 9.80000019 157.73937988
v 16.41563034 -9.80000019 157.73937988
v 17.25708199 9.80000019 158.12365723
v 17.25708199 -9.80000019 158.12365723
v 17.95618629 9.80000019 158.72943115
v 17.95618629 -9.80000019 158.72943115
v 18.45630455 9.80000019 159.50762939
v 18.45630455 -9.80000019 159.50762939
v 18.71691895 9.80000019 160.39520264
v 18.71691895 -9.80000019 160.39520264
v 18.71691895 9.80000019 161.32025146
v 18.71691895 -9.80000019 161.32025146
v 18.45630455 9.80000019 162.20782471
v 18.45630455 -9.80000019 162.20782471
v 17.95618629 9.80000019 162.98602295
v 17.95618629 -9.80000019 162.98602295
v 17.25708199 9.80000019 163.59179688
v 17.25708199 -9.80000019 163.59179688
v 16.41563034 9.80000019 163.97607422
v 12.38164806 -14.30000019 161.77336121
v 12.2830801 -13.80000019 161.32025146
v 12.25 -14.30000019 160.85772705
v 12.2830801 -13.80000019 160.39520264
v 12.38164806 -14.30000019 159.9420929
v 12.5436964 -13.80000019 159.50762939
v 12.76592636 -14.30000019 159.10064697
v 13.04381371 -13.80000019 158.72943115
v 13.37170219 -14.30000019 158.40153503
v 13.74291706 -13.80000019 158.12365723
v 14.14990139 -14.30000019 157.90142822
v 14.58436966 -13.80000019 157.73937988
v 15.03747654 -14.30000019 157.64080811
v 15.5 -13.80000019 157.60772705
v 15.96252346 -14.30000019 157.64080811
v 16.41563034 -13.80000019 157.73937988
v 16.85009956 -14.30000019 157.90142822
v 17.25708199 -13.80000019 158.12365723
v 17.62829781 -14.30000019 158.40153503
v 17.95618629 -13.80000019 158.72943115
v 18.23407364 -14.30000019 159.10064697
v 18.45630455 -13.80000019 159.50762939
v 18.61835289 -14.30000019 159.9420929
v 18.71691895 -13.80000019 160.39520264
v 18.75 -14.30000019 160.85772705
v 18.71691895 -13.80000019 161.32025146
v 18.61835289 -14.30000019 161.77336121
v 18.45630455 -13.80000019 162.20782471
v 18.23407364 -14.30000019 162.61480713
v 17.95618629 -13.80000019 162.98602295
v 17.62829781 -14.30000019 163.31391907
v 17.25708199 -13.80000019 163.59179688
v 16.85009956 -14.30000019 163.81402588
v 16.41563034 -13.80000019 163.97607422
v 15.96252346 -14.30000019 164.074646
v 15.5 -13.80000019 164.10772705
v 15.03747654 -14.30000019 164.074646
v 14.58436966 -13.80000019 163.97607422
v 14.14990139 -14.30000019 163.81402588
v 13.74291706 -13.80000019 163.59179688
v 13.37170219 -14.30000019 163.31391907
v 13.04381371 -13.80000019 162.98602295
v 12.76592636 -14.30000019 162.61480713
v 12.5436964 -13.80000019 162.20782471
v 12.37777805 20.89999962 104.88942719
v 12.37777805 24.89999962 104.88942719
v 12.25 20.89999962 105.86000061
v 12.25 24.89999962 105.86000061
v 12.37777805 20.89999962 106.83057404
v 12.37777805 24.89999962 106.83057404
v 12.75240517 20.89999962 107.73500061
v 12.75240517 24.89999962 107.73500061
v 13.34834957 20.89999962 108.51165009
v 13.34834957 24.89999962 108.51165009
v 14.125 20.89999962 109.10759735
v 14.125 24.89999962 109.10759735
v 15.02942848 20.89999962 109.48222351
v 15.02942848 24.89999962 109.48222351
v 16 20.89999962 109.61000061
v 16 24.89999962 109.61000061
v 16.97057152 20.89999962 109.48222351
v 16.97057152 24.89999962 109.48222351
v 17.875 20.89999962 109.10759735
v 17.875 24.89999962 109.10759735
v 18.65165138 20.89999962 108.51165009
v 18.65165138 24.89999962 108.51165009
v 19.24759483 20.89999962 107.73500061
v 19.24759483 24.89999962 107.73500061
v 19.62222099 20.89999962 106.83057404
v 19.62222099 24.89999962 106.83057404
v 19.75 20.89999962 105.86000061
v 19.75 24.89999962 105.86000061
v 19.62222099 20.89999962 104.88942719
v 19.62222099 24.89999962 104.88942719
v 19.24759483 20.89999962 103.98500061
v 19.24759483 24.89999962 103.98500061
v 18.65165138 20.89999962 103.20835114
v 18.65165138 24.89999962 103.20835114
v 17.875 20.89999962 102.61240387
v 17.875 24.89999962 102.61240387
v 16.97057152 20.89999962 102.23777771
v 16.97057152 24.89999962 102.23777771
v 16 20.89999962 102.11000061
v 16 24.89999962 102.11000061
v 15.02942848 20.89999962 102.23777771
v 15.02942848 24.89999962 102.23777771
v 14.125 20.89999962 102.61240387
v 14.125 24.89999962 102.61240387
v 13.34834957 20.89999962 103.20835114
v 13.34834957 24.89999962 103.20835114
v 12.75240517 20.89999962 103.98500061
v 12.75240517 24.89999962 103.98500061
v 12.37777805 -20.89999962 106.83057404
v 12.37777805 -24.89999962 106.83057404
v 12.25 -20.89999962 105.86000061
v 12.25 -24.89999962 105.86000061
v 12.37777805 -20.89999962 104.88942719
v 12.37777805 -24.89999962 104.88942719
v 12.75240517 -20.89999962 103.98500061
v 12.75240517 -24.89999962 103.98500061
v 13.34834957 -20.89999962 103.20835114
v 13.34834957 -24.89999962 103.20835114
v 14.125 -20.89999962 102.61240387
v 14.125 -24.89999962 102.61240387
v 15.02942848 -20.89999962 102.23777771
v 15.02942848 -24.89999962 102.23777771
v 16 -20.89999962 102.11000061
v 16 -24.89999962 102.11000061
v 16.97057152 -20.89999962 102.23777771
v 16.97057152 -24.89999962 102.23777771
v 17.875 -20.89999962 102.61240387
v 17.875 -24.89999962 102.61240387
v 18.65165138 -20.89999962 103.20835114
v 18.65165138 -24.89999962 103.20835114
v 19.24759483 -20.89999962 103.98500061
v 19.24759483 -24.89999962 103.98500061
v 19.62222099 -20.89999962 104.88942719
v 19.62222099 -24.89999962 104.88942719
v 19.75 -20.89999962 105.86000061
v 19.75 -24.89999962 105.86000061
v 19.62222099 -20.89999962 106.83057404
v 19.62222099 -24.89999962 106.83057404
v 19.24759483 -20.89999962 107.73500061
v 19.24759483 -24.89999962 107.73500061
v 18.65165138 -20.89999962 108.51165009
v 18.65165138 -24.89999962 108.51165009
v 17.875 -20.89999962 109.10759735
v 17.875 -24.89999962 109.10759735
v 16.97057152 -20.89999962 109.48222351
v 16.97057152 -24.89999962 109.48222351
v 16 -20.89999962 109.61000061
v 16 -24.89999962 109.61000061
v 15.02942848 -20.89999962 109.48222351
v 15.02942848 -24.89999962 109.48222351
v 14.125 -20.89999962 109.10759735
v 14.125 -24.89999962 109.10759735
v 13.34834957 -20.89999962 108.51165009
v 13.34834957 -24.89999962 108.51165009
v 12.75240517 -20.89999962 107.73500061
v 12.75240517 -24.89999962 107.73500061
v 10.5 -15.85000038 113.73339844
v 10 -15.85000038 114.23339844
v 10.5 -15.46731663 113.80951691
v 10 -15.60000038 114.30038452
v 10.5 -15.14289284 114.02629089
v 10 -15.41698742 114.48339844
v 10.5 -14.92612076 114.35071564
v 10 -15.35000038 114.73339844
v 10.5 -14.85000038 114.73339844
v 14.5 14.85000038 114.73339844
v 14.5 14.92612076 114.35071564
v 15 15.35000038 114.73339844
v 15 15.41698742 114.48339844
v 14.5 15.14289284 114.02629089
v 15 15.60000038 114.30038452
v 14.5 15.46731663 113.80951691
v 15 15.85000038 114.23339844
v 14.5 15.85000038 113.73339844
v 14.5 -15.85000038 113.73339844
v 14.5 -15.46731663 113.80951691
v 15 -15.85000038 114.23339844
v 15 -15.60000038 114.30038452
v 14.5 -15.14289284 114.02629089
v 15 -15.41698742 114.48339844
v 14.5 -14.92612076 114.35071564
v 15 -15.35000038 114.73339844
v 14.5 -14.85000038 114.73339844
v 14.5 -19.39999962 113.73339844
v 15 -19.39999962 114.23339844
v 14.5 -14.85000038 132.49075317
v 15 -15.35000038 132.49075317
v 14.5 -13.97132015 134.61207581
v 15 -14.32487392 134.96563721
v 14.5 -14.44807625 133.99075317
v 15 -14.88108921 134.24075317
v 14.5 -14.74777794 133.26721191
v 15 -15.23074055 133.3966217
v 15 -12.08223343 137.20826721
v 14.5 -11.72867966 136.85472107
v 15 -9.60735893 138.23339844
v 15 -10.51322556 138.11413574
v 14.5 -9.60735893 137.73339844
v 14.5 -10.38381672 137.63117981
v 14.5 -11.10735893 137.33146667
v 15 -11.35735893 137.76448059
v 15 9.60735893 138.23339844
v 14.5 9.60735893 137.73339844
v 15 12.08223343 137.20826721
v 15 11.35735893 137.76448059
v 14.5 11.72867966 136.85472107
v 14.5 11.10735893 137.33146667
v 15 10.51322556 138.11413574
v 14.5 10.38381672 137.63117981
v 14.5 13.97132015 134.61207581
v 15 14.32487392 134.96563721
v 14.5 14.85000038 132.49075317
v 15 15.35000038 132.49075317
v 14.5 14.74777794 133.26721191
v 15 15.23074055 133.3966217
v 15 14.88108921 134.24075317
v 14.5 14.44807625 133.99075317
v 14.5 19.39999962 113.73339844
v 15 19.39999962 114.23339844
v 10.5 15.85000038 113.73339844
v 10.5 15.46731663 113.80951691
v 10.5 15.14289284 114.02629089
v 10.5 14.92612076 114.35071564
v 10.5 14.85000038 114.73339844
v 15 -19.76127625 114.1892395
v 14.5 -19.78268433 113.65727997
v 15 -20.10128212 114.05937195
v 14.5 -20.10710716 113.44050598
v 15 -20.39999962 113.8514328
v 14.75352097 -20.39999962 113.48925018
v 14.60526276 -20.39999962 113.20414734
v 14.5 -20.32387924 113.11608124
v 14.5 -20.39999962 112.73339844
v 10.5 -20.39999962 112.73339844
v 10.5 -20.32387924 113.11608124
v 10.5 -20.10710716 113.44050598
v 10.5 -19.78268433 113.65727997
v 10.5 -19.39999962 113.73339844
v 11.88352203 -20.39999962 104.80307007
v 11.75 -20.39999962 105.86000061
v 11.88352203 -20.39999962 106.91693115
v 12.27569675 -20.39999962 107.90745544
v 12.90188313 -20.39999962 108.76932526
v 13.72273636 -20.39999962 109.44839478
v 14.68667793 -20.39999962 109.9019928
v 15.73313999 -20.39999962 110.10161591
v 16.79637146 -20.39999962 110.03472137
v 17.80956268 -20.39999962 109.705513
v 18.70905113 -20.39999962 109.1346817
v 19.43832207 -20.39999962 108.35808563
v 19.95154953 -20.39999962 107.42453003
v 20.21648788 -20.39999962 106.39266968
v 20.21648788 -20.39999962 105.32733154
v 19.95154953 -20.39999962 104.29547119
v 19.43832207 -20.39999962 103.36191559
v 18.70905113 -20.39999962 102.58531952
v 17.80956268 -20.39999962 102.01448822
v 16.79637146 -20.39999962 101.68527985
v 15.73313999 -20.39999962 101.61838531
v 14.68667793 -20.39999962 101.81800842
v 13.72273636 -20.39999962 102.27160645
v 12.90188313 -20.39999962 102.95067596
v 12.27569675 -20.39999962 103.81254578
v 14.52942848 -14.30000019 157.23550415
v 15.5 -14.30000019 157.10772705
v 16.47057152 -14.30000019 157.23550415
v 17.375 -14.30000019 157.61013794
v 18.15165138 -14.30000019 158.20606995
v 18.74759483 -14.30000019 158.98272705
v 19.12222099 -14.30000019 159.88716125
v 19.25 -14.30000019 160.85772705
v 19.12222099 -14.30000019 161.82829285
v 18.74759483 -14.30000019 162.73272705
v 18.15165138 -14.30000019 163.50938416
v 17.375 -14.30000019 164.10531616
v 16.47057152 -14.30000019 164.47994995
v 15.5 -14.30000019 164.60772705
v 14.52942848 -14.30000019 164.47994995
v 13.625 -14.30000019 164.10531616
v 12.84834957 -14.30000019 163.50938416
v 12.25240517 -14.30000019 162.73272705
v 11.87777805 -14.30000019 161.82829285
v 11.75 -14.30000019 160.85772705
v 11.87777805 -14.30000019 159.88716125
v 12.25240517 -14.30000019 158.98272705
v 12.84834957 -14.30000019 158.20606995
v 13.625 -14.30000019 157.61013794
v 10.5 -9.30000019 154.73339844
v 15 -9.30000019 154.73339844
v 10.5 -9.22387981 154.35070801
v 15 -9.22387981 154.35070801
v 10.5 -9.00710678 154.02629089
v 15 -9.00710678 154.02629089
v 10.5 -8.68268299 153.80952454
v 15 -8.68268299 153.80952454
v 10.5 -8.30000019 153.73339844
v 15 -8.30000019 153.73339844
v 14.52942848 -9.30000019 164.47994995
v 15.5 -9.30000019 164.60772705
v 16.47057152 -9.30000019 164.47994995
v 17.375 -9.30000019 164.10531616
v 18.15165138 -9.30000019 163.50938416
v 18.74759483 -9.30000019 162.73272705
v 19.12222099 -9.30000019 161.82829285
v 19.25 -9.30000019 160.85772705
v 19.12222099 -9.30000019 159.88716125
v 18.74759483 -9.30000019 158.98272705
v 18.15165138 -9.30000019 158.20606995
v 17.375 -9.30000019 157.61013794
v 16.47057152 -9.30000019 157.23550415
v 15.5 -9.30000019 157.10772705
v 14.52942848 -9.30000019 157.23550415
v 13.625 -9.30000019 157.61013794
v 12.84834957 -9.30000019 158.20606995
v 12.25240517 -9.30000019 158.98272705
v 11.87777805 -9.30000019 159.88716125
v 11.75 -9.30000019 160.85772705
v 11.87777805 -9.30000019 161.82829285
v 12.25240517 -9.30000019 162.73272705
v 12.84834957 -9.30000019 163.50938416
v 13.625 -9.30000019 164.10531616
v 19 -8.30000019 144.73339844
v 15 -8.30000019 144.73339844
v 19 -8.68268299 144.80952454
v 15 -8.68268299 144.80952454
v 15 -9.00710678 145.02629089
v 19 -9.00710678 145.02629089
v 15 -9.22387981 145.35070801
v 19 -9.22387981 145.35070801
v 19 -9.30000019 145.73339844
v 15 -9.30000019 145.73339844
v 15 8.68268299 144.80952454
v 15 9.00710678 145.02629089
v 15 8.30000019 144.73339844
v 15 9.22387981 145.35070801
v 15 9.30000019 145.73339844
v 15 9.30000019 154.73339844
v 15 9.22387981 154.35070801
v 15 9.00710678 154.02629089
v 15 8.68268299 153.80952454
v 15 8.30000019 153.73339844
v 10.5 8.30000019 153.73339844
v 10.5 8.68268299 153.80952454
v 10.5 9.00710678 154.02629089
v 10.5 9.22387981 154.35070801
v 10.5 9.30000019 154.73339844
v 19 9.30000019 145.73339844
v 19 9.22387981 145.35070801
v 19 9.00710678 145.02629089
v 19 8.68268299 144.80952454
v 19 8.30000019 144.73339844
v 14.52942848 9.30000019 157.23550415
v 15.5 9.30000019 157.10772705
v 16.47057152 9.30000019 157.23550415
v 17.375 9.30000019 157.61013794
v 18.15165138 9.30000019 158.20606995
v 18.74759483 9.30000019 158.98272705
v 19.12222099 9.30000019 159.88716125
v 19.25 9.30000019 160.85772705
v 19.12222099 9.30000019 161.82829285
v 18.74759483 9.30000019 162.73272705
v 18.15165138 9.30000019 163.50938416
v 17.375 9.30000019 164.10531616
v 16.47057152 9.30000019 164.47994995
v 15.5 9.30000019 164.60772705
v 14.52942848 9.30000019 164.47994995
v 13.625 9.30000019 164.10531616
v 12.84834957 9.30000019 163.50938416
v 12.25240517 9.30000019 162.73272705
v 11.87777805 9.30000019 161.82829285
v 11.75 9.30000019 160.85772705
v 11.87777805 9.30000019 159.88716125
v 12.25240517 9.30000019 158.98272705
v 12.84834957 9.30000019 158.20606995
v 13.625 9.30000019 157.61013794
v 14.52942848 14.30000019 164.47994995
v 15.5 14.30000019 164.60772705
v 16.47057152 14.30000019 164.47994995
v 17.375 14.30000019 164.10531616
v 18.15165138 14.30000019 163.50938416
v 18.74759483 14.30000019 162.73272705
v 19.12222099 14.30000019 161.82829285
v 19.25 14.30000019 160.85772705
v 19.12222099 14.30000019 159.88716125
v 18.74759483 14.30000019 158.98272705
v 18.15165138 14.30000019 158.20606995
v 17.375 14.30000019 157.61013794
v 16.47057152 14.30000019 157.23550415
v 15.5 14.30000019 157.10772705
v 14.52942848 14.30000019 157.23550415
v 13.625 14.30000019 157.61013794
v 12.84834957 14.30000019 158.20606995
v 12.25240517 14.30000019 158.98272705
v 11.87777805 14.30000019 159.88716125
v 11.75 14.30000019 160.85772705
v 11.87777805 14.30000019 161.82829285
v 12.25240517 14.30000019 162.73272705
v 12.84834957 14.30000019 163.50938416
v 13.625 14.30000019 164.10531616
v 19 14.88578606 144.14761353
v 10.5 14.88578606 144.14761353
v 19 14.5679493 144.56182861
v 10.5 14.5679493 144.56182861
v 19 14.3681488 145.04418945
v 10.5 14.3681488 145.04418945
v 19 14.30000019 145.56182861
v 10.5 14.30000019 145.56182861
v 19 24.8142128 134.21917725
v 19 25.13205147 133.80497742
v 10.5 24.8142128 134.21917725
v 10.5 25.13205147 133.80497742
v 19 25.33185196 133.32260132
v 10.5 25.33185196 133.32260132
v 10.5 25.39999962 132.80497742
v 19 25.39999962 132.80497742
v 14.94306755 25.39999962 109.97647858
v 16 25.39999962 110.11000061
v 17.05693245 25.39999962 109.97647858
v 18.04745293 25.39999962 109.58430481
v 18.90932465 25.39999962 108.95811462
v 19.58839417 25.39999962 108.13726044
v 20.04199028 25.39999962 107.17332458
v 20.24161339 25.39999962 106.12686157
v 20.17472076 25.39999962 105.06362915
v 19.8455143 25.39999962 104.05043793
v 19.27468109 25.39999962 103.15094757
v 18.49808693 25.39999962 102.42167664
v 17.56452942 25.39999962 101.90844727
v 16.53266716 25.39999962 101.64350891
v 15.46733379 25.39999962 101.64350891
v 14.43547058 25.39999962 101.90844727
v 13.50191307 25.39999962 102.42167664
v 12.72531891 25.39999962 103.15094757
v 12.15448475 25.39999962 104.05043793
v 11.82527924 25.39999962 105.06362915
v 11.75838661 25.39999962 106.12686157
v 11.95800972 25.39999962 107.17332458
v 12.41160679 25.39999962 108.13726044
v 13.0906744 25.39999962 108.95811462
v 13.95254707 25.39999962 109.58430481
v 14.5 20.39999962 112.73339844
v 14.60526276 20.39999962 113.20414734
v 14.5 20.32387924 113.11608124
v 14.75352097 20.39999962 113.48925018
v 14.5 20.10710716 113.44050598
v 15 20.39999962 113.8514328
v 15 20.10128212 114.05937195
v 14.5 19.78268433 113.65727997
v 15 19.76127625 114.1892395
v 10.5 19.39999962 113.73339844
v 10.5 19.78268433 113.65727997
v 10.5 20.10710716 113.44050598
v 10.5 20.32387924 113.11608124
v 10.5 20.39999962 112.73339844
v 20.11647797 20.39999962 104.80307007
v 20.25 20.39999962 105.86000061
v 20.11647797 20.39999962 106.91693115
v 19.7243042 20.39999962 107.90745544
v 19.09811592 20.39999962 108.76932526
v 18.27726364 20.39999962 109.44839478
v 17.31332207 20.39999962 109.9019928
v 16.26685905 20.39999962 110.10161591
v 15.20362949 20.39999962 110.03472137
v 14.19043827 20.39999962 109.705513
v 13.29094791 20.39999962 109.1346817
v 12.56167793 20.39999962 108.35808563
v 12.04844952 20.39999962 107.42453003
v 11.78351212 20.39999962 106.39266968
v 11.78351212 20.39999962 105.32733154
v 12.04844952 20.39999962 104.29547119
v 12.56167793 20.39999962 103.36191559
v 13.29094791 20.39999962 102.58531952
v 14.19043827 20.39999962 102.01448822
v 15.20362949 20.39999962 101.68527985
v 16.26685905 20.39999962 101.61838531
v 17.31332207 20.39999962 101.81800842
v 18.27726364 20.39999962 102.27160645
v 19.09811592 20.39999962 102.95067596
v 19.7243042 20.39999962 103.81254578
v 15 20.39999962 131.18339539
v 15 20.29777718 131.95985413
v 15 19.99807549 132.68339539
v 15 19.52132034 133.30471802
v 15 12.97132015 139.85472107
v 15 12.35000038 140.33146667
v 15 11.62645721 140.63117981
v 15 10.85000038 140.73339844
v 15 -10.85000038 140.73339844
v 15 -11.62645721 140.63117981
v 15 -12.35000038 140.33146667
v 15 -12.97132015 139.85472107
v 15 -19.52132034 133.30471802
v 15 -19.99807549 132.68339539
v 15 -20.29777718 131.95985413
v 15 -20.39999962 131.18339539
v 19.61764717 14.30000019 158.0213623
v 20.13790703 14.30000019 158.98962402
v 20.02941132 13.80000019 157.73771667
v 20.60169792 13.80000019 158.80281067
v 20.43402481 14.30000019 160.04815674
v 20.92742729 13.80000019 159.96720886
v 20.4916935 14.30000019 161.14582825
v 20.99086189 13.80000019 161.17463684
v 20.30812073 14.30000019 162.22956848
v 20.7889328 13.80000019 162.36676025
v 19.8921833 14.30000019 163.24702454
v 20.33140182 13.80000019 163.48594666
v 19.26397896 14.30000019 164.14900208
v 19.64037704 13.80000019 164.4781189
v 18.45387077 14.30000019 164.89190674
v 18.74925804 13.80000019 165.29533386
v 17.50100517 14.30000019 165.43986511
v 17.70110703 13.80000019 165.89807129
v 16.451437 14.30000019 165.76637268
v 16.54658127 13.80000019 166.25723267
v 15.35588741 14.30000019 165.85565186
v 15.34147644 13.80000019 166.35543823
v 14.14403343 13.80000019 166.18795776
v 14.26730251 14.30000019 165.7033844
v 13.0121212 13.80000019 165.76287842
v 13.23829174 14.30000019 165.31695557
v 12.0004425 13.80000019 165.10073853
v 12.31858444 14.30000019 164.7150116
v 11.15789127 13.80000019 164.23353577
v 11.55262852 14.30000019 163.926651
v 10.52518559 13.80000019 163.20320129
v 10.97744083 14.30000019 162.98997498
v 10.13290215 13.80000019 162.05949402
v 10.62082005 14.30000019 161.95024109
v 10 13.80000019 160.85772705
v 10.5 14.30000019 160.85772705
v 10 9.80000019 160.85772705
v 10.5 9.30000019 160.85772705
v 10.13290215 9.80000019 162.05949402
v 10.62082005 9.30000019 161.95024109
v 10.52518559 9.80000019 163.20320129
v 10.97744083 9.30000019 162.98997498
v 11.15789127 9.80000019 164.23353577
v 11.55262852 9.30000019 163.926651
v 12.0004425 9.80000019 165.10073853
v 12.31858444 9.30000019 164.7150116
v 13.0121212 9.80000019 165.76287842
v 13.23829174 9.30000019 165.31695557
v 14.14403343 9.80000019 166.18795776
v 14.26730251 9.30000019 165.7033844
v 15.34147644 9.80000019 166.35543823
v 15.35588741 9.30000019 165.85565186
v 16.54658127 9.80000019 166.25723267
v 16.451437 9.30000019 165.76637268
v 17.70110703 9.80000019 165.89807129
v 17.50100517 9.30000019 165.43986511
v 18.74925804 9.80000019 165.29533386
v 18.45387077 9.30000019 164.89190674
v 19.64037704 9.80000019 164.4781189
v 19.26397896 9.30000019 164.14900208
v 20.33140182 9.80000019 163.48594666
v 19.8921833 9.30000019 163.24702454
v 20.7889328 9.80000019 162.36676025
v 20.30812073 9.30000019 162.22956848
v 20.99086189 9.80000019 161.17463684
v 20.4916935 9.30000019 161.14582825
v 20.92742729 9.80000019 159.96720886
v 20.43402481 9.30000019 160.04815674
v 20.60169792 9.80000019 158.80281067
v 20.13790703 9.30000019 158.98962402
v 20.02941132 9.80000019 157.73771667
v 19.61764717 9.30000019 158.0213623
v 19.61764717 -14.30000019 158.0213623
v 20.02941132 -13.80000019 157.73771667
v 20.13790703 -14.30000019 158.98962402
v 20.60169792 -13.80000019 158.80281067
v 20.43402481 -14.30000019 160.04815674
v 20.92742729 -13.80000019 159.96720886
v 20.4916935 -14.30000019 161.14582825
v 20.99086189 -13.80000019 161.17463684
v 20.30812073 -14.30000019 162.22956848
v 20.7889328 -13.80000019 162.36676025
v 19.8921833 -14.30000019 163.24702454
v 20.33140182 -13.80000019 163.48594666
v 19.26397896 -14.30000019 164.14900208
v 19.64037704 -13.80000019 164.4781189
v 18.45387077 -14.30000019 164.89190674
v 18.74925804 -13.80000019 165.29533386
v 17.50100517 -14.30000019 165.43986511
v 17.70110703 -13.80000019 165.89807129
v 16.451437 -14.30000019 165.76637268
v 16.54658127 -13.80000019 166.25723267
v 15.35588741 -14.30000019 165.85565186
v 15.34147644 -13.80000019 166.35543823
v 14.26730251 -14.30000019 165.7033844
v 14.14403343 -13.80000019 166.18795776
v 13.23829174 -14.30000019 165.31695557
v 13.0121212 -13.80000019 165.76287842
v 12.31858444 -14.30000019 164.7150116
v 12.0004425 -13.80000019 165.10073853
v 11.55262852 -14.30000019 163.926651
v 11.15789127 -13.80000019 164.23353577
v 10.97744083 -14.30000019 162.98997498
v 10.52518559 -13.80000019 163.20320129
v 10.62082005 -14.30000019 161.95024109
v 10.13290215 -13.80000019 162.05949402
v 10 -13.80000019 160.85772705
v 10.5 -14.30000019 160.85772705
v 19.61764717 -9.30000019 158.0213623
v 20.13790703 -9.30000019 158.98962402
v 20.02941132 -9.80000019 157.73771667
v 20.60169792 -9.80000019 158.80281067
v 20.43402481 -9.30000019 160.04815674
v 20.92742729 -9.80000019 159.96720886
v 20.4916935 -9.30000019 161.14582825
v 20.99086189 -9.80000019 161.17463684
v 20.30812073 -9.30000019 162.22956848
v 20.7889328 -9.80000019 162.36676025
v 19.8921833 -9.30000019 163.24702454
v 20.33140182 -9.80000019 163.48594666
v 19.26397896 -9.30000019 164.14900208
v 19.64037704 -9.80000019 164.4781189
v 18.45387077 -9.30000019 164.89190674
v 18.74925804 -9.80000019 165.29533386
v 17.50100517 -9.30000019 165.43986511
v 17.70110703 -9.80000019 165.89807129
v 16.451437 -9.30000019 165.76637268
v 16.54658127 -9.80000019 166.25723267
v 15.35588741 -9.30000019 165.85565186
v 15.34147644 -9.80000019 166.35543823
v 14.26730251 -9.30000019 165.7033844
v 14.14403343 -9.80000019 166.18795776
v 13.23829174 -9.30000019 165.31695557
v 13.0121212 -9.80000019 165.76287842
v 12.0004425 -9.80000019 165.10073853
v 12.31858444 -9.30000019 164.7150116
v 11.15789127 -9.80000019 164.23353577
v 11.55262852 -9.30000019 163.926651
v 10.52518559 -9.80000019 163.20320129
v 10.97744083 -9.30000019 162.98997498
v 10.13290215 -9.80000019 162.05949402
v 10.62082005 -9.30000019 161.95024109
v 10.5 -9.30000019 160.85772705
v 10 -9.80000019 160.85772705
v 10.5 -14.85000038 132.49075317
v 10.5 -14.74777794 133.26721191
v 10.5 -14.44807625 133.99075317
v 10.5 -13.97132015 134.61207581
v 10.5 -11.72867966 136.85472107
v 10.5 -11.10735893 137.33146667
v 10.5 -10.38381672 137.63117981
v 10.5 -9.60735893 137.73339844
v 10.5 9.60735893 137.73339844
v 10.5 10.38381672 137.63117981
v 10.5 11.10735893 137.33146667
v 10.5 11.72867966 136.85472107
v 10.5 13.97132015 134.61207581
v 10.5 14.44807625 133.99075317
v 10.5 14.74777794 133.26721191
v 10.5 14.85000038 132.49075317
v 10 15.85000038 114.23339844
v 10 15.60000038 114.30038452
v 10 15.41698742 114.48339844
v 10 15.35000038 114.73339844
v 10 24.89999962 105.86000061
v 10.5 25.39999962 105.86000061
v 10.12630177 24.89999962 104.63539124
v 10.6289463 25.39999962 104.67603302
v 10.49989128 24.89999962 103.46233368
v 11.00973988 25.39999962 103.5475769
v 11.10503864 24.89999962 102.39022064
v 11.62452507 25.39999962 102.52754974
v 11.91626835 24.89999962 101.46418762
v 12.44447422 25.39999962 101.66378021
v 12.89942551 24.89999962 100.72322845
v 13.43114185 25.39999962 100.99677277
v 14.01311874 24.89999962 100.19852448
v 14.53826141 25.39999962 100.55780029
v 15.21046162 24.89999962 99.91217804
v 15.71392155 25.39999962 100.3674469
v 16.44104576 24.89999962 99.87622833
v 16.90299606 25.39999962 100.43463135
v 17.65305901 24.89999962 100.09220886
v 18.04972839 25.39999962 100.75621796
v 18.79547882 24.89999962 100.55101776
v 19.10035133 25.39999962 101.31711578
v 19.8202076 24.89999962 101.2333374
v 20.00559807 25.39999962 102.09102631
v 20.6841011 24.89999962 102.11044312
v 20.72302628 25.39999962 103.04166412
v 21.35079193 24.89999962 103.145401
v 21.21899033 25.39999962 104.12445068
v 21.79220963 24.89999962 104.29465485
v 21.47023964 25.39999962 105.28862
v 21.98977089 24.89999962 105.5098114
v 21.46499062 25.39999962 106.47957611
v 21.93515968 24.89999962 106.73970032
v 21.20349121 25.39999962 107.64148712
v 21.63067245 24.89999962 107.93256378
v 20.69799995 25.39999962 108.71985626
v 21.08913231 24.89999962 109.03816986
v 19.97222137 25.39999962 109.66413879
v 20.33333397 24.89999962 110.00996399
v 20.33333397 20.89999962 110.00996399
v 19.97222137 20.39999962 109.66413879
v 21.08913231 20.89999962 109.03816986
v 20.69799995 20.39999962 108.71985626
v 21.63067245 20.89999962 107.93256378
v 21.20349121 20.39999962 107.64148712
v 21.93515968 20.89999962 106.73970032
v 21.46499062 20.39999962 106.47957611
v 21.98977089 20.89999962 105.5098114
v 21.47023964 20.39999962 105.28862
v 21.79220963 20.89999962 104.29465485
v 21.21899033 20.39999962 104.12445068
v 21.35079193 20.89999962 103.145401
v 20.72302628 20.39999962 103.04166412
v 20.6841011 20.89999962 102.11044312
v 20.00559807 20.39999962 102.09102631
v 19.8202076 20.89999962 101.2333374
v 19.10035133 20.39999962 101.31711578
v 18.79547882 20.89999962 100.55101776
v 18.04972839 20.39999962 100.75621796
v 17.65305901 20.89999962 100.09220886
v 16.90299606 20.39999962 100.43463135
v 16.44104576 20.89999962 99.87622833
v 15.71392155 20.39999962 100.3674469
v 15.21046162 20.89999962 99.91217804
v 14.53826141 20.39999962 100.55780029
v 14.01311874 20.89999962 100.19852448
v 13.43114185 20.39999962 100.99677277
v 12.89942551 20.89999962 100.72322845
v 12.44447422 20.39999962 101.66378021
v 11.91626835 20.89999962 101.46418762
v 11.62452507 20.39999962 102.52754974
v 11.10503864 20.89999962 102.39022064
v 11.00973988 20.39999962 103.5475769
v 10.49989128 20.89999962 103.46233368
v 10.6289463 20.39999962 104.67603302
v 10.12630177 20.89999962 104.63539124
v 10.5 20.39999962 105.86000061
v 10 20.89999962 105.86000061
v 19 19.52132034 133.30471802
v 19 12.97132015 139.85472107
v 19 10.85000038 140.73339844
v 19 11.62645721 140.63117981
v 19 12.35000038 140.33146667
v 19 -10.85000038 140.73339844
v 19 -12.97132015 139.85472107
v 19 -12.35000038 140.33146667
v 19 -11.62645721 140.63117981
v 19 -19.52132034 133.30471802
v 19 -20.39999962 131.18339539
v 19 -20.29777718 131.95985413
v 19 -19.99807549 132.68339539
v 20.69799995 -20.39999962 108.71985626
v 19.97222137 -20.39999962 109.66413879
v 19.4440136 -20.39999962 110.37879944
v 19.11282158 -20.39999962 111.20346069
v 19 -20.39999962 112.08495331
v 21.20349121 -20.39999962 107.64148712
v 21.46499062 -20.39999962 106.47957611
v 21.47023964 -20.39999962 105.28862
v 21.21899033 -20.39999962 104.12445068
v 20.72302628 -20.39999962 103.04166412
v 20.00559807 -20.39999962 102.09102631
v 19.10035133 -20.39999962 101.31711578
v 18.04972839 -20.39999962 100.75621796
v 16.90299606 -20.39999962 100.43463135
v 15.71392155 -20.39999962 100.3674469
v 14.53826141 -20.39999962 100.55780029
v 13.43114185 -20.39999962 100.99677277
v 12.44447422 -20.39999962 101.66378021
v 11.62452507 -20.39999962 102.52754974
v 11.00973988 -20.39999962 103.5475769
v 10.6289463 -20.39999962 104.67603302
v 10.5 -20.39999962 105.86000061
v 10.5 -14.30000019 145.56182861
v 19 -14.30000019 145.56182861
v 19 -14.30000019 156.03590393
v 19.07050896 -14.30000019 156.7348938
v 19.27919388 -14.30000019 157.40571594
v 19.73930931 -9.80000019 157.21003723
v 19.27919388 -9.30000019 157.40571594
v 19.56043625 -9.80000019 156.63504028
v 19.07050896 -9.30000019 156.7348938
v 19 -9.30000019 156.03590393
v 19.5 -9.80000019 156.03590393
v 19.73930931 -13.80000019 157.21003723
v 19.56043625 -13.80000019 156.63504028
v 19.5 -13.80000019 156.03590393
v 19 9.30000019 156.03590393
v 19.07050896 9.30000019 156.7348938
v 19.27919388 9.30000019 157.40571594
v 19.73930931 9.80000019 157.21003723
v 19.56043625 9.80000019 156.63504028
v 19.5 9.80000019 156.03590393
v 19 14.30000019 156.03590393
v 19.07050896 14.30000019 156.7348938
v 19.5 13.80000019 156.03590393
v 19.56043625 13.80000019 156.63504028
v 19.27919388 14.30000019 157.40571594
v 19.73930931 13.80000019 157.21003723
v 19 25.39999962 112.08495331
v 19.11282158 25.39999962 111.20346069
v 19.4440136 25.39999962 110.37879944
v 19.4440136 20.39999962 110.37879944
v 19.88058281 20.89999962 110.62253571
v 19.11282158 20.39999962 111.20346069
v 19.59670448 20.89999962 111.32939148
v 19 20.39999962 112.08495331
v 19.5 20.89999962 112.08495331
v 19.5 24.89999962 112.08495331
v 19.59670448 24.89999962 111.32939148
v 19.88058281 24.89999962 110.62253571
v 19 20.39999962 131.18339539
v 19 19.99807549 132.68339539
v 19 20.29777718 131.95985413
v 10.5 -14.88578606 144.14761353
v 19 -14.88578606 144.14761353
v 10.5 -14.5679493 144.56182861
v 19 -14.5679493 144.56182861
v 10.5 -14.3681488 145.04418945
v 19 -14.3681488 145.04418945
v 10 24.89999962 132.80497742
v 10 24.46066093 133.8656311
v 10 24.69903755 133.55497742
v 10 24.8488884 133.19319153
v 10 14.53223324 143.79405212
v 10 14.13493633 144.31182861
v 10 13.88518524 144.91477966
v 10 13.80000019 145.56182861
v 10 9.80000019 154.73339844
v 10 9.68581963 154.15937805
v 10 9.36066055 153.67272949
v 10 8.87402534 153.34757996
v 10 8.30000019 153.23339844
v 10 -8.30000019 153.23339844
v 10 -8.87402534 153.34757996
v 10 -9.36066055 153.67272949
v 10 -9.68581963 154.15937805
v 10 -9.80000019 154.73339844
v 10 -13.80000019 145.56182861
v 10 -13.88518524 144.91477966
v 10 -14.13493633 144.31182861
v 10 -14.53223324 143.79405212
v 10 -24.46066093 133.8656311
v 10.5 -24.8142128 134.21917725
v 10 -20.89999962 112.73339844
v 10 -20.89999962 105.86000061
v 10 -19.39999962 114.23339844
v 10 -19.97402573 114.11921692
v 10 -20.46066093 113.79405975
v 10 -20.78582001 113.30741882
v 10 -15.35000038 132.49075317
v 10 -14.32487392 134.96563721
v 10 -14.88108921 134.24075317
v 10 -15.23074055 133.3966217
v 10 -12.08223343 137.20826721
v 10 -9.60735893 138.23339844
v 10 -10.51322556 138.11413574
v 10 -11.35735893 137.76448059
v 10 9.60735893 138.23339844
v 10 12.08223343 137.20826721
v 10 11.35735893 137.76448059
v 10 10.51322556 138.11413574
v 10 14.32487392 134.96563721
v 10 15.35000038 132.49075317
v 10 15.23074055 133.3966217
v 10 14.88108921 134.24075317
v 10 19.39999962 114.23339844
v 10 19.97402573 114.11921692
v 10 20.46066093 113.79405975
v 10 20.78582001 113.30741882
v 10 20.89999962 112.73339844
v 10.12630177 -20.89999962 104.63539124
v 10.49989128 -20.89999962 103.46233368
v 11.10503864 -20.89999962 102.39022064
v 11.91626835 -20.89999962 101.46418762
v 12.89942551 -20.89999962 100.72322845
v 14.01311874 -20.89999962 100.19852448
v 15.21046162 -20.89999962 99.91217804
v 16.44104576 -20.89999962 99.87622833
v 17.65305901 -20.89999962 100.09220886
v 18.79547882 -20.89999962 100.55101776
v 19.8202076 -20.89999962 101.2333374
v 20.6841011 -20.89999962 102.11044312
v 21.35079193 -20.89999962 103.145401
v 21.79220963 -20.89999962 104.29465485
v 21.98977089 -20.89999962 105.5098114
v 21.93515968 -20.89999962 106.73970032
v 21.63067245 -20.89999962 107.93256378
v 21.08913231 -20.89999962 109.03816986
v 20.33333397 -20.89999962 110.00996399
v 19.88058281 -20.89999962 110.62253571
v 19.59670448 -20.89999962 111.32939148
v 19.5 -20.89999962 112.08495331
v 19.5 13.32487392 140.20826721
v 19.5 19.87487411 133.65826416
v 19.5 12.60000038 140.76448059
v 19.5 11.755867 141.11413574
v 19.5 10.85000038 141.23339844
v 19.5 -10.85000038 141.23339844
v 19.5 -11.755867 141.11413574
v 19.5 -12.60000038 140.76448059
v 19.5 -13.32487392 140.20826721
v 19.5 -19.87487411 133.65826416
v 19.5 -20.4310894 132.93339539
v 19.5 -20.78074074 132.08926392
v 19.5 -20.89999962 131.18339539
v 19 -24.8142128 134.21917725
v 19.5 -14.53223324 143.79405212
v 19.5 -24.46066093 133.8656311
v 19.5 -13.80000019 145.56182861
v 19.5 -13.88518524 144.91477966
v 19.5 -14.13493633 144.31182861
v 19.5 -9.80000019 145.73339844
v 19.5 -8.30000019 144.23339844
v 19.5 -8.87402534 144.34757996
v 19.5 -9.36066055 144.67272949
v 19.5 -9.68581963 145.15937805
v 19.5 8.30000019 144.23339844
v 19.5 9.80000019 145.73339844
v 19.5 9.68581963 145.15937805
v 19.5 9.36066055 144.67272949
v 19.5 8.87402534 144.34757996
v 19.5 13.80000019 145.56182861
v 19.5 14.53223324 143.79405212
v 19.5 14.13493633 144.31182861
v 19.5 13.88518524 144.91477966
v 19.5 24.46066093 133.8656311
v 19.5 24.69903755 133.55497742
v 19.5 24.8488884 133.19319153
v 19.5 24.89999962 132.80497742
v 19.5 20.89999962 131.18339539
v 19.5 20.78074074 132.08926392
v 19.5 20.4310894 132.93339539
v 19 -25.39999962 132.80497742
v 19.5 -24.89999962 132.80497742
v 19 -25.33185196 133.32260132
v 19.5 -24.8488884 133.19319153
v 19.5 -24.69903755 133.55497742
v 19 -25.13205147 133.80497742
v 10 -24.89999962 132.80497742
v 10.5 -25.39999962 132.80497742
v 10 -24.8488884 133.19319153
v 10.5 -25.33185196 133.32260132
v 10.5 -25.13205147 133.80497742
v 10 -24.69903755 133.55497742
v 10 -24.89999962 105.86000061
v 10.12630177 -24.89999962 104.63539124
v 10.49989128 -24.89999962 103.46233368
v 11.10503864 -24.89999962 102.39022064
v 11.91626835 -24.89999962 101.46418762
v 12.89942551 -24.89999962 100.72322845
v 14.01311874 -24.89999962 100.19852448
v 15.21046162 -24.89999962 99.91217804
v 16.44104576 -24.89999962 99.87622833
v 17.65305901 -24.89999962 100.09220886
v 18.79547882 -24.89999962 100.55101776
v 19.8202076 -24.89999962 101.2333374
v 20.6841011 -24.89999962 102.11044312
v 21.35079193 -24.89999962 103.145401
v 21.79220963 -24.89999962 104.29465485
v 21.98977089 -24.89999962 105.5098114
v 21.93515968 -24.89999962 106.73970032
v 21.63067245 -24.89999962 107.93256378
v 21.08913231 -24.89999962 109.03816986
v 20.33333397 -24.89999962 110.00996399
v 19.5 -24.89999962 112.08495331
v 19.59670448 -24.89999962 111.32939148
v 19.88058281 -24.89999962 110.62253571
v 10.5 -25.39999962 105.86000061
v 19.97222137 -25.39999962 109.66413879
v 20.69799995 -25.39999962 108.71985626
v 21.20349121 -25.39999962 107.64148712
v 21.46499062 -25.39999962 106.47957611
v 21.47023964 -25.39999962 105.28862
v 21.21899033 -25.39999962 104.12445068
v 20.72302628 -25.39999962 103.04166412
v 20.00559807 -25.39999962 102.09102631
v 19.10035133 -25.39999962 101.31711578
v 18.04972839 -25.39999962 100.75621796
v 16.90299606 -25.39999962 100.43463135
v 15.71392155 -25.39999962 100.3674469
v 14.53826141 -25.39999962 100.55780029
v 13.43114185 -25.39999962 100.99677277
v 12.44447422 -25.39999962 101.66378021
v 11.62452507 -25.39999962 102.52754974
v 11.00973988 -25.39999962 103.5475769
v 10.6289463 -25.39999962 104.67603302
v 19.4440136 -25.39999962 110.37879944
v 19.11282158 -25.39999962 111.20346069
v 19 -25.39999962 112.08495331
v 19.27468109 -25.39999962 108.56905365
v 19.8455143 -25.39999962 107.66956329
v 20.17472076 -25.39999962 106.65637207
v 20.24161339 -25.39999962 105.59313965
v 20.04199028 -25.39999962 104.54667664
v 19.58839417 -25.39999962 103.58273315
v 18.90932465 -25.39999962 102.7618866
v 18.04745293 -25.39999962 102.13569641
v 18.49808693 -25.39999962 109.29832458
v 16.53266716 -25.39999962 110.07648468
v 17.56452942 -25.39999962 109.81154633
v 15.46733379 -25.39999962 110.07648468
v 14.43547058 -25.39999962 109.81154633
v 13.50191307 -25.39999962 109.29832458
v 12.72531891 -25.39999962 108.56905365
v 12.15448475 -25.39999962 107.66956329
v 11.82527924 -25.39999962 106.65637207
v 11.75838661 -25.39999962 105.59313965
v 11.95800972 -25.39999962 104.54667664
v 12.41160679 -25.39999962 103.58273315
v 13.0906744 -25.39999962 102.7618866
v 13.95254707 -25.39999962 102.13569641
v 14.94306755 -25.39999962 101.74352264
v 16 -25.39999962 101.61000061
v 17.05693245 -25.39999962 101.74352264
vn 0.142 -0.06602 0.98766
vn 0 0.06602 0.99782
vn -0.142 -0.06602 0.98766
vn -0.28112 0.06602 0.9574
vn -0.41451 -0.06602 0.90765
vn -0.53946 0.06602 0.83942
vn -0.65343 -0.06602 0.7541
vn -0.7541 0.06602 0.65343
vn -0.83942 -0.06602 0.53946
vn -0.90765 0.06602 0.41451
vn -0.9574 -0.06602 0.28112
vn -0.98766 0.06602 0.142
vn -0.99782 -0.06602 -0
vn -0.98766 0.06602 -0.142
vn -0.9574 -0.06602 -0.28112
vn -0.90765 0.06602 -0.41451
vn -0.83942 -0.06602 -0.53946
vn -0.7541 0.06602 -0.65343
vn -0.65343 -0.06602 -0.7541
vn -0.53946 0.06602 -0.83942
vn -0.41451 -0.06602 -0.90765
vn -0.28112 0.06602 -0.9574
vn -0.142 -0.06602 -0.98766
vn 0 0.06602 -0.99782
vn 0.142 -0.06602 -0.98766
vn 0.28112 0.06602 -0.9574
vn 0.41451 -0.06602 -0.90765
vn 0.53946 0.06602 -0.83942
vn 0.65343 -0.06602 -0.7541
vn 0.7541 0.06602 -0.65343
vn 0.83942 -0.06602 -0.53946
vn 0.90765 0.06602 -0.41451
vn 0.9574 -0.06602 -0.28112
vn 0.98766 0.06602 -0.142
vn 0.99782 -0.06602 0
vn 0.98766 0.06602 0.142
vn 0.9574 -0.06602 0.28112
vn 0.90765 0.06602 0.41451
vn 0.83942 -0.06602 0.53946
vn 0.7541 0.06602 0.65343
vn 0.65343 -0.06602 0.7541
vn 0.53946 0.06602 0.83942
vn 0.41451 -0.06602 0.90765
vn 0.28112 0.06602 0.9574
vn 0.14231 0 0.98982
vn -0.14231 -0 0.98982
vn -0.14231 -0 0.98982
vn -0.41542 -0 0.90963
vn -0.41542 -0 0.90963
vn -0.65486 -0 0.75575
vn -0.65486 -0 0.75575
vn -0.84125 -0 0.54064
vn -0.84125 -0 0.54064
vn -0.95949 -0 0.28173
vn -0.95949 -0 0.28173
vn -1 -0 0
vn -0.95949 -0 -0.28173
vn -0.95949 -0 -0.28173
vn -0.84125 -0 -0.54064
vn -0.84125 -0 -0.54064
vn -0.65486 -0 -0.75575
vn -0.65486 -0 -0.75575
vn -0.41542 -0 -0.90963
vn -0.41542 -0 -0.90963
vn -0.14231 -0 -0.98982
vn -0.14231 -0 -0.98982
vn 0.14231 0 -0.98982
vn 0.14231 0 -0.98982
vn 0.41542 0 -0.90963
vn 0.41542 0 -0.90963
vn 0.65486 0 -0.75575
vn 0.65486 0 -0.75575
vn 0.84125 0 -0.54064
vn 0.84125 0 -0.54064
vn 0.95949 0 -0.28173
vn 0.95949 0 -0.28173
vn 1 0 0
vn 0.95949 0 0.28173
vn 0.95949 0 0.28173
vn 0.84125 0 0.54064
vn 0.84125 0 0.54064
vn 0.65486 0 0.75575
vn 0.65486 0 0.75575
vn 0.41542 0 0.90963
vn 0.41542 0 0.90963
vn 0.14231 0 0.98982
vn -0.98766 -0.06602 0.142
vn -0.99782 0.06602 0
vn -0.98766 -0.06602 -0.142
vn -0.9574 0.06602 -0.28112
vn -0.90765 -0.06602 -0.41451
vn -0.83942 0.06602 -0.53946
vn -0.7541 -0.06602 -0.65343
vn -0.65343 0.06602 -0.7541
vn -0.53946 -0.06602 -0.83942
vn -0.41451 0.06602 -0.90765
vn -0.28112 -0.06602 -0.9574
vn -0.142 0.06602 -0.98766
vn 0 -0.06602 -0.99782
vn 0.142 0.06602 -0.98766
vn 0.28112 -0.06602 -0.9574
vn 0.41451 0.06602 -0.90765
vn 0.53946 -0.06602 -0.83942
vn 0.65343 0.06602 -0.7541
vn 0.7541 -0.06602 -0.65343
vn 0.83942 0.06602 -0.53946
vn 0.90765 -0.06602 -0.41451
vn 0.9574 0.06602 -0.28112
vn 0.98766 -0.06602 -0.142
vn 0.99782 0.06602 0
vn 0.98766 -0.06602 0.142
vn 0.9574 0.06602 0.28112
vn 0.90765 -0.06602 0.41451
vn 0.83942 0.06602 0.53946
vn 0.7541 -0.06602 0.65343
vn 0.65343 0.06602 0.7541
vn 0.53946 -0.06602 0.83942
vn 0.41451 0.06602 0.90765
vn 0.28112 -0.06602 0.9574
vn 0.142 0.06602 0.98766
vn 0 -0.06602 0.99782
vn -0.142 0.06602 0.98766
vn -0.28112 -0.06602 0.9574
vn -0.41451 0.06602 0.90765
vn -0.53946 -0.06602 0.83942
vn -0.65343 0.06602 0.7541
vn -0.7541 -0.06602 0.65343
vn -0.83942 0.06602 0.53946
vn -0.90765 -0.06602 0.41451
vn -0.9574 0.06602 0.28112
vn 0 -1 0
vn 0 -1 -0
vn -0 -1 -0
vn -0 1 0
vn -0 1 0
vn 0 1 0
vn 0.99144 0 0.13053
vn 0.99144 -0 0.13053
vn 0.99144 0 -0.13053
vn 0.99144 0 -0.13053
vn 0.92388 0 -0.38268
vn 0.92388 0 -0.38268
vn 0.79335 0 -0.60876
vn 0.79335 0 -0.60876
vn 0.60876 0 -0.79335
vn 0.60876 0 -0.79335
vn 0.38268 0 -0.92388
vn 0.38268 0 -0.92388
vn 0.13053 0 -0.99144
vn 0.13053 0 -0.99144
vn -0.13053 0 -0.99144
vn -0.13053 0 -0.99144
vn -0.38268 0 -0.92388
vn -0.38268 0 -0.92388
vn -0.60876 0 -0.79335
vn -0.79335 0 -0.60876
vn -0.79335 0 -0.60876
vn -0.92388 0 -0.38268
vn -0.92388 0 -0.38268
vn -0.99144 -0 -0.13053
vn -0.99144 0 -0.13053
vn -0.99144 -0 0.13053
vn -0.99144 -0 0.13053
vn -0.92388 -0 0.38268
vn -0.92388 -0 0.38268
vn -0.79335 -0 0.60876
vn -0.79335 -0 0.60876
vn -0.60876 -0 0.79335
vn -0.60876 -0 0.79335
vn -0.38268 -0 0.92388
vn -0.38268 -0 0.92388
vn -0.13053 -0 0.99144
vn -0.13053 -0 0.99144
vn 0.13053 -0 0.99144
vn 0.13053 -0 0.99144
vn 0.38268 -0 0.92388
vn 0.38268 -0 0.92388
vn 0.60876 -0 0.79335
vn 0.60876 -0 0.79335
vn 0.79335 -0 0.60876
vn 0.79335 -0 0.60876
vn 0.92388 -0 0.38268
vn 0.92388 -0 0.38268
vn 0.99144 0 -0.13053
vn 0.99144 0 0.13053
vn 0.92388 0 0.38268
vn 0.79335 0 0.60876
vn 0.60876 0 0.79335
vn 0.60876 0 0.79335
vn 0.38268 0 0.92388
vn 0.38268 0 0.92388
vn 0.13053 0 0.99144
vn 0.13053 0 0.99144
vn -0.13053 0 0.99144
vn -0.13053 -0 0.99144
vn -0.38268 -0 0.92388
vn -0.60876 -0 0.79335
vn -0.60876 0 0.79335
vn -0.79335 0 0.60876
vn -0.92388 0 0.38268
vn -0.99144 0 0.13053
vn -0.99144 -0 -0.13053
vn -0.92388 -0 -0.38268
vn -0.79335 -0 -0.60876
vn -0.60876 -0 -0.79335
vn -0.60876 0 -0.79335
vn -0.38268 0 -0.92388
vn -0.13053 0 -0.99144
vn 0.13053 0 -0.99144
vn 0.13053 -0 -0.99144
vn 0.38268 -0 -0.92388
vn 0.38268 -0 -0.92388
vn 0.60876 -0 -0.79335
vn 0.60876 0 -0.79335
vn 0.79335 0 -0.60876
vn 0.92388 0 -0.38268
vn -0.70021 0.13928 -0.70021
vn -0.71303 0.18147 -0.67724
vn -0.69392 0.40004 -0.5987
vn -0.71885 0.49156 -0.49156
vn -0.69392 0.5987 -0.40004
vn -0.71303 0.67724 -0.18147
vn -0.70021 0.70021 -0.13928
vn 0.70021 -0.70021 -0.13928
vn 0.71303 -0.67724 -0.18147
vn 0.69392 -0.5987 -0.40004
vn 0.71885 -0.49156 -0.49156
vn 0.69392 -0.40004 -0.5987
vn 0.71303 -0.18147 -0.67724
vn 0.70021 -0.13928 -0.70021
vn 0.70021 0.13928 -0.70021
vn 0.71303 0.18147 -0.67724
vn 0.69392 0.40004 -0.5987
vn 0.71885 0.49156 -0.49156
vn 0.69392 0.5987 -0.40004
vn 0.71303 0.67724 -0.18147
vn 0.70021 0.70021 -0.13928
vn 0.70711 0 -0.70711
vn 0.70711 -0 -0.70711
vn 0.70711 0.70711 0
vn 0 0.98079 -0.19509
vn -0 0.98079 -0.19509
vn 0 0.83147 -0.55557
vn -0 0.83147 -0.55557
vn 0 0.55557 -0.83147
vn -0 0.55557 -0.83147
vn 0 0.19509 -0.98079
vn -0 0.19509 -0.98079
vn 0.70406 0.56339 -0.4323
vn 0.70406 0.65608 -0.27176
vn 0.70406 0.70406 -0.09269
vn 0.70406 0.70406 -0.09269
vn 0.70711 0.5 -0.5
vn 0.70406 0.09269 -0.70406
vn 0.70406 0.27176 -0.65608
vn 0.70406 0.4323 -0.56339
vn 0.70406 0.4323 -0.56339
vn 0.70711 0 -0.70711
vn 0.70711 0 -0.70711
vn 0.70406 -0.4323 -0.56339
vn 0.70406 -0.4323 -0.56339
vn 0.70406 -0.27176 -0.65608
vn 0.70406 -0.09269 -0.70406
vn 0.70711 -0.5 -0.5
vn 0.70406 -0.70406 -0.09269
vn 0.70406 -0.70406 -0.09269
vn 0.70406 -0.65608 -0.27176
vn 0.70406 -0.56339 -0.4323
vn 0.70711 -0.70711 -0
vn 0.70711 0 -0.70711
vn -0 -0.19509 -0.98079
vn 0 -0.19509 -0.98079
vn -0 -0.55557 -0.83147
vn 0 -0.55557 -0.83147
vn -0 -0.83147 -0.55557
vn 0 -0.83147 -0.55557
vn -0 -0.98079 -0.19509
vn 0 -0.98079 -0.19509
vn 0.70448 0.0861 -0.70448
vn 0.71921 0.13555 -0.68145
vn 0.69942 0.25502 -0.66766
vn 0.71499 0.38842 -0.58131
vn 0.71033 0.40213 -0.57768
vn 0.70202 0.52813 -0.47775
vn 0.72985 0.56857 -0.37953
vn 0.72935 0.56884 -0.38009
vn 0.65742 0.73904 -0.147
vn -0 0.98079 -0.19509
vn 0 0.98079 -0.19509
vn -0 0.83147 -0.55557
vn 0 0.83147 -0.55557
vn -0 0.55557 -0.83147
vn 0 0.55557 -0.83147
vn -0 0.19509 -0.98079
vn 0 0.19509 -0.98079
vn 0.7043 0.7043 0.08897
vn 0.7043 0.7043 -0.08897
vn 0.70015 0.70802 -0.09218
vn 0.66317 0.7009 -0.26257
vn 0.6491 0.7116 -0.26887
vn 0.57953 0.69776 -0.42105
vn 0.55481 0.7148 -0.42572
vn 0.45839 0.69487 -0.5541
vn 0.42394 0.71765 -0.55249
vn 0.30726 0.69226 -0.65297
vn 0.26551 0.72015 -0.641
vn 0.13564 0.68993 -0.71105
vn 0.09027 0.72232 -0.68564
vn -0.04557 0.6879 -0.72437
vn -0.09001 0.72416 -0.68373
vn -0.22479 0.68617 -0.69184
vn -0.2633 0.72568 -0.63566
vn -0.39051 0.68474 -0.61534
vn -0.41807 0.72689 -0.54484
vn -0.53203 0.68362 -0.49961
vn -0.54408 0.7278 -0.41748
vn -0.64022 0.68282 -0.35196
vn -0.633 0.7284 -0.2622
vn -0.70807 0.68234 -0.1818
vn -0.67898 0.7287 -0.08939
vn -0.73119 0.68218 0
vn -0.67898 0.7287 0.08939
vn -0.70807 0.68234 0.1818
vn -0.633 0.7284 0.2622
vn -0.64022 0.68282 0.35196
vn -0.54408 0.7278 0.41748
vn -0.53203 0.68362 0.49961
vn -0.41807 0.72689 0.54484
vn -0.39051 0.68474 0.61534
vn -0.2633 0.72568 0.63566
vn -0.22479 0.68617 0.69184
vn -0.09001 0.72416 0.68373
vn -0.04557 0.6879 0.72437
vn 0.09027 0.72232 0.68564
vn 0.13564 0.68993 0.71105
vn 0.26551 0.72015 0.641
vn 0.30726 0.69226 0.65297
vn 0.42394 0.71765 0.55249
vn 0.45839 0.69487 0.5541
vn 0.55481 0.7148 0.42572
vn 0.57953 0.69776 0.42105
vn 0.6491 0.7116 0.26887
vn 0.66317 0.7009 0.26257
vn 0.70015 0.70802 0.09218
vn 0.09269 -0.70406 0.70406
vn -0.09269 -0.70406 0.70406
vn -0.09997 -0.7117 0.69533
vn -0.27426 -0.69739 0.66213
vn -0.28905 -0.71822 0.63294
vn -0.43951 -0.69192 0.57278
vn -0.45229 -0.72317 0.52197
vn -0.57595 -0.68773 0.44194
vn -0.57796 -0.72664 0.37143
vn -0.67317 -0.6849 0.27884
vn -0.6571 -0.72869 0.19294
vn -0.72373 -0.68347 0.09528
vn -0.68411 -0.72938 0
vn -0.72373 -0.68347 -0.09528
vn -0.6571 -0.72869 -0.19294
vn -0.67317 -0.6849 -0.27884
vn -0.57796 -0.72664 -0.37143
vn -0.57595 -0.68773 -0.44194
vn -0.45229 -0.72317 -0.52197
vn -0.43951 -0.69192 -0.57278
vn -0.28905 -0.71822 -0.63294
vn -0.27426 -0.69739 -0.66213
vn -0.09997 -0.7117 -0.69533
vn -0.09269 -0.70406 -0.70406
vn 0.09269 -0.70406 -0.70406
vn 0.09997 -0.7117 -0.69533
vn 0.27426 -0.69739 -0.66213
vn 0.28905 -0.71822 -0.63294
vn 0.43951 -0.69192 -0.57278
vn 0.45229 -0.72317 -0.52197
vn 0.57595 -0.68773 -0.44194
vn 0.57796 -0.72664 -0.37143
vn 0.67317 -0.6849 -0.27884
vn 0.6571 -0.72869 -0.19294
vn 0.72373 -0.68347 -0.09528
vn 0.68411 -0.72938 0
vn 0.72373 -0.68347 0.09528
vn 0.6571 -0.72869 0.19294
vn 0.67317 -0.6849 0.27884
vn 0.57796 -0.72664 0.37143
vn 0.57595 -0.68773 0.44194
vn 0.45229 -0.72317 0.52197
vn 0.43951 -0.69192 0.57278
vn 0.28905 -0.71822 0.63294
vn 0.27426 -0.69739 0.66213
vn 0.09997 -0.7117 0.69533
vn 0 0.98079 0.19509
vn -0 0.98079 0.19509
vn 0 0.83147 0.55557
vn -0 0.83147 0.55557
vn 0 0.55557 0.83147
vn -0 0.55557 0.83147
vn 0 0.19509 0.98079
vn 0 0.19509 0.98079
vn 0.09269 0.70406 -0.70406
vn -0.09269 0.70406 -0.70406
vn -0.09997 0.7117 -0.69533
vn -0.27426 0.69739 -0.66213
vn -0.28905 0.71822 -0.63294
vn -0.43951 0.69192 -0.57278
vn -0.45229 0.72317 -0.52197
vn -0.57595 0.68773 -0.44194
vn -0.57796 0.72664 -0.37143
vn -0.67317 0.6849 -0.27884
vn -0.6571 0.72869 -0.19294
vn -0.72373 0.68347 -0.09528
vn -0.68411 0.72938 0
vn -0.72373 0.68347 0.09528
vn -0.6571 0.72869 0.19294
vn -0.67317 0.6849 0.27884
vn -0.57796 0.72664 0.37143
vn -0.57595 0.68773 0.44194
vn -0.45229 0.72317 0.52197
vn -0.43951 0.69192 0.57278
vn -0.28905 0.71822 0.63294
vn -0.27426 0.69739 0.66213
vn -0.09997 0.7117 0.69533
vn -0.09269 0.70406 0.70406
vn 0.09269 0.70406 0.70406
vn 0.09997 0.7117 0.69533
vn 0.27426 0.69739 0.66213
vn 0.28905 0.71822 0.63294
vn 0.43951 0.69192 0.57278
vn 0.45229 0.72317 0.52197
vn 0.57595 0.68773 0.44194
vn 0.57796 0.72664 0.37143
vn 0.67317 0.6849 0.27884
vn 0.6571 0.72869 0.19294
vn 0.72373 0.68347 0.09528
vn 0.68411 0.72938 -0
vn 0.72373 0.68347 -0.09528
vn 0.6571 0.72869 -0.19294
vn 0.67317 0.6849 -0.27884
vn 0.57796 0.72664 -0.37143
vn 0.57595 0.68773 -0.44194
vn 0.45229 0.72317 -0.52197
vn 0.43951 0.69192 -0.57278
vn 0.28905 0.71822 -0.63294
vn 0.27426 0.69739 -0.66213
vn 0.09997 0.7117 -0.69533
vn 0 0.19509 0.98079
vn 0 0.19509 0.98079
vn -0 0.55557 0.83147
vn 0 0.55557 0.83147
vn -0 0.83147 0.55557
vn 0 0.83147 0.55557
vn -0 0.98079 0.19509
vn -0 0.98079 0.19509
vn 1 0 -0
vn 1 -0 0
vn 1 0 0
vn 1 0 -0
vn 1 0 -0
vn 1 0 -0
vn 1 0 -0
vn 1 0 -0
vn 1 -0 -0
vn 1 -0 -0
vn 1 -0 -0
vn 1 -0 0
vn 1 0 0
vn 1 0 0
vn 1 0 0
vn 0 -0.19509 0.98079
vn 0 -0.19509 0.98079
vn -0 -0.55557 0.83147
vn 0 -0.55557 0.83147
vn -0 -0.83147 0.55557
vn 0 -0.83147 0.55557
vn -0 -0.98079 0.19509
vn 0 -0.98079 0.19509
vn -0 -0.98079 0.19509
vn 0 -0.98079 0.19509
vn -0 -0.83147 0.55557
vn 0 -0.83147 0.55557
vn -0 -0.55557 0.83147
vn 0 -0.55557 0.83147
vn -0 -0.19509 0.98079
vn 0 -0.19509 0.98079
vn -0 0.79335 0.60876
vn 0 0.79335 0.60876
vn -0 0.92388 0.38268
vn 0 0.92388 0.38268
vn -0 0.99144 0.13053
vn -0 0.99144 0.13053
vn -0 0.79335 0.60876
vn -0 0.79335 0.60876
vn 0 0.92388 0.38268
vn -0 0.92388 0.38268
vn 0 0.99144 0.13053
vn -0 0.99144 0.13053
vn 0.08897 0.7043 -0.7043
vn -0.08897 0.7043 -0.7043
vn -0.09218 0.70802 -0.70015
vn -0.26257 0.7009 -0.66317
vn -0.26887 0.7116 -0.6491
vn -0.42105 0.69776 -0.57953
vn -0.42572 0.7148 -0.55481
vn -0.5541 0.69487 -0.45839
vn -0.55249 0.71765 -0.42394
vn -0.65297 0.69226 -0.30726
vn -0.641 0.72015 -0.26551
vn -0.71105 0.68993 -0.13564
vn -0.68564 0.72232 -0.09027
vn -0.72437 0.6879 0.04557
vn -0.68373 0.72416 0.09001
vn -0.69184 0.68617 0.22479
vn -0.63566 0.72568 0.2633
vn -0.61534 0.68474 0.39051
vn -0.54484 0.72689 0.41807
vn -0.49961 0.68362 0.53203
vn -0.41748 0.7278 0.54408
vn -0.35196 0.68282 0.64022
vn -0.2622 0.7284 0.633
vn -0.1818 0.68234 0.70807
vn -0.08939 0.7287 0.67898
vn 0 0.68218 0.73119
vn 0.08939 0.7287 0.67898
vn 0.1818 0.68234 0.70807
vn 0.2622 0.7284 0.633
vn 0.35196 0.68282 0.64022
vn 0.41748 0.7278 0.54408
vn 0.49961 0.68362 0.53203
vn 0.54484 0.72689 0.41807
vn 0.61534 0.68474 0.39051
vn 0.63566 0.72568 0.2633
vn 0.69184 0.68617 0.22479
vn 0.68373 0.72416 0.09001
vn 0.72437 0.6879 0.04557
vn 0.68564 0.72232 -0.09027
vn 0.71105 0.68993 -0.13564
vn 0.641 0.72015 -0.26551
vn 0.65297 0.69226 -0.30726
vn 0.55249 0.71765 -0.42394
vn 0.5541 0.69487 -0.45839
vn 0.42572 0.7148 -0.55481
vn 0.42105 0.69776 -0.57953
vn 0.26887 0.7116 -0.6491
vn 0.26257 0.7009 -0.66317
vn 0.09218 0.70802 -0.70015
vn 0.65742 -0.73904 -0.147
vn 0.72919 -0.56965 -0.37919
vn 0.72978 -0.56846 -0.37983
vn 0.70202 -0.52813 -0.47775
vn 0.71033 -0.40213 -0.57768
vn 0.71499 -0.38842 -0.58131
vn 0.69942 -0.25502 -0.66766
vn 0.71921 -0.13555 -0.68145
vn 0.70448 -0.0861 -0.70448
vn -0 -0.19509 -0.98079
vn -0 -0.19509 -0.98079
vn 0 -0.55557 -0.83147
vn -0 -0.55557 -0.83147
vn 0 -0.83147 -0.55557
vn -0 -0.83147 -0.55557
vn 0 -0.98079 -0.19509
vn -0 -0.98079 -0.19509
vn -0.7043 -0.7043 0.08897
vn -0.7043 -0.7043 -0.08897
vn -0.70015 -0.70802 -0.09218
vn -0.66317 -0.7009 -0.26257
vn -0.6491 -0.7116 -0.26887
vn -0.57953 -0.69776 -0.42105
vn -0.55481 -0.7148 -0.42572
vn -0.45839 -0.69487 -0.5541
vn -0.42394 -0.71765 -0.55249
vn -0.30726 -0.69226 -0.65297
vn -0.26551 -0.72015 -0.641
vn -0.13564 -0.68993 -0.71105
vn -0.09027 -0.72232 -0.68564
vn 0.04557 -0.6879 -0.72437
vn 0.09001 -0.72416 -0.68373
vn 0.22479 -0.68617 -0.69184
vn 0.2633 -0.72568 -0.63566
vn 0.39051 -0.68474 -0.61534
vn 0.41807 -0.72689 -0.54484
vn 0.53203 -0.68362 -0.49961
vn 0.54408 -0.7278 -0.41748
vn 0.64022 -0.68282 -0.35196
vn 0.633 -0.7284 -0.2622
vn 0.70807 -0.68234 -0.1818
vn 0.67898 -0.7287 -0.08939
vn 0.73119 -0.68218 0
vn 0.67898 -0.7287 0.08939
vn 0.70807 -0.68234 0.1818
vn 0.633 -0.7284 0.2622
vn 0.64022 -0.68282 0.35196
vn 0.54408 -0.7278 0.41748
vn 0.53203 -0.68362 0.49961
vn 0.41807 -0.72689 0.54484
vn 0.39051 -0.68474 0.61534
vn 0.2633 -0.72568 0.63566
vn 0.22479 -0.68617 0.69184
vn 0.09001 -0.72416 0.68373
vn 0.04557 -0.6879 0.72437
vn -0.09027 -0.72232 0.68564
vn -0.13564 -0.68993 0.71105
vn -0.26551 -0.72015 0.641
vn -0.30726 -0.69226 0.65297
vn -0.42394 -0.71765 0.55249
vn -0.45839 -0.69487 0.5541
vn -0.55481 -0.7148 0.42572
vn -0.57953 -0.69776 0.42105
vn -0.6491 -0.7116 0.26887
vn -0.66317 -0.7009 0.26257
vn -0.70015 -0.70802 0.09218
vn 1 -0 0
vn 1 -0 -0
vn 1 -0 -0
vn 1 0 0
vn 1 0 0
vn 1 -0 0
vn 1 0 0
vn 1 0 0
vn 1 0 -0
vn 1 -0 -0
vn 1 -0 -0
vn 1 0 0
vn 1 0 0
vn 1 -0 -0
vn 1 0 -0
vn 1 0 -0
vn 1 0 0
vn 1 0 0
vn 1 0 0
vn 1 0 0
vn 1 0 -0
vn 1 0 0
vn 1 0 0
vn 1 -0 -0
vn 1 -0 0
vn 1 -0 0
vn 1 -0 0
vn 1 -0 0
vn 1 -0 -0
vn 1 -0 -0
vn 1 0 -0
vn 1 -0 0
vn 1 -0 0
vn 1 0 -0
vn 1 0 -0
vn 1 0 -0
vn 1 0 -0
vn 1 0 0
vn 1 0 0
vn 1 -0 0
vn 1 -0 -0
vn 1 -0 0
vn 1 -0 0
vn 1 -0 0
vn 0.62478 0.70495 -0.3357
vn 0.68303 0.70495 -0.19107
vn 0.70828 0.70495 -0.03721
vn 0.69929 0.70495 0.11845
vn 0.65651 0.70495 0.26839
vn 0.582 0.70495 0.40535
vn 0.47937 0.70495 0.52273
vn 0.35357 0.70495 0.61484
vn 0.21068 0.70495 0.67724
vn 0.05761 0.70495 0.70691
vn -0.09825 0.70495 0.70241
vn -0.24935 0.70495 0.66397
vn -0.38841 0.70495 0.59345
vn -0.50869 0.70495 0.49424
vn -0.60439 0.70495 0.37114
vn -0.67089 0.70495 0.23011
vn -0.70495 0.70495 0.07796
vn -0.70495 -0.70495 0.07796
vn -0.70495 -0.70495 0.07796
vn -0.67089 -0.70495 0.23011
vn -0.60439 -0.70495 0.37114
vn -0.50869 -0.70495 0.49424
vn -0.38841 -0.70495 0.59345
vn -0.24935 -0.70495 0.66397
vn -0.09825 -0.70495 0.70241
vn 0.05761 -0.70495 0.70691
vn 0.21068 -0.70495 0.67724
vn 0.35357 -0.70495 0.61484
vn 0.47937 -0.70495 0.52273
vn 0.582 -0.70495 0.40535
vn 0.65651 -0.70495 0.26839
vn 0.69929 -0.70495 0.11845
vn 0.70828 -0.70495 -0.03721
vn 0.68303 -0.70495 -0.19107
vn 0.62478 -0.70495 -0.3357
vn -0 0 1
vn -0.70495 0.70495 0.07796
vn 0 0 -1
vn -0 1 0
vn 0 1 0
vn -0 0.99144 -0.13053
vn 0 0.99144 -0.13053
vn -0 0.92388 -0.38268
vn -0 0.92388 -0.38268
vn 0 0.79335 -0.60876
vn -0 0.79335 -0.60876
vn 0 0.70711 -0.70711
vn 0 0.70711 -0.70711
vn 0 0.60876 -0.79335
vn -0 0.60876 -0.79335
vn 0 0.38268 -0.92388
vn -0 0.38268 -0.92388
vn 0 0.13053 -0.99144
vn 0 0.13053 -0.99144
vn -0 -0.13053 -0.99144
vn 0 -0.13053 -0.99144
vn -0 -0.38268 -0.92388
vn 0 -0.38268 -0.92388
vn -0 -0.60876 -0.79335
vn -0 -0.60876 -0.79335
vn 0 -0.70711 -0.70711
vn 0 -0.70711 -0.70711
vn 0 -0.79335 -0.60876
vn -0 -0.79335 -0.60876
vn 0 -0.92388 -0.38268
vn -0 -0.92388 -0.38268
vn 0 -0.99144 -0.13053
vn -0 -0.99144 -0.13053
vn -0 -1 -0
vn -0.70021 -0.13928 -0.70021
vn -0.71303 -0.18147 -0.67724
vn -0.69392 -0.40004 -0.5987
vn -0.71885 -0.49156 -0.49156
vn -0.69392 -0.5987 -0.40004
vn -0.71303 -0.67724 -0.18147
vn -0.70021 -0.70021 -0.13928
vn -0.70523 0.70523 -0.07274
vn -0.70008 0.70998 -0.07625
vn -0.67967 0.70086 -0.21646
vn -0.6631 0.71431 -0.22376
vn -0.62453 0.69692 -0.35251
vn -0.59611 0.71803 -0.35929
vn -0.54195 0.69347 -0.47476
vn -0.50243 0.72117 -0.47695
vn -0.43535 0.6905 -0.57765
vn -0.38647 0.72375 -0.57168
vn -0.30928 0.68805 -0.65646
vn -0.25355 0.7258 -0.63948
vn -0.16921 0.68612 -0.70754
vn -0.10969 0.72732 -0.67748
vn -0.02128 0.68474 -0.72848
vn 0.03866 0.72833 -0.68414
vn 0.12799 0.6839 -0.71826
vn 0.18488 0.72883 -0.65926
vn 0.27199 0.68362 -0.67726
vn 0.32246 0.72883 -0.60401
vn 0.40435 0.6839 -0.60727
vn 0.44527 0.72833 -0.52084
vn 0.51923 0.68474 -0.51141
vn 0.54781 0.72732 -0.41342
vn 0.61158 0.68612 -0.39396
vn 0.62542 0.7258 -0.28647
vn 0.67742 0.68805 -0.26019
vn 0.67453 0.72375 -0.14558
vn 0.71396 0.6905 -0.11608
vn 0.69275 0.72117 0.00305
vn 0.71978 0.69347 0.03196
vn 0.67903 0.71803 0.15282
vn 0.69486 0.69692 0.17737
vn 0.63367 0.71431 0.29703
vn 0.64059 0.70086 0.31377
vn 0.55835 0.70998 0.42915
vn 0.55964 0.70523 0.43525
vn 0.55964 -0.70523 0.43525
vn 0.55835 -0.70998 0.42915
vn 0.64059 -0.70086 0.31377
vn 0.63367 -0.71431 0.29703
vn 0.69486 -0.69692 0.17737
vn 0.67903 -0.71803 0.15282
vn 0.71978 -0.69347 0.03196
vn 0.69275 -0.72117 0.00305
vn 0.71396 -0.6905 -0.11608
vn 0.67453 -0.72375 -0.14558
vn 0.67742 -0.68805 -0.26019
vn 0.62542 -0.7258 -0.28647
vn 0.61158 -0.68612 -0.39396
vn 0.54781 -0.72732 -0.41342
vn 0.51923 -0.68474 -0.51141
vn 0.44527 -0.72833 -0.52084
vn 0.40435 -0.6839 -0.60727
vn 0.32246 -0.72883 -0.60401
vn 0.27199 -0.68362 -0.67726
vn 0.18488 -0.72883 -0.65926
vn 0.12799 -0.6839 -0.71826
vn 0.03866 -0.72833 -0.68414
vn -0.02128 -0.68474 -0.72848
vn -0.10969 -0.72732 -0.67748
vn -0.16921 -0.68612 -0.70754
vn -0.25355 -0.7258 -0.63948
vn -0.30928 -0.68805 -0.65646
vn -0.38647 -0.72375 -0.57168
vn -0.43535 -0.6905 -0.57765
vn -0.50243 -0.72117 -0.47695
vn -0.54195 -0.69347 -0.47476
vn -0.59611 -0.71803 -0.35929
vn -0.62453 -0.69692 -0.35251
vn -0.6631 -0.71431 -0.22376
vn -0.67967 -0.70086 -0.21646
vn -0.70008 -0.70998 -0.07625
vn -0.70523 -0.70523 -0.07274
vn 0 -0.70711 -0.70711
vn 0 -0.70711 -0.70711
vn -0 -0.13053 -0.99144
vn -0 -0.13053 -0.99144
vn 0 -0.38268 -0.92388
vn -0 -0.38268 -0.92388
vn 0 -0.60876 -0.79335
vn -0 -0.60876 -0.79335
vn 0 0 -1
vn 0 0 -1
vn 0 0.60876 -0.79335
vn 0 0.60876 -0.79335
vn -0 0.38268 -0.92388
vn 0 0.38268 -0.92388
vn -0 0.13053 -0.99144
vn 0 0.13053 -0.99144
vn 0 0.70711 -0.70711
vn 0 0.70711 -0.70711
vn -0 0.99144 -0.13053
vn 0 0.99144 -0.13053
vn -0 0.92388 -0.38268
vn -0 0.92388 -0.38268
vn 0 0.79335 -0.60876
vn -0 0.79335 -0.60876
vn 0 1 -0
vn -0 1 0
vn -0 1 0
vn -0 1 0
vn 0 1 0
vn 0 1 0
vn 0 1 -0
vn 0 1 0
vn -0 1 0
vn 0 1 0
vn -0 1 0
vn -0 1 0
vn 0 1 0
vn -0 1 0
vn 0 1 0
vn 0 1 0
vn 0 1 0
vn 0 1 0
vn -0 1 0
vn -0 1 0
vn -0 1 0
vn 0 1 0
vn -0 1 0
vn 0 1 0
vn -0 1 0
vn 0 -1 -0
vn -0 -1 -0
vn 0 -1 -0
vn 0 -1 -0
vn -0 -1 -0
vn -0 -1 -0
vn 0 -1 -0
vn 0 -1 -0
vn 0 -1 -0
vn 0 -1 -0
vn 0 -1 -0
vn 0 -1 -0
vn 0 -1 -0
vn 0 -1 0
vn 0 -1 -0
vn 0 -1 -0
vn 0 -1 -0
vn -0 -1 -0
vn -0 -1 -0
vn 0 -1 -0
vn 0 -1 -0
vn 0 -1 -0
vn -0 -1 -0
vn -0 -1 -0
vn -0 -1 -0
vn -0 -1 -0
vn -0 -1 -0
vn -0 -1 -0
vn 0 -1 -0
vn 0 -1 -0
vn 0 -1 -0
vn 0 -1 -0
vn 0 -1 -0
vn 0 -1 -0
vn -0 -1 -0
vn 0 -1 -0
vn 0 -1 0
vn 0 -1 -0
vn -0 -1 -0
vn -0 -1 -0
vn 0 -1 -0
vn 0.62121 0.70531 -0.34152
vn 0.6769 0.70531 -0.21057
vn 0.70531 0.70531 -0.07115
vn 0.70531 0.70531 -0.07115
vn 0.62121 -0.70531 -0.34152
vn 0.6769 -0.70531 -0.21057
vn 0.70531 -0.70531 -0.07115
vn 0.70531 -0.70531 -0.07115
vn -0 1 0
vn -0 1 0
vn -0 1 -0
vn -0 1 0
vn 0 1 0
vn -0 1 0
vn 0 1 0
vn 0 1 0
vn -0 1 0
vn 0 1 0
vn 0 1 0
vn 0 1 0
vn -0 1 0
vn -0 1 0
vn -0 1 0
vn -0 1 0
vn 0 1 0
vn -0 1 0
vn -0 1 0
vn -0 1 0
vn 0 1 0
vn 0 1 0
vn -0 1 0
vn -0 1 0
vn 0 1 0
vn 0 1 0
vn -0 1 0
vn 0 1 0
vn 0 1 0
vn 0 1 0
vn 0 1 0
vn -0 1 0
vn -0 1 0
vn -0 1 0
vn -0 1 0
vn -0 1 0
vn 0 1 0
vn -0 1 0
vn -0 1 0
vn 0 1 0
vn -0 1 0
vn 0 1 0
vn -0 1 0
vn 0 1 0
vn 0 -0 1
vn 0 -0 1
vn -0 -1 -0
vn -0 -1 0
vn -0 -1 -0
vn -0 -1 -0
vn -0 -1 -0
vn 0 -1 0
vn -0 -1 -0
vn 0 -1 -0
vn 0 -1 -0
vn 0 -1 -0
vn 0 -1 -0
vn 0 -1 -0
vn 0 -1 -0
vn 0 -1 -0
vn 0 -1 0
vn 0 -1 0
vn 0 -1 0
vn -0 -1 0
vn -0 -1 0
vn -0 -1 0
vn 0 -1 0
vn -0 -1 -0
vn -0 -1 -0
vn -0 -1 -0
vn -0 -1 -0
vn -0 -1 -0
vn -0 -1 -0
vn 0 -1 -0
vn -0 -1 -0
vn 0 -1 -0
vn 0 -1 -0
vn 0 -1 -0
vn -0 -1 -0
vn 0 -1 -0
vn 0.70531 -0.70531 -0.07115
vn 0.70531 0.70531 -0.07115
vn 0 1 0
vn -0 1 0
vn -0 1 0
vn -0 1 0
vn -0 1 0
vn 0 1 0
vn 0 1 0
vn 0 1 0
vn -0 1 0
vn -0 1 0
vn 0 1 0
vn 0 1 0
vn 0 1 0
vn 0 1 0
vn -0 1 -0
vn -0 1 0
vn 0 1 0
vn -0 1 0
vn -0 1 -0
vn -0 1 -0
vn -0 1 0
vn -0 1 0
vn -0 1 0
vn 0 1 0
vn 0 1 0
vn -0 1 -0
vn 0 1 0
vn 0 1 0
vn -0 1 0
vn -0 0.70711 0.70711
vn -0 0.70711 0.70711
vn -0 1 0
vn 0 1 0
vn -0 1 0
vn -0 1 -0
vn -0 1 -0
vn -0 1 0
vn -0 1 0
vn -0 1 -0
vn -0 1 -0
vn -0 1 -0
vn 0 1 -0
vn -0 1 0
vn -0 1 0
vn 0 1 0
vn 0 1 0
vn 0 1 -0
vn 0 1 -0
vn 0 1 -0
vn 0 1 -0
vn 0 1 -0
vn -0 1 -0
vn -0 1 -0
vn -0 1 -0
vn -0 1 0
vn -0 1 0
vn 0 1 0
vn -0 1 0
vn -0 1 0
vn 0 1 -0
vn 0 1 0
vn -0 1 0
vn 0 1 0
vn -0 1 0
vn 0 1 0
vn 0.57095 -0.70423 0.42199
vn 0.65883 -0.70423 0.26459
vn 0.70423 -0.70423 0.09013
vn 0.70423 -0.70423 0.09013
vn 0.70423 0.70423 0.09013
vn 0.65883 0.70423 0.26459
vn 0.57095 0.70423 0.42199
vn 0 -1 -0
vn -0 -1 -0
vn 0 -1 -0
vn 0 -1 -0
vn -0 -1 -0
vn -0 -1 -0
vn 0 -1 -0
vn -0 -1 -0
vn 0 -1 -0
vn 0 -1 -0
vn -0 -1 -0
vn 0 -1 0
vn -0 -1 0
vn -0 -1 -0
vn -0 -1 -0
vn 0 -1 -0
vn 0 -1 -0
vn -0 -1 -0
vn -0 -1 0
vn 0 -1 -0
vn 0 -1 -0
vn -0 -1 0
vn 0 -1 0
vn -0 -1 0
vn 0 -1 0
vn -0 -1 -0
vn 0 -1 -0
vn -0 -1 -0
vn -0 -1 -0
vn 0 -1 -0
vn 0 -0.79335 -0.60876
vn -0 -0.79335 -0.60876
vn 0 -0.92388 -0.38268
vn -0 -0.92388 -0.38268
vn 0 -0.99144 -0.13053
vn -0 -0.99144 -0.13053
vn 0 -0.79335 0.60876
vn -0 -0.79335 0.60876
vn 0 -0.92388 0.38268
vn -0 -0.92388 0.38268
vn 0 -0.99144 0.13053
vn -0 -0.99144 0.13053
vn -0.70711 0.70711 0
vn -0.70406 0.56339 0.4323
vn -0.70406 0.65608 0.27176
vn -0.70406 0.70406 0.09269
vn -0.70711 0.5 0.5
vn -0.70406 0.70406 0.09269
vn -0.70711 0.70711 0
vn -0.70711 0.70711 -0
vn -0.99394 0 0.10992
vn -0.99394 -0 0.10992
vn -0.94591 0 0.32444
vn -0.94591 -0 0.32444
vn -0.85216 0 0.52329
vn -0.85216 -0 0.52329
vn -0.71722 0 0.69684
vn -0.71722 -0 0.69684
vn -0.54763 0 0.83672
vn -0.54763 -0 0.83672
vn -0.35157 0 0.93616
vn -0.35157 -0 0.93616
vn -0.13852 0 0.99036
vn -0.13852 -0 0.99036
vn 0.08122 0 0.9967
vn 0.08122 -0 0.9967
vn 0.29704 0 0.95486
vn 0.29704 -0 0.95486
vn 0.49851 0 0.86688
vn 0.49851 -0 0.86688
vn 0.67588 0 0.73701
vn 0.67588 -0 0.73701
vn 0.82059 0 0.57152
vn 0.82059 -0 0.57152
vn 0.92564 0 0.37841
vn 0.92564 -0 0.37841
vn 0.98596 0 0.16701
vn 0.98596 -0 0.16701
vn 0.99862 0 -0.05246
vn 0.99862 -0 -0.05246
vn 0.96303 0 -0.2694
vn 0.96303 -0 -0.2694
vn 0.88089 0 -0.47332
vn 0.88089 -0 -0.47332
vn -0.70711 -0.70711 -0
vn -0.70711 -0.70711 0
vn -0.70021 -0.70021 0.13928
vn -0.70021 -0.59361 0.39664
vn -0.70021 -0.39664 0.59361
vn -0.70021 -0.13928 0.70021
vn -0.70021 -0.13928 0.70021
vn -0.70711 -0 0.70711
vn -0.70711 -0 0.70711
vn -0.70021 0.13928 0.70021
vn -0.70021 0.13928 0.70021
vn -0.70021 0.39664 0.59361
vn -0.70021 0.59361 0.39664
vn -0.70021 0.70021 0.13928
vn -0.70711 0.70711 0
vn -0.70711 0.70711 0
vn -0.99394 -0 0.10992
vn -0.99394 -0 0.10992
vn -0.94591 0 0.32444
vn -0.94591 -0 0.32444
vn -0.85216 0 0.52329
vn -0.85216 -0 0.52329
vn -0.71722 0 0.69684
vn -0.71722 -0 0.69684
vn -0.54763 0 0.83672
vn -0.54763 -0 0.83672
vn -0.35157 0 0.93616
vn -0.35157 -0 0.93616
vn -0.13852 0 0.99036
vn -0.13852 -0 0.99036
vn 0.08122 0 0.9967
vn 0.08122 -0 0.9967
vn 0.29704 0 0.95486
vn 0.29704 -0 0.95486
vn 0.49851 0 0.86688
vn 0.49851 -0 0.86688
vn 0.67588 0 0.73701
vn 0.67588 -0 0.73701
vn 0.82059 0 0.57152
vn 0.82059 -0 0.57152
vn 0.92564 0 0.37841
vn 0.92564 -0 0.37841
vn 0.98596 0 0.16701
vn 0.98596 -0 0.16701
vn 0.99862 0 -0.05246
vn 0.99862 -0 -0.05246
vn 0.96303 0 -0.2694
vn 0.96303 -0 -0.2694
vn 0.88089 0 -0.47332
vn 0.88089 -0 -0.47332
vn -0.70711 -0.70711 -0
vn -0.70711 -0.70711 -0
vn -0.70406 -0.70406 0.09269
vn -0.70406 -0.70406 0.09269
vn -0.70406 -0.65608 0.27176
vn -0.70406 -0.56339 0.4323
vn -0.70711 -0.5 0.5
vn -0.70711 0.70711 0
vn -0.70711 0.70711 0
vn -0.70021 0.13928 -0.70021
vn -0.70021 0.39664 -0.59361
vn -0.70021 0.59361 -0.39664
vn -0.70021 0.70021 -0.13928
vn -0.70711 0 -0.70711
vn -0.70711 -0 -0.70711
vn -0.70711 0.70711 0
vn -0.70711 0.70711 0
vn -0.70406 0.56339 -0.4323
vn -0.70406 0.65608 -0.27176
vn -0.70406 0.70406 -0.09269
vn -0.70711 0.5 -0.5
vn -0.70406 0.09269 -0.70406
vn -0.70406 0.09269 -0.70406
vn -0.70406 0.27176 -0.65608
vn -0.70406 0.4323 -0.56339
vn -0.70711 0 -0.70711
vn -0.70711 -0 -0.70711
vn -0.70406 -0.4323 -0.56339
vn -0.70406 -0.27176 -0.65608
vn -0.70406 -0.09269 -0.70406
vn -0.70406 -0.09269 -0.70406
vn -0.70711 -0.5 -0.5
vn -0.70406 -0.70406 -0.09269
vn -0.70406 -0.65608 -0.27176
vn -0.70406 -0.56339 -0.4323
vn -0.70711 -0.70711 -0
vn -0.70711 -0.70711 -0
vn -0.70711 0 -0.70711
vn -0.70711 -0 -0.70711
vn -0.70021 -0.13928 -0.70021
vn -0.70021 -0.39664 -0.59361
vn -0.70021 -0.59361 -0.39664
vn -0.70021 -0.70021 -0.13928
vn -0.70711 -0.70711 -0
vn -0.70711 -0.70711 0
vn 0.78937 0 0.61392
vn 0.78937 -0 0.61392
vn 0.89806 0 0.43988
vn 0.89806 -0 0.43988
vn 0.96893 0 0.24733
vn 0.96893 -0 0.24733
vn 0.99902 0 0.04436
vn 0.99902 -0 0.04436
vn 0.98704 0 -0.16047
vn 0.98704 -0 -0.16047
vn 0.93351 0 -0.35855
vn 0.93351 -0 -0.35855
vn 0.84068 0 -0.54154
vn 0.84068 -0 -0.54154
vn 0.71245 0 -0.70172
vn 0.71245 -0 -0.70172
vn 0.55423 0 -0.83236
vn 0.55423 -0 -0.83236
vn 0.37268 0 -0.92796
vn 0.37268 -0 -0.92796
vn 0.17543 0 -0.98449
vn 0.17543 -0 -0.98449
vn -0.0292 0 -0.99957
vn -0.0292 -0 -0.99957
vn -0.2326 0 -0.97257
vn -0.2326 -0 -0.97257
vn -0.4262 0 -0.90463
vn -0.4262 -0 -0.90463
vn -0.60187 0 -0.7986
vn -0.60187 -0 -0.7986
vn -0.75219 0 -0.65894
vn -0.75219 -0 -0.65894
vn -0.87085 0 -0.49155
vn -0.87085 -0 -0.49155
vn -0.95284 0 -0.30346
vn -0.95284 -0 -0.30346
vn -0.99472 0 -0.10259
vn -0.99472 0 -0.10259
vn 0.70423 0.70423 0.09013
vn 0.70711 0 -0.70711
vn 0.70711 0 -0.70711
vn 0.70406 0.56339 -0.4323
vn 0.70711 0.70711 0
vn 0.70711 0.70711 0
vn 0.70711 -0.5 0.5
vn 0.70406 -0.70406 0.09269
vn 0.70406 -0.70406 0.09269
vn 0.70406 -0.65608 0.27176
vn 0.70406 -0.56339 0.4323
vn 0.70711 -0.70711 -0
vn 0.70711 -0.70711 -0
vn 0.8763 -0 -0.48176
vn 0.8763 0 -0.48176
vn 0.95486 -0 -0.29704
vn 0.95486 0 -0.29704
vn 0.99495 -0 -0.10036
vn 0.99495 -0 -0.10036
vn 0.70711 0.70711 0
vn 0.70711 0.70711 -0
vn 0.70021 0.13928 0.70021
vn 0.70021 0.13928 0.70021
vn 0.70021 0.39664 0.59361
vn 0.70021 0.59361 0.39664
vn 0.70021 0.70021 0.13928
vn 0.70711 -0 0.70711
vn 0.70021 -0.70021 0.13928
vn 0.70021 -0.59361 0.39664
vn 0.70021 -0.39664 0.59361
vn 0.70021 -0.13928 0.70021
vn 0.70711 -0.70711 0
vn 0.70711 -0.70711 -0
vn 0.99495 0 -0.10036
vn 0.99495 -0 -0.10036
vn 0.95486 0 -0.29704
vn 0.95486 -0 -0.29704
vn 0.8763 0 -0.48176
vn 0.8763 -0 -0.48176
vn 0.70711 0.70711 -0
vn 0.70711 0.70711 -0
vn 0.70406 0.56339 0.4323
vn 0.70406 0.65608 0.27176
vn 0.70406 0.70406 0.09269
vn 0.70406 0.70406 0.09269
vn 0.70711 0.5 0.5
vn 0.70711 0.70711 0
vn 0.80419 0 0.59438
vn 0.80419 -0 0.59438
vn 0.92796 0 0.37268
vn 0.92796 -0 0.37268
vn 0.99191 0 0.12695
vn 0.99191 0 0.12695
vn 0.70711 -0.70711 -0
vn 0.70711 -0.70711 0
vn 0.70406 -0.56339 -0.4323
vn -0 -0.70711 0.70711
vn 0 -0.70711 0.70711
vn -1 0 0
vn -1 0 0
vn -1 -0 -0
vn -1 -0 -0
vn -1 -0 -0
vn -1 -0 0
vn -1 0 -0
vn -1 0 0
vn -1 0 0
vn -1 0 0
vn -1 0 0
vn -1 0 -0
vn -1 0 0
vn -1 -0 -0
vn -1 0 0
vn -1 0 0
vn -1 0 0
vn -1 -0 0
vn -1 0 0
vn -1 0 -0
vn -1 -0 0
vn -1 -0 -0
vn -1 -0 0
vn -1 -0 -0
vn -1 -0 -0
vn -1 -0 -0
vn -1 -0 -0
vn -1 0 -0
vn -1 0 0
vn -1 0 -0
vn -1 0 0
vn -1 -0 -0
vn -1 -0 0
vn -1 0 0
vn -1 -0 0
vn -1 -0 0
vn -1 -0 0
vn -1 -0 0
vn -1 -0 0
vn -1 -0 0
vn -1 -0 -0
vn -1 -0 0
vn -1 0 -0
vn -1 0 0
vn -1 0 -0
vn -1 -0 0
vn -1 -0 -0
vn -1 0 0
vn -1 0 0
vn -1 -0 -0
vn -1 -0 0
vn -1 -0 -0
vn -1 -0 -0
vn -1 0 -0
vn -1 -0 -0
vn -1 -0 0
vn -1 -0 -0
vn -1 0 -0
vn -1 0 -0
vn -1 0 -0
vn -1 -0 -0
vn -1 0 0
vn -1 0 -0
vn -1 -0 -0
vn -0.99472 -0 -0.10259
vn -0.99472 0 -0.10259
vn -0.95284 -0 -0.30346
vn -0.95284 0 -0.30346
vn -0.87085 -0 -0.49155
vn -0.87085 0 -0.49155
vn -0.75219 -0 -0.65894
vn -0.75219 0 -0.65894
vn -0.60187 -0 -0.7986
vn -0.60187 0 -0.7986
vn -0.4262 -0 -0.90463
vn -0.4262 0 -0.90463
vn -0.2326 -0 -0.97257
vn -0.2326 0 -0.97257
vn -0.0292 -0 -0.99957
vn -0.0292 0 -0.99957
vn 0.17543 -0 -0.98449
vn 0.17543 0 -0.98449
vn 0.37268 -0 -0.92796
vn 0.37268 0 -0.92796
vn 0.55423 -0 -0.83236
vn 0.55423 0 -0.83236
vn 0.71245 -0 -0.70172
vn 0.71245 0 -0.70172
vn 0.84068 -0 -0.54154
vn 0.84068 0 -0.54154
vn 0.93351 -0 -0.35855
vn 0.93351 0 -0.35855
vn 0.98704 -0 -0.16047
vn 0.98704 0 -0.16047
vn 0.99902 -0 0.04436
vn 0.99902 0 0.04436
vn 0.96893 -0 0.24733
vn 0.96893 0 0.24733
vn 0.89806 -0 0.43988
vn 0.89806 0 0.43988
vn 0.78937 -0 0.61392
vn 0.78937 0 0.61392
vn 0.99191 -0 0.12695
vn 0.99191 0 0.12695
vn 0.92796 -0 0.37268
vn 0.92796 0 0.37268
vn 0.80419 -0 0.59438
vn 0.80419 0 0.59438
vn 1 0 -0
vn 1 0 0
vn 1 -0 0
vn 1 0 0
vn 1 0 0
vn 1 -0 0
vn 1 0 0
vn 1 0 -0
vn 1 0 0
vn 1 0 0
vn 1 -0 0
vn 1 0 0
vn 1 0 -0
vn 1 0 -0
vn 1 0 0
vn 1 -0 0
vn 1 0 0
vn 1 0 -0
vn 1 0 -0
vn 1 0 0
vn 1 -0 0
vn 1 0 0
vn 1 0 0
vn 1 0 0
vn 1 0 0
vn 1 -0 0
vn 1 -0 -0
vn 1 -0 -0
vn 1 -0 0
vn 1 -0 0
vn 1 -0 0
vn 1 -0 0
vn 1 -0 0
vn 1 -0 0
vn 1 0 0
vn 1 0 0
vn 1 0 -0
vn 1 -0 0
vn 1 -0 -0
vn 1 -0 -0
vn 1 -0 0
vn 1 0 0
vn 1 -0 -0
vn 1 -0 -0
vn -0 -0.79335 0.60876
vn 0 -0.79335 0.60876
vn -0 -0.92388 0.38268
vn -0 -0.92388 0.38268
vn 0 -0.99144 0.13053
vn -0 -0.99144 0.13053
vn -0.70711 -0.70711 -0
vn -0.70711 -0.70711 -0
vn 0.70711 -0.70711 -0
vn 0.70711 -0.70711 0
vn 0 -1 -0
vn -0 -1 0
vn -0 -1 -0
vn 0 -1 -0
vn -0 -1 -0
vn 0 -1 -0
vn 0 -1 -0
vn 0 -1 -0
vn 0 -1 -0
vn 0 -1 -0
vn 0 -1 -0
vn -0 -1 -0
vn -0 -1 -0
vn 0 -1 -0
vn -0 -1 0
vn -0 -1 -0
vn -0 -1 -0
vn -0 -1 -0
vn -0 -1 -0
vn 0 -1 -0
vn 0 -1 -0
vn 0 -1 -0
vn 0 -1 -0
vn 0 -1 -0
vn 0 -1 -0
vn -0 -1 -0
vn -0 -1 -0
vn -0 -1 -0
vn -0 -1 -0
vn -0 -1 -0
vn -0 -1 -0
vn -0 -1 -0
vn -0 -1 -0
vn -0 -1 -0
vn -0 -1 -0
vn 0 -1 -0
vn -0 -1 -0
vn 0 -1 -0
vn 0 -1 -0
vn 0 -1 -0
vn 0.08897 -0.7043 0.7043
vn -0.08897 -0.7043 0.7043
vn -0.09218 -0.70802 0.70015
vn -0.26257 -0.7009 0.66317
vn -0.26887 -0.7116 0.6491
vn -0.42105 -0.69776 0.57953
vn -0.42572 -0.7148 0.55481
vn -0.5541 -0.69487 0.45839
vn -0.55249 -0.71765 0.42394
vn -0.65297 -0.69226 0.30726
vn -0.641 -0.72015 0.26551
vn -0.71105 -0.68993 0.13564
vn -0.68564 -0.72232 0.09027
vn -0.72437 -0.6879 -0.04557
vn -0.68373 -0.72416 -0.09001
vn -0.69184 -0.68617 -0.22479
vn -0.63566 -0.72568 -0.2633
vn -0.61534 -0.68474 -0.39051
vn -0.54484 -0.72689 -0.41807
vn -0.49961 -0.68362 -0.53203
vn -0.41748 -0.7278 -0.54408
vn -0.35196 -0.68282 -0.64022
vn -0.2622 -0.7284 -0.633
vn -0.1818 -0.68234 -0.70807
vn -0.08939 -0.7287 -0.67898
vn 0 -0.68218 -0.73119
vn 0.08939 -0.7287 -0.67898
vn 0.1818 -0.68234 -0.70807
vn 0.2622 -0.7284 -0.633
vn 0.35196 -0.68282 -0.64022
vn 0.41748 -0.7278 -0.54408
vn 0.49961 -0.68362 -0.53203
vn 0.54484 -0.72689 -0.41807
vn 0.61534 -0.68474 -0.39051
vn 0.63566 -0.72568 -0.2633
vn 0.69184 -0.68617 -0.22479
vn 0.68373 -0.72416 -0.09001
vn 0.72437 -0.6879 -0.04557
vn 0.68564 -0.72232 0.09027
vn 0.71105 -0.68993 0.13564
vn 0.641 -0.72015 0.26551
vn 0.65297 -0.69226 0.30726
vn 0.55249 -0.71765 0.42394
vn 0.5541 -0.69487 0.45839
vn 0.42572 -0.7148 0.55481
vn 0.42105 -0.69776 0.57953
vn 0.26887 -0.7116 0.6491
vn 0.26257 -0.7009 0.66317
vn 0.09218 -0.70802 0.70015
usemtl mat2
f 3//2 2//2 4//2
f 3//3 4//3 5//3
f 5//4 4//4 6//4
f 5//5 6//5 7//5
f 7//6 6//6 8//6
f 7//7 8//7 9//7
f 9//8 8//8 10//8
f 9//9 10//9 11//9
f 11//10 10//10 12//10
f 11//11 12//11 13//11
f 13//12 12//12 14//12
f 13//13 14//13 15//13
f 15//14 14//14 16//14
f 15//15 16//15 17//15
f 17//16 16//16 18//16
f 17//17 18//17 19//17
f 19//18 18//18 20//18
f 19//19 20//19 21//19
f 21//20 20//20 22//20
f 21//21 22//21 23//21
f 23//22 22//22 24//22
f 23//23 24//23 25//23
f 25//24 24//24 26//24
f 25//25 26//25 27//25
f 27//26 26//26 28//26
f 27//27 28//27 29//27
f 29//28 28//28 30//28
f 29//29 30//29 31//29
f 31//30 30//30 32//30
f 31//31 32//31 33//31
f 33//32 32//32 34//32
f 33//33 34//33 35//33
f 35//34 34//34 36//34
f 35//35 36//35 37//35
f 37//36 36//36 38//36
f 37//37 38//37 39//37
f 39//38 38//38 40//38
f 39//39 40//39 41//39
f 41//40 40//40 42//40
f 41//41 42//41 43//41
f 43//42 42//42 44//42
f 43//43 44//43 1//43
f 1//44 44//44 2//44
f 45//45 46//45 47//45
f 47//46 46//46 48//46
f 47//47 48//47 49//47
f 49//48 48//48 50//48
f 49//49 50//49 51//49
f 51//50 50//50 52//50
f 51//51 52//51 53//51
f 53//52 52//52 54//52
f 53//53 54//53 55//53
f 55//54 54//54 56//54
f 55//55 56//55 57//55
f 57//56 56//56 58//56
f 57//56 58//56 59//56
f 59//57 58//57 60//57
f 59//58 60//58 61//58
f 61//59 60//59 62//59
f 61//60 62//60 63//60
f 63//61 62//61 64//61
f 63//62 64//62 65//62
f 65//63 64//63 66//63
f 65//64 66//64 67//64
f 67//65 66//65 68//65
f 67//66 68//66 69//66
f 69//67 68//67 70//67
f 69//68 70//68 71//68
f 71//69 70//69 72//69
f 71//70 72//70 73//70
f 73//71 72//71 74//71
f 73//72 74//72 75//72
f 75//73 74//73 76//73
f 75//74 76//74 77//74
f 77//75 76//75 78//75
f 77//76 78//76 79//76
f 79//77 78//77 80//77
f 79//77 80//77 81//77
f 81//78 80//78 82//78
f 81//79 82//79 83//79
f 83//80 82//80 84//80
f 83//81 84//81 85//81
f 85//82 84//82 86//82
f 85//83 86//83 87//83
f 87//84 86//84 88//84
f 87//85 88//85 45//85
f 45//86 88//86 46//86
f 89//87 90//87 91//87
f 91//88 90//88 92//88
f 91//89 92//89 93//89
f 93//90 92//90 94//90
f 93//91 94//91 95//91
f 95//92 94//92 96//92
f 95//93 96//93 97//93
f 97//94 96//94 98//94
f 97//95 98//95 99//95
f 99//96 98//96 100//96
f 99//97 100//97 101//97
f 101//98 100//98 102//98
f 101//99 102//99 103//99
f 103//100 102//100 104//100
f 103//101 104//101 105//101
f 105//102 104//102 106//102
f 105//103 106//103 107//103
f 107//104 106//104 108//104
f 107//105 108//105 109//105
f 109//106 108//106 110//106
f 109//107 110//107 111//107
f 111//108 110//108 112//108
f 111//109 112//109 113//109
f 113//110 112//110 114//110
f 113//111 114//111 115//111
f 115//112 114//112 116//112
f 115//113 116//113 117//113
f 117//114 116//114 118//114
f 117//115 118//115 119//115
f 119//116 118//116 120//116
f 119//117 120//117 121//117
f 121//118 120//118 122//118
f 121//119 122//119 123//119
f 123//120 122//120 124//120
f 123//121 124//121 125//121
f 125//122 124//122 126//122
f 125//123 126//123 127//123
f 127//124 126//124 128//124
f 127//125 128//125 129//125
f 129//126 128//126 130//126
f 129//127 130//127 131//127
f 131//128 130//128 132//128
f 131//129 132//129 89//129
f 89//130 132//130 90//130
f 93//131 111//131 91//131
f 91//131 111//131 113//131
f 91//131 113//131 89//131
f 89//131 113//131 115//131
f 89//132 115//132 131//132
f 131//132 115//132 117//132
f 131//131 117//131 129//131
f 129//131 117//131 119//131
f 129//131 119//131 127//131
f 127//131 119//131 121//131
f 127//131 121//131 125//131
f 125//131 121//131 123//131
f 111//133 93//133 109//133
f 109//133 93//133 95//133
f 109//131 95//131 107//131
f 107//131 95//131 97//131
f 107//131 97//131 105//131
f 105//131 97//131 99//131
f 105//131 99//131 103//131
f 103//131 99//131 101//131
f 12//134 38//134 14//134
f 14//134 38//134 36//134
f 14//134 36//134 16//134
f 16//134 36//134 34//134
f 16//135 34//135 18//135
f 18//135 34//135 32//135
f 18//134 32//134 20//134
f 20//134 32//134 30//134
f 20//134 30//134 22//134
f 22//134 30//134 28//134
f 22//134 28//134 24//134
f 24//134 28//134 26//134
f 38//136 12//136 40//136
f 40//136 12//136 10//136
f 40//134 10//134 42//134
f 42//134 10//134 8//134
f 42//134 8//134 44//134
f 44//134 8//134 6//134
f 44//134 6//134 2//134
f 2//134 6//134 4//134
f 133//137 134//137 135//137
f 135//138 134//138 136//138
f 135//139 136//139 137//139
f 137//140 136//140 138//140
f 137//141 138//141 139//141
f 139//142 138//142 140//142
f 139//143 140//143 141//143
f 141//144 140//144 142//144
f 141//145 142//145 143//145
f 143//146 142//146 144//146
f 143//147 144//147 145//147
f 145//148 144//148 146//148
f 145//149 146//149 147//149
f 147//150 146//150 148//150
f 147//151 148//151 149//151
f 149//152 148//152 150//152
f 149//153 150//153 151//153
f 151//154 150//154 152//154
f 151//155 152//155 153//155
f 153//155 152//155 154//155
f 153//156 154//156 155//156
f 155//157 154//157 156//157
f 155//158 156//158 157//158
f 157//159 156//159 158//159
f 157//160 158//160 159//160
f 159//161 158//161 160//161
f 159//162 160//162 161//162
f 161//163 160//163 162//163
f 161//164 162//164 163//164
f 163//165 162//165 164//165
f 163//166 164//166 165//166
f 165//167 164//167 166//167
f 165//168 166//168 167//168
f 167//169 166//169 168//169
f 167//170 168//170 169//170
f 169//171 168//171 170//171
f 169//172 170//172 171//172
f 171//173 170//173 172//173
f 171//174 172//174 173//174
f 173//175 172//175 174//175
f 173//176 174//176 175//176
f 175//177 174//177 176//177
f 175//178 176//178 177//178
f 177//179 176//179 178//179
f 177//180 178//180 179//180
f 179//181 178//181 180//181
f 179//182 180//182 133//182
f 133//183 180//183 134//183
f 181//184 182//184 183//184
f 183//184 182//184 184//184
f 183//185 184//185 185//185
f 185//185 184//185 186//185
f 185//186 186//186 187//186
f 187//186 186//186 188//186
f 187//187 188//187 189//187
f 189//187 188//187 190//187
f 189//188 190//188 191//188
f 191//189 190//189 192//189
f 191//190 192//190 193//190
f 193//191 192//191 194//191
f 193//192 194//192 195//192
f 195//193 194//193 196//193
f 195//194 196//194 197//194
f 197//195 196//195 198//195
f 197//196 198//196 199//196
f 199//196 198//196 200//196
f 199//197 200//197 201//197
f 201//198 200//198 202//198
f 201//199 202//199 203//199
f 203//199 202//199 204//199
f 203//200 204//200 205//200
f 205//200 204//200 206//200
f 205//201 206//201 207//201
f 207//201 206//201 208//201
f 207//202 208//202 209//202
f 209//202 208//202 210//202
f 209//203 210//203 211//203
f 211//203 210//203 212//203
f 211//204 212//204 213//204
f 213//204 212//204 214//204
f 213//205 214//205 215//205
f 215//206 214//206 216//206
f 215//207 216//207 217//207
f 217//207 216//207 218//207
f 217//208 218//208 219//208
f 219//152 218//152 220//152
f 219//209 220//209 221//209
f 221//210 220//210 222//210
f 221//211 222//211 223//211
f 223//212 222//212 224//212
f 223//213 224//213 225//213
f 225//214 224//214 226//214
f 225//215 226//215 227//215
f 227//215 226//215 228//215
f 227//216 228//216 181//216
f 181//216 228//216 182//216
f 229//217 230//217 231//217
f 231//218 230//218 232//218
f 231//219 232//219 233//219
f 233//220 232//220 234//220
f 233//221 234//221 235//221
f 235//222 234//222 236//222
f 235//223 236//223 237//223
f 238//224 239//224 240//224
f 240//225 239//225 241//225
f 241//226 239//226 242//226
f 241//227 242//227 243//227
f 243//228 242//228 244//228
f 243//229 244//229 245//229
f 245//230 244//230 246//230
f 247//231 248//231 249//231
f 249//232 248//232 250//232
f 250//233 248//233 251//233
f 250//234 251//234 252//234
f 252//235 251//235 253//235
f 252//236 253//236 254//236
f 254//237 253//237 255//237
f 256//238 247//238 257//238
f 257//239 247//239 249//239
f 255//240 258//240 254//240
f 254//240 258//240 259//240
f 255//241 253//241 237//241
f 237//242 253//242 235//242
f 235//243 253//243 251//243
f 235//244 251//244 233//244
f 233//245 251//245 248//245
f 233//246 248//246 231//246
f 231//247 248//247 247//247
f 231//248 247//248 229//248
f 260//249 261//249 262//249
f 262//249 261//249 263//249
f 262//250 263//250 264//250
f 264//250 263//250 265//250
f 264//251 265//251 259//251
f 259//252 258//252 264//252
f 266//253 261//253 267//253
f 267//253 261//253 260//253
f 268//254 269//254 270//254
f 270//254 269//254 271//254
f 271//255 269//255 272//255
f 272//255 269//255 273//255
f 272//256 273//256 267//256
f 267//257 273//257 266//257
f 274//258 268//258 275//258
f 275//259 268//259 270//259
f 276//260 277//260 278//260
f 278//261 277//261 279//261
f 279//262 277//262 280//262
f 279//262 280//262 281//262
f 281//263 280//263 275//263
f 275//263 280//263 274//263
f 282//264 283//264 278//264
f 278//264 283//264 276//264
f 284//265 285//265 286//265
f 286//266 285//266 287//266
f 286//267 287//267 288//267
f 286//267 288//267 289//267
f 289//268 288//268 283//268
f 289//268 283//268 282//268
f 238//269 240//269 284//269
f 284//269 240//269 285//269
f 246//238 290//238 245//238
f 245//270 290//270 291//270
f 292//271 246//271 293//271
f 293//272 246//272 244//272
f 293//273 244//273 242//273
f 293//274 242//274 294//274
f 294//275 242//275 239//275
f 294//276 239//276 295//276
f 295//277 239//277 296//277
f 296//278 239//278 238//278
f 257//279 297//279 256//279
f 256//280 297//280 298//280
f 298//281 297//281 299//281
f 298//282 299//282 300//282
f 300//283 299//283 301//283
f 300//284 301//284 302//284
f 302//285 303//285 300//285
f 300//286 303//286 304//286
f 304//287 303//287 305//287
f 305//288 306//288 304//288
f 304//289 306//289 307//289
f 304//290 307//290 300//290
f 300//291 307//291 308//291
f 300//292 308//292 298//292
f 298//293 308//293 309//293
f 298//294 309//294 256//294
f 256//295 309//295 310//295
f 311//296 312//296 183//296
f 183//297 312//297 313//297
f 183//298 313//298 181//298
f 181//299 313//299 314//299
f 181//300 314//300 227//300
f 227//301 314//301 315//301
f 227//302 315//302 225//302
f 225//303 315//303 316//303
f 225//304 316//304 223//304
f 223//305 316//305 317//305
f 223//306 317//306 221//306
f 221//307 317//307 318//307
f 221//308 318//308 219//308
f 219//309 318//309 319//309
f 219//310 319//310 217//310
f 217//311 319//311 320//311
f 217//312 320//312 215//312
f 215//313 320//313 321//313
f 215//314 321//314 213//314
f 213//315 321//315 322//315
f 213//316 322//316 211//316
f 211//317 322//317 323//317
f 211//318 323//318 209//318
f 209//319 323//319 324//319
f 209//320 324//320 207//320
f 207//321 324//321 325//321
f 207//322 325//322 205//322
f 205//323 325//323 326//323
f 205//324 326//324 203//324
f 203//325 326//325 327//325
f 203//326 327//326 201//326
f 201//327 327//327 328//327
f 201//328 328//328 199//328
f 199//329 328//329 329//329
f 199//330 329//330 197//330
f 197//331 329//331 330//331
f 197//332 330//332 195//332
f 195//333 330//333 331//333
f 195//334 331//334 193//334
f 193//335 331//335 332//335
f 193//336 332//336 191//336
f 191//337 332//337 333//337
f 191//338 333//338 189//338
f 189//339 333//339 334//339
f 189//340 334//340 187//340
f 187//341 334//341 335//341
f 187//342 335//342 185//342
f 185//343 335//343 311//343
f 185//344 311//344 183//344
f 336//345 337//345 102//345
f 102//346 337//346 338//346
f 102//347 338//347 104//347
f 104//348 338//348 339//348
f 104//349 339//349 106//349
f 106//350 339//350 340//350
f 106//351 340//351 108//351
f 108//352 340//352 341//352
f 108//353 341//353 110//353
f 110//354 341//354 342//354
f 110//355 342//355 112//355
f 112//356 342//356 343//356
f 112//357 343//357 114//357
f 114//358 343//358 344//358
f 114//359 344//359 116//359
f 116//360 344//360 345//360
f 116//361 345//361 118//361
f 118//362 345//362 346//362
f 118//363 346//363 120//363
f 120//364 346//364 347//364
f 120//365 347//365 122//365
f 122//366 347//366 348//366
f 122//367 348//367 124//367
f 124//368 348//368 349//368
f 124//369 349//369 350//369
f 124//370 350//370 126//370
f 126//371 350//371 351//371
f 126//372 351//372 128//372
f 128//373 351//373 352//373
f 128//374 352//374 130//374
f 130//375 352//375 353//375
f 130//376 353//376 132//376
f 132//377 353//377 354//377
f 132//378 354//378 90//378
f 90//379 354//379 355//379
f 90//380 355//380 92//380
f 92//381 355//381 356//381
f 92//382 356//382 94//382
f 94//383 356//383 357//383
f 94//384 357//384 96//384
f 96//385 357//385 358//385
f 96//386 358//386 98//386
f 98//387 358//387 359//387
f 98//388 359//388 100//388
f 100//389 359//389 336//389
f 100//390 336//390 102//390
f 360//391 361//391 362//391
f 362//392 361//392 363//392
f 362//393 363//393 364//393
f 364//394 363//394 365//394
f 364//395 365//395 366//395
f 366//396 365//396 367//396
f 366//397 367//397 368//397
f 368//398 367//398 369//398
f 370//399 371//399 47//399
f 47//400 371//400 372//400
f 47//401 372//401 45//401
f 45//402 372//402 373//402
f 45//403 373//403 87//403
f 87//404 373//404 374//404
f 87//405 374//405 85//405
f 85//406 374//406 375//406
f 85//407 375//407 83//407
f 83//408 375//408 376//408
f 83//409 376//409 81//409
f 81//410 376//410 377//410
f 81//411 377//411 79//411
f 79//412 377//412 378//412
f 79//413 378//413 77//413
f 77//414 378//414 379//414
f 77//415 379//415 75//415
f 75//416 379//416 380//416
f 75//417 380//417 73//417
f 73//418 380//418 381//418
f 73//419 381//419 71//419
f 71//420 381//420 382//420
f 71//421 382//421 69//421
f 69//422 382//422 383//422
f 69//423 383//423 384//423
f 69//424 384//424 67//424
f 67//425 384//425 385//425
f 67//426 385//426 65//426
f 65//427 385//427 386//427
f 65//428 386//428 63//428
f 63//429 386//429 387//429
f 63//430 387//430 61//430
f 61//431 387//431 388//431
f 61//432 388//432 59//432
f 59//433 388//433 389//433
f 59//434 389//434 57//434
f 57//435 389//435 390//435
f 57//436 390//436 55//436
f 55//437 390//437 391//437
f 55//438 391//438 53//438
f 53//439 391//439 392//439
f 53//440 392//440 51//440
f 51//441 392//441 393//441
f 51//442 393//442 49//442
f 49//443 393//443 370//443
f 49//444 370//444 47//444
f 394//445 395//445 396//445
f 396//446 395//446 397//446
f 396//447 397//447 398//447
f 396//448 398//448 399//448
f 399//449 398//449 400//449
f 399//450 400//450 401//450
f 401//451 400//451 402//451
f 402//452 400//452 403//452
f 404//453 405//453 406//453
f 406//453 405//453 407//453
f 406//454 407//454 408//454
f 409//455 410//455 408//455
f 408//456 410//456 411//456
f 408//457 411//457 412//457
f 412//458 413//458 408//458
f 408//459 413//459 369//459
f 408//460 369//460 403//460
f 403//461 369//461 367//461
f 403//462 367//462 365//462
f 365//463 363//463 403//463
f 403//464 363//464 361//464
f 400//465 395//465 403//465
f 403//466 395//466 406//466
f 403//467 406//467 408//467
f 400//453 398//453 395//453
f 395//453 398//453 397//453
f 413//468 412//468 414//468
f 414//469 412//469 415//469
f 415//470 412//470 411//470
f 415//471 411//471 416//471
f 416//472 411//472 410//472
f 416//473 410//473 417//473
f 417//474 410//474 409//474
f 417//475 409//475 418//475
f 408//476 407//476 419//476
f 419//477 407//477 420//477
f 420//478 407//478 421//478
f 421//479 407//479 405//479
f 421//480 405//480 422//480
f 422//481 405//481 404//481
f 422//482 404//482 423//482
f 423//483 404//483 406//483
f 424//345 425//345 68//345
f 68//346 425//346 426//346
f 68//347 426//347 70//347
f 70//348 426//348 427//348
f 70//349 427//349 72//349
f 72//350 427//350 428//350
f 72//351 428//351 74//351
f 74//352 428//352 429//352
f 74//353 429//353 76//353
f 76//354 429//354 430//354
f 76//355 430//355 78//355
f 78//356 430//356 431//356
f 78//357 431//357 80//357
f 80//358 431//358 432//358
f 80//359 432//359 82//359
f 82//360 432//360 433//360
f 82//361 433//361 84//361
f 84//362 433//362 434//362
f 84//363 434//363 86//363
f 86//364 434//364 435//364
f 86//365 435//365 88//365
f 88//366 435//366 436//366
f 88//367 436//367 46//367
f 46//368 436//368 437//368
f 46//369 437//369 438//369
f 46//370 438//370 48//370
f 48//371 438//371 439//371
f 48//372 439//372 50//372
f 50//373 439//373 440//373
f 50//374 440//374 52//374
f 52//375 440//375 441//375
f 52//376 441//376 54//376
f 54//377 441//377 442//377
f 54//378 442//378 56//378
f 56//379 442//379 443//379
f 56//380 443//380 58//380
f 58//381 443//381 444//381
f 58//382 444//382 60//382
f 60//383 444//383 445//383
f 60//384 445//384 62//384
f 62//385 445//385 446//385
f 62//386 446//386 64//386
f 64//387 446//387 447//387
f 64//388 447//388 66//388
f 66//389 447//389 424//389
f 66//390 424//390 68//390
f 448//399 449//399 3//399
f 3//400 449//400 450//400
f 3//401 450//401 1//401
f 1//402 450//402 451//402
f 1//403 451//403 43//403
f 43//404 451//404 452//404
f 43//405 452//405 41//405
f 41//406 452//406 453//406
f 41//407 453//407 39//407
f 39//408 453//408 454//408
f 39//409 454//409 37//409
f 37//410 454//410 455//410
f 37//411 455//411 35//411
f 35//412 455//412 456//412
f 35//413 456//413 33//413
f 33//414 456//414 457//414
f 33//415 457//415 31//415
f 31//416 457//416 458//416
f 31//417 458//417 29//417
f 29//418 458//418 459//418
f 29//419 459//419 27//419
f 27//420 459//420 460//420
f 27//421 460//421 25//421
f 25//422 460//422 461//422
f 25//423 461//423 462//423
f 25//424 462//424 23//424
f 23//425 462//425 463//425
f 23//426 463//426 21//426
f 21//427 463//427 464//427
f 21//428 464//428 19//428
f 19//429 464//429 465//429
f 19//430 465//430 17//430
f 17//431 465//431 466//431
f 17//432 466//432 15//432
f 15//433 466//433 467//433
f 15//434 467//434 13//434
f 13//435 467//435 468//435
f 13//436 468//436 11//436
f 11//437 468//437 469//437
f 11//438 469//438 9//438
f 9//439 469//439 470//439
f 9//440 470//440 7//440
f 7//441 470//441 471//441
f 7//442 471//442 5//442
f 5//443 471//443 448//443
f 5//444 448//444 3//444
f 472//484 473//484 474//484
f 474//485 473//485 475//485
f 474//486 475//486 476//486
f 476//487 475//487 477//487
f 476//488 477//488 478//488
f 478//489 477//489 479//489
f 480//490 481//490 482//490
f 482//491 481//491 483//491
f 483//492 481//492 484//492
f 483//493 484//493 485//493
f 485//494 484//494 486//494
f 486//495 484//495 487//495
f 488//496 489//496 148//496
f 148//497 489//497 490//497
f 148//498 490//498 150//498
f 150//499 490//499 491//499
f 150//500 491//500 152//500
f 152//501 491//501 492//501
f 152//502 492//502 154//502
f 154//503 492//503 493//503
f 154//504 493//504 156//504
f 156//505 493//505 494//505
f 156//506 494//506 158//506
f 158//507 494//507 495//507
f 158//508 495//508 160//508
f 160//509 495//509 496//509
f 160//510 496//510 162//510
f 162//511 496//511 497//511
f 162//512 497//512 164//512
f 164//513 497//513 498//513
f 164//514 498//514 166//514
f 166//515 498//515 499//515
f 166//516 499//516 168//516
f 168//517 499//517 500//517
f 168//518 500//518 170//518
f 170//519 500//519 501//519
f 170//520 501//520 172//520
f 172//521 501//521 502//521
f 172//522 502//522 174//522
f 174//523 502//523 503//523
f 174//524 503//524 176//524
f 176//525 503//525 504//525
f 176//526 504//526 178//526
f 178//527 504//527 505//527
f 178//528 505//528 180//528
f 180//529 505//529 506//529
f 180//530 506//530 134//530
f 134//531 506//531 507//531
f 134//532 507//532 136//532
f 136//533 507//533 508//533
f 136//534 508//534 138//534
f 138//535 508//535 509//535
f 138//536 509//536 140//536
f 140//537 509//537 510//537
f 140//538 510//538 142//538
f 142//539 510//539 511//539
f 142//540 511//540 144//540
f 144//541 511//541 512//541
f 144//542 512//542 146//542
f 146//543 512//543 488//543
f 146//544 488//544 148//544
f 513//545 514//545 515//545
f 515//546 514//546 516//546
f 515//547 516//547 517//547
f 517//548 516//548 518//548
f 517//549 518//549 519//549
f 517//550 519//550 520//550
f 520//551 519//551 521//551
f 520//552 521//552 290//552
f 290//553 521//553 291//553
f 522//554 523//554 290//554
f 290//555 523//555 520//555
f 520//556 523//556 524//556
f 520//557 524//557 517//557
f 517//558 524//558 525//558
f 517//559 525//559 515//559
f 515//560 525//560 526//560
f 515//561 526//561 513//561
f 527//562 528//562 159//562
f 159//563 528//563 529//563
f 159//564 529//564 157//564
f 157//565 529//565 530//565
f 157//566 530//566 155//566
f 155//567 530//567 531//567
f 155//568 531//568 153//568
f 153//569 531//569 532//569
f 153//570 532//570 151//570
f 151//571 532//571 533//571
f 151//572 533//572 149//572
f 149//573 533//573 534//573
f 149//574 534//574 147//574
f 147//575 534//575 535//575
f 147//576 535//576 145//576
f 145//577 535//577 536//577
f 145//578 536//578 143//578
f 143//579 536//579 537//579
f 143//580 537//580 141//580
f 141//581 537//581 538//581
f 141//582 538//582 139//582
f 139//583 538//583 539//583
f 139//584 539//584 137//584
f 137//585 539//585 540//585
f 137//586 540//586 135//586
f 135//587 540//587 541//587
f 135//588 541//588 133//588
f 133//589 541//589 542//589
f 133//590 542//590 179//590
f 179//591 542//591 543//591
f 179//592 543//592 177//592
f 177//593 543//593 544//593
f 177//594 544//594 175//594
f 175//595 544//595 545//595
f 175//596 545//596 173//596
f 173//597 545//597 546//597
f 173//598 546//598 171//598
f 171//599 546//599 547//599
f 171//600 547//600 169//600
f 169//601 547//601 548//601
f 169//602 548//602 167//602
f 167//603 548//603 549//603
f 167//604 549//604 165//604
f 165//605 549//605 550//605
f 165//606 550//606 163//606
f 163//607 550//607 551//607
f 163//608 551//608 161//608
f 161//609 551//609 527//609
f 161//610 527//610 159//610
f 240//611 552//611 285//611
f 285//612 552//612 553//612
f 285//613 553//613 554//613
f 241//614 245//614 240//614
f 240//615 245//615 291//615
f 240//616 291//616 552//616
f 552//617 291//617 521//617
f 552//618 521//618 519//618
f 241//453 243//453 245//453
f 519//619 518//619 552//619
f 554//620 555//620 285//620
f 285//621 555//621 287//621
f 287//622 555//622 288//622
f 288//623 555//623 283//623
f 283//624 555//624 556//624
f 283//625 556//625 276//625
f 276//626 556//626 277//626
f 277//627 556//627 280//627
f 280//628 556//628 557//628
f 280//629 557//629 558//629
f 558//630 559//630 280//630
f 280//631 559//631 274//631
f 274//632 559//632 268//632
f 268//633 559//633 560//633
f 268//634 560//634 269//634
f 269//635 560//635 561//635
f 269//636 561//636 562//636
f 562//637 563//637 269//637
f 269//638 563//638 273//638
f 273//639 563//639 266//639
f 266//640 563//640 261//640
f 261//641 563//641 564//641
f 261//642 564//642 263//642
f 263//643 564//643 265//643
f 265//644 564//644 259//644
f 259//645 564//645 565//645
f 259//646 565//646 566//646
f 566//647 567//647 259//647
f 259//648 567//648 254//648
f 254//649 567//649 257//649
f 254//650 257//650 249//650
f 301//651 299//651 567//651
f 567//652 299//652 297//652
f 567//653 297//653 257//653
f 250//453 252//453 249//453
f 249//654 252//654 254//654
f 568//655 569//655 570//655
f 570//655 569//655 571//655
f 571//656 569//656 572//656
f 571//656 572//656 573//656
f 573//657 572//657 574//657
f 573//657 574//657 575//657
f 575//658 574//658 576//658
f 575//658 576//658 577//658
f 577//659 576//659 578//659
f 577//659 578//659 579//659
f 579//660 578//660 580//660
f 579//660 580//660 581//660
f 581//661 580//661 582//661
f 581//661 582//661 583//661
f 583//662 582//662 584//662
f 583//662 584//662 585//662
f 585//663 584//663 586//663
f 585//663 586//663 587//663
f 587//664 586//664 588//664
f 587//664 588//664 589//664
f 589//665 588//665 590//665
f 590//665 588//665 591//665
f 590//666 591//666 592//666
f 592//666 591//666 593//666
f 592//667 593//667 594//667
f 594//667 593//667 595//667
f 594//668 595//668 596//668
f 596//668 595//668 597//668
f 596//669 597//669 598//669
f 598//669 597//669 599//669
f 598//670 599//670 600//670
f 600//670 599//670 601//670
f 600//671 601//671 602//671
f 602//671 601//671 603//671
f 604//672 605//672 606//672
f 606//673 605//673 607//673
f 606//674 607//674 608//674
f 608//674 607//674 609//674
f 608//675 609//675 610//675
f 610//675 609//675 611//675
f 610//676 611//676 612//676
f 612//676 611//676 613//676
f 612//677 613//677 614//677
f 614//677 613//677 615//677
f 614//678 615//678 616//678
f 616//678 615//678 617//678
f 616//679 617//679 618//679
f 618//679 617//679 619//679
f 618//680 619//680 620//680
f 620//680 619//680 621//680
f 620//681 621//681 622//681
f 622//681 621//681 623//681
f 622//682 623//682 624//682
f 624//682 623//682 625//682
f 624//683 625//683 626//683
f 626//683 625//683 627//683
f 626//684 627//684 628//684
f 628//684 627//684 629//684
f 628//685 629//685 630//685
f 630//685 629//685 631//685
f 630//686 631//686 632//686
f 632//686 631//686 633//686
f 632//687 633//687 634//687
f 634//687 633//687 635//687
f 634//688 635//688 636//688
f 636//688 635//688 637//688
f 636//689 637//689 638//689
f 638//689 637//689 639//689
f 414//690 368//690 413//690
f 413//690 368//690 369//690
f 640//689 641//689 642//689
f 642//689 641//689 643//689
f 642//688 643//688 644//688
f 644//688 643//688 645//688
f 644//687 645//687 646//687
f 646//687 645//687 647//687
f 646//686 647//686 648//686
f 648//686 647//686 649//686
f 648//685 649//685 650//685
f 650//685 649//685 651//685
f 650//684 651//684 652//684
f 652//684 651//684 653//684
f 652//683 653//683 654//683
f 654//683 653//683 655//683
f 654//682 655//682 656//682
f 656//682 655//682 657//682
f 656//681 657//681 658//681
f 658//681 657//681 659//681
f 658//680 659//680 660//680
f 660//680 659//680 661//680
f 660//679 661//679 662//679
f 662//679 661//679 663//679
f 662//678 663//678 664//678
f 664//678 663//678 665//678
f 664//677 665//677 666//677
f 666//677 665//677 667//677
f 666//676 667//676 668//676
f 668//676 667//676 669//676
f 668//675 669//675 670//675
f 670//675 669//675 671//675
f 670//674 671//674 672//674
f 672//674 671//674 673//674
f 672//673 673//673 674//673
f 674//673 675//673 672//673
f 676//655 677//655 678//655
f 678//655 677//655 679//655
f 679//656 677//656 680//656
f 679//656 680//656 681//656
f 681//657 680//657 682//657
f 681//657 682//657 683//657
f 683//658 682//658 684//658
f 683//658 684//658 685//658
f 685//659 684//659 686//659
f 685//659 686//659 687//659
f 687//660 686//660 688//660
f 687//660 688//660 689//660
f 689//661 688//661 690//661
f 689//661 690//661 691//661
f 691//662 690//662 692//662
f 691//662 692//662 693//662
f 693//663 692//663 694//663
f 693//663 694//663 695//663
f 695//664 694//664 696//664
f 695//664 696//664 697//664
f 697//665 696//665 698//665
f 697//665 698//665 699//665
f 699//666 698//666 700//666
f 699//666 700//666 701//666
f 701//667 700//667 702//667
f 702//667 700//667 703//667
f 702//668 703//668 704//668
f 704//668 703//668 705//668
f 704//669 705//669 706//669
f 706//669 705//669 707//669
f 706//670 707//670 708//670
f 708//670 707//670 709//670
f 708//671 709//671 710//671
f 710//691 711//691 708//691
f 310//692 229//692 256//692
f 256//692 229//692 247//692
f 237//693 712//693 255//693
f 255//694 712//694 258//694
f 258//695 712//695 264//695
f 264//696 712//696 713//696
f 264//697 713//697 262//697
f 262//698 713//698 714//698
f 262//699 714//699 715//699
f 715//700 260//700 262//700
f 267//701 260//701 716//701
f 716//702 260//702 715//702
f 716//703 717//703 267//703
f 267//704 717//704 272//704
f 272//705 717//705 718//705
f 272//706 718//706 271//706
f 271//707 718//707 719//707
f 271//708 719//708 270//708
f 270//692 719//692 275//692
f 275//692 719//692 720//692
f 275//709 720//709 281//709
f 281//710 720//710 721//710
f 281//711 721//711 279//711
f 279//712 721//712 722//712
f 279//713 722//713 278//713
f 278//714 722//714 723//714
f 278//715 723//715 282//715
f 282//716 723//716 724//716
f 724//717 725//717 282//717
f 282//718 725//718 289//718
f 289//719 725//719 726//719
f 289//720 726//720 286//720
f 286//721 726//721 284//721
f 284//722 726//722 727//722
f 284//723 727//723 238//723
f 238//723 727//723 296//723
f 292//692 522//692 246//692
f 246//692 522//692 290//692
f 292//724 293//724 728//724
f 728//725 293//725 729//725
f 729//726 293//726 294//726
f 729//727 294//727 730//727
f 730//728 294//728 295//728
f 730//729 295//729 731//729
f 731//730 295//730 296//730
f 732//731 733//731 734//731
f 734//732 733//732 735//732
f 734//733 735//733 736//733
f 736//734 735//734 737//734
f 736//735 737//735 738//735
f 738//736 737//736 739//736
f 738//737 739//737 740//737
f 740//738 739//738 741//738
f 740//739 741//739 742//739
f 742//740 741//740 743//740
f 742//741 743//741 744//741
f 744//742 743//742 745//742
f 744//743 745//743 746//743
f 746//744 745//744 747//744
f 746//745 747//745 748//745
f 748//746 747//746 749//746
f 748//747 749//747 750//747
f 750//748 749//748 751//748
f 750//749 751//749 752//749
f 752//750 751//750 753//750
f 752//751 753//751 754//751
f 754//752 753//752 755//752
f 754//753 755//753 756//753
f 756//754 755//754 757//754
f 756//755 757//755 758//755
f 758//756 757//756 759//756
f 758//757 759//757 760//757
f 760//758 759//758 761//758
f 760//759 761//759 762//759
f 762//760 761//760 763//760
f 762//761 763//761 764//761
f 764//762 763//762 765//762
f 764//763 765//763 766//763
f 766//764 765//764 767//764
f 766//765 767//765 768//765
f 768//766 767//766 769//766
f 768//767 769//767 770//767
f 771//768 772//768 773//768
f 773//769 772//769 774//769
f 773//770 774//770 775//770
f 775//771 774//771 776//771
f 775//772 776//772 777//772
f 777//773 776//773 778//773
f 777//774 778//774 779//774
f 779//775 778//775 780//775
f 779//776 780//776 781//776
f 781//777 780//777 782//777
f 781//778 782//778 783//778
f 783//779 782//779 784//779
f 783//780 784//780 785//780
f 785//781 784//781 786//781
f 785//782 786//782 787//782
f 787//783 786//783 788//783
f 787//784 788//784 789//784
f 789//785 788//785 790//785
f 789//786 790//786 791//786
f 791//787 790//787 792//787
f 791//788 792//788 793//788
f 793//789 792//789 794//789
f 793//790 794//790 795//790
f 795//791 794//791 796//791
f 795//792 796//792 797//792
f 797//793 796//793 798//793
f 797//794 798//794 799//794
f 799//795 798//795 800//795
f 799//796 800//796 801//796
f 801//797 800//797 802//797
f 801//798 802//798 803//798
f 803//799 802//799 804//799
f 803//800 804//800 805//800
f 805//801 804//801 806//801
f 805//802 806//802 807//802
f 807//803 806//803 808//803
f 807//804 808//804 809//804
f 810//805 811//805 555//805
f 555//806 811//806 556//806
f 812//807 559//807 813//807
f 813//808 559//808 558//808
f 813//809 558//809 557//809
f 813//810 557//810 814//810
f 814//811 557//811 556//811
f 814//812 556//812 811//812
f 815//813 560//813 812//813
f 812//814 560//814 559//814
f 816//815 563//815 817//815
f 817//816 563//816 562//816
f 817//817 562//817 818//817
f 818//818 562//818 561//818
f 818//819 561//819 815//819
f 815//820 561//820 560//820
f 819//821 564//821 816//821
f 816//822 564//822 563//822
f 820//823 567//823 821//823
f 821//824 567//824 566//824
f 821//825 566//825 565//825
f 821//826 565//826 822//826
f 822//827 565//827 564//827
f 822//828 564//828 819//828
f 823//829 323//829 824//829
f 824//830 323//830 322//830
f 824//831 322//831 825//831
f 825//134 322//134 321//134
f 825//134 321//134 826//134
f 826//134 321//134 320//134
f 826//134 320//134 827//134
f 827//134 320//134 319//134
f 827//832 319//832 301//832
f 301//833 319//833 318//833
f 301//834 318//834 302//834
f 302//134 318//134 305//134
f 302//835 305//835 303//835
f 323//836 823//836 324//836
f 324//837 823//837 828//837
f 324//134 828//134 829//134
f 829//134 830//134 324//134
f 324//134 830//134 325//134
f 325//134 830//134 831//134
f 325//838 831//838 832//838
f 325//839 832//839 326//839
f 326//840 832//840 833//840
f 326//841 833//841 327//841
f 327//134 833//134 834//134
f 327//134 834//134 328//134
f 328//134 834//134 835//134
f 328//134 835//134 329//134
f 329//134 835//134 836//134
f 329//134 836//134 330//134
f 330//134 836//134 837//134
f 330//134 837//134 331//134
f 331//134 837//134 332//134
f 332//134 837//134 838//134
f 332//134 838//134 333//134
f 333//134 838//134 839//134
f 333//134 839//134 334//134
f 334//134 839//134 840//134
f 334//842 840//842 335//842
f 335//843 840//843 841//843
f 335//844 841//844 311//844
f 311//845 841//845 842//845
f 311//846 842//846 312//846
f 312//847 842//847 843//847
f 312//134 843//134 844//134
f 312//134 844//134 313//134
f 313//848 844//848 306//848
f 313//849 306//849 314//849
f 314//850 306//850 315//850
f 315//851 306//851 305//851
f 315//134 305//134 316//134
f 316//134 305//134 317//134
f 317//134 305//134 318//134
f 567//852 820//852 301//852
f 301//853 820//853 827//853
f 845//854 357//854 675//854
f 675//855 357//855 356//855
f 675//131 356//131 355//131
f 846//856 337//856 845//856
f 845//857 337//857 336//857
f 845//858 336//858 359//858
f 337//859 846//859 338//859
f 338//860 846//860 847//860
f 338//861 847//861 339//861
f 339//862 847//862 340//862
f 340//863 847//863 848//863
f 340//864 848//864 849//864
f 340//865 849//865 341//865
f 341//866 849//866 640//866
f 341//867 640//867 342//867
f 342//868 640//868 642//868
f 342//869 642//869 644//869
f 342//131 644//131 343//131
f 343//131 644//131 646//131
f 343//870 646//870 648//870
f 343//871 648//871 344//871
f 344//872 648//872 650//872
f 344//873 650//873 345//873
f 345//131 650//131 652//131
f 345//874 652//874 346//874
f 346//875 652//875 654//875
f 346//876 654//876 347//876
f 347//877 654//877 656//877
f 347//878 656//878 348//878
f 348//879 656//879 658//879
f 348//880 658//880 349//880
f 349//881 658//881 660//881
f 349//882 660//882 350//882
f 350//883 660//883 662//883
f 350//884 662//884 351//884
f 351//885 662//885 664//885
f 351//886 664//886 352//886
f 352//887 664//887 666//887
f 352//888 666//888 353//888
f 353//889 666//889 668//889
f 353//890 668//890 354//890
f 354//891 668//891 670//891
f 354//892 670//892 672//892
f 354//131 672//131 355//131
f 355//131 672//131 675//131
f 359//893 358//893 845//893
f 845//894 358//894 357//894
f 678//895 850//895 676//895
f 676//895 850//895 851//895
f 851//896 850//896 852//896
f 851//896 852//896 853//896
f 853//897 852//897 854//897
f 854//898 852//898 855//898
f 641//899 640//899 856//899
f 856//899 640//899 849//899
f 856//900 849//900 857//900
f 857//900 849//900 848//900
f 857//901 848//901 858//901
f 858//902 848//902 847//902
f 402//903 361//903 854//903
f 854//904 361//904 382//904
f 854//905 382//905 381//905
f 402//906 403//906 361//906
f 360//907 385//907 361//907
f 361//908 385//908 384//908
f 361//909 384//909 383//909
f 710//910 388//910 360//910
f 360//911 388//911 387//911
f 360//912 387//912 386//912
f 388//134 710//134 389//134
f 389//134 710//134 709//134
f 389//134 709//134 390//134
f 390//913 709//913 707//913
f 390//914 707//914 705//914
f 390//915 705//915 391//915
f 391//916 705//916 703//916
f 391//917 703//917 392//917
f 392//918 703//918 700//918
f 392//919 700//919 393//919
f 393//920 700//920 698//920
f 393//921 698//921 370//921
f 370//922 698//922 696//922
f 370//923 696//923 371//923
f 371//924 696//924 694//924
f 371//925 694//925 372//925
f 372//926 694//926 692//926
f 372//927 692//927 373//927
f 373//928 692//928 690//928
f 373//929 690//929 374//929
f 374//930 690//930 688//930
f 374//931 688//931 375//931
f 375//932 688//932 686//932
f 375//933 686//933 376//933
f 376//934 686//934 684//934
f 376//134 684//134 377//134
f 377//134 684//134 682//134
f 377//935 682//935 680//935
f 377//936 680//936 378//936
f 378//937 680//937 677//937
f 378//938 677//938 676//938
f 378//939 676//939 379//939
f 379//940 676//940 851//940
f 379//941 851//941 380//941
f 380//942 851//942 853//942
f 380//943 853//943 854//943
f 386//944 385//944 360//944
f 383//945 382//945 361//945
f 381//946 380//946 854//946
f 394//947 423//947 395//947
f 395//948 423//948 406//948
f 408//949 419//949 409//949
f 409//950 419//950 859//950
f 409//951 859//951 426//951
f 426//131 859//131 427//131
f 427//131 859//131 428//131
f 428//131 859//131 860//131
f 428//952 860//952 861//952
f 428//953 861//953 429//953
f 429//954 861//954 639//954
f 429//955 639//955 430//955
f 430//956 639//956 637//956
f 430//869 637//869 635//869
f 430//131 635//131 431//131
f 431//131 635//131 633//131
f 431//870 633//870 631//870
f 431//957 631//957 432//957
f 432//131 631//131 629//131
f 432//131 629//131 433//131
f 433//958 629//958 627//958
f 433//959 627//959 434//959
f 434//960 627//960 625//960
f 434//961 625//961 435//961
f 435//131 625//131 623//131
f 435//962 623//962 436//962
f 436//963 623//963 621//963
f 436//964 621//964 437//964
f 437//965 621//965 619//965
f 437//966 619//966 438//966
f 438//967 619//967 617//967
f 438//968 617//968 439//968
f 439//969 617//969 615//969
f 439//970 615//970 440//970
f 440//971 615//971 613//971
f 440//131 613//131 441//131
f 441//131 613//131 611//131
f 441//972 611//972 442//972
f 442//891 611//891 609//891
f 442//892 609//892 607//892
f 442//973 607//973 443//973
f 443//974 607//974 605//974
f 443//131 605//131 444//131
f 444//975 605//975 418//975
f 444//976 418//976 445//976
f 445//977 418//977 446//977
f 446//978 418//978 447//978
f 447//979 418//979 409//979
f 447//980 409//980 424//980
f 424//981 409//981 425//981
f 425//982 409//982 426//982
f 638//899 639//899 862//899
f 862//899 639//899 861//899
f 862//900 861//900 863//900
f 863//900 861//900 860//900
f 863//902 860//902 859//902
f 859//983 864//983 863//983
f 865//897 866//897 867//897
f 867//984 866//984 868//984
f 868//896 866//896 869//896
f 868//896 869//896 870//896
f 870//895 869//895 568//895
f 870//895 568//895 570//895
f 478//985 460//985 865//985
f 865//986 460//986 459//986
f 865//987 459//987 458//987
f 460//988 478//988 461//988
f 461//989 478//989 479//989
f 461//990 479//990 462//990
f 462//991 479//991 463//991
f 463//992 479//992 464//992
f 464//993 479//993 465//993
f 465//994 479//994 603//994
f 465//995 603//995 466//995
f 466//996 603//996 467//996
f 467//134 603//134 601//134
f 467//997 601//997 468//997
f 468//998 601//998 599//998
f 468//134 599//134 597//134
f 468//999 597//999 469//999
f 469//1000 597//1000 595//1000
f 469//1001 595//1001 470//1001
f 470//134 595//134 593//134
f 470//134 593//134 471//134
f 471//134 593//134 591//134
f 471//134 591//134 448//134
f 448//134 591//134 588//134
f 448//134 588//134 449//134
f 449//134 588//134 586//134
f 449//134 586//134 450//134
f 450//134 586//134 584//134
f 450//134 584//134 451//134
f 451//134 584//134 582//134
f 451//134 582//134 452//134
f 452//1002 582//1002 580//1002
f 452//1003 580//1003 453//1003
f 453//1004 580//1004 578//1004
f 453//1005 578//1005 454//1005
f 454//134 578//134 576//134
f 454//1006 576//1006 455//1006
f 455//1007 576//1007 574//1007
f 455//134 574//134 572//134
f 455//1008 572//1008 456//1008
f 456//1009 572//1009 569//1009
f 456//134 569//134 568//134
f 456//1010 568//1010 457//1010
f 457//940 568//940 869//940
f 457//1011 869//1011 458//1011
f 458//1012 869//1012 866//1012
f 458//1013 866//1013 865//1013
f 480//1014 482//1014 472//1014
f 472//1015 482//1015 473//1015
f 871//1016 490//1016 487//1016
f 487//1017 490//1017 489//1017
f 487//1018 489//1018 488//1018
f 490//1019 871//1019 491//1019
f 491//1020 871//1020 872//1020
f 491//1021 872//1021 492//1021
f 492//1022 872//1022 873//1022
f 492//1023 873//1023 493//1023
f 493//1024 873//1024 769//1024
f 493//1025 769//1025 494//1025
f 494//1026 769//1026 767//1026
f 494//1027 767//1027 495//1027
f 495//1028 767//1028 765//1028
f 495//134 765//134 763//134
f 763//134 761//134 495//134
f 495//134 761//134 759//134
f 495//134 759//134 496//134
f 496//1029 759//1029 757//1029
f 496//1030 757//1030 497//1030
f 497//134 757//134 755//134
f 497//134 755//134 498//134
f 498//134 755//134 753//134
f 498//134 753//134 499//134
f 499//134 753//134 751//134
f 499//1031 751//1031 500//1031
f 500//1032 751//1032 749//1032
f 500//1033 749//1033 501//1033
f 501//1034 749//1034 747//1034
f 501//1035 747//1035 502//1035
f 502//1036 747//1036 745//1036
f 502//1037 745//1037 503//1037
f 503//1038 745//1038 743//1038
f 503//1039 743//1039 504//1039
f 504//134 743//134 505//134
f 505//134 743//134 741//134
f 505//134 741//134 506//134
f 506//134 741//134 739//134
f 506//1040 739//1040 507//1040
f 507//1041 739//1041 737//1041
f 507//1042 737//1042 735//1042
f 507//134 735//134 508//134
f 508//134 735//134 733//134
f 508//1043 733//1043 509//1043
f 509//1044 733//1044 510//1044
f 510//1045 733//1045 486//1045
f 510//1046 486//1046 511//1046
f 511//1047 486//1047 512//1047
f 512//1048 486//1048 488//1048
f 488//1049 486//1049 487//1049
f 772//1050 771//1050 874//1050
f 874//1050 771//1050 875//1050
f 874//1051 875//1051 876//1051
f 876//1051 875//1051 877//1051
f 876//1052 877//1052 878//1052
f 878//1053 877//1053 879//1053
f 871//1054 880//1054 872//1054
f 872//1054 880//1054 881//1054
f 872//1055 881//1055 882//1055
f 872//1055 882//1055 873//1055
f 873//1056 882//1056 770//1056
f 873//1056 770//1056 769//1056
f 808//1057 539//1057 526//1057
f 526//1058 539//1058 538//1058
f 526//1059 538//1059 537//1059
f 806//131 541//131 808//131
f 808//131 541//131 540//131
f 808//131 540//131 539//131
f 806//1060 804//1060 541//1060
f 541//1061 804//1061 542//1061
f 542//1062 804//1062 802//1062
f 542//1063 802//1063 543//1063
f 543//131 802//131 800//131
f 543//131 800//131 544//131
f 544//131 800//131 798//131
f 544//131 798//131 545//131
f 545//131 798//131 796//131
f 545//131 796//131 546//131
f 546//131 796//131 794//131
f 546//131 794//131 547//131
f 547//131 794//131 792//131
f 547//131 792//131 548//131
f 548//131 792//131 790//131
f 548//131 790//131 549//131
f 549//131 790//131 788//131
f 549//131 788//131 550//131
f 550//131 788//131 786//131
f 550//1064 786//1064 551//1064
f 551//1065 786//1065 784//1065
f 551//1066 784//1066 527//1066
f 527//1067 784//1067 782//1067
f 527//1068 782//1068 528//1068
f 528//1069 782//1069 780//1069
f 528//1070 780//1070 778//1070
f 778//1071 776//1071 528//1071
f 528//1072 776//1072 529//1072
f 529//1073 776//1073 774//1073
f 529//1074 774//1074 530//1074
f 530//1075 774//1075 772//1075
f 530//1076 772//1076 874//1076
f 530//1077 874//1077 531//1077
f 531//131 874//131 876//131
f 531//131 876//131 532//131
f 532//131 876//131 878//131
f 532//131 878//131 533//131
f 533//1078 878//1078 518//1078
f 533//1079 518//1079 534//1079
f 534//1080 518//1080 535//1080
f 535//1081 518//1081 516//1081
f 535//1082 516//1082 513//1082
f 513//1083 516//1083 514//1083
f 878//1084 883//1084 518//1084
f 518//1085 883//1085 552//1085
f 526//1086 537//1086 513//1086
f 513//131 537//131 536//131
f 513//131 536//131 535//131
f 555//1087 554//1087 810//1087
f 810//1088 554//1088 884//1088
f 884//1089 554//1089 553//1089
f 884//1090 553//1090 885//1090
f 885//1091 553//1091 552//1091
f 885//1092 552//1092 883//1092
f 886//1093 887//1093 888//1093
f 888//1094 887//1094 889//1094
f 888//1095 889//1095 890//1095
f 890//1096 889//1096 891//1096
f 890//1097 891//1097 845//1097
f 845//1098 891//1098 846//1098
f 486//1099 733//1099 892//1099
f 892//1099 733//1099 732//1099
f 482//1100 483//1100 893//1100
f 893//1100 483//1100 894//1100
f 894//1101 483//1101 895//1101
f 895//1101 483//1101 485//1101
f 895//1102 485//1102 892//1102
f 892//1102 485//1102 486//1102
f 473//1103 482//1103 896//1103
f 896//1103 482//1103 893//1103
f 473//1100 896//1100 475//1100
f 475//1100 896//1100 897//1100
f 475//1101 897//1101 477//1101
f 477//1101 897//1101 898//1101
f 477//1104 898//1104 899//1104
f 899//1102 479//1102 477//1102
f 479//1105 899//1105 603//1105
f 603//1106 899//1106 602//1106
f 602//1107 604//1107 600//1107
f 600//1108 604//1108 606//1108
f 600//1109 606//1109 598//1109
f 598//1110 606//1110 608//1110
f 598//1111 608//1111 596//1111
f 596//1112 608//1112 610//1112
f 596//1113 610//1113 594//1113
f 594//1114 610//1114 612//1114
f 594//1115 612//1115 592//1115
f 592//1116 612//1116 614//1116
f 592//1117 614//1117 590//1117
f 590//1118 614//1118 616//1118
f 590//1119 616//1119 589//1119
f 589//1120 616//1120 618//1120
f 589//1121 618//1121 587//1121
f 587//1122 618//1122 620//1122
f 587//1123 620//1123 585//1123
f 585//1124 620//1124 622//1124
f 585//1125 622//1125 583//1125
f 583//1126 622//1126 624//1126
f 583//1127 624//1127 581//1127
f 581//1128 624//1128 626//1128
f 581//1129 626//1129 579//1129
f 579//1130 626//1130 628//1130
f 579//1131 628//1131 577//1131
f 577//1132 628//1132 630//1132
f 577//1133 630//1133 575//1133
f 575//1134 630//1134 632//1134
f 575//1135 632//1135 573//1135
f 573//1136 632//1136 634//1136
f 573//1137 634//1137 571//1137
f 571//1138 634//1138 636//1138
f 571//1139 636//1139 570//1139
f 570//1140 636//1140 638//1140
f 605//1141 604//1141 418//1141
f 418//1142 604//1142 900//1142
f 900//1143 901//1143 418//1143
f 418//1143 901//1143 417//1143
f 417//1144 901//1144 902//1144
f 417//1144 902//1144 416//1144
f 416//1145 902//1145 903//1145
f 416//1145 903//1145 415//1145
f 415//1146 903//1146 904//1146
f 415//1147 904//1147 414//1147
f 368//1148 414//1148 905//1148
f 905//1149 414//1149 904//1149
f 368//1150 905//1150 366//1150
f 366//1151 905//1151 906//1151
f 366//1152 906//1152 364//1152
f 364//1152 906//1152 907//1152
f 364//1153 907//1153 362//1153
f 362//1153 907//1153 908//1153
f 362//1154 908//1154 360//1154
f 360//1154 908//1154 909//1154
f 710//1155 360//1155 711//1155
f 711//1156 360//1156 909//1156
f 674//1157 673//1157 711//1157
f 711//1158 673//1158 708//1158
f 708//1159 673//1159 706//1159
f 706//1160 673//1160 671//1160
f 706//1161 671//1161 704//1161
f 704//1162 671//1162 669//1162
f 704//1163 669//1163 702//1163
f 702//1164 669//1164 667//1164
f 702//1165 667//1165 701//1165
f 701//1166 667//1166 665//1166
f 701//1167 665//1167 699//1167
f 699//1168 665//1168 663//1168
f 699//1169 663//1169 697//1169
f 697//1170 663//1170 661//1170
f 697//1171 661//1171 695//1171
f 695//1172 661//1172 659//1172
f 695//1173 659//1173 693//1173
f 693//1174 659//1174 657//1174
f 693//1175 657//1175 691//1175
f 691//1176 657//1176 655//1176
f 691//1177 655//1177 689//1177
f 689//1178 655//1178 653//1178
f 689//1179 653//1179 687//1179
f 687//1180 653//1180 651//1180
f 687//1181 651//1181 685//1181
f 685//1182 651//1182 649//1182
f 685//1183 649//1183 683//1183
f 683//1184 649//1184 647//1184
f 683//1185 647//1185 681//1185
f 681//1186 647//1186 645//1186
f 681//1187 645//1187 679//1187
f 679//1188 645//1188 643//1188
f 679//1189 643//1189 678//1189
f 678//1190 643//1190 641//1190
f 845//1191 675//1191 910//1191
f 910//1192 675//1192 674//1192
f 845//1193 910//1193 890//1193
f 890//1194 910//1194 911//1194
f 890//1195 911//1195 912//1195
f 890//1195 912//1195 888//1195
f 888//1196 912//1196 913//1196
f 888//1196 913//1196 886//1196
f 913//1197 914//1197 886//1197
f 886//1197 914//1197 915//1197
f 916//1198 306//1198 917//1198
f 917//1199 306//1199 844//1199
f 310//217 309//217 918//217
f 918//1200 309//1200 919//1200
f 919//1201 309//1201 920//1201
f 920//1201 309//1201 308//1201
f 920//1202 308//1202 921//1202
f 921//1202 308//1202 307//1202
f 921//1203 307//1203 916//1203
f 916//223 307//223 306//223
f 230//1204 229//1204 918//1204
f 918//1205 229//1205 310//1205
f 922//1206 712//1206 236//1206
f 236//1207 712//1207 237//1207
f 923//1208 715//1208 924//1208
f 924//1208 715//1208 714//1208
f 924//1209 714//1209 925//1209
f 925//1209 714//1209 713//1209
f 925//1210 713//1210 712//1210
f 712//1210 922//1210 925//1210
f 923//1211 926//1211 715//1211
f 715//1211 926//1211 716//1211
f 719//1212 718//1212 927//1212
f 927//1213 718//1213 928//1213
f 928//1214 718//1214 717//1214
f 928//1214 717//1214 929//1214
f 929//1215 717//1215 716//1215
f 929//1215 716//1215 926//1215
f 927//1216 930//1216 719//1216
f 719//1217 930//1217 720//1217
f 931//1218 723//1218 932//1218
f 932//1218 723//1218 722//1218
f 932//1219 722//1219 933//1219
f 933//1219 722//1219 721//1219
f 933//1220 721//1220 930//1220
f 930//1221 721//1221 720//1221
f 934//1222 724//1222 931//1222
f 931//1222 724//1222 723//1222
f 935//1223 727//1223 936//1223
f 936//1223 727//1223 726//1223
f 936//1224 726//1224 725//1224
f 936//1224 725//1224 937//1224
f 937//1225 725//1225 724//1225
f 937//1225 724//1225 934//1225
f 935//1226 731//1226 727//1226
f 727//1227 731//1227 296//1227
f 292//1228 728//1228 522//1228
f 522//1229 728//1229 938//1229
f 522//724 938//724 523//724
f 523//1230 938//1230 939//1230
f 523//1231 939//1231 940//1231
f 523//1231 940//1231 524//1231
f 524//1232 940//1232 941//1232
f 524//1232 941//1232 525//1232
f 525//1233 941//1233 942//1233
f 525//730 942//730 526//730
f 526//1234 942//1234 808//1234
f 808//1235 942//1235 809//1235
f 770//1236 771//1236 768//1236
f 768//1237 771//1237 773//1237
f 768//1238 773//1238 766//1238
f 766//1239 773//1239 775//1239
f 766//1240 775//1240 764//1240
f 764//1241 775//1241 777//1241
f 764//1242 777//1242 762//1242
f 762//1243 777//1243 779//1243
f 762//1244 779//1244 760//1244
f 760//1245 779//1245 781//1245
f 760//1246 781//1246 758//1246
f 758//1247 781//1247 783//1247
f 758//1248 783//1248 756//1248
f 756//1249 783//1249 785//1249
f 756//1250 785//1250 754//1250
f 754//1251 785//1251 787//1251
f 754//1252 787//1252 752//1252
f 752//1253 787//1253 789//1253
f 752//1254 789//1254 750//1254
f 750//1255 789//1255 791//1255
f 750//1256 791//1256 748//1256
f 748//1257 791//1257 793//1257
f 748//1258 793//1258 746//1258
f 746//1259 793//1259 795//1259
f 746//1260 795//1260 744//1260
f 744//1261 795//1261 797//1261
f 744//1262 797//1262 742//1262
f 742//1263 797//1263 799//1263
f 742//1264 799//1264 740//1264
f 740//1265 799//1265 801//1265
f 740//1266 801//1266 738//1266
f 738//1267 801//1267 803//1267
f 738//1268 803//1268 736//1268
f 736//1269 803//1269 805//1269
f 736//1270 805//1270 734//1270
f 734//1271 805//1271 807//1271
f 734//1272 807//1272 809//1272
f 809//1273 732//1273 734//1273
f 917//731 844//731 943//731
f 943//732 844//732 843//732
f 943//733 843//733 944//733
f 944//734 843//734 842//734
f 944//735 842//735 945//735
f 945//736 842//736 841//736
f 945//737 841//737 946//737
f 946//738 841//738 840//738
f 946//739 840//739 947//739
f 947//740 840//740 839//740
f 947//741 839//741 948//741
f 948//742 839//742 838//742
f 948//743 838//743 949//743
f 949//744 838//744 837//744
f 949//745 837//745 950//745
f 950//746 837//746 836//746
f 950//747 836//747 951//747
f 951//748 836//748 835//748
f 951//749 835//749 952//749
f 952//750 835//750 834//750
f 952//751 834//751 953//751
f 953//752 834//752 833//752
f 953//753 833//753 954//753
f 954//754 833//754 832//754
f 954//755 832//755 955//755
f 955//756 832//756 831//756
f 955//757 831//757 956//757
f 956//758 831//758 830//758
f 956//759 830//759 957//759
f 957//760 830//760 829//760
f 957//761 829//761 958//761
f 958//762 829//762 828//762
f 958//763 828//763 959//763
f 959//764 828//764 823//764
f 959//765 823//765 960//765
f 960//766 823//766 824//766
f 960//767 824//767 961//767
f 824//1056 825//1056 961//1056
f 961//1056 825//1056 962//1056
f 962//1055 825//1055 826//1055
f 962//1055 826//1055 963//1055
f 963//1054 826//1054 827//1054
f 963//1274 827//1274 964//1274
f 811//264 810//264 965//264
f 965//264 810//264 966//264
f 965//261 967//261 811//261
f 811//261 967//261 814//261
f 814//262 967//262 813//262
f 813//262 967//262 968//262
f 813//263 968//263 812//263
f 812//263 968//263 969//263
f 815//1275 812//1275 970//1275
f 970//1276 812//1276 969//1276
f 970//254 971//254 815//254
f 815//254 971//254 818//254
f 818//255 971//255 817//255
f 817//255 971//255 972//255
f 817//256 972//256 816//256
f 816//256 972//256 973//256
f 819//253 816//253 974//253
f 974//253 816//253 973//253
f 974//1277 975//1277 819//1277
f 819//1277 975//1277 822//1277
f 822//250 975//250 976//250
f 822//250 976//250 821//250
f 821//252 976//252 820//252
f 820//252 976//252 977//252
f 827//1278 820//1278 964//1278
f 964//1279 820//1279 977//1279
f 887//1280 978//1280 979//1280
f 979//1280 978//1280 980//1280
f 846//1281 891//1281 981//1281
f 981//1282 891//1282 982//1282
f 982//1283 891//1283 983//1283
f 983//1283 891//1283 889//1283
f 983//1284 889//1284 979//1284
f 979//1284 889//1284 887//1284
f 858//1285 847//1285 981//1285
f 981//1286 847//1286 846//1286
f 678//1287 641//1287 850//1287
f 850//1288 641//1288 856//1288
f 850//1289 856//1289 852//1289
f 852//1290 856//1290 857//1290
f 852//1291 857//1291 855//1291
f 855//1292 857//1292 858//1292
f 855//1293 984//1293 854//1293
f 854//1294 984//1294 402//1294
f 394//1295 396//1295 985//1295
f 985//1296 396//1296 986//1296
f 986//1297 396//1297 987//1297
f 987//1297 396//1297 399//1297
f 987//1298 399//1298 988//1298
f 988//1298 399//1298 401//1298
f 988//1299 401//1299 402//1299
f 402//1299 984//1299 988//1299
f 989//1300 423//1300 985//1300
f 985//1300 423//1300 394//1300
f 990//1301 419//1301 991//1301
f 991//1301 419//1301 420//1301
f 991//1302 420//1302 421//1302
f 991//1302 421//1302 992//1302
f 992//1303 421//1303 422//1303
f 992//1303 422//1303 993//1303
f 993//1304 422//1304 989//1304
f 989//1304 422//1304 423//1304
f 864//1305 859//1305 990//1305
f 990//1306 859//1306 419//1306
f 867//1307 868//1307 864//1307
f 864//1308 868//1308 863//1308
f 863//1309 868//1309 862//1309
f 862//1310 868//1310 870//1310
f 862//1311 870//1311 638//1311
f 638//1312 870//1312 570//1312
f 867//1313 994//1313 865//1313
f 865//1314 994//1314 478//1314
f 472//1315 474//1315 995//1315
f 995//1315 474//1315 996//1315
f 996//1316 474//1316 476//1316
f 996//1316 476//1316 997//1316
f 997//1317 476//1317 994//1317
f 994//1318 476//1318 478//1318
f 998//1319 480//1319 995//1319
f 995//1319 480//1319 472//1319
f 480//1315 998//1315 481//1315
f 481//1315 998//1315 999//1315
f 481//1316 999//1316 1000//1316
f 481//1316 1000//1316 484//1316
f 484//1318 1000//1318 1001//1318
f 484//1318 1001//1318 487//1318
f 871//1320 487//1320 880//1320
f 880//1320 487//1320 1001//1320
f 771//1321 770//1321 875//1321
f 875//1322 770//1322 882//1322
f 875//1323 882//1323 877//1323
f 877//1324 882//1324 881//1324
f 877//1325 881//1325 879//1325
f 879//1326 881//1326 880//1326
f 878//1327 879//1327 883//1327
f 883//1328 879//1328 1002//1328
f 1002//265 1003//265 883//265
f 883//265 1003//265 885//265
f 885//267 1003//267 884//267
f 884//267 1003//267 1004//267
f 884//1329 1004//1329 810//1329
f 810//1329 1004//1329 966//1329
f 1005//1281 1006//1281 1007//1281
f 1007//1281 1006//1281 1008//1281
f 1007//1283 1008//1283 1009//1283
f 1007//1283 1009//1283 1010//1283
f 1010//1284 1009//1284 980//1284
f 1010//1284 980//1284 978//1284
f 1011//1193 1012//1193 1013//1193
f 1013//1193 1012//1193 1014//1193
f 1013//1195 1014//1195 1015//1195
f 915//1196 914//1196 1015//1196
f 1015//1196 914//1196 1016//1196
f 1015//1195 1016//1195 1013//1195
f 915//1330 978//1330 886//1330
f 886//1331 978//1331 887//1331
f 809//1332 942//1332 732//1332
f 732//1333 942//1333 941//1333
f 732//1334 941//1334 892//1334
f 892//1335 941//1335 940//1335
f 892//1336 940//1336 939//1336
f 939//1337 938//1337 892//1337
f 892//1338 938//1338 935//1338
f 892//1339 935//1339 893//1339
f 893//1340 935//1340 936//1340
f 893//1341 936//1341 937//1341
f 935//1342 938//1342 731//1342
f 731//1343 938//1343 728//1343
f 731//1344 728//1344 729//1344
f 729//1345 730//1345 731//1345
f 893//1346 937//1346 896//1346
f 896//1347 937//1347 934//1347
f 896//1348 934//1348 931//1348
f 931//1349 932//1349 896//1349
f 896//1350 932//1350 933//1350
f 896//1351 933//1351 897//1351
f 897//1352 933//1352 930//1352
f 897//1353 930//1353 898//1353
f 898//1354 930//1354 899//1354
f 899//1355 930//1355 904//1355
f 899//1356 904//1356 903//1356
f 904//1357 930//1357 905//1357
f 905//1358 930//1358 927//1358
f 905//1359 927//1359 910//1359
f 910//1360 927//1360 911//1360
f 911//1361 927//1361 912//1361
f 912//1362 927//1362 928//1362
f 912//1363 928//1363 913//1363
f 913//1364 928//1364 929//1364
f 913//1365 929//1365 926//1365
f 926//1366 923//1366 913//1366
f 913//1367 923//1367 924//1367
f 913//1368 924//1368 914//1368
f 914//1369 924//1369 925//1369
f 914//1370 925//1370 922//1370
f 236//1371 918//1371 922//1371
f 922//1372 918//1372 1011//1372
f 922//1373 1011//1373 914//1373
f 914//1374 1011//1374 1016//1374
f 1016//1375 1011//1375 1013//1375
f 234//1376 232//1376 236//1376
f 236//1377 232//1377 230//1377
f 236//1378 230//1378 918//1378
f 918//1379 919//1379 1011//1379
f 1011//1375 919//1375 920//1375
f 1011//1380 920//1380 921//1380
f 1011//1381 921//1381 1017//1381
f 1017//1382 921//1382 916//1382
f 1017//1383 916//1383 917//1383
f 674//1384 909//1384 910//1384
f 910//1385 909//1385 908//1385
f 910//1386 908//1386 907//1386
f 674//1387 711//1387 909//1387
f 907//1388 906//1388 910//1388
f 910//1389 906//1389 905//1389
f 903//1390 902//1390 899//1390
f 899//1391 902//1391 901//1391
f 899//1392 901//1392 900//1392
f 604//1393 602//1393 900//1393
f 900//1394 602//1394 899//1394
f 893//1395 894//1395 892//1395
f 892//1375 894//1375 895//1375
f 1017//1396 917//1396 1018//1396
f 1018//1397 917//1397 943//1397
f 1018//1398 943//1398 1019//1398
f 1019//1399 943//1399 944//1399
f 1019//1400 944//1400 1020//1400
f 1020//1401 944//1401 945//1401
f 1020//1402 945//1402 1021//1402
f 1021//1403 945//1403 946//1403
f 1021//1404 946//1404 1022//1404
f 1022//1405 946//1405 947//1405
f 1022//1406 947//1406 1023//1406
f 1023//1407 947//1407 948//1407
f 1023//1408 948//1408 1024//1408
f 1024//1409 948//1409 949//1409
f 1024//1410 949//1410 1025//1410
f 1025//1411 949//1411 950//1411
f 1025//1412 950//1412 1026//1412
f 1026//1413 950//1413 951//1413
f 1026//1414 951//1414 1027//1414
f 1027//1415 951//1415 952//1415
f 1027//1416 952//1416 1028//1416
f 1028//1417 952//1417 953//1417
f 1028//1418 953//1418 1029//1418
f 1029//1419 953//1419 954//1419
f 1029//1420 954//1420 1030//1420
f 1030//1421 954//1421 955//1421
f 1030//1422 955//1422 1031//1422
f 1031//1423 955//1423 956//1423
f 1031//1424 956//1424 1032//1424
f 1032//1425 956//1425 957//1425
f 1032//1426 957//1426 1033//1426
f 1033//1427 957//1427 958//1427
f 1033//1428 958//1428 1034//1428
f 1034//1429 958//1429 959//1429
f 1034//1430 959//1430 1035//1430
f 1035//1431 959//1431 960//1431
f 1035//1432 960//1432 1036//1432
f 1036//1433 960//1433 961//1433
f 964//1434 1037//1434 963//1434
f 963//1435 1037//1435 1038//1435
f 963//1436 1038//1436 962//1436
f 962//1437 1038//1437 1039//1437
f 962//1438 1039//1438 961//1438
f 961//1439 1039//1439 1036//1439
f 879//1440 880//1440 1002//1440
f 1002//1441 880//1441 1001//1441
f 1002//1442 1001//1442 1003//1442
f 1003//1443 1001//1443 1000//1443
f 1003//1444 1000//1444 999//1444
f 999//1445 998//1445 1003//1445
f 1003//1446 998//1446 1004//1446
f 1004//1447 998//1447 966//1447
f 966//1448 998//1448 995//1448
f 966//1449 995//1449 965//1449
f 965//1450 995//1450 967//1450
f 967//1451 995//1451 968//1451
f 968//1452 995//1452 996//1452
f 968//1453 996//1453 969//1453
f 969//1454 996//1454 992//1454
f 969//1455 992//1455 993//1455
f 992//453 996//453 991//453
f 991//453 996//453 997//453
f 991//1456 997//1456 994//1456
f 991//1457 994//1457 990//1457
f 990//1458 994//1458 867//1458
f 990//1459 867//1459 864//1459
f 993//1460 989//1460 969//1460
f 969//1461 989//1461 970//1461
f 970//1462 989//1462 985//1462
f 970//1463 985//1463 986//1463
f 986//1464 987//1464 970//1464
f 970//1465 987//1465 983//1465
f 970//1466 983//1466 971//1466
f 971//1467 983//1467 979//1467
f 971//1468 979//1468 972//1468
f 972//1469 979//1469 973//1469
f 973//1470 979//1470 974//1470
f 974//1471 979//1471 980//1471
f 974//1472 980//1472 975//1472
f 975//1473 980//1473 976//1473
f 976//1474 980//1474 1009//1474
f 976//453 1009//453 1008//453
f 987//1475 988//1475 983//1475
f 983//1476 988//1476 982//1476
f 982//1477 988//1477 981//1477
f 981//1478 988//1478 984//1478
f 981//1479 984//1479 858//1479
f 858//1480 984//1480 855//1480
f 1008//453 1006//453 976//453
f 976//1481 1006//1481 977//1481
f 977//1482 1006//1482 1037//1482
f 977//1483 1037//1483 964//1483
f 915//1484 1015//1484 978//1484
f 978//1485 1015//1485 1010//1485
f 1010//1486 1015//1486 1014//1486
f 1010//1487 1014//1487 1007//1487
f 1007//1488 1014//1488 1005//1488
f 1005//1489 1014//1489 1012//1489
f 1011//1490 1017//1490 1012//1490
f 1012//1491 1017//1491 1040//1491
f 1036//768 1041//768 1035//768
f 1035//769 1041//769 1042//769
f 1035//770 1042//770 1034//770
f 1034//771 1042//771 1043//771
f 1034//772 1043//772 1033//772
f 1033//773 1043//773 1044//773
f 1033//774 1044//774 1032//774
f 1032//775 1044//775 1045//775
f 1032//776 1045//776 1031//776
f 1031//777 1045//777 1046//777
f 1031//778 1046//778 1030//778
f 1030//779 1046//779 1047//779
f 1030//780 1047//780 1029//780
f 1029//781 1047//781 1048//781
f 1029//782 1048//782 1028//782
f 1028//783 1048//783 1049//783
f 1028//784 1049//784 1027//784
f 1027//785 1049//785 1050//785
f 1027//786 1050//786 1026//786
f 1026//787 1050//787 1051//787
f 1026//788 1051//788 1025//788
f 1025//789 1051//789 1052//789
f 1025//790 1052//790 1024//790
f 1024//791 1052//791 1053//791
f 1024//792 1053//792 1023//792
f 1023//793 1053//793 1054//793
f 1023//794 1054//794 1022//794
f 1022//795 1054//795 1055//795
f 1022//796 1055//796 1021//796
f 1021//797 1055//797 1056//797
f 1021//798 1056//798 1020//798
f 1020//799 1056//799 1057//799
f 1020//800 1057//800 1019//800
f 1019//801 1057//801 1058//801
f 1019//802 1058//802 1018//802
f 1018//803 1058//803 1040//803
f 1018//804 1040//804 1017//804
f 1041//1050 1036//1050 1059//1050
f 1059//1050 1036//1050 1039//1050
f 1059//1051 1039//1051 1060//1051
f 1060//1051 1039//1051 1038//1051
f 1060//1052 1038//1052 1037//1052
f 1037//1052 1061//1052 1060//1052
f 1037//1492 1006//1492 1061//1492
f 1061//1493 1006//1493 1005//1493
f 1059//1494 1062//1494 1041//1494
f 1041//131 1062//131 1063//131
f 1041//1495 1063//1495 1042//1495
f 1042//1496 1063//1496 1064//1496
f 1042//1497 1064//1497 1043//1497
f 1043//131 1064//131 1065//131
f 1043//131 1065//131 1044//131
f 1044//131 1065//131 1045//131
f 1045//131 1065//131 1046//131
f 1046//1498 1065//1498 1047//1498
f 1047//1499 1065//1499 1066//1499
f 1047//1500 1066//1500 1048//1500
f 1048//1501 1066//1501 1067//1501
f 1048//1502 1067//1502 1049//1502
f 1049//1503 1067//1503 1068//1503
f 1049//1504 1068//1504 1069//1504
f 1062//1505 1059//1505 1070//1505
f 1070//1506 1059//1506 1060//1506
f 1070//1507 1060//1507 1061//1507
f 1005//1508 1071//1508 1061//1508
f 1061//1509 1071//1509 1072//1509
f 1061//1510 1072//1510 1070//1510
f 1071//1511 1005//1511 1073//1511
f 1073//1512 1005//1512 1012//1512
f 1073//1513 1012//1513 1074//1513
f 1074//1514 1012//1514 1075//1514
f 1075//1515 1012//1515 1076//1515
f 1076//1516 1012//1516 1077//1516
f 1077//1517 1012//1517 1040//1517
f 1077//131 1040//131 1078//131
f 1078//131 1040//131 1079//131
f 1079//131 1040//131 1058//131
f 1079//1518 1058//1518 1057//1518
f 1079//1519 1057//1519 1080//1519
f 1080//1520 1057//1520 1056//1520
f 1080//1521 1056//1521 1081//1521
f 1081//1522 1056//1522 1055//1522
f 1081//1523 1055//1523 1082//1523
f 1082//1524 1055//1524 1054//1524
f 1082//1525 1054//1525 1083//1525
f 1083//1526 1054//1526 1053//1526
f 1083//1527 1053//1527 1084//1527
f 1084//1528 1053//1528 1052//1528
f 1084//1529 1052//1529 1085//1529
f 1085//131 1052//131 1051//131
f 1085//1530 1051//1530 1086//1530
f 1086//1531 1051//1531 1050//1531
f 1086//1532 1050//1532 1069//1532
f 1069//1533 1050//1533 1049//1533
f 1084//1534 1085//1534 196//1534
f 196//1535 1085//1535 1086//1535
f 196//1536 1086//1536 198//1536
f 198//1537 1086//1537 1069//1537
f 198//1538 1069//1538 200//1538
f 200//1539 1069//1539 1068//1539
f 200//1540 1068//1540 202//1540
f 202//1541 1068//1541 1067//1541
f 202//1542 1067//1542 204//1542
f 204//1543 1067//1543 1066//1543
f 204//1544 1066//1544 206//1544
f 206//1545 1066//1545 1065//1545
f 206//1546 1065//1546 208//1546
f 208//1547 1065//1547 1064//1547
f 208//1548 1064//1548 210//1548
f 210//1549 1064//1549 1063//1549
f 210//1550 1063//1550 212//1550
f 212//1551 1063//1551 1062//1551
f 212//1552 1062//1552 214//1552
f 214//1553 1062//1553 1070//1553
f 214//1554 1070//1554 216//1554
f 216//1555 1070//1555 1072//1555
f 216//1556 1072//1556 218//1556
f 218//1557 1072//1557 1071//1557
f 218//1558 1071//1558 220//1558
f 220//1559 1071//1559 1073//1559
f 220//1560 1073//1560 222//1560
f 222//1561 1073//1561 1074//1561
f 222//1562 1074//1562 224//1562
f 224//1563 1074//1563 1075//1563
f 224//1564 1075//1564 226//1564
f 226//1565 1075//1565 1076//1565
f 226//1566 1076//1566 228//1566
f 228//1567 1076//1567 1077//1567
f 228//1568 1077//1568 182//1568
f 182//1569 1077//1569 1078//1569
f 182//1570 1078//1570 184//1570
f 184//1571 1078//1571 1079//1571
f 184//1572 1079//1572 186//1572
f 186//1573 1079//1573 1080//1573
f 186//1574 1080//1574 188//1574
f 188//1575 1080//1575 1081//1575
f 188//1576 1081//1576 190//1576
f 190//1577 1081//1577 1082//1577
f 190//1578 1082//1578 192//1578
f 192//1579 1082//1579 1083//1579
f 192//1580 1083//1580 194//1580
f 194//1581 1083//1581 1084//1581
f 194//1582 1084//1582 196//1582
usemtl mat1
f 1//1 2//1 3//1
# Vertices: 1086, normals: 1582, texture coordinates: 0, faces: 2180

