# File generated by ImageToStl.com - Free Image and 3D model conversion tools

mtllib outer_knuckle.mtl

o obj1
v 88.51767731 8.75000191 97.5577774
v 88.51767731 3.20000219 97.5577774
v 88.42324066 8.75000191 98.33555603
v 88.42324066 3.20000219 98.33555603
v 88.51767731 8.75000191 99.11333466
v 88.51767731 3.20000219 99.11333466
v 88.79550934 8.75000191 99.84590912
v 88.79550934 3.20000219 99.84590912
v 89.2405777 8.75000191 100.4907074
v 89.2405777 3.20000219 100.4907074
v 89.82702637 8.75000191 101.01025391
v 89.82702637 3.20000219 101.01025391
v 90.52077484 8.75000191 101.37435913
v 90.52077484 3.20000219 101.37435913
v 91.28149414 8.75000191 101.56185913
v 91.28149414 3.20000219 101.56185913
v 92.06497955 8.75000191 101.56185913
v 92.06497955 3.20000219 101.56185913
v 92.82570648 8.75000191 101.37435913
v 92.82570648 3.20000219 101.37435913
v 93.51944733 8.75000191 101.01025391
v 93.51944733 3.20000219 101.01025391
v 94.105896 8.75000191 100.4907074
v 94.105896 3.20000219 100.4907074
v 94.55097198 8.75000191 99.84590912
v 94.55097198 3.20000219 99.84590912
v 94.82879639 8.75000191 99.11333466
v 94.82879639 3.20000219 99.11333466
v 94.92324066 8.75000191 98.33555603
v 94.92324066 3.20000219 98.33555603
v 94.82879639 8.75000191 97.5577774
v 94.82879639 3.20000219 97.5577774
v 94.55097198 8.75000191 96.82520294
v 94.55097198 3.20000219 96.82520294
v 94.105896 8.75000191 96.18040466
v 94.105896 3.20000219 96.18040466
v 93.51944733 8.75000191 95.66085815
v 93.51944733 3.20000219 95.66085815
v 92.82570648 8.75000191 95.29675293
v 92.82570648 3.20000219 95.29675293
v 92.06497955 8.75000191 95.10925293
v 92.06497955 3.20000219 95.10925293
v 91.28149414 8.75000191 95.10925293
v 91.28149414 3.20000219 95.10925293
v 90.52077484 8.75000191 95.29675293
v 90.52077484 3.20000219 95.29675293
v 89.82702637 8.75000191 95.66085815
v 89.82702637 3.20000219 95.66085815
v 89.2405777 8.75000191 96.18040466
v 89.2405777 3.20000219 96.18040466
v 88.79550934 8.75000191 96.82520294
v 88.79550934 3.20000219 96.82520294
v 88.51767731 -8.74999809 99.11333466
v 88.51767731 -3.19999766 99.11333466
v 88.42324066 -8.74999809 98.33555603
v 88.42324066 -3.19999766 98.33555603
v 88.51767731 -8.74999809 97.5577774
v 88.51767731 -3.19999766 97.5577774
v 88.79550934 -8.74999809 96.82520294
v 88.79550934 -3.19999766 96.82520294
v 89.2405777 -8.74999809 96.18040466
v 89.2405777 -3.19999766 96.18040466
v 89.82702637 -8.74999809 95.66085815
v 89.82702637 -3.19999766 95.66085815
v 90.52077484 -8.74999809 95.29675293
v 90.52077484 -3.19999766 95.29675293
v 91.28149414 -8.74999809 95.10925293
v 91.28149414 -3.19999766 95.10925293
v 92.06497955 -8.74999809 95.10925293
v 92.06497955 -3.19999766 95.10925293
v 92.82570648 -8.74999809 95.29675293
v 92.82570648 -3.19999766 95.29675293
v 93.51944733 -8.74999809 95.66085815
v 93.51944733 -3.19999766 95.66085815
v 94.105896 -8.74999809 96.18040466
v 94.105896 -3.19999766 96.18040466
v 94.55097198 -8.74999809 96.82520294
v 94.55097198 -3.19999766 96.82520294
v 94.82879639 -8.74999809 97.5577774
v 94.82879639 -3.19999766 97.5577774
v 94.92324066 -8.74999809 98.33555603
v 94.92324066 -3.19999766 98.33555603
v 94.82879639 -8.74999809 99.11333466
v 94.82879639 -3.19999766 99.11333466
v 94.55097198 -8.74999809 99.84590912
v 94.55097198 -3.19999766 99.84590912
v 94.105896 -8.74999809 100.4907074
v 94.105896 -3.19999766 100.4907074
v 93.51944733 -8.74999809 101.01025391
v 93.51944733 -3.19999766 101.01025391
v 92.82570648 -8.74999809 101.37435913
v 92.82570648 -3.19999766 101.37435913
v 92.06497955 -8.74999809 101.56185913
v 92.06497955 -3.19999766 101.56185913
v 91.28149414 -8.74999809 101.56185913
v 91.28149414 -3.19999766 101.56185913
v 90.52077484 -8.74999809 101.37435913
v 90.52077484 -3.19999766 101.37435913
v 89.82702637 -8.74999809 101.01025391
v 89.82702637 -3.19999766 101.01025391
v 89.2405777 -8.74999809 100.4907074
v 89.2405777 -3.19999766 100.4907074
v 88.79550934 -8.74999809 99.84590912
v 88.79550934 -3.19999766 99.84590912
v 38.87323761 8.75000191 98.33555603
v 38.77549744 8.75000191 97.68709564
v 38.77549744 8.75000191 98.98401642
v 38.49096298 8.75000191 99.57485962
v 38.49096298 8.75000191 97.09625244
v 38.04491425 8.75000191 100.05558777
v 38.04491425 8.75000191 96.61552429
v 37.47698975 8.75000191 100.38347626
v 37.47698975 8.75000191 96.2876358
v 36.83764267 8.75000191 100.52940369
v 36.83764267 8.75000191 96.14170837
v 36.18369293 8.75000191 100.48040009
v 36.18369293 8.75000191 96.19071198
v 35.57323837 8.75000191 100.24081421
v 35.57323837 8.75000191 96.43029785
v 35.06052399 8.75000191 99.8319397
v 35.06052399 8.75000191 96.83917999
v 34.69110489 8.75000191 99.2901001
v 34.69110489 8.75000191 97.38101196
v 34.49781036 8.75000191 98.66345215
v 34.49781036 8.75000191 98.00766754
v 34.47323608 -8.74999809 98.33555603
v 34.57097626 -8.74999809 97.68709564
v 34.57097626 -8.74999809 98.98401642
v 34.85551071 -8.74999809 99.57485962
v 34.85551071 -8.74999809 97.09625244
v 35.30155945 -8.74999809 100.05558777
v 35.30155945 -8.74999809 96.61552429
v 35.86948776 -8.74999809 100.38347626
v 35.86948776 -8.74999809 96.2876358
v 36.50883102 -8.74999809 100.52940369
v 36.50883102 -8.74999809 96.14170837
v 37.16278458 -8.74999809 100.48040009
v 37.16278458 -8.74999809 96.19071198
v 37.77323914 -8.74999809 100.24081421
v 37.77323914 -8.74999809 96.43029785
v 38.28595352 -8.74999809 99.8319397
v 38.28595352 -8.74999809 96.83917999
v 38.6553688 -8.74999809 99.2901001
v 38.6553688 -8.74999809 97.38101196
v 38.84866714 -8.74999809 98.66345215
v 38.84866714 -8.74999809 98.00766754
v 39.08053207 8.45000267 99.01004791
v 39.17323685 8.45000267 98.33555603
v 39.08053207 8.45000267 97.66106415
v 38.80928802 8.45000267 97.03659821
v 38.3796196 8.45000267 96.50846863
v 37.82339859 8.45000267 96.11584473
v 37.18187714 8.45000267 95.8878479
v 36.50263214 8.45000267 95.84138489
v 35.8360405 8.45000267 95.97990417
v 35.23153687 8.45000267 96.29312897
v 34.7339592 8.45000267 96.75783539
v 34.38021088 8.45000267 97.33955383
v 34.19652176 8.45000267 97.99514008
v 34.19652176 8.45000267 98.67597198
v 34.38021088 8.45000267 99.33155823
v 34.7339592 8.45000267 99.91327667
v 35.23153687 8.45000267 100.37798309
v 35.8360405 8.45000267 100.69120789
v 36.50263214 8.45000267 100.82972717
v 37.18187714 8.45000267 100.78326416
v 37.82339859 8.45000267 100.55526733
v 38.3796196 8.45000267 100.16264343
v 38.80928802 8.45000267 99.63451385
v 34.26594543 -8.4499979 99.01004791
v 34.17323685 -8.4499979 98.33555603
v 34.26594543 -8.4499979 97.66106415
v 34.53718948 -8.4499979 97.03659821
v 34.9668541 -8.4499979 96.50846863
v 35.5230751 -8.4499979 96.11584473
v 36.16459656 -8.4499979 95.8878479
v 36.84384537 -8.4499979 95.84138489
v 37.51043701 -8.4499979 95.97990417
v 38.11493683 -8.4499979 96.29312897
v 38.6125145 -8.4499979 96.75783539
v 38.96626663 -8.4499979 97.33955383
v 39.14995193 -8.4499979 97.99514008
v 39.14995193 -8.4499979 98.67597198
v 38.96626663 -8.4499979 99.33155823
v 38.6125145 -8.4499979 99.91327667
v 38.11493683 -8.4499979 100.37798309
v 37.51043701 -8.4499979 100.69120789
v 36.84384537 -8.4499979 100.82972717
v 36.16459656 -8.4499979 100.78326416
v 35.5230751 -8.4499979 100.55526733
v 34.9668541 -8.4499979 100.16264343
v 34.53718948 -8.4499979 99.63451385
v 39.08053207 2.20000219 97.66106415
v 39.17323685 2.20000219 98.33555603
v 39.08053207 2.20000219 99.01004791
v 38.80928802 2.20000219 99.63451385
v 38.3796196 2.20000219 100.16264343
v 37.82339859 2.20000219 100.55526733
v 37.18187714 2.20000219 100.78326416
v 36.50263214 2.20000219 100.82972717
v 35.8360405 2.20000219 100.69120789
v 35.23153687 2.20000219 100.37798309
v 34.7339592 2.20000219 99.91327667
v 34.38021088 2.20000219 99.33155823
v 34.19652176 2.20000219 98.67597198
v 34.19652176 2.20000219 97.99514008
v 34.38021088 2.20000219 97.33955383
v 34.7339592 2.20000219 96.75783539
v 35.23153687 2.20000219 96.29312897
v 35.8360405 2.20000219 95.97990417
v 36.50263214 2.20000219 95.84138489
v 37.18187714 2.20000219 95.8878479
v 37.82339859 2.20000219 96.11584473
v 38.3796196 2.20000219 96.50846863
v 38.80928802 2.20000219 97.03659821
v 34.19652176 -2.19999766 98.67597198
v 34.19652176 -2.19999766 97.99514008
v 34.38021088 -2.19999766 97.33955383
v 34.7339592 -2.19999766 96.75783539
v 35.23153687 -2.19999766 96.29312897
v 35.8360405 -2.19999766 95.97990417
v 36.50263214 -2.19999766 95.84138489
v 37.18187714 -2.19999766 95.8878479
v 37.82339859 -2.19999766 96.11584473
v 38.3796196 -2.19999766 96.50846863
v 38.80928802 -2.19999766 97.03659821
v 39.08053207 -2.19999766 97.66106415
v 39.17323685 -2.19999766 98.33555603
v 39.08053207 -2.19999766 99.01004791
v 38.80928802 -2.19999766 99.63451385
v 38.3796196 -2.19999766 100.16264343
v 37.82339859 -2.19999766 100.55526733
v 37.18187714 -2.19999766 100.78326416
v 36.50263214 -2.19999766 100.82972717
v 35.8360405 -2.19999766 100.69120789
v 35.23153687 -2.19999766 100.37798309
v 34.7339592 -2.19999766 99.91327667
v 34.38021088 -2.19999766 99.33155823
v 36.67323685 1.70000231 93.33555603
v 35.69778442 1.70000231 93.431633
v 36.67323685 2.00614905 93.39645386
v 35.70966721 2.00614905 93.4913559
v 35.74349976 2.2656877 93.66144562
v 34.8494873 2.2656877 93.93264008
v 34.94881058 2.43910599 94.17241669
v 34.16975784 2.43910599 94.58882904
v 34.37495422 2.50000238 94.82016754
v 33.70337677 2.50000238 95.36569977
v 33.48691177 2.43910599 95.14923096
v 32.92651367 2.43910599 95.83207703
v 32.71071625 2.2656877 95.68788147
v 32.27031708 2.2656877 96.5118103
v 32.11009979 2.00614905 96.4454422
v 31.82903671 2.00614905 97.37198639
v 31.7693119 1.70000231 97.36010742
v 31.67323685 1.70000231 98.33555603
v 34.78312302 2.00614905 93.77242279
v 34.75981903 1.70000231 93.71615601
v 33.92921829 2.00614905 94.22884369
v 33.89538574 1.70000231 94.1782074
v 33.18076324 2.00614905 94.84308624
v 33.13770294 1.70000231 94.80002594
v 32.51588821 1.70000231 95.55770874
v 32.56652451 2.00614905 95.59153748
v 32.05384064 1.70000231 96.42214203
v 31.73413467 2.00614905 98.33555603
v 31.99912262 2.2656877 97.40581512
v 32.51010132 2.43910599 96.61112976
v 33.15785217 2.50000238 96.03726959
v 31.90755272 2.2656877 98.33555603
v 32.25367355 2.43910599 97.45645142
v 32.76812363 2.50000238 96.78955841
v 32.16709137 2.43910599 98.33555603
v 32.54335022 2.50000238 97.57131195
v 32.47323608 2.50000238 98.33555603
v 35.12723923 2.50000238 94.43044281
v 35.79413223 2.43910599 93.91599274
v 36.67323685 2.2656877 93.56987
v 35.90899277 2.50000238 94.20567322
v 36.67323685 2.43910599 93.82940674
v 36.67323685 2.50000238 94.13555908
v 34.0255661 2.2656877 94.37303162
v 33.3033905 2.2656877 94.96570587
v 32.54335022 2.50000238 99.09980011
v 32.25367355 2.43910599 99.21466064
v 32.76812363 2.50000238 99.88155365
v 32.51010132 2.43910599 100.0599823
v 33.15784836 2.50000238 100.63384247
v 32.92651367 2.43910599 100.83903503
v 33.70337677 2.50000238 101.30541992
v 33.48691177 2.43910599 101.5218811
v 34.16975784 2.43910599 102.08228302
v 34.0255661 2.2656877 102.29808044
v 34.94881058 2.43910599 102.49869537
v 34.8494873 2.2656877 102.73847961
v 35.79413223 2.43910599 102.75511932
v 35.74349976 2.2656877 103.00967407
v 36.67323685 2.2656877 103.10124207
v 36.67323685 2.00614905 103.2746582
v 35.70966721 2.00614905 103.17975616
v 35.69778442 1.70000231 103.23948669
v 34.78312302 2.00614905 102.8986969
v 34.75981903 1.70000231 102.95495605
v 33.92921829 2.00614905 102.44226837
v 33.89538574 1.70000231 102.49290466
v 33.18076324 2.00614905 101.82803345
v 33.13770294 1.70000231 101.87109375
v 32.51588821 1.70000231 101.11341095
v 32.56652451 2.00614905 101.07957458
v 32.05384064 1.70000231 100.24897766
v 32.11009979 2.00614905 100.22566986
v 31.7693119 1.70000231 99.31101227
v 31.82903671 2.00614905 99.29912567
v 31.99912262 2.2656877 99.26529694
v 36.67323685 1.70000231 103.33555603
v 36.67323685 2.43910599 102.84170532
v 35.90899277 2.50000238 102.46544647
v 35.12723923 2.50000238 102.24066925
v 36.67323685 2.50000238 102.53556061
v 34.37495422 2.50000238 101.85094452
v 32.27031708 2.2656877 100.15930939
v 32.71071625 2.2656877 100.98323059
v 33.3033905 2.2656877 101.70540619
v 42.17323685 2.50000238 102.53556061
v 42.17323685 2.43910599 102.84170532
v 42.17323685 2.2656877 103.10124207
v 42.17323685 2.00614905 103.2746582
v 42.17323685 1.70000231 103.33555603
v 33.968647 2.50000238 99.06024933
v 33.87323761 2.50000238 98.33555603
v 33.968647 2.50000238 97.61086273
v 34.24836731 2.50000238 96.9355545
v 34.6933403 2.50000238 96.35565948
v 35.27323914 2.50000238 95.91068268
v 35.94854355 2.50000238 95.63096619
v 36.67323685 2.50000238 95.53556061
v 37.39793015 2.50000238 95.63096619
v 38.07323837 2.50000238 95.91068268
v 38.65313721 2.50000238 96.35565948
v 39.0981102 2.50000238 96.9355545
v 39.37783051 2.50000238 97.61086273
v 39.47323608 2.50000238 98.33555603
v 39.37783051 2.50000238 99.06024933
v 39.0981102 2.50000238 99.73555756
v 38.65313721 2.50000238 100.31545258
v 38.07323837 2.50000238 100.76042938
v 37.39793015 2.50000238 101.04014587
v 36.67323685 2.50000238 101.13555908
v 35.94854355 2.50000238 101.04014587
v 35.27323914 2.50000238 100.76042938
v 34.6933403 2.50000238 100.31545258
v 34.24836731 2.50000238 99.73555756
v 42.17323685 1.70000231 93.33555603
v 42.17323685 2.00614905 93.39645386
v 42.17323685 2.2656877 93.56987
v 42.17323685 2.43910599 93.82940674
v 42.17323685 2.50000238 94.13555908
v 31.7693119 -1.69999766 99.31101227
v 31.67323685 -1.69999766 98.33555603
v 31.7693119 -1.69999766 97.36010742
v 32.05384064 -1.69999766 96.42214203
v 32.51588821 -1.69999766 95.55770874
v 33.13770294 -1.69999766 94.80002594
v 33.89538574 -1.69999766 94.1782074
v 34.75981903 -1.69999766 93.71615601
v 35.69778442 -1.69999766 93.431633
v 36.67323685 -1.69999766 93.33555603
v 32.05384064 -1.69999766 100.24897766
v 32.51588821 -1.69999766 101.11341095
v 33.13770294 -1.69999766 101.87109375
v 33.89538574 -1.69999766 102.49290466
v 34.75981903 -1.69999766 102.95495605
v 35.69778442 -1.69999766 103.23948669
v 36.67323685 -1.69999766 103.33555603
v 42.17323685 -2.49999762 94.13555908
v 36.67323685 -2.49999762 94.13555908
v 42.17323685 -2.43910122 93.82940674
v 36.67323685 -2.43910122 93.82940674
v 42.17323685 -2.26568317 93.56987
v 36.67323685 -2.26568317 93.56987
v 36.67323685 -2.00614452 93.39645386
v 42.17323685 -2.00614452 93.39645386
v 42.17323685 -1.69999766 93.33555603
v 35.79413223 -2.43910122 93.91599274
v 35.85385895 -2.49999762 94.21625519
v 34.94881058 -2.43910122 94.17241669
v 35.06596756 -2.49999762 94.45526123
v 34.16975784 -2.43910122 94.58882904
v 34.33984375 -2.49999762 94.84338379
v 33.48691177 -2.43910122 95.14923096
v 33.70338821 -2.49999762 95.3657074
v 32.92651367 -2.43910122 95.83207703
v 33.18106461 -2.49999762 96.00215912
v 32.79294205 -2.49999762 96.72828674
v 32.51010132 -2.43910122 96.61112976
v 32.55393982 -2.49999762 97.51617432
v 32.25367355 -2.43910122 97.45645142
v 32.16709137 -2.43910122 98.33555603
v 31.99912262 -2.26568317 97.40581512
v 31.90755272 -2.26568317 98.33555603
v 31.73413467 -2.00614452 98.33555603
v 32.47323608 -2.49999762 98.33555603
v 31.82903671 -2.00614452 97.37198639
v 32.11009979 -2.00614452 96.4454422
v 32.56652451 -2.00614452 95.59153748
v 33.18076324 -2.00614452 94.84308624
v 33.92921829 -2.00614452 94.22884369
v 34.78312302 -2.00614452 93.77242279
v 35.70966721 -2.00614452 93.4913559
v 35.74349976 -2.26568317 93.66144562
v 34.8494873 -2.26568317 93.93264008
v 34.0255661 -2.26568317 94.37303162
v 33.3033905 -2.26568317 94.96570587
v 32.71071625 -2.26568317 95.68788147
v 32.27031708 -2.26568317 96.5118103
v 31.82903671 -2.00614452 99.29912567
v 31.99912262 -2.26568317 99.26529694
v 32.25367355 -2.43910122 99.21466064
v 32.55393982 -2.49999762 99.15493774
v 32.51010132 -2.43910122 100.0599823
v 32.79294205 -2.49999762 99.94282532
v 32.92651367 -2.43910122 100.83903503
v 33.18106461 -2.49999762 100.66895294
v 33.48691177 -2.43910122 101.5218811
v 33.70338821 -2.49999762 101.30540466
v 34.16975784 -2.43910122 102.08228302
v 34.33984375 -2.49999762 101.82772827
v 35.06596756 -2.49999762 102.21585083
v 34.94881058 -2.43910122 102.49869537
v 35.85385895 -2.49999762 102.45485687
v 35.79413223 -2.43910122 102.75511932
v 36.67323685 -2.49999762 102.53556061
v 36.67323685 -2.43910122 102.84170532
v 35.74349976 -2.26568317 103.00967407
v 36.67323685 -2.26568317 103.10124207
v 35.70966721 -2.00614452 103.17975616
v 36.67323685 -2.00614452 103.2746582
v 34.78312302 -2.00614452 102.8986969
v 33.92921829 -2.00614452 102.44226837
v 33.18076324 -2.00614452 101.82803345
v 32.56652451 -2.00614452 101.07957458
v 32.11009979 -2.00614452 100.22566986
v 32.27031708 -2.26568317 100.15930939
v 32.71071625 -2.26568317 100.98323059
v 33.3033905 -2.26568317 101.70540619
v 34.0255661 -2.26568317 102.29808044
v 34.8494873 -2.26568317 102.73847961
v 42.17323685 -1.69999766 103.33555603
v 42.17323685 -2.00614452 103.2746582
v 42.17323685 -2.26568317 103.10124207
v 42.17323685 -2.43910122 102.84170532
v 42.17323685 -2.49999762 102.53556061
v 39.37783051 -2.49999762 97.61086273
v 39.47323608 -2.49999762 98.33555603
v 39.37783051 -2.49999762 99.06024933
v 39.0981102 -2.49999762 99.73555756
v 38.65313721 -2.49999762 100.31545258
v 38.07323837 -2.49999762 100.76042938
v 37.39793015 -2.49999762 101.04014587
v 36.67323685 -2.49999762 101.13555908
v 35.94854355 -2.49999762 101.04014587
v 35.27323914 -2.49999762 100.76042938
v 34.6933403 -2.49999762 100.31545258
v 34.24836731 -2.49999762 99.73555756
v 33.968647 -2.49999762 99.06024933
v 33.87323761 -2.49999762 98.33555603
v 33.968647 -2.49999762 97.61086273
v 34.24836731 -2.49999762 96.9355545
v 34.6933403 -2.49999762 96.35565948
v 35.27323914 -2.49999762 95.91068268
v 35.94854355 -2.49999762 95.63096619
v 36.67323685 -2.49999762 95.53556061
v 37.39793015 -2.49999762 95.63096619
v 38.07323837 -2.49999762 95.91068268
v 38.65313721 -2.49999762 96.35565948
v 39.0981102 -2.49999762 96.9355545
v 42.67323685 1.67705321 103.83555603
v 42.6732254 1.70000231 103.83203125
v 42.67323685 -1.67704868 103.83555603
v 42.6732254 -1.69999766 103.83203125
v 42.60507202 -1.69999766 103.58352661
v 42.60507202 1.70000231 103.58352661
v 42.42221832 -1.69999766 103.40195465
v 42.42221832 1.70000231 103.40195465
v 42.67323685 3.00000238 102.53556061
v 42.67323685 3.00000238 94.13555908
v 42.60625076 2.75000238 98.33555603
v 42.60625076 2.75000238 94.13555908
v 42.42323685 2.56698966 98.33555603
v 42.42323685 2.56698966 94.13555908
v 42.42323685 2.56698966 102.53556061
v 42.60625076 2.75000238 102.53556061
v 42.67323685 -1.67704868 92.83555603
v 42.6732254 -1.69999766 92.83908081
v 42.67323685 1.67705333 92.83555603
v 42.6732254 1.70000219 92.83908081
v 42.60507202 1.70000231 93.08758545
v 42.60507202 -1.69999766 93.08758545
v 42.42221832 1.70000231 93.26915741
v 42.42221832 -1.69999766 93.26915741
v 42.42323685 -2.56698489 98.33555603
v 42.42323685 -2.56698489 94.13555908
v 42.60625076 -2.74999762 98.33555603
v 42.60625076 -2.74999762 94.13555908
v 42.67323685 -2.99999762 94.13555908
v 42.67323685 -2.99999762 102.53556061
v 42.60625076 -2.74999762 102.53556061
v 42.42323685 -2.56698489 102.53556061
v 82.17324066 -5.97694159 97.81006622
v 81.87323761 -6.24012423 97.46905518
v 82.17324066 -5.79355383 96.77519989
v 81.87323761 -6.06164122 96.61902618
v 81.9732666 -5.97241497 96.67126465
v 81.87323761 -6.29999781 98.33555603
v 82.17324066 -5.97694159 98.86104584
v 81.87323761 -6.24012423 99.20205688
v 82.17324066 -5.79355383 99.89591217
v 82.07326508 -5.88305235 99.94779205
v 81.9732666 -5.97241497 99.99985504
v 81.87323761 -6.06164122 100.05208588
v 82.07326508 -5.88305235 96.72332001
v 42.67224503 -1.94212985 103.78072357
v 42.66489029 -1.80863333 103.73968506
v 42.63813019 -1.80027103 103.64699554
v 42.52679062 -1.78504014 103.4781723
v 42.63813019 -1.90305984 103.63288116
v 42.52679062 -1.87221599 103.46620178
v 42.63813019 -2.00706124 103.60842896
v 42.52679062 -1.96042025 103.44547272
v 42.63813019 -2.11077404 103.57315826
v 42.52679062 -2.04837966 103.41555023
v 42.63813019 -2.31065798 103.46960449
v 42.52679062 -2.21790242 103.32772827
v 42.52679062 -2.36956501 103.20446777
v 42.35728455 -2.29065156 103.12592316
v 42.52679062 -2.49216938 103.05345917
v 42.35728455 -2.39897752 102.99253845
v 42.52679062 -2.57999277 102.88394165
v 42.35728455 -2.47646928 102.84295654
v 42.35728455 -2.15697575 103.23453522
v 42.35728455 -2.00739574 103.31202698
v 42.35728455 -1.92978394 103.33842468
v 42.35728455 -1.85195613 103.35671997
v 42.35728455 -1.77503562 103.36728668
v 42.63813019 -2.73759747 102.94633484
v 42.63813019 -2.63404512 103.14621735
v 42.63813019 -2.48967624 103.32407379
v 42.66489029 -2.36158442 103.54750061
v 42.66489029 -2.14503098 103.65969086
v 42.66489029 -2.03266907 103.69790649
v 42.66489029 -1.91999435 103.72438812
v 42.66489029 -2.82412887 102.98059082
v 42.67323685 -2.95581126 102.87161255
v 42.67323685 -2.82625604 103.18482208
v 42.66489029 -2.71194077 103.19714355
v 42.66489029 -2.55563712 103.38972473
v 42.67323685 -2.62013865 103.45389557
v 42.67235565 -2.41283202 103.58704376
v 42.67159653 -2.18372059 103.69848633
v 42.67323685 0.84779352 104.02271271
v 42.67323685 -0.84778899 104.02271271
v 42.67323685 2.28E-06 104.08555603
v 42.67323685 2.82626057 103.18482208
v 42.66489029 2.7119453 103.19714355
v 42.67323685 2.62014318 103.45389557
v 42.66489029 2.55564165 103.38972473
v 42.67235565 2.41245127 103.58725739
v 42.66489029 2.36158895 103.54750061
v 42.67159653 2.18317437 103.69871521
v 42.66489029 2.14503551 103.65969086
v 42.67224503 1.94170809 103.78083801
v 42.63813019 2.11077857 103.57315826
v 42.52679062 2.04838419 103.41555023
v 42.52679062 2.21790719 103.32772827
v 42.35728455 2.15698028 103.23453522
v 42.35728455 2.29065633 103.12592316
v 42.35728455 2.39898205 102.99253845
v 42.35728455 2.47647405 102.84295654
v 42.35728455 2.50287223 102.76534271
v 42.52679062 2.5799973 102.88394165
v 42.52679062 2.60991502 102.79598236
v 42.63813019 2.737602 102.94633484
v 42.63813019 2.77287793 102.84262085
v 42.66489029 2.82413363 102.98059082
v 42.66489029 2.86235142 102.8682251
v 42.67323685 2.95581603 102.87161255
v 42.66489029 2.88883662 102.7555542
v 42.66489029 2.90413022 102.64419556
v 42.63813019 2.81144071 102.63583374
v 42.52679062 2.64262033 102.62059784
v 42.35728455 2.53173018 102.6105957
v 42.35728455 2.00740027 103.31202698
v 42.63813019 2.63404965 103.14621735
v 42.63813019 2.48968077 103.32407379
v 42.63813019 2.31066251 103.46960449
v 42.52679062 2.49217391 103.05345917
v 42.52679062 2.36956954 103.20446777
v 42.35728455 2.52116632 102.68751526
v 42.52679062 2.63064837 102.70777893
v 42.63813019 2.79732442 102.73861694
v 42.67323685 5.75000238 98.33555603
v 42.67323685 5.65404844 97.28948975
v 42.67323685 5.65404844 99.38162994
v 42.67323685 5.36938906 96.27832794
v 42.67323685 5.36938906 100.39278412
v 42.67323685 4.90552521 95.33583069
v 42.67323685 4.90552521 101.33528137
v 42.67323685 4.27793789 94.49345398
v 42.67323685 4.27793789 102.17765808
v 42.67323685 3.5075736 93.7793045
v 42.67323685 2.90894532 93.65760803
v 42.67323685 2.78716183 93.42276001
v 42.67323685 2.62014318 93.21722412
v 42.67323685 3.50757384 102.89180756
v 42.67224503 1.9421345 92.89038849
v 42.66489029 1.80863798 92.931427
v 42.63813019 1.80027556 93.02411652
v 42.52679062 1.78504467 93.19293976
v 42.63813019 1.90306449 93.0382309
v 42.52679062 1.87222064 93.20491028
v 42.63813019 2.00706577 93.06268311
v 42.52679062 1.9604249 93.22564697
v 42.63813019 2.11077857 93.0979538
v 42.52679062 2.04838419 93.25556183
v 42.63813019 2.31066251 93.20150757
v 42.52679062 2.21790719 93.34338379
v 42.52679062 2.36956954 93.46664429
v 42.35728455 2.29065633 93.54519653
v 42.52679062 2.49183369 93.61713409
v 42.35728455 2.39883208 93.67835236
v 42.35728455 2.47651005 93.82824707
v 42.35728455 1.77504027 93.30382538
v 42.35728455 1.85196066 93.31439209
v 42.35728455 1.92978847 93.33268738
v 42.35728455 2.00740027 93.35908508
v 42.35728455 2.15698028 93.43657684
v 42.52679062 2.58007932 93.78738403
v 42.63813019 2.63344812 93.52397919
v 42.63813019 2.48968077 93.34703827
v 42.66489029 2.36158895 93.12361145
v 42.66489029 2.14503551 93.01142883
v 42.66489029 2.0326736 92.97320557
v 42.66489029 1.919999 92.94672394
v 42.63813019 2.73774695 93.72514343
v 42.66489029 2.82431674 93.69098663
v 42.66489029 2.71118474 93.47280884
v 42.66489029 2.55564141 93.28138733
v 42.67235565 2.41283655 93.08407593
v 42.67159653 2.18372512 92.97262573
v 42.67323685 -0.84778893 92.64839935
v 42.67323685 0.84779352 92.64839935
v 42.67323685 2.29E-06 92.58555603
v 42.67323685 -2.82625604 93.48629761
v 42.66489029 -2.71194077 93.47396851
v 42.67323685 -2.62013865 93.21722412
v 42.66489029 -2.55563712 93.28138733
v 42.67235565 -2.41244674 93.08385468
v 42.66489029 -2.36158442 93.12361145
v 42.67159653 -2.18316984 92.97240448
v 42.66489029 -2.14503098 93.01142883
v 42.67224503 -1.94170344 92.89027405
v 42.63813019 -2.11077404 93.0979538
v 42.52679062 -2.04837966 93.25556183
v 42.52679062 -2.21790242 93.34338379
v 42.35728455 -2.15697575 93.43657684
v 42.35728455 -2.29065156 93.54519653
v 42.35728455 -2.39897752 93.67858124
v 42.35728455 -2.47646928 93.82815552
v 42.35728455 -2.5028677 93.90576935
v 42.52679062 -2.57999277 93.78717804
v 42.52679062 -2.60991049 93.87513733
v 42.63813019 -2.73759747 93.72477722
v 42.63813019 -2.7728734 93.82849121
v 42.66489029 -2.82412887 93.69052124
v 42.66489029 -2.86234689 93.80288696
v 42.67323685 -2.95581126 93.79949951
v 42.66489029 -2.88883209 93.91555786
v 42.66489029 -2.90412569 94.02692413
v 42.63813019 -2.81143618 94.03528595
v 42.52679062 -2.6426158 94.05051422
v 42.35728455 -2.53172541 94.06051636
v 42.35728455 -2.00739574 93.35908508
v 42.63813019 -2.63404512 93.52489471
v 42.63813019 -2.48967624 93.34703827
v 42.63813019 -2.31065798 93.20150757
v 42.52679062 -2.49216938 93.61765289
v 42.52679062 -2.36956501 93.46664429
v 42.35728455 -2.52116179 93.9835968
v 42.52679062 -2.63064384 93.96334076
v 42.63813019 -2.79731989 93.93249512
v 42.67323685 -3.50756907 102.89180756
v 42.67323685 -4.2779336 102.17765808
v 42.67323685 -3.50756907 93.7793045
v 42.67323685 -4.2779336 94.49345398
v 42.67323685 -4.90552044 101.33528137
v 42.67323685 -4.90552044 95.33583069
v 42.67323685 -5.36938477 100.39278412
v 42.67323685 -5.36938477 96.27832794
v 42.67323685 -5.65404367 99.38162994
v 42.67323685 -5.65404367 97.28948975
v 42.67323685 -5.74999762 98.33555603
v 80.67324066 -6.06164122 96.61902618
v 80.67324066 -6.24012423 97.46905518
v 80.67324066 -6.29999781 98.33555603
v 80.67324066 -6.24012423 99.20205688
v 80.67324066 -6.06164122 100.05208588
v 43.17124939 -2.10447335 104.22059631
v 43.17321396 -1.84782362 104.30615234
v 42.99361801 -2.09189677 104.19045258
v 42.92418671 -1.82768834 104.24285126
v 42.8289032 -2.05574512 104.0940094
v 42.74132919 -1.77362466 104.06945038
v 42.71586609 -2.00153542 103.94561005
v 42.71760178 -2.24875498 103.85829926
v 42.83101654 -2.30697393 104.0014801
v 42.99425507 -2.34478712 104.09462738
v 43.16995621 -2.35671115 104.12419891
v 42.99345016 -2.59248209 103.98648071
v 43.17147446 -2.60454988 104.01699829
v 43.17323685 -2.84797692 103.89896393
v 42.92323685 -2.81745243 103.83934021
v 42.82843781 -2.55083179 103.89174652
v 42.74022675 -2.7340579 103.67642975
v 42.71548462 -2.48571277 103.74703217
v 43.17323685 -1.8228792 104.31381989
v 42.98952866 -1.82492876 104.27661896
v 42.92323685 -1.80334163 104.2497406
v 42.82027435 -1.79219985 104.17067719
v 42.74022675 -1.749964 104.07468414
v 42.70882416 -1.74249625 104.00927734
v 42.92323685 1.80334616 104.2497406
v 42.98918915 1.59418702 104.34250641
v 43.17323685 1.82288384 104.31381989
v 42.98918915 1.37253821 104.39699554
v 43.17323685 0.92151451 104.51725006
v 42.98918915 1.14811325 104.44348145
v 42.98918915 0.92134541 104.48178101
v 42.81968307 1.12754464 104.33406067
v 42.81968307 0.90483946 104.37166595
v 42.70834351 1.09623086 104.16747284
v 42.70834351 0.87971056 104.2040329
v 42.70834351 0.4416866 104.25314331
v 42.70834351 2.29E-06 104.26960754
v 42.70834351 -0.44168204 104.25314331
v 42.81968307 -0.45429873 104.42218018
v 42.81968307 -0.90483487 104.37166595
v 42.98918915 -0.92134088 104.48178101
v 42.81968307 1.56562698 104.2348938
v 42.74022675 1.74996853 104.07468414
v 42.70834351 1.52214694 104.07106018
v 42.70834351 1.31051421 104.12308502
v 42.70834351 -0.87970597 104.2040329
v 43.17323685 -0.92150992 104.51725006
v 42.98918915 -0.46258608 104.53321075
v 42.81968307 2.29E-06 104.4391098
v 43.17323685 2.28E-06 104.58555603
v 42.98918915 2.29E-06 104.55045319
v 42.81968307 0.45430332 104.42218018
v 42.98918915 0.46259066 104.53321075
v 42.81968307 1.34794903 104.28840637
v 43.17321396 1.84782839 104.30615234
v 42.98952866 1.82493448 104.27661896
v 42.92418671 1.82769322 104.24285126
v 42.82027435 1.79220545 104.17067719
v 42.74132919 1.77362943 104.06945038
v 42.70882416 1.74250185 104.00927734
v 43.17147064 2.60412288 104.01719666
v 43.17323685 2.84798145 103.89896393
v 42.99345398 2.59205794 103.98668671
v 42.92323685 2.81745696 103.83934021
v 42.82844925 2.55041838 103.89195251
v 42.74022675 2.73406243 103.67642975
v 42.71549225 2.48531556 103.74724579
v 42.71760178 2.24819374 103.85852814
v 42.83101654 2.30640101 104.00171661
v 42.99425507 2.34420943 104.09486389
v 43.16995621 2.35613537 104.12443542
v 43.1712532 2.10403275 104.22075653
v 42.9936142 2.09145641 104.19060516
v 42.82889557 2.0553081 104.09415436
v 42.71585846 2.00110459 103.94573975
v 43.17323685 6.25000238 98.33555603
v 42.92323685 6.18301487 98.33555603
v 43.17323685 6.17331886 99.31159973
v 42.92323685 6.10715342 99.30113983
v 43.17323685 5.94514942 100.26369476
v 42.92323685 5.88142967 100.24303436
v 43.17323685 5.57109356 101.16847992
v 42.92323685 5.51138306 101.13811493
v 43.17323685 5.06033039 102.0037384
v 42.92323685 5.0060935 101.96442413
v 43.17323685 4.42539263 102.74899292
v 42.92323685 4.37796116 102.70169067
v 43.17323685 3.68186116 103.38594818
v 42.92323685 3.64239907 103.33181763
v 42.74022675 3.53458691 103.18392944
v 42.74022675 4.24837685 102.57245636
v 42.74022675 4.85791683 101.85701752
v 42.74022675 5.34824991 101.05516052
v 42.74022675 5.70734358 100.18656921
v 42.74022675 5.92638588 99.27256012
v 42.74022675 6.00000238 98.33555603
v 42.74022675 2.73406219 92.99468231
v 42.74022675 3.53458667 93.48718262
v 42.74022675 4.24837685 94.0986557
v 42.74022675 4.85791683 94.81410217
v 42.74022675 5.34824991 95.61595154
v 42.74022675 5.70734358 96.48454285
v 42.74022675 5.92638588 97.39855194
v 42.92323685 6.10715342 97.36997223
v 43.17323685 6.17331886 97.35951233
v 43.17323685 5.94514942 96.4074173
v 42.92323685 5.88142967 96.42808533
v 43.17323685 5.57109356 95.50263214
v 42.92323685 5.51138258 95.53299713
v 42.92323685 5.0060935 94.70668793
v 43.17323685 5.06032991 94.66737366
v 42.92323685 4.37796116 93.96942139
v 43.17323685 4.42539215 93.92211914
v 42.92323685 3.64239883 93.33930206
v 43.17323685 3.68186092 93.28517151
v 42.92323685 2.81745672 92.83177948
v 43.17323685 2.84798121 92.77214813
v 42.71548462 2.48571754 92.9240799
v 42.82843781 2.55083632 92.77937317
v 42.99345016 2.59248686 92.68463135
v 43.17147446 2.60455441 92.65411377
v 43.16995621 2.35671568 92.54691315
v 42.99425507 2.34479189 92.57648468
v 42.83101654 2.30697846 92.66963196
v 42.71760178 2.24875951 92.81281281
v 42.71586609 2.00153995 92.72550201
v 42.74132919 1.77362919 92.60166168
v 42.8289032 2.05574965 92.57710266
v 42.92418671 1.82769299 92.4282608
v 42.99361801 2.0919013 92.48066711
v 43.17321396 1.84782827 92.36495972
v 43.17124939 2.10447788 92.45051575
v 42.70882416 1.7425009 92.66183472
v 42.82027435 1.79220438 92.50043488
v 42.98952866 1.82493341 92.3944931
v 43.17323685 1.82288384 92.35729218
v 42.92323685 1.80334616 92.42137146
v 42.74022675 1.74996853 92.59642792
v 42.70834351 0.87971056 92.46707916
v 42.81968307 0.90483946 92.29944611
v 42.98918915 0.92134541 92.18933868
v 43.17323685 0.92151451 92.153862
v 42.98918915 0.46259066 92.13790131
v 43.17323685 2.3E-06 92.08555603
v 42.98918915 2.29E-06 92.1206665
v 42.98918915 -0.46258608 92.13790131
v 42.81968307 -0.45429873 92.24893188
v 42.81968307 -0.90483487 92.29944611
v 42.70834351 -0.87970597 92.46707916
v 42.70834351 -1.09622633 92.50364685
v 42.70834351 -1.31050968 92.54802704
v 42.70834351 -1.52214229 92.60005188
v 42.74022675 -1.749964 92.59642792
v 42.81968307 -1.56562233 92.43621826
v 42.92323685 -1.80334163 92.42137146
v 42.98918915 -1.59418249 92.32860565
v 43.17323685 -1.8228792 92.35729218
v 42.98918915 -1.37253356 92.27411652
v 43.17323685 -0.92150992 92.153862
v 42.98918915 -1.1481086 92.22763062
v 42.98918915 -0.92134088 92.18933868
v 42.81968307 -1.12753999 92.33705902
v 42.70834351 -0.44168204 92.41796875
v 42.70834351 2.29E-06 92.40151215
v 42.70834351 0.4416866 92.41796875
v 42.81968307 0.45430332 92.24893188
v 42.81968307 2.29E-06 92.23200226
v 42.81968307 -1.34794438 92.38270569
v 42.70882416 -1.74249732 92.66183472
v 42.82027435 -1.7922008 92.50043488
v 42.98952866 -1.82492983 92.3944931
v 43.17321396 -1.84782374 92.36495972
v 42.92418671 -1.82768857 92.4282608
v 42.74132919 -1.77362478 92.60166168
v 43.17147064 -2.60411835 92.65391541
v 43.17323685 -2.84797692 92.77214813
v 42.99345398 -2.59205341 92.68443298
v 42.92323685 -2.81745243 92.83177948
v 42.82844925 -2.55041361 92.77916718
v 42.74022675 -2.7340579 92.99468231
v 42.71549225 -2.48531103 92.92386627
v 42.71760178 -2.24818921 92.81258392
v 42.83101654 -2.30639648 92.66939545
v 42.99425507 -2.3442049 92.57624817
v 43.16995621 -2.35613084 92.54667664
v 43.1712532 -2.10402822 92.45035553
v 42.9936142 -2.09145188 92.4805069
v 42.82889557 -2.05530357 92.5769577
v 42.71585846 -2.00109982 92.72537231
v 43.17323685 -3.74250627 103.34116364
v 42.98918915 -3.44837999 103.50601196
v 42.81968307 -3.38660169 103.41337585
v 42.70834351 -3.29255009 103.27236176
v 42.70834351 -3.87156653 102.83264923
v 42.70834351 -4.42144871 102.29329681
v 42.70834351 -4.91943073 101.65400696
v 42.81968307 -5.05995417 101.74879456
v 42.81968307 -5.49371862 100.99495697
v 42.98918915 -5.59393501 101.04346466
v 42.98918915 -5.93103266 100.19236755
v 43.17323685 -5.70123816 100.89648438
v 43.17323685 -6.0505538 99.90184784
v 42.98918915 -6.14269066 99.28013611
v 43.17323685 -6.2277317 98.86265564
v 42.98918915 -6.21489191 98.33555603
v 43.17323685 -6.2277317 97.80846405
v 42.98918915 -6.14269066 97.39097595
v 43.17323685 -6.0505538 96.76926422
v 42.98918915 -5.93103266 96.47875214
v 43.17323685 -5.70123816 95.77462769
v 42.98918915 -5.59393501 95.6276474
v 43.17323685 -5.18972349 94.85285187
v 42.98918915 -5.15225792 94.86005402
v 42.98918915 -4.63070726 94.19050598
v 42.81968307 -5.05995417 94.9223175
v 42.81968307 -4.54774761 94.26476288
v 42.70834351 -4.91943073 95.0171051
v 42.70834351 -4.42144871 94.37781525
v 42.70834351 -3.87156653 93.83846283
v 42.70834351 -3.29255009 93.39875793
v 42.70834351 -5.34114885 100.9210968
v 42.81968307 -5.8247776 100.15909576
v 42.70834351 -5.66301346 100.10845947
v 42.81968307 -6.03264332 99.26321411
v 42.81968307 -6.10355091 98.33555603
v 42.81968307 -6.03264332 97.40789795
v 42.70834351 -5.86510658 99.23745728
v 42.70834351 -5.93404484 98.33555603
v 42.70834351 -5.86510658 97.43366241
v 42.81968307 -5.8247776 96.5120163
v 42.70834351 -5.66301346 96.56266022
v 42.70834351 -5.34114885 95.75001526
v 42.81968307 -3.38660169 93.25773621
v 42.98918915 -3.44837999 93.16510773
v 43.17323685 -3.74250627 93.32994843
v 42.98918915 -4.05480051 93.62562561
v 43.17323685 -4.53056192 94.03015137
v 43.17323685 -5.18972349 101.81826019
v 42.98918915 -5.15225792 101.81105804
v 42.81968307 -4.54774761 102.40634918
v 42.98918915 -4.63070726 102.48060608
v 43.17323685 -4.53056192 102.64096069
v 42.98918915 -4.05480051 103.04549408
v 42.81968307 -3.98215795 102.96111298
v 42.81968307 -5.49371862 95.67616272
v 42.81968307 -3.98215795 93.70999908
v 80.67324066 -5.98819208 96.545578
v 80.67324066 -6.18419981 97.43104553
v 80.67324066 -6.24999762 98.33555603
v 80.67324066 -6.18419981 99.24006653
v 80.67324066 -5.98819208 100.12553406
v 61.92159653 -3.44310379 103.55164337
v 61.92159653 -2.45640421 104.08260345
v 61.92159653 -1.39075351 104.4288559
v 61.92159653 -0.2804029 104.57926178
v 61.92159653 0.83896017 104.5289917
v 61.92159653 1.93135846 104.27966309
v 61.92159653 2.96168137 103.83927917
v 61.92159653 3.89681363 103.22200012
v 61.92159653 4.70669889 102.44767761
v 61.92159653 5.36530733 101.54117584
v 61.92159653 5.85146999 100.53164673
v 61.92159653 6.14956236 99.45153809
v 61.92159653 6.25000238 98.33555603
v 61.92159653 6.14956236 97.21957397
v 61.92159653 5.85146999 96.13946533
v 61.92159653 5.36530733 95.12993622
v 61.92159653 4.70669889 94.22344208
v 61.92159653 3.89681363 93.44911194
v 61.92159653 2.96168137 92.83183289
v 61.92159653 1.93135846 92.3914566
v 61.92159653 0.83896017 92.14212036
v 61.92159653 -0.2804029 92.09185028
v 61.92159653 -1.39075351 92.24225616
v 61.92159653 -2.45640421 92.58850861
v 61.92159653 -3.44310379 93.11947632
v 61.92159653 -4.31913948 93.81809235
v 61.92159653 -5.05635405 94.66189575
v 61.92159653 -5.63105297 95.62378693
v 61.92159653 -6.02476549 96.67282867
v 61.92159653 -6.22483683 97.77531433
v 61.92159653 -6.22483683 98.89580536
v 61.92159653 -6.02476549 99.99828339
v 61.92159653 -5.63105297 101.04733276
v 61.92159653 -5.05635405 102.00921631
v 61.92159653 -4.31913948 102.85302734
v 80.67324066 -5.61291456 95.58643341
v 80.67324066 -5.08521175 94.70195007
v 80.67324066 -4.419415 93.9161377
v 80.67324066 -3.63360429 93.25034332
v 80.67324066 -2.7491188 92.72264099
v 80.67324066 -1.78997803 92.34736633
v 80.67324066 -0.90451026 92.15135193
v 80.67324066 2.29E-06 92.08555603
v 80.67324066 0.90451485 92.15135193
v 80.67324066 1.78998268 92.34736633
v 80.67324066 2.74912333 92.72264099
v 80.67324066 3.63360882 93.25034332
v 80.67324066 4.41941977 93.9161377
v 80.67324066 5.08521652 94.70195007
v 80.67324066 5.61291885 95.58643341
v 80.67324066 5.98819637 96.545578
v 80.67324066 6.18420458 97.43104553
v 80.67324066 6.25000238 98.33555603
v 80.67324066 6.18420458 99.24006653
v 80.67324066 5.98819637 100.12553406
v 80.67324066 5.61291885 101.08467865
v 80.67324066 5.08521652 101.96916199
v 80.67324066 4.41941977 102.75497437
v 80.67324066 3.63360882 103.42076874
v 80.67324066 2.74912333 103.94847107
v 80.67324066 1.78998268 104.32375336
v 80.67324066 0.90451485 104.51976013
v 80.67324066 2.29E-06 104.58555603
v 80.67324066 -0.90451026 104.51976013
v 80.67324066 -1.78997803 104.32375336
v 80.67324066 -2.7491188 103.94847107
v 80.67324066 -3.63360429 103.42076874
v 80.67324066 -4.419415 102.75497437
v 80.67324066 -5.08521175 101.96916199
v 80.67324066 -5.61291456 101.08467865
v 80.67324066 -1.71652889 104.39720154
v 80.67324066 -0.86649829 104.57568359
v 80.67324066 2.29E-06 104.63555908
v 80.67324066 0.86650288 104.57568359
v 80.67324066 1.71653354 104.39720154
v 80.67324066 1.71653354 92.27391052
v 80.67324066 0.86650288 92.09542847
v 80.67324066 2.29E-06 92.03556061
v 80.67324066 -0.86649829 92.09542847
v 80.67324066 -1.71652889 92.27391052
v 80.67324066 6.06164551 96.61902618
v 80.67324066 6.24012852 97.46905518
v 80.67324066 6.3000021 98.33555603
v 80.67324066 6.24012852 99.20205688
v 80.67324066 6.06164551 100.05208588
v 81.87323761 6.06164551 100.05208588
v 81.87323761 1.71653354 104.39720154
v 81.87323761 -1.71652889 104.39720154
v 81.87323761 -0.86649835 104.57568359
v 81.87323761 2.29E-06 104.63555908
v 81.87323761 0.86650288 104.57568359
v 81.87323761 -1.71652889 92.27391052
v 81.87323761 -0.86649829 92.09542847
v 81.87323761 2.29E-06 92.03556061
v 81.87323761 1.71653354 92.27391052
v 81.87323761 0.86650288 92.09542847
v 81.87323761 6.06164551 96.61902618
v 81.87323761 6.24012852 97.46905518
v 81.87323761 6.3000021 98.33555603
v 81.87323761 6.24012852 99.20205688
v 88.1438446 -3.19999766 101.87722015
v 87.96737671 -3.13301039 102.05430603
v 87.93696594 -3.19999766 101.71895599
v 87.81221771 -3.13301039 101.93560791
v 87.69622803 -3.19999766 101.61948395
v 87.63166046 -3.13301039 101.86100006
v 87.43796539 -3.13301039 101.83555603
v 87.43796539 -2.94999766 102.01856995
v 87.58439636 -2.94999766 102.03780365
v 87.43796539 -2.69999766 102.08555603
v 87.56710052 -2.69999766 102.10251617
v 87.68746948 -2.69999766 102.1522522
v 87.72089386 -2.94999766 102.09420013
v 87.79090881 -2.69999766 102.23139191
v 87.8381958 -2.94999766 102.18393707
v 87.43796539 -3.19999766 101.58555603
v 87.43796539 -3.19999766 95.08555603
v 87.43796539 -3.13301039 94.83555603
v 87.69622803 -3.19999766 95.05163574
v 87.63166046 -3.13301039 94.810112
v 87.93696594 -3.19999766 94.9521637
v 87.81221771 -3.13301039 94.73551178
v 88.1438446 -3.19999766 94.79389191
v 87.96737671 -3.13301039 94.61680603
v 87.72089386 -2.94999766 94.57691193
v 87.8381958 -2.94999766 94.48717499
v 87.68746948 -2.69999766 94.51885986
v 87.79090881 -2.69999766 94.43972015
v 87.43796539 -2.94999766 94.65254211
v 87.58439636 -2.94999766 94.63330841
v 87.43796539 -2.69999766 94.58555603
v 87.56710052 -2.69999766 94.56859589
v 82.17324066 -2.69999766 94.58555603
v 82.17324066 -2.94999766 94.65254211
v 82.17324066 -3.13301039 94.83555603
v 82.17324066 -3.19999766 95.08555603
v 82.17324066 -3.19999766 101.58555603
v 82.17324066 -3.13301039 101.83555603
v 82.17324066 -2.94999766 102.01856995
v 82.17324066 -2.69999766 102.08555603
v 87.62890625 2.29E-06 102.12345123
v 87.56710052 2.70000219 102.10251617
v 87.43796539 2.70000219 102.08555603
v 87.79090881 2.70000219 102.23139191
v 87.68746948 2.70000219 102.1522522
v 87.62890625 2.29E-06 94.54766083
v 87.68746948 2.70000219 94.51885986
v 87.79090881 2.70000219 94.43972015
v 87.43796539 2.70000219 94.58555603
v 87.56710052 2.70000219 94.56859589
v 88.6266098 -2.94999766 93.83714294
v 88.58905029 -2.69999766 93.78168488
v 89.52280426 -2.94999766 93.34624481
v 89.49628448 -2.69999766 93.284729
v 90.49505615 -2.94999766 93.03182983
v 90.48052979 -2.69999766 92.96643829
v 91.50899506 -2.94999766 92.9050293
v 91.50696564 -2.69999766 92.83807373
v 92.52873993 -2.94999766 92.97032166
v 92.53928375 -2.69999766 92.90416718
v 93.51821899 -2.94999766 93.22540283
v 93.54096985 -2.69999766 93.16239929
v 94.44243622 -2.94999766 93.66124725
v 94.47657776 -2.69999766 93.60361481
v 95.26869965 -2.94999766 94.26244354
v 95.31303406 -2.69999766 94.21221924
v 95.96778107 -2.94999766 95.00771332
v 96.02072906 -2.69999766 94.96668243
v 96.51494598 -2.94999766 95.87070465
v 96.57463837 -2.69999766 95.84030914
v 96.89083862 -2.94999766 96.8208847
v 96.95516968 -2.69999766 96.80220795
v 97.08217621 -2.94999766 97.82463837
v 97.14886475 -2.69999766 97.81834412
v 97.08217621 -2.94999766 98.84647369
v 97.14886475 -2.69999766 98.85277557
v 96.89083862 -2.94999766 99.85023499
v 96.95516968 -2.69999766 99.86890411
v 96.51494598 -2.94999766 100.80041504
v 96.57463837 -2.69999766 100.83080292
v 95.96778107 -2.94999766 101.66339874
v 96.02072906 -2.69999766 101.70442963
v 95.26869965 -2.94999766 102.40867615
v 95.31303406 -2.69999766 102.45889282
v 94.44243622 -2.94999766 103.00986481
v 94.47657776 -2.69999766 103.06749725
v 93.51821899 -2.94999766 103.44570923
v 93.54096985 -2.69999766 103.5087204
v 92.52873993 -2.94999766 103.70079041
v 92.53928375 -2.69999766 103.76694489
v 91.50899506 -2.94999766 103.76608276
v 91.50696564 -2.69999766 103.83304596
v 90.49505615 -2.94999766 103.63928223
v 90.48052979 -2.69999766 103.70467377
v 89.52280426 -2.94999766 103.32486725
v 89.49628448 -2.69999766 103.38639069
v 88.6266098 -2.94999766 102.83396912
v 88.58905029 -2.69999766 102.88943481
v 88.72924042 -3.13301039 102.68243408
v 89.59523773 -3.13301039 103.15680695
v 90.53474426 -3.13301039 103.46062469
v 91.51452637 -3.13301039 103.5831604
v 92.49991608 -3.13301039 103.52006531
v 93.45606995 -3.13301039 103.27357483
v 94.34915924 -3.13301039 102.85240936
v 95.14758301 -3.13301039 102.27146912
v 95.82311249 -3.13301039 101.55130005
v 96.35185242 -3.13301039 100.71738434
v 96.71508789 -3.13301039 99.79920959
v 96.89997101 -3.13301039 98.82926178
v 96.89997101 -3.13301039 97.84185028
v 96.71508789 -3.13301039 96.87190247
v 96.35185242 -3.13301039 95.95372772
v 95.82311249 -3.13301039 95.11981201
v 95.14758301 -3.13301039 94.39964294
v 94.34915924 -3.13301039 93.8187027
v 93.45606995 -3.13301039 93.39753723
v 92.49991608 -3.13301039 93.15105438
v 91.51452637 -3.13301039 93.08795929
v 90.53474426 -3.13301039 93.21048737
v 89.59523773 -3.13301039 93.51431274
v 88.72924042 -3.13301039 93.98867798
v 88.90200806 -3.19999766 94.17378998
v 89.76650238 -3.19999766 93.71339417
v 90.70417023 -3.19999766 93.43036652
v 91.67902374 -3.19999766 93.33556366
v 92.65365601 -3.19999766 93.43261719
v 93.59066772 -3.19999766 93.71781921
v 94.45409393 -3.19999766 94.18022156
v 95.21081543 -3.19999766 94.80207062
v 95.83179474 -3.19999766 95.55950928
v 96.29319 -3.19999766 96.42347717
v 96.57730865 -3.19999766 97.36081696
v 96.67324066 -3.19999766 98.33555603
v 96.57730865 -3.19999766 99.31030273
v 96.29319 -3.19999766 100.24763489
v 95.83179474 -3.19999766 101.11160278
v 95.21081543 -3.19999766 101.86904144
v 94.45409393 -3.19999766 102.49089813
v 93.59066772 -3.19999766 102.95329285
v 92.65365601 -3.19999766 103.23849487
v 91.67902374 -3.19999766 103.33555603
v 90.70417023 -3.19999766 103.24074554
v 89.76650238 -3.19999766 102.9577179
v 88.90200806 -3.19999766 102.49732208
v 82.17324066 1.5603565 104.12911224
v 82.17324066 5.7935586 99.89591217
v 82.07326508 1.61223805 104.21861267
v 82.07326508 5.88305712 99.94779205
v 81.9732666 5.97241926 99.99985504
v 81.9732666 1.6642971 104.30797577
v 82.17324066 0.52549481 104.3125
v 82.17324066 -0.52549028 104.3125
v 82.17324066 -1.56035197 104.12911224
v 81.9732666 -1.66429245 104.30797577
v 82.07326508 -1.6122334 104.21861267
v 81.9732666 -1.66429245 92.36313629
v 82.07326508 -1.6122334 92.45249939
v 82.17324066 -1.56035197 92.54199982
v 82.17324066 -0.52549028 92.35861206
v 82.17324066 0.52549481 92.35861206
v 82.17324066 1.5603565 92.54199982
v 81.9732666 1.6642971 92.36313629
v 82.07326508 1.61223805 92.45249939
v 81.9732666 5.97241926 96.67126465
v 82.07326508 5.88305712 96.72332001
v 82.17324066 5.7935586 96.77519989
v 82.17324066 5.97694635 98.86104584
v 82.17324066 5.97694635 97.81006622
v 82.17324066 2.70000219 94.58555603
v 82.17324066 2.70000219 102.08555603
v 88.58905029 2.70000219 93.78168488
v 89.49628448 2.70000219 93.284729
v 90.48052979 2.70000219 92.96643829
v 91.50696564 2.70000219 92.83807373
v 92.53928375 2.70000219 92.90416718
v 93.54096985 2.70000219 93.16239929
v 94.47657776 2.70000219 93.60361481
v 95.31303406 2.70000219 94.21221924
v 96.02072906 2.70000219 94.96668243
v 96.57463837 2.70000219 95.84030914
v 96.95516968 2.70000219 96.80220795
v 97.14886475 2.70000219 97.81834412
v 97.14886475 2.70000219 98.85277557
v 96.95516968 2.70000219 99.86890411
v 96.57463837 2.70000219 100.83080292
v 96.02072906 2.70000219 101.70442963
v 95.31303406 2.70000219 102.45889282
v 94.47657776 2.70000219 103.06749725
v 93.54096985 2.70000219 103.5087204
v 92.53928375 2.70000219 103.76694489
v 91.50696564 2.70000219 103.83304596
v 90.48052979 2.70000219 103.70467377
v 89.49628448 2.70000219 103.38639069
v 88.58905029 2.70000219 102.88943481
v 87.8381958 2.95000219 94.48717499
v 87.72090149 2.95002437 94.57691956
v 87.96737671 3.13301492 94.61680603
v 87.8122406 3.13304043 94.73554993
v 87.99141693 3.20000219 94.9181366
v 87.81984711 3.20000219 95.00976562
v 87.63167572 3.13304043 94.81015778
v 87.63430786 3.20000219 95.06616974
v 87.43796539 3.13301492 94.83555603
v 87.43796539 3.20000219 95.08555603
v 87.58440399 2.95002437 94.63332367
v 87.43796539 2.95000219 94.65254211
v 88.1438446 3.20000219 94.79389191
v 82.17324066 3.20000219 95.08555603
v 82.17324066 3.13301492 94.83555603
v 82.17324066 2.95000219 94.65254211
v 82.17324066 3.20000219 101.58555603
v 82.17324066 3.13301492 101.83555603
v 82.17324066 2.95000219 102.01856995
v 87.43796539 3.20000219 101.58555603
v 87.43796539 3.13301492 101.83555603
v 87.43796539 2.95000219 102.01856995
v 87.58440399 2.95002437 102.03778839
v 87.63167572 3.13304043 101.86095428
v 87.63363647 3.20000219 101.60514832
v 87.8122406 3.13304043 101.93556213
v 87.81984711 3.20000219 101.66134644
v 87.99108887 3.20000219 101.75236511
v 87.96737671 3.13301492 102.05430603
v 88.1438446 3.20000219 101.87722015
v 87.72090149 2.95002437 102.0941925
v 87.8381958 2.95000219 102.18393707
v 88.6266098 2.95000267 93.83714294
v 89.52280426 2.95000267 93.34624481
v 89.59523773 3.13301539 93.51431274
v 90.53474426 3.13301539 93.21048737
v 90.43268585 3.20000219 93.49189758
v 91.1889267 3.20000219 93.35906982
v 88.72924042 3.13301539 93.98867798
v 89.12493896 3.20000219 94.03367615
v 89.74017334 3.20000219 93.72434998
v 88.61093903 3.20000219 94.38287354
v 91.51452637 3.13301539 93.08795929
v 91.98722839 3.20000219 93.34542847
v 92.49991608 3.13301539 93.15105438
v 92.79883575 3.20000219 93.46389771
v 93.45606995 3.13301539 93.39754486
v 93.59066772 3.20000219 93.71781921
v 94.34915924 3.13301539 93.8187027
v 94.32946014 3.20000219 94.09946442
v 95.15048218 3.13301539 94.40219879
v 94.98627472 3.20000219 94.59072113
v 95.54011536 3.20000219 95.16581726
v 95.82311249 3.13301539 95.11981201
v 95.97984314 3.20000219 95.79524994
v 96.35184479 3.13301539 95.95372772
v 96.30402374 3.20000219 96.44985962
v 96.71508026 3.13301539 96.87190247
v 96.51918793 3.20000219 97.10399628
v 96.52867126 3.20000219 97.14192963
v 96.89997101 3.13301539 97.84185028
v 96.63713074 3.20000219 97.73446655
v 96.67324066 3.20000219 98.33555603
v 96.89997101 3.13301539 98.82926178
v 96.63469696 3.20000219 98.95615387
v 96.51918793 3.20000219 99.56711578
v 96.71508026 3.13301539 99.79920959
v 96.30402374 3.20000219 100.22125244
v 96.35184479 3.13301539 100.71738434
v 95.97984314 3.20000219 100.87586212
v 95.82311249 3.13301539 101.55130005
v 95.54011536 3.20000219 101.5052948
v 95.15048218 3.13301539 102.26891327
v 94.98627472 3.20000219 102.08039093
v 94.32946014 3.20000219 102.57164764
v 94.34915924 3.13301539 102.85240936
v 93.59066772 3.20000219 102.95329285
v 93.45606995 3.13301539 103.27357483
v 92.79883575 3.20000219 103.20721436
v 92.49991608 3.13301539 103.52005768
v 91.98722839 3.20000219 103.32569122
v 91.51452637 3.13301539 103.58315277
v 91.1889267 3.20000219 103.31204224
v 90.53474426 3.13301539 103.46062469
v 90.43268585 3.20000219 103.17921448
v 89.59523773 3.13301539 103.15680695
v 89.74017334 3.20000219 102.94676208
v 89.12493896 3.20000219 102.63743591
v 88.72924042 3.13301539 102.68243408
v 88.61075592 3.20000219 102.28804779
v 88.6266098 2.95000267 102.83396912
v 89.52280426 2.95000267 103.32486725
v 90.49505615 2.95000267 103.63928223
v 91.50899506 2.95000267 103.76608276
v 92.52873993 2.95000267 103.70079041
v 93.51821899 2.95000267 103.44570923
v 94.44243622 2.95000267 103.00986481
v 95.27019501 2.95000267 102.40734863
v 95.96778107 2.95000267 101.66339874
v 96.51494598 2.95000267 100.80041504
v 96.89083862 2.95000267 99.85023499
v 97.08217621 2.95000267 98.84647369
v 97.08217621 2.95000267 97.82463837
v 96.89083862 2.95000267 96.8208847
v 96.51494598 2.95000267 95.87070465
v 95.96778107 2.95000267 95.00771332
v 95.27019501 2.95000267 94.26376343
v 94.44243622 2.95000267 93.66124725
v 93.51821899 2.95000267 93.22540283
v 92.52873993 2.95000267 92.97032166
v 91.50899506 2.95000267 92.9050293
v 90.49505615 2.95000267 93.03182983
v 44.17323685 -4.40166187 97.39995575
v 62.42323685 -4.40166187 97.39995575
v 44.17323685 -4.49999762 98.33555603
v 62.42323685 -4.49999762 98.33555603
v 44.17323685 -4.40166187 99.27115631
v 62.42323685 -4.40166187 99.27115631
v 44.17323685 -4.11095238 100.16587067
v 62.42323685 -4.11095238 100.16587067
v 44.17323685 -3.64057422 100.98059082
v 62.42323685 -3.64057422 100.98059082
v 44.17323685 -3.01108551 101.67971039
v 62.42323685 -3.01108551 101.67971039
v 44.17323685 -2.24999762 102.23267365
v 62.42323685 -2.24999762 102.23267365
v 44.17323685 -1.39057422 102.61531067
v 62.42323685 -1.39057422 102.61531067
v 44.17323685 -0.47037581 102.81090546
v 62.42323685 -0.47037581 102.81090546
v 44.17323685 0.47038037 102.81090546
v 62.42323685 0.47038037 102.81090546
v 44.17323685 1.39057875 102.61531067
v 62.42323685 1.39057875 102.61531067
v 44.17323685 2.25000238 102.23267365
v 62.42323685 2.25000238 102.23267365
v 44.17323685 3.01109004 101.67971039
v 62.42323685 3.01109004 101.67971039
v 44.17323685 3.64057875 100.98059082
v 62.42323685 3.64057875 100.98059082
v 44.17323685 4.11095667 100.16587067
v 62.42323685 4.11095667 100.16587067
v 44.17323685 4.40166664 99.27115631
v 62.42323685 4.40166664 99.27115631
v 44.17323685 4.50000238 98.33555603
v 62.42323685 4.50000238 98.33555603
v 44.17323685 4.40166664 97.39995575
v 62.42323685 4.40166664 97.39995575
v 44.17323685 4.11095667 96.50524139
v 62.42323685 4.11095667 96.50524139
v 44.17323685 3.64057875 95.69052124
v 62.42323685 3.64057875 95.69052124
v 44.17323685 3.01109004 94.99140167
v 62.42323685 3.01109004 94.99140167
v 44.17323685 2.25000238 94.43844604
v 62.42323685 2.25000238 94.43844604
v 44.17323685 1.39057875 94.05580139
v 62.42323685 1.39057875 94.05580139
v 44.17323685 0.47038037 93.8602066
v 62.42323685 0.47038037 93.8602066
v 44.17323685 -0.47037581 93.8602066
v 62.42323685 -0.47037581 93.8602066
v 44.17323685 -1.39057422 94.05580139
v 62.42323685 -1.39057422 94.05580139
v 44.17323685 -2.24999762 94.43844604
v 62.42323685 -2.24999762 94.43844604
v 44.17323685 -3.01108551 94.99140167
v 62.42323685 -3.01108551 94.99140167
v 44.17323685 -3.64057422 95.69052124
v 62.42323685 -3.64057422 95.69052124
v 44.17323685 -4.11095238 96.50524139
v 62.42323685 -4.11095238 96.50524139
v 80.67324066 -4.40166187 99.27115631
v 80.67324066 -4.49999762 98.33555603
v 80.67324066 -4.40166187 97.39995575
v 80.67324066 -4.11095238 96.50524139
v 80.67324066 -3.64057422 95.69052124
v 80.67324066 -3.01108551 94.99140167
v 80.67324066 -2.24999762 94.43844604
v 80.67324066 -1.39057422 94.05580139
v 80.67324066 -0.47037581 93.8602066
v 80.67324066 0.47038037 93.8602066
v 80.67324066 1.39057875 94.05580139
v 80.67324066 2.25000238 94.43844604
v 80.67324066 3.01109004 94.99140167
v 80.67324066 3.64057875 95.69052124
v 80.67324066 4.11095667 96.50524139
v 80.67324066 4.40166664 97.39995575
v 80.67324066 4.50000238 98.33555603
v 80.67324066 4.40166664 99.27115631
v 80.67324066 4.11095667 100.16587067
v 80.67324066 3.64057875 100.98059082
v 80.67324066 3.01109004 101.67971039
v 80.67324066 2.25000238 102.23267365
v 80.67324066 1.39057875 102.61531067
v 80.67324066 0.47038037 102.81090546
v 80.67324066 -0.47037581 102.81090546
v 80.67324066 -1.39057422 102.61531067
v 80.67324066 -2.24999762 102.23267365
v 80.67324066 -3.01108551 101.67971039
v 80.67324066 -3.64057422 100.98059082
v 80.67324066 -4.11095238 100.16587067
v 80.67324066 -3.66884637 97.90673065
v 80.67324066 -3.66884637 98.76438141
v 80.67324066 -3.47105765 99.59892273
v 80.67324066 -3.08614326 100.36534882
v 80.67324066 -2.53485417 101.0223465
v 80.67324066 -1.84691012 101.53450012
v 80.67324066 -1.05939865 101.87419891
v 80.67324066 -0.21477452 102.02313232
v 80.67324066 0.64142823 101.9732666
v 80.67324066 1.46305156 101.72728729
v 80.67324066 2.20580149 101.29846191
v 80.67324066 2.82963634 100.7098999
v 80.67324066 3.30092478 99.99333954
v 80.67324066 3.59425974 99.18740845
v 80.67324066 3.69382715 98.33555603
v 80.67324066 3.59425974 97.48370361
v 80.67324066 3.30092478 96.67777252
v 80.67324066 2.82963634 95.96121216
v 80.67324066 2.20580149 95.37265778
v 80.67324066 1.46305156 94.94382477
v 80.67324066 0.64142823 94.69785309
v 80.67324066 -0.21477452 94.64797974
v 80.67324066 -1.05939865 94.79691315
v 80.67324066 -1.84691012 95.13661194
v 80.67324066 -2.53485417 95.64876556
v 80.67324066 -3.08614326 96.30576324
v 80.67324066 -3.47105765 97.07219696
v 44.17323685 -3.66884637 98.76438141
v 44.17323685 -3.66884637 97.90673065
v 44.17323685 -3.47105765 97.07219696
v 44.17323685 -3.08614326 96.30576324
v 44.17323685 -2.53485417 95.64876556
v 44.17323685 -1.84691012 95.13661194
v 44.17323685 -1.05939865 94.79691315
v 44.17323685 -0.21477452 94.64797974
v 44.17323685 0.64142823 94.69785309
v 44.17323685 1.46305156 94.94382477
v 44.17323685 2.20580149 95.37265778
v 44.17323685 2.82963634 95.96121216
v 44.17323685 3.30092478 96.67777252
v 44.17323685 3.59425974 97.48370361
v 44.17323685 3.69382715 98.33555603
v 44.17323685 3.59425974 99.18740845
v 44.17323685 3.30092478 99.99333954
v 44.17323685 2.82963634 100.7098999
v 44.17323685 2.20580149 101.29846191
v 44.17323685 1.46305156 101.72728729
v 44.17323685 0.64142823 101.9732666
v 44.17323685 -0.21477452 102.02313232
v 44.17323685 -1.05939865 101.87419891
v 44.17323685 -1.84691012 101.53450012
v 44.17323685 -2.53485417 101.0223465
v 44.17323685 -3.08614326 100.36534882
v 44.17323685 -3.47105765 99.59892273
v 62.42323685 3.6688509 98.76438141
v 62.42323685 3.6688509 97.90673065
v 62.42323685 3.47106218 97.07219696
v 62.42323685 3.08614802 96.30576324
v 62.42323685 2.5348587 95.64876556
v 62.42323685 1.84691477 95.13661194
v 62.42323685 1.05940318 94.79691315
v 62.42323685 0.21477911 94.64797974
v 62.42323685 -0.64142364 94.69785309
v 62.42323685 -1.46304703 94.94382477
v 62.42323685 -2.20579696 95.37265778
v 62.42323685 -2.82963181 95.96121216
v 62.42323685 -3.30092025 96.67777252
v 62.42323685 -3.59425497 97.48370361
v 62.42323685 -3.69382262 98.33555603
v 62.42323685 -3.59425497 99.18740845
v 62.42323685 -3.30092025 99.99333954
v 62.42323685 -2.82963181 100.7098999
v 62.42323685 -2.20579696 101.29846191
v 62.42323685 -1.46304703 101.72728729
v 62.42323685 -0.64142364 101.9732666
v 62.42323685 0.21477911 102.02313232
v 62.42323685 1.05940318 101.87419891
v 62.42323685 1.84691477 101.53450012
v 62.42323685 2.5348587 101.0223465
v 62.42323685 3.08614802 100.36534882
v 62.42323685 3.47106218 99.59892273
vn -0.99271 -0 -0.12054
vn -0.99271 -0 -0.12054
vn -0.99271 -0 0.12054
vn -0.99271 0 0.12054
vn -0.93502 0 0.3546
vn -0.82298 0 0.56806
vn -0.66312 0 0.74851
vn -0.46472 0 0.88546
vn -0.23932 0 0.97094
vn -0.23932 -0 0.97094
vn -0 0 1
vn 0.23932 0 0.97094
vn 0.46472 0 0.88546
vn 0.66312 0 0.74851
vn 0.82298 0 0.56806
vn 0.93502 0 0.3546
vn 0.99271 0 0.12054
vn 0.99271 0 -0.12054
vn 0.93502 0 -0.3546
vn 0.82298 0 -0.56806
vn 0.66312 0 -0.74851
vn 0.46472 0 -0.88546
vn 0.23932 0 -0.97094
vn 0 -0 -1
vn -0.23932 0 -0.97094
vn -0.23932 -0 -0.97094
vn -0.46472 -0 -0.88546
vn -0.66312 -0 -0.74851
vn -0.82298 -0 -0.56806
vn -0.93502 -0 -0.3546
vn -0 1 -0
vn -0 1 -0
vn -0 1 0
vn -0 1 0
vn -0 1 -0
vn -0 1 -0
vn -0 1 0
vn -0 1 0
vn -0 1 0
vn -0 1 -0
vn -0 1 -0
vn -0 1 0
vn -0 1 -0
vn -0 1 -0
vn -0 1 0
vn -0 1 0
vn -0 1 -0
vn -0 1 0
vn -0 1 0
vn -0 1 -0
vn -0 1 0
vn -0 1 -0
vn -0.99271 0 0.12054
vn -0.99271 -0 0.12054
vn -0.99271 -0 -0.12054
vn -0.99271 0 -0.12054
vn -0.93502 0 -0.3546
vn -0.93502 0 -0.3546
vn -0.82298 0 -0.56806
vn 0.23932 0 -0.97094
vn 0.82298 0 -0.56806
vn 0.93502 0 -0.3546
vn 0.93502 0 -0.3546
vn 0.99271 0 -0.12054
vn 0.99271 0 0.12054
vn 0.93502 0 0.3546
vn 0.93502 0 0.3546
vn 0.82298 0 0.56806
vn 0.23932 0 0.97094
vn -0.82298 0 0.56806
vn -0.93502 0 0.3546
vn -0.93502 0 0.3546
vn 0 -1 0
vn 0 -1 -0
vn 0 -1 0
vn 0 -1 0
vn 0 -1 -0
vn 0 -1 -0
vn 0 -1 0
vn 0 -1 -0
vn 0 -1 -0
vn 0 -1 0
vn 0 -1 -0
vn 0 -1 -0
vn 0 -1 -0
vn 0 -1 -0
vn 0 -1 -0
vn 0 -1 0
vn 0 -1 0
vn 0 1 0
vn -0 1 0
vn -0 1 0
vn -0 1 0
vn -0 1 0
vn -0 1 0
vn -0 1 0
vn -0 1 0
vn -0 1 0
vn -0 1 0
vn -0 1 0
vn -0 1 0
vn -0 1 0
vn -0 1 0
vn -0 1 0
vn 0 -1 0
vn 0 -1 -0
vn 0 -1 -0
vn 0 -1 -0
vn -0 -1 -0
vn 0 -1 -0
vn 0 -1 -0
vn 0 -1 -0
vn 0 -1 0
vn 0.70379 0.70379 0.09673
vn 0.70379 0.70379 -0.09673
vn 0.69282 0.71351 -0.10443
vn 0.6593 0.69521 -0.28637
vn 0.62376 0.72159 -0.30039
vn 0.56279 0.68821 -0.45786
vn 0.50289 0.72758 -0.46661
vn 0.42125 0.68295 -0.59677
vn 0.34085 0.73164 -0.59036
vn 0.24568 0.67954 -0.69128
vn 0.15116 0.73386 -0.66227
vn 0.05016 0.67807 -0.73329
vn -0.05073 0.7343 -0.67692
vn -0.14945 0.67856 -0.71918
vn -0.24853 0.73298 -0.63323
vn -0.3369 0.68101 -0.65018
vn -0.42622 0.72985 -0.53447
vn -0.49704 0.68535 -0.5322
vn -0.56921 0.72484 -0.38808
vn -0.61721 0.6915 -0.37534
vn -0.6653 0.71782 -0.20522
vn -0.68831 0.69931 -0.19286
vn -0.70559 0.70862 0
vn -0.68831 0.69931 0.19286
vn -0.6653 0.71782 0.20522
vn -0.61721 0.6915 0.37534
vn -0.56921 0.72484 0.38808
vn -0.49704 0.68535 0.5322
vn -0.42622 0.72985 0.53447
vn -0.3369 0.68101 0.65018
vn -0.24853 0.73298 0.63323
vn -0.14945 0.67856 0.71918
vn -0.05073 0.7343 0.67692
vn 0.05016 0.67807 0.73329
vn 0.15116 0.73386 0.66227
vn 0.24568 0.67954 0.69128
vn 0.34085 0.73164 0.59036
vn 0.42125 0.68295 0.59677
vn 0.50289 0.72758 0.46661
vn 0.56279 0.68821 0.45786
vn 0.62376 0.72159 0.30039
vn 0.6593 0.69521 0.28637
vn 0.69282 0.71351 0.10443
vn -0.70379 -0.70379 0.09673
vn -0.70379 -0.70379 -0.09673
vn -0.69282 -0.71351 -0.10443
vn -0.6593 -0.69521 -0.28637
vn -0.62376 -0.72159 -0.30039
vn -0.56279 -0.68821 -0.45786
vn -0.50289 -0.72758 -0.46661
vn -0.42125 -0.68295 -0.59677
vn -0.34085 -0.73164 -0.59036
vn -0.24568 -0.67954 -0.69128
vn -0.15116 -0.73386 -0.66227
vn -0.05016 -0.67807 -0.73329
vn 0.05073 -0.7343 -0.67692
vn 0.14945 -0.67856 -0.71918
vn 0.24853 -0.73298 -0.63323
vn 0.3369 -0.68101 -0.65018
vn 0.42622 -0.72985 -0.53447
vn 0.49704 -0.68535 -0.5322
vn 0.56921 -0.72484 -0.38808
vn 0.61721 -0.6915 -0.37534
vn 0.6653 -0.71782 -0.20522
vn 0.68831 -0.69931 -0.19286
vn 0.70559 -0.70862 0
vn 0.68831 -0.69931 0.19286
vn 0.6653 -0.71782 0.20522
vn 0.61721 -0.6915 0.37534
vn 0.56921 -0.72484 0.38808
vn 0.49704 -0.68535 0.5322
vn 0.42622 -0.72985 0.53447
vn 0.3369 -0.68101 0.65018
vn 0.24853 -0.73298 0.63323
vn 0.14945 -0.67856 0.71918
vn 0.05073 -0.7343 0.67692
vn -0.05016 -0.67807 0.73329
vn -0.15116 -0.73386 0.66227
vn -0.24568 -0.67954 0.69128
vn -0.34085 -0.73164 0.59036
vn -0.42125 -0.68295 0.59677
vn -0.50289 -0.72758 0.46661
vn -0.56279 -0.68821 0.45786
vn -0.62376 -0.72159 0.30039
vn -0.6593 -0.69521 0.28637
vn -0.69282 -0.71351 0.10443
vn 0.99069 0 -0.13617
vn 0.99069 0 0.13617
vn 0.99069 0 0.13617
vn 0.91721 0 0.3984
vn 0.91721 0 0.3984
vn 0.77571 0 0.63109
vn 0.77571 0 0.63109
vn 0.57668 0 0.81697
vn 0.57668 0 0.81697
vn 0.33488 0 0.94226
vn 0.33488 0 0.94226
vn 0.06824 0 0.99767
vn 0.06824 0 0.99767
vn -0.20346 -0 0.97908
vn -0.20346 -0 0.97908
vn -0.46007 -0 0.88789
vn -0.46007 -0 0.88789
vn -0.68255 -0 0.73084
vn -0.68255 -0 0.73084
vn -0.85442 -0 0.51958
vn -0.85442 -0 0.51958
vn -0.96292 -0 0.2698
vn -0.96292 -0 0.2698
vn -1 -0 0
vn -0.96292 -0 -0.2698
vn -0.96292 -0 -0.2698
vn -0.85442 -0 -0.51958
vn -0.85442 -0 -0.51958
vn -0.68255 -0 -0.73084
vn -0.68255 -0 -0.73084
vn -0.46007 -0 -0.88789
vn -0.46007 -0 -0.88789
vn -0.20346 -0 -0.97908
vn -0.20346 -0 -0.97908
vn 0.06824 0 -0.99767
vn 0.06824 0 -0.99767
vn 0.33488 0 -0.94226
vn 0.33488 0 -0.94226
vn 0.57668 0 -0.81697
vn 0.57668 0 -0.81697
vn 0.77571 0 -0.63109
vn 0.77571 0 -0.63109
vn 0.91721 0 -0.3984
vn 0.91721 0 -0.3984
vn 0.99069 0 -0.13617
vn -0.99068 -0.00373 0.13617
vn -0.99999 0.00373 0
vn -0.99068 -0.00373 -0.13617
vn -0.96291 0.00373 -0.26979
vn -0.9172 -0.00373 -0.3984
vn -0.85441 0.00373 -0.51958
vn -0.77571 -0.00373 -0.63108
vn -0.68255 0.00373 -0.73083
vn -0.57668 -0.00373 -0.81696
vn -0.46006 0.00373 -0.88788
vn -0.33488 -0.00373 -0.94225
vn -0.20345 0.00373 -0.97908
vn -0.06824 -0.00373 -0.99766
vn 0.06824 0.00373 -0.99766
vn 0.20345 -0.00373 -0.97908
vn 0.33488 0.00373 -0.94225
vn 0.46006 -0.00373 -0.88788
vn 0.57668 0.00373 -0.81696
vn 0.68255 -0.00373 -0.73083
vn 0.77571 0.00373 -0.63108
vn 0.85441 -0.00373 -0.51958
vn 0.9172 0.00373 -0.3984
vn 0.96291 -0.00373 -0.26979
vn 0.99068 0.00373 -0.13617
vn 0.99999 -0.00373 0
vn 0.99068 0.00373 0.13617
vn 0.96291 -0.00373 0.26979
vn 0.9172 0.00373 0.3984
vn 0.85441 -0.00373 0.51958
vn 0.77571 0.00373 0.63108
vn 0.68255 -0.00373 0.73083
vn 0.57668 0.00373 0.81696
vn 0.46006 -0.00373 0.88788
vn 0.33488 0.00373 0.94225
vn 0.20345 -0.00373 0.97908
vn 0.06824 0.00373 0.99766
vn -0.06824 -0.00373 0.99766
vn -0.20345 0.00373 0.97908
vn -0.33488 -0.00373 0.94225
vn -0.46006 0.00373 0.88788
vn -0.57668 -0.00373 0.81696
vn -0.68255 0.00373 0.73083
vn -0.77571 -0.00373 0.63108
vn -0.85441 0.00373 0.51958
vn -0.9172 -0.00373 0.3984
vn -0.96291 0.00373 0.26979
vn -0.09615 0.19419 -0.97624
vn -0.08162 0.55372 -0.8287
vn -0.24172 0.55372 -0.79685
vn -0.16181 0.83023 -0.53342
vn -0.26277 0.83023 -0.4916
vn -0.09355 0.98011 -0.17502
vn -0.12194 0.98112 -0.15011
vn -0.12435 0.9806 -0.15152
vn -0.15152 0.9806 -0.12435
vn -0.43089 0.83023 -0.35363
vn -0.4916 0.83023 -0.26277
vn -0.73438 0.55372 -0.39253
vn -0.79685 0.55372 -0.24172
vn -0.93872 0.19419 -0.28476
vn -0.97624 0.19419 -0.09615
vn -0.28476 0.19419 -0.93872
vn -0.46242 0.19419 -0.86513
vn -0.62232 0.19419 -0.7583
vn -0.7583 0.19419 -0.62232
vn -0.86513 0.19419 -0.46242
vn -0.8287 0.55372 -0.08162
vn -0.53342 0.83023 -0.16181
vn -0.17502 0.98011 -0.09355
vn -0.15011 0.98112 -0.12194
vn -0.55474 0.83023 -0.05464
vn -0.19116 0.97985 -0.05799
vn -0.17053 0.98138 -0.08834
vn -0.19827 0.97995 -0.01953
vn -0.18517 0.98126 -0.05324
vn -0.19506 0.98063 -0.0179
vn -0.08834 0.98138 -0.17053
vn -0.05799 0.97985 -0.19116
vn -0.05464 0.83023 -0.55474
vn -0.05324 0.98126 -0.18517
vn -0.01953 0.97995 -0.19827
vn -0.0179 0.98063 -0.19506
vn -0.39253 0.55372 -0.73438
vn -0.52826 0.55372 -0.64369
vn -0.35363 0.83023 -0.43089
vn -0.64369 0.55372 -0.52826
vn -0.19506 0.98063 0.0179
vn -0.19827 0.97995 0.01953
vn -0.18517 0.98126 0.05324
vn -0.19116 0.97985 0.05799
vn -0.17053 0.98138 0.08834
vn -0.17502 0.98011 0.09355
vn -0.15011 0.98112 0.12194
vn -0.15152 0.9806 0.12435
vn -0.12435 0.9806 0.15152
vn -0.35363 0.83023 0.43089
vn -0.26277 0.83023 0.4916
vn -0.16181 0.83023 0.53342
vn -0.05464 0.83023 0.55474
vn -0.08162 0.55372 0.8287
vn -0.09615 0.19419 0.97624
vn -0.28476 0.19419 0.93872
vn -0.46242 0.19419 0.86513
vn -0.62232 0.19419 0.7583
vn -0.7583 0.19419 0.62232
vn -0.86513 0.19419 0.46242
vn -0.93872 0.19419 0.28476
vn -0.97624 0.19419 0.09615
vn -0.8287 0.55372 0.08162
vn -0.55474 0.83023 0.05464
vn -0.01953 0.97995 0.19827
vn -0.05324 0.98126 0.18517
vn -0.0179 0.98063 0.19506
vn -0.05799 0.97985 0.19116
vn -0.08834 0.98138 0.17053
vn -0.09355 0.98011 0.17502
vn -0.12194 0.98112 0.15011
vn -0.53342 0.83023 0.16181
vn -0.79685 0.55372 0.24172
vn -0.73438 0.55372 0.39253
vn -0.64369 0.55372 0.52826
vn -0.52826 0.55372 0.64369
vn -0.4916 0.83023 0.26277
vn -0.43089 0.83023 0.35363
vn -0.39253 0.55372 0.73438
vn -0.24172 0.55372 0.79685
vn 0 0.98079 0.19509
vn -0 0.98079 0.19509
vn 0 0.83147 0.55557
vn 0 0.83147 0.55557
vn -0 0.55557 0.83147
vn 0 0.55557 0.83147
vn -0 0.19509 0.98079
vn 0 0.19509 0.98079
vn 0.72953 0.67717 -0.09604
vn 0.68022 0.73301 0
vn 0.72953 0.67717 0.09604
vn 0.65519 0.73282 0.18358
vn 0.67945 0.6776 0.28144
vn 0.58189 0.73225 0.35386
vn 0.58283 0.67846 0.44722
vn 0.46554 0.73129 0.49848
vn 0.4465 0.67974 0.58189
vn 0.31446 0.72995 0.60687
vn 0.28008 0.68144 0.67617
vn 0.13944 0.7282 0.67103
vn 0.09527 0.68354 0.72367
vn -0.04693 0.72605 0.68604
vn -0.09497 0.68605 0.72133
vn -0.23118 0.72348 0.65048
vn -0.27738 0.68894 0.66964
vn -0.39991 0.72048 0.56655
vn -0.43934 0.6922 0.57257
vn -0.5407 0.71703 0.43989
vn -0.5698 0.69582 0.43722
vn -0.64301 0.71312 0.2793
vn -0.65998 0.69978 0.27337
vn -0.69893 0.70871 0.09607
vn -0.70406 0.70406 0.09269
vn -0.70406 0.70406 -0.09269
vn -0.69893 0.70871 -0.09607
vn -0.65998 0.69978 -0.27337
vn -0.64301 0.71312 -0.2793
vn -0.5698 0.69582 -0.43722
vn -0.5407 0.71703 -0.43989
vn -0.43934 0.6922 -0.57257
vn -0.39991 0.72048 -0.56655
vn -0.27738 0.68894 -0.66964
vn -0.23118 0.72348 -0.65048
vn -0.09497 0.68605 -0.72133
vn -0.04693 0.72605 -0.68604
vn 0.09527 0.68354 -0.72367
vn 0.13944 0.7282 -0.67103
vn 0.28008 0.68144 -0.67617
vn 0.31446 0.72995 -0.60687
vn 0.4465 0.67974 -0.58189
vn 0.46554 0.73129 -0.49848
vn 0.58283 0.67846 -0.44722
vn 0.58189 0.73225 -0.35386
vn 0.67945 0.6776 -0.28144
vn 0.65519 0.73282 -0.18358
vn 0 0.19509 -0.98079
vn 0 0.19509 -0.98079
vn -0 0.55557 -0.83147
vn 0 0.55557 -0.83147
vn -0 0.83147 -0.55557
vn 0 0.83147 -0.55557
vn -0 0.98079 -0.19509
vn 0 0.98079 -0.19509
vn -0.99518 -0 0.09802
vn -0.99518 -0 0.09802
vn -0.99518 -0 -0.09802
vn -0.99518 0 -0.09802
vn -0.95694 -0 -0.29028
vn -0.95694 0 -0.29028
vn -0.88192 -0 -0.4714
vn -0.88192 0 -0.4714
vn -0.77301 -0 -0.63439
vn -0.77301 0 -0.63439
vn -0.63439 -0 -0.77301
vn -0.63439 0 -0.77301
vn -0.4714 -0 -0.88192
vn -0.4714 0 -0.88192
vn -0.29028 -0 -0.95694
vn -0.29028 0 -0.95694
vn -0.09802 -0 -0.99518
vn -0.09802 -0 -0.99518
vn -0.95694 0 0.29028
vn -0.95694 -0 0.29028
vn -0.88192 0 0.4714
vn -0.88192 -0 0.4714
vn -0.77301 0 0.63439
vn -0.77301 -0 0.63439
vn -0.63439 0 0.77301
vn -0.63439 -0 0.77301
vn -0.4714 0 0.88192
vn -0.4714 -0 0.88192
vn -0.29028 0 0.95694
vn -0.29028 -0 0.95694
vn -0.09802 0 0.99518
vn -0.09802 -0 0.99518
vn 0 -0.98079 -0.19509
vn -0 -0.98079 -0.19509
vn 0 -0.83147 -0.55557
vn -0 -0.83147 -0.55557
vn 0 -0.55557 -0.83147
vn 0 -0.55557 -0.83147
vn -0 -0.19509 -0.98079
vn 0 -0.19509 -0.98079
vn -0.01921 -0.9806 -0.19505
vn -0.0569 -0.9806 -0.18756
vn -0.09239 -0.9806 -0.17285
vn -0.12434 -0.9806 -0.15151
vn -0.15151 -0.9806 -0.12434
vn -0.17285 -0.9806 -0.09239
vn -0.18756 -0.9806 -0.0569
vn -0.19505 -0.9806 -0.01921
vn -0.55474 -0.83023 -0.05464
vn -0.8287 -0.55372 -0.08162
vn -0.97624 -0.19419 -0.09615
vn -0.93872 -0.19419 -0.28476
vn -0.86513 -0.19419 -0.46242
vn -0.7583 -0.19419 -0.62232
vn -0.62232 -0.19419 -0.7583
vn -0.46242 -0.19419 -0.86513
vn -0.28476 -0.19419 -0.93872
vn -0.09615 -0.19419 -0.97624
vn -0.24172 -0.55372 -0.79685
vn -0.16181 -0.83023 -0.53342
vn -0.08162 -0.55372 -0.8287
vn -0.05464 -0.83023 -0.55474
vn -0.39253 -0.55372 -0.73438
vn -0.26277 -0.83023 -0.4916
vn -0.35363 -0.83023 -0.43089
vn -0.43089 -0.83023 -0.35363
vn -0.4916 -0.83023 -0.26277
vn -0.53342 -0.83023 -0.16181
vn -0.52826 -0.55372 -0.64369
vn -0.64369 -0.55372 -0.52826
vn -0.73438 -0.55372 -0.39253
vn -0.79685 -0.55372 -0.24172
vn -0.97624 -0.19419 0.09615
vn -0.8287 -0.55372 0.08162
vn -0.55474 -0.83023 0.05464
vn -0.19505 -0.9806 0.01921
vn -0.18756 -0.9806 0.0569
vn -0.17285 -0.9806 0.09239
vn -0.15151 -0.9806 0.12434
vn -0.12434 -0.9806 0.15151
vn -0.09239 -0.9806 0.17285
vn -0.0569 -0.9806 0.18756
vn -0.01921 -0.9806 0.19505
vn -0.05464 -0.83023 0.55474
vn -0.08162 -0.55372 0.8287
vn -0.09615 -0.19419 0.97624
vn -0.28476 -0.19419 0.93872
vn -0.46242 -0.19419 0.86513
vn -0.62232 -0.19419 0.7583
vn -0.7583 -0.19419 0.62232
vn -0.86513 -0.19419 0.46242
vn -0.93872 -0.19419 0.28476
vn -0.79685 -0.55372 0.24172
vn -0.53342 -0.83023 0.16181
vn -0.4916 -0.83023 0.26277
vn -0.43089 -0.83023 0.35363
vn -0.35363 -0.83023 0.43089
vn -0.26277 -0.83023 0.4916
vn -0.16181 -0.83023 0.53342
vn -0.73438 -0.55372 0.39253
vn -0.64369 -0.55372 0.52826
vn -0.52826 -0.55372 0.64369
vn -0.39253 -0.55372 0.73438
vn -0.24172 -0.55372 0.79685
vn 0 -0.19509 0.98079
vn -0 -0.19509 0.98079
vn 0 -0.55557 0.83147
vn 0 -0.55557 0.83147
vn -0 -0.83147 0.55557
vn 0 -0.83147 0.55557
vn -0 -0.98079 0.19509
vn 0 -0.98079 0.19509
vn -0.70406 -0.70406 0.09269
vn -0.70406 -0.70406 -0.09269
vn -0.69893 -0.70871 -0.09607
vn -0.65998 -0.69978 -0.27337
vn -0.64301 -0.71312 -0.2793
vn -0.5698 -0.69582 -0.43722
vn -0.5407 -0.71703 -0.43989
vn -0.43934 -0.6922 -0.57257
vn -0.39991 -0.72048 -0.56655
vn -0.27738 -0.68894 -0.66964
vn -0.23118 -0.72348 -0.65048
vn -0.09497 -0.68605 -0.72133
vn -0.04693 -0.72605 -0.68604
vn 0.09527 -0.68354 -0.72367
vn 0.13944 -0.7282 -0.67103
vn 0.28008 -0.68144 -0.67617
vn 0.31446 -0.72995 -0.60687
vn 0.4465 -0.67974 -0.58189
vn 0.46554 -0.73129 -0.49848
vn 0.58283 -0.67846 -0.44722
vn 0.58189 -0.73225 -0.35386
vn 0.67945 -0.6776 -0.28144
vn 0.65519 -0.73282 -0.18358
vn 0.72953 -0.67717 -0.09604
vn 0.68022 -0.73301 0
vn 0.72953 -0.67717 0.09604
vn 0.65519 -0.73282 0.18358
vn 0.67945 -0.6776 0.28144
vn 0.58189 -0.73225 0.35386
vn 0.58283 -0.67846 0.44722
vn 0.46554 -0.73129 0.49848
vn 0.4465 -0.67974 0.58189
vn 0.31446 -0.72995 0.60687
vn 0.28008 -0.68144 0.67617
vn 0.13944 -0.7282 0.67103
vn 0.09527 -0.68354 0.72367
vn -0.04693 -0.72605 0.68604
vn -0.09497 -0.68605 0.72133
vn -0.23118 -0.72348 0.65048
vn -0.27738 -0.68894 0.66964
vn -0.39991 -0.72048 0.56655
vn -0.43934 -0.6922 0.57257
vn -0.5407 -0.71703 0.43989
vn -0.5698 -0.69582 0.43722
vn -0.64301 -0.71312 0.2793
vn -0.65998 -0.69978 0.27337
vn -0.69893 -0.70871 0.09607
vn 0 -0 1
vn 0 -0 1
vn -0 1 0
vn -0 1 -0
vn -0 1 -0
vn -0 1 0
vn -0 1 0
vn -0 1 0
vn 0 1 0
vn -0 1 0
vn -0 1 0
vn 0 1 0
vn 0 1 0
vn 0 1 0
vn 0 1 0
vn 0 1 0
vn 0 1 0
vn 0 1 -0
vn 0 1 0
vn 0 1 0
vn 0 1 0
vn 0 1 0
vn 0 1 0
vn -0 1 0
vn -0 1 -0
vn 0 1 -0
vn 0 1 -0
vn 0 1 -0
vn 0 1 -0
vn 0 1 -0
vn 0 1 0
vn 0 1 -0
vn -0 1 -0
vn 0 1 -0
vn 0 1 -0
vn 0 1 -0
vn 0 1 -0
vn 0 1 -0
vn -0 1 -0
vn -0 1 -0
vn -0 1 -0
vn -0 1 -0
vn -0 1 -0
vn -0 1 0
vn -0 1 0
vn 0 -0 -1
vn 0 0 -1
vn 0 -1 -0
vn -0 -1 -0
vn -0 -1 -0
vn 0 -1 -0
vn -0 -1 -0
vn -0 -1 -0
vn 0 -1 -0
vn 0 -1 -0
vn 0 -1 -0
vn 0 -1 -0
vn 0 -1 -0
vn 0 -1 -0
vn 0 -1 -0
vn 0 -1 -0
vn 0 -1 -0
vn 0 -1 -0
vn 0 -1 -0
vn 0 -1 -0
vn 0 -1 -0
vn 0 -1 0
vn 0 -1 0
vn 0 -1 0
vn 0 -1 0
vn 0 -1 0
vn 0 -1 0
vn 0 -1 0
vn 0 -1 0
vn 0 -1 0
vn 0 -1 0
vn 0 -1 0
vn 0 -1 0
vn 0 -1 0
vn 0 -1 0
vn -0 -1 0
vn -0 -1 0
vn 0 -1 0
vn -0 -1 0
vn -0 -1 0
vn -0 -1 0
vn -0 -1 0
vn -0 -1 -0
vn -0 -1 -0
vn -0 -1 -0
vn -0.99999 0 0.00353
vn -0.99999 -0 0.00352
vn -0.96439 0 0.26449
vn -0.96439 -0 0.26449
vn -0.70461 0 0.70959
vn -0.70461 -0 0.70959
vn -0.25768 0 0.96623
vn -0.25768 0 0.96623
vn -0.96593 0.25882 -0
vn -0.96593 0.25882 0
vn -0.70711 0.70711 -0
vn -0.70711 0.70711 0
vn -0.25882 0.96593 -0
vn -0.25882 0.96593 0
vn -0.25882 0.96593 -0
vn -0.70711 0.70711 0
vn -0.70711 0.70711 -0
vn -0.96593 0.25882 0
vn -0.99999 -0 -0.00353
vn -0.99999 0 -0.00352
vn -0.96439 -0 -0.26449
vn -0.96439 0 -0.26449
vn -0.70461 -0 -0.70959
vn -0.70461 0 -0.70959
vn -0.25768 -0 -0.96623
vn -0.25768 -0 -0.96623
vn -0.25882 -0.96593 -0
vn -0.25882 -0.96593 0
vn -0.70711 -0.70711 -0
vn -0.70711 -0.70711 0
vn -0.96593 -0.25882 -0
vn -0.96593 -0.25882 0
vn -0.96593 -0.25882 -0
vn -0.70711 -0.70711 0
vn -0.70711 -0.70711 -0
vn -0.25882 -0.96593 0
vn 0.72809 -0.67497 -0.11961
vn 0.70049 -0.69844 -0.14665
vn -0.70711 0.5 0.5
vn 0.6901 -0.722 -0.04989
vn 0.73277 -0.68047 -0
vn 0.6901 -0.722 0.04989
vn 0.72809 -0.67497 0.11961
vn 0.70089 -0.69811 0.14627
vn 0.70047 -0.69847 0.14655
vn 0.70003 -0.69887 0.14674
vn -0.70711 0.5 0.5
vn -0.99338 -0.01994 0.11312
vn -0.9536 -0.14915 0.26153
vn -0.95358 -0.14864 0.26188
vn -0.82909 0.07716 0.55376
vn -0.83554 -0.07475 0.54432
vn -0.83553 -0.12573 0.53487
vn -0.83551 -0.17694 0.5202
vn -0.83452 -0.25345 0.48922
vn -0.83446 -0.34756 0.42764
vn -0.54688 -0.52803 0.6497
vn -0.54705 -0.64987 0.52764
vn -0.54697 -0.64985 0.52775
vn -0.54705 -0.74328 0.38506
vn -0.53942 -0.83205 0.12927
vn -0.25229 -0.94157 0.22312
vn -0.19655 -0.96165 0.19128
vn -0.1804 -0.87335 0.45245
vn -0.26429 -0.8019 0.53582
vn -0.18651 -0.76264 0.61935
vn -0.1863 -0.61957 0.76252
vn -0.54696 -0.52792 0.64972
vn -0.54705 -0.38506 0.74328
vn -0.54855 -0.26924 0.79158
vn -0.54857 -0.19132 0.81392
vn -0.54859 -0.11375 0.82831
vn -0.54215 0.08277 0.83619
vn -0.68661 -0.22457 0.69147
vn -0.25148 -0.2181 0.94297
vn -0.24127 -0.18933 0.95181
vn -0.31144 -0.12929 0.94143
vn -0.23552 -0.22239 0.94608
vn -0.26429 -0.53582 0.8019
vn -0.1804 -0.45245 0.87335
vn -0.19084 -0.3161 0.92934
vn -0.69546 -0.69546 0.18075
vn -0.8289 -0.5535 0.08104
vn -0.83452 -0.48922 0.25345
vn -0.83448 -0.4278 0.34734
vn -0.83451 -0.42779 0.34725
vn -0.83442 -0.34765 0.42764
vn -0.96067 -0.17517 0.21548
vn -0.96069 -0.12771 0.24652
vn -0.96097 -0.08908 0.2619
vn -0.96098 -0.0633 0.26928
vn -0.96098 -0.03763 0.27403
vn -0.96086 -0.26445 0.08256
vn -0.96252 -0.25791 0.08387
vn -0.99744 -0.07095 0.00933
vn -0.9946 -0.09586 0.03965
vn -0.99623 -0.07705 0.03992
vn -0.96069 -0.24652 0.12771
vn -0.96067 -0.2156 0.17499
vn -0.96069 -0.21556 0.17498
vn -0.96066 -0.17521 0.2155
vn -0.99501 -0.0792 0.06067
vn -0.99577 -0.0713 0.05787
vn -0.99568 -0.05312 0.07613
vn -0.99305 -0.07424 0.09131
vn -0.99199 -0.0579 0.11227
vn -0.99186 -0.05856 0.11304
vn -0.99083 -0.0435 0.12789
vn -0.98984 -0.04343 0.13536
vn -0.99255 -0.02788 0.11861
vn -0.99228 -0.01688 0.1229
vn -1 0 -0
vn -1 -0 -0
vn -1 -0 -0
vn -0.99501 0.0792 0.06067
vn -0.99577 0.0713 0.05787
vn -0.99568 0.05312 0.07613
vn -0.99304 0.0743 0.09139
vn -0.992 0.05784 0.11224
vn -0.99185 0.05862 0.11315
vn -0.99068 0.04146 0.12972
vn -0.99643 0.01362 0.08335
vn -0.96097 0.08407 0.26355
vn -0.96089 0.084 0.26389
vn -0.82886 0.08068 0.55361
vn -0.83452 0.25345 0.48922
vn -0.54705 0.38506 0.74328
vn -0.54696 0.52792 0.64972
vn -0.1863 0.61957 0.76252
vn -0.18651 0.76264 0.61935
vn -0.26429 0.8019 0.53582
vn -0.1804 0.87335 0.45245
vn -0.19084 0.92934 0.3161
vn -0.54855 0.79158 0.26924
vn -0.83551 0.5202 0.17694
vn -0.96097 0.2619 0.08908
vn -0.99569 0.08784 0.02988
vn -0.99589 0.08819 0.02073
vn -0.99488 0.10015 0.01375
vn -0.96098 0.27403 0.03763
vn -0.95431 0.26265 0.14249
vn -0.82925 0.55373 -0.07562
vn -0.68879 0.68879 0.22615
vn -0.54208 0.83616 -0.08355
vn -0.25243 0.94208 0.22081
vn -0.24127 0.95181 0.18933
vn -0.99623 0.07705 0.03992
vn -0.9946 0.09586 0.03965
vn -0.99472 0.10177 0.01338
vn -0.95464 0.2558 0.15239
vn -0.26429 0.53582 0.8019
vn -0.1804 0.45245 0.87335
vn -0.53944 0.12945 0.83201
vn -0.693 0.18078 0.6979
vn -0.19655 0.19128 0.96165
vn -0.25122 0.22252 0.94201
vn -0.96067 0.2156 0.17499
vn -0.96069 0.21556 0.17498
vn -0.96066 0.17521 0.2155
vn -0.96067 0.17517 0.21548
vn -0.96069 0.12771 0.24652
vn -0.83448 0.42783 0.34728
vn -0.83452 0.42775 0.3473
vn -0.83442 0.34765 0.42764
vn -0.83446 0.34756 0.42764
vn -0.96069 0.24652 0.12771
vn -0.54697 0.64991 0.52767
vn -0.54705 0.6498 0.52772
vn -0.54688 0.52803 0.6497
vn -0.83452 0.48922 0.25345
vn -0.54705 0.74328 0.38506
vn -0.23552 0.94608 0.22239
vn -0.54857 0.81392 0.19132
vn -0.83553 0.53487 0.12573
vn -0.96098 0.26928 0.0633
vn -0.83554 0.54432 0.07475
vn -0.54859 0.82831 0.11375
vn -0.31144 0.94143 0.12929
vn -1 -0 0
vn -1 -0 0
vn -1 -0 -0
vn -1 0 -0
vn -1 -0 -0
vn -1 0 0
vn -1 0 -0
vn -1 -0 0
vn -1 -0 0
vn -0.99338 0.01994 -0.11312
vn -0.9536 0.14915 -0.26153
vn -0.95358 0.14864 -0.26188
vn -0.82909 -0.07716 -0.55376
vn -0.83554 0.07475 -0.54432
vn -0.83553 0.12573 -0.53487
vn -0.83551 0.17694 -0.5202
vn -0.83452 0.25345 -0.48922
vn -0.83446 0.34756 -0.42764
vn -0.54688 0.52803 -0.6497
vn -0.54706 0.64969 -0.52785
vn -0.54709 0.6497 -0.52781
vn -0.54693 0.74331 -0.38518
vn -0.18034 0.87331 -0.45255
vn -0.19664 0.96164 -0.19128
vn -0.68661 0.22457 -0.69147
vn -0.54215 -0.08277 -0.83619
vn -0.54859 0.11375 -0.82831
vn -0.54857 0.19132 -0.81392
vn -0.54855 0.26924 -0.79158
vn -0.54705 0.38506 -0.74328
vn -0.54696 0.52792 -0.64972
vn -0.1863 0.61957 -0.76252
vn -0.18651 0.76253 -0.61948
vn -0.26431 0.8019 -0.53581
vn -0.25148 0.2181 -0.94297
vn -0.24127 0.18933 -0.95181
vn -0.31144 0.12929 -0.94143
vn -0.23552 0.22239 -0.94608
vn -0.26429 0.53582 -0.8019
vn -0.1804 0.45245 -0.87335
vn -0.19084 0.3161 -0.92934
vn -0.2523 0.94158 -0.22308
vn -0.53951 0.83201 -0.12918
vn -0.547 0.74323 -0.38524
vn -0.83446 0.48926 -0.2536
vn -0.83454 0.42761 -0.34741
vn -0.83453 0.42761 -0.34744
vn -0.83442 0.34765 -0.42764
vn -0.96067 0.17517 -0.21548
vn -0.96069 0.12771 -0.24652
vn -0.96097 0.08908 -0.2619
vn -0.96098 0.0633 -0.26928
vn -0.96098 0.03763 -0.27403
vn -0.69547 0.69547 -0.1807
vn -0.82895 0.55344 -0.08092
vn -0.83449 0.48918 -0.25362
vn -0.96068 0.24651 -0.12781
vn -0.96067 0.24653 -0.12784
vn -0.99577 0.08154 -0.04228
vn -0.99577 0.08154 -0.04229
vn -0.96087 0.26443 -0.08254
vn -0.96252 0.25791 -0.08385
vn -0.99567 0.09134 -0.0174
vn -0.99578 0.07126 -0.0579
vn -0.99578 0.07126 -0.05791
vn -0.99568 0.05312 -0.07613
vn -0.99305 0.07424 -0.09131
vn -0.99199 0.0579 -0.11227
vn -0.99186 0.05856 -0.11304
vn -0.99083 0.0435 -0.12789
vn -0.98984 0.04343 -0.13536
vn -0.99255 0.02788 -0.11861
vn -0.99228 0.01688 -0.1229
vn -0.96066 0.17521 -0.2155
vn -0.96069 0.21546 -0.17508
vn -0.96069 0.21546 -0.17506
vn -1 -0 0
vn -1 -0 0
vn -0.99501 -0.0792 -0.06067
vn -0.99577 -0.0713 -0.05787
vn -0.99568 -0.05312 -0.07613
vn -0.99304 -0.0743 -0.09139
vn -0.992 -0.05784 -0.11224
vn -0.99185 -0.05862 -0.11315
vn -0.99068 -0.04146 -0.12972
vn -0.99643 -0.01362 -0.08335
vn -0.96097 -0.08407 -0.26355
vn -0.96089 -0.084 -0.26389
vn -0.82886 -0.08068 -0.55361
vn -0.83452 -0.25345 -0.48922
vn -0.54705 -0.38506 -0.74328
vn -0.54696 -0.52792 -0.64972
vn -0.1863 -0.61957 -0.76252
vn -0.18651 -0.76264 -0.61935
vn -0.26429 -0.8019 -0.53582
vn -0.1804 -0.87335 -0.45245
vn -0.19084 -0.92934 -0.3161
vn -0.54855 -0.79158 -0.26924
vn -0.83551 -0.5202 -0.17694
vn -0.96097 -0.2619 -0.08908
vn -0.99569 -0.08784 -0.02988
vn -0.99589 -0.08819 -0.02073
vn -0.99488 -0.10015 -0.01375
vn -0.96098 -0.27403 -0.03763
vn -0.95431 -0.26265 -0.14249
vn -0.82925 -0.55373 0.07562
vn -0.68879 -0.68879 -0.22615
vn -0.54208 -0.83616 0.08355
vn -0.25243 -0.94208 -0.22081
vn -0.24127 -0.95181 -0.18933
vn -0.99623 -0.07705 -0.03992
vn -0.9946 -0.09586 -0.03965
vn -0.99472 -0.10177 -0.01338
vn -0.95464 -0.2558 -0.15239
vn -0.26429 -0.53582 -0.8019
vn -0.1804 -0.45245 -0.87335
vn -0.53944 -0.12945 -0.83201
vn -0.693 -0.18078 -0.6979
vn -0.19655 -0.19128 -0.96165
vn -0.25122 -0.22252 -0.94201
vn -0.96067 -0.2156 -0.17499
vn -0.96069 -0.21556 -0.17498
vn -0.96066 -0.17521 -0.2155
vn -0.96067 -0.17517 -0.21548
vn -0.96069 -0.12771 -0.24652
vn -0.83448 -0.42783 -0.34728
vn -0.83452 -0.42775 -0.3473
vn -0.83442 -0.34765 -0.42764
vn -0.83446 -0.34756 -0.42764
vn -0.96069 -0.24652 -0.12771
vn -0.54697 -0.64991 -0.52767
vn -0.54705 -0.6498 -0.52772
vn -0.54688 -0.52803 -0.6497
vn -0.83452 -0.48922 -0.25345
vn -0.54705 -0.74328 -0.38506
vn -0.23552 -0.94608 -0.22239
vn -0.54857 -0.81392 -0.19132
vn -0.83553 -0.53487 -0.12573
vn -0.96098 -0.26928 -0.0633
vn -0.83554 -0.54432 -0.07475
vn -0.54859 -0.82831 -0.11375
vn -0.31144 -0.94143 -0.12929
vn -1 -0 0
vn -1 -0 0
vn -1 -0 0
vn -1 -0 0
vn -1 -0 0
vn -1 -0 0
vn -1 -0 0
vn -1 -0 0
vn -1 -0 -0
vn -1 -0 -0
vn -1 0 0
vn -1 -0 0
vn -0 -0.97866 -0.20549
vn 0 -0.97866 -0.20549
vn -0 -0.99762 -0.06893
vn 0 -0.99762 -0.06893
vn -0 -0.99762 0.06893
vn 0 -0.99762 0.06893
vn -0 -0.97866 0.20549
vn 0 -0.97866 0.20549
vn -0.18037 -0.30983 0.93353
vn -0.25752 -0.25265 0.93266
vn -0.53016 -0.29684 0.79424
vn -0.70365 -0.15812 0.69273
vn -0.81327 -0.20504 0.54457
vn -0.96353 -0.0364 0.2651
vn -0.96972 -0.04685 0.23966
vn -0.97037 -0.07552 0.22951
vn -0.96623 -0.09183 0.24078
vn -0.81328 -0.19885 0.54684
vn -0.80618 -0.21045 0.55299
vn -0.53016 -0.29696 0.79419
vn -0.52427 -0.30289 0.79586
vn -0.18076 -0.34889 0.91957
vn -0.17854 -0.35044 0.91941
vn -0.1785 -0.39321 0.90195
vn -0.18119 -0.39136 0.90222
vn -0.18077 -0.43018 0.88446
vn -0.25866 -0.47092 0.8434
vn -0.53133 -0.34132 0.77537
vn -0.70608 -0.36976 0.60393
vn -0.81467 -0.23223 0.53139
vn -0.96504 -0.15601 0.21063
vn -0.97051 -0.13319 0.20095
vn -0.97119 -0.09413 0.21893
vn -0.96605 -0.1156 0.23106
vn -0.53132 -0.33752 0.77703
vn -0.52418 -0.34487 0.77865
vn -0.81466 -0.23082 0.53202
vn -0.806 -0.24567 0.53853
vn -0.18694 -0.28831 0.93911
vn -0.17638 0.50803 0.84309
vn -0.43844 -0.77071 0.46235
vn -0.41626 0.65182 0.63393
vn -0.65851 -0.71511 0.2345
vn -0.63776 0.66854 0.38251
vn -0.98132 -0.02868 0.19021
vn -0.632 -0.77277 -0.05836
vn -0.65276 0.46878 0.59511
vn -0.41763 -0.89413 0.16163
vn -0.43761 0.37792 0.81589
vn -0.1782 -0.89097 0.41763
vn -0.25858 0.32234 0.91062
vn -0.14373 0.23624 0.96101
vn -0.09737 0.21911 0.97083
vn -0.14132 0.20079 0.96939
vn -0.18684 0.16359 0.96867
vn -0.54894 0.13919 0.82419
vn -0.83577 0.09143 0.54141
vn -0.9823 0.03119 0.18469
vn -0.98223 0.02091 0.18649
vn -0.98491 0.01279 0.1726
vn -0.98227 0.00698 0.18736
vn -0.98227 -0.00698 0.18736
vn -0.83564 -0.02046 0.54889
vn -0.83564 -0.0612 0.54585
vn -0.54874 -0.09314 0.83078
vn -0.54829 -0.17418 0.81794
vn -0.25841 -0.22766 0.93883
vn -0.54881 0.18819 0.81449
vn -0.70569 0.2664 0.65653
vn -0.83535 0.10832 0.53895
vn -0.96427 0.13128 0.23009
vn -0.98364 0.043 0.17491
vn -0.98491 0.0381 0.16883
vn -0.98371 0.03646 0.176
vn -0.98491 -0.01279 0.1726
vn -0.98223 -0.02091 0.18649
vn -0.83545 -0.11062 0.53832
vn -0.70672 -0.17449 0.68564
vn -0.98226 -0.04128 0.18291
vn -0.96592 -0.07233 0.24853
vn -0.18495 -0.21636 0.95864
vn -0.1882 -0.10943 0.97602
vn -0.54874 -0.03113 0.83541
vn -0.83564 0.02046 0.54889
vn -0.09737 -0.07357 0.99253
vn -0.18724 -0.03658 0.98163
vn -0.54874 0.03113 0.83541
vn -0.83564 0.0612 0.54585
vn -0.18724 0.03658 0.98163
vn -0.09737 0.07357 0.99253
vn -0.1882 0.10943 0.97602
vn -0.54894 0.19953 0.81169
vn -0.83577 0.13107 0.5332
vn -0.83577 0.11137 0.53766
vn -0.54874 0.09314 0.83078
vn -0.54894 0.16953 0.81849
vn -0.18694 0.28831 0.93911
vn -0.1782 0.89099 0.4176
vn -0.4376 -0.37795 0.81588
vn -0.41761 0.89414 0.16161
vn -0.65274 -0.4688 0.59511
vn -0.63197 0.77279 -0.05837
vn -0.98132 0.02868 0.19021
vn -0.6378 -0.66851 0.38251
vn -0.65853 0.71508 0.23452
vn -0.41628 -0.65179 0.63394
vn -0.43845 0.77069 0.46238
vn -0.17639 -0.50799 0.84311
vn -0.18077 0.43014 0.88448
vn -0.25866 0.47081 0.84347
vn -0.53131 0.34136 0.77536
vn -0.70608 0.36963 0.604
vn -0.81464 0.23229 0.53141
vn -0.96504 0.15593 0.21067
vn -0.97049 0.1332 0.20101
vn -0.97115 0.10685 0.2132
vn -0.96622 0.10239 0.23649
vn -0.81466 0.24043 0.52775
vn -0.80617 0.23566 0.54273
vn -0.5313 0.3429 0.77468
vn -0.52425 0.33923 0.78108
vn -0.1785 0.39312 0.90199
vn -0.17854 0.35036 0.91944
vn -0.18077 0.3488 0.9196
vn -0.18037 0.30979 0.93354
vn -0.25751 0.25253 0.93269
vn -0.53019 0.29687 0.79421
vn -0.70364 0.15798 0.69277
vn -0.81329 0.20507 0.54452
vn -0.96353 0.03631 0.26512
vn -0.96974 0.04682 0.23961
vn -0.9704 0.08644 0.22551
vn -0.96609 0.08081 0.24523
vn -0.18118 0.39128 0.90226
vn -0.53018 0.30153 0.79246
vn -0.52421 0.2981 0.79771
vn -0.81328 0.20706 0.54379
vn -0.80604 0.20204 0.5563
vn -0.25808 0.96316 0.07567
vn -0.25808 0.93952 0.22516
vn -0.25808 0.89283 0.36912
vn -0.25808 0.82423 0.50402
vn -0.25808 0.73541 0.62655
vn -0.25808 0.62854 0.73371
vn -0.25808 0.50625 0.82287
vn -0.70602 0.37109 0.60318
vn -0.70602 0.37109 0.60318
vn -0.96573 0.13601 0.22108
vn -0.96866 0.13291 0.20984
vn -0.96302 0.17529 0.20462
vn -0.97046 0.16403 0.17695
vn -0.96124 0.20988 0.17881
vn -0.9713 0.19075 0.14211
vn -0.96061 0.23707 0.14497
vn -0.9713 0.21342 0.10504
vn -0.96124 0.25481 0.10534
vn -0.97046 0.23225 0.06538
vn -0.96302 0.26202 0.06279
vn -0.96866 0.24735 0.02269
vn -0.96573 0.25877 0.02033
vn -0.70602 0.70602 0.05547
vn -0.70602 0.68869 0.16505
vn -0.70602 0.65447 0.27057
vn -0.70602 0.60418 0.36946
vn -0.70602 0.53907 0.45928
vn -0.70602 0.46074 0.53783
vn -0.96573 0.13601 -0.22108
vn -0.96866 0.13291 -0.20984
vn -0.96302 0.17529 -0.20462
vn -0.97046 0.16403 -0.17695
vn -0.96124 0.20988 -0.17881
vn -0.9713 0.19075 -0.14211
vn -0.96061 0.23707 -0.14497
vn -0.9713 0.21342 -0.10504
vn -0.96124 0.25481 -0.10534
vn -0.97046 0.23225 -0.06538
vn -0.96302 0.26202 -0.06279
vn -0.96866 0.24735 -0.02269
vn -0.96573 0.25877 -0.02033
vn -0.70602 0.70602 -0.05547
vn -0.25808 0.96316 -0.07567
vn -0.25808 0.93952 -0.22516
vn -0.70602 0.68869 -0.16505
vn -0.70602 0.65447 -0.27057
vn -0.25808 0.89283 -0.36912
vn -0.70602 0.60418 -0.36946
vn -0.25808 0.82423 -0.50402
vn -0.25808 0.73541 -0.62655
vn -0.25808 0.62854 -0.73371
vn -0.25808 0.50625 -0.82287
vn -0.70602 0.37109 -0.60318
vn -0.70602 0.46074 -0.53783
vn -0.70602 0.53907 -0.45928
vn -0.97051 0.13319 -0.20095
vn -0.96504 0.15601 -0.21063
vn -0.81467 0.23223 -0.53139
vn -0.70608 0.36976 -0.60393
vn -0.53133 0.34132 -0.77537
vn -0.25866 0.47092 -0.8434
vn -0.18077 0.43018 -0.88446
vn -0.18119 0.39136 -0.90222
vn -0.1785 0.39321 -0.90195
vn -0.53132 0.33752 -0.77703
vn -0.52418 0.34487 -0.77865
vn -0.81466 0.23082 -0.53202
vn -0.806 0.24567 -0.53853
vn -0.97119 0.09413 -0.21893
vn -0.96605 0.1156 -0.23106
vn -0.96623 0.09183 -0.24078
vn -0.97037 0.07552 -0.22951
vn -0.96972 0.04686 -0.23966
vn -0.96353 0.0364 -0.2651
vn -0.81327 0.20504 -0.54457
vn -0.70365 0.15812 -0.69273
vn -0.53016 0.29684 -0.79424
vn -0.25752 0.25265 -0.93266
vn -0.18037 0.30983 -0.93353
vn -0.18076 0.34889 -0.91957
vn -0.17854 0.35044 -0.91941
vn -0.81328 0.19885 -0.54684
vn -0.80618 0.21045 -0.55299
vn -0.53016 0.29696 -0.79419
vn -0.52427 0.30289 -0.79586
vn -0.98132 0.02868 -0.19021
vn -0.632 0.77277 0.05836
vn -0.65276 -0.46878 -0.59511
vn -0.41763 0.89413 -0.16163
vn -0.43761 -0.37792 -0.81589
vn -0.1782 0.89097 -0.41763
vn -0.18694 0.28831 -0.93911
vn -0.17638 -0.50803 -0.84309
vn -0.43844 0.77071 -0.46235
vn -0.41626 -0.65182 -0.63393
vn -0.65851 0.71511 -0.2345
vn -0.63776 -0.66854 -0.38251
vn -0.98226 0.04128 -0.18291
vn -0.96592 0.07233 -0.24853
vn -0.83545 0.11062 -0.53832
vn -0.70672 0.17449 -0.68564
vn -0.54829 0.17418 -0.81794
vn -0.25841 0.22766 -0.93883
vn -0.18495 0.21636 -0.95864
vn -0.1882 0.10943 -0.97602
vn -0.09737 0.07357 -0.99253
vn -0.18724 0.03658 -0.98163
vn -0.18724 -0.03658 -0.98163
vn -0.54874 -0.03113 -0.83541
vn -0.54874 -0.09314 -0.83078
vn -0.83564 -0.0612 -0.54585
vn -0.83577 -0.09143 -0.54141
vn -0.9823 -0.03119 -0.18469
vn -0.98371 -0.03646 -0.176
vn -0.98491 -0.0381 -0.16883
vn -0.98364 -0.043 -0.17491
vn -0.96427 -0.13128 -0.23009
vn -0.83535 -0.10832 -0.53895
vn -0.70569 -0.2664 -0.65653
vn -0.54881 -0.18819 -0.81449
vn -0.25858 -0.32234 -0.91062
vn -0.14373 -0.23624 -0.96101
vn -0.09737 -0.21911 -0.97083
vn -0.14132 -0.20079 -0.96939
vn -0.18684 -0.16359 -0.96867
vn -0.54894 -0.13919 -0.82419
vn -0.09737 -0.07357 -0.99253
vn -0.1882 -0.10943 -0.97602
vn -0.98223 -0.02091 -0.18649
vn -0.98491 -0.01279 -0.1726
vn -0.98227 -0.00698 -0.18736
vn -0.98227 0.00698 -0.18736
vn -0.83564 0.02046 -0.54889
vn -0.83564 0.0612 -0.54585
vn -0.54874 0.09314 -0.83078
vn -0.98491 0.01279 -0.1726
vn -0.98223 0.02091 -0.18649
vn -0.54874 0.03113 -0.83541
vn -0.83564 -0.02046 -0.54889
vn -0.54894 -0.19953 -0.81169
vn -0.83577 -0.13107 -0.5332
vn -0.83577 -0.11137 -0.53766
vn -0.54894 -0.16953 -0.81849
vn -0.98132 -0.02868 -0.19021
vn -0.6378 0.66851 -0.38251
vn -0.65853 -0.71508 -0.23452
vn -0.41628 0.65179 -0.63394
vn -0.43845 -0.77069 -0.46238
vn -0.17639 0.50799 -0.84311
vn -0.18694 -0.28831 -0.93911
vn -0.1782 -0.89099 -0.4176
vn -0.4376 0.37795 -0.81588
vn -0.41761 -0.89414 -0.16161
vn -0.65274 0.4688 -0.59511
vn -0.63197 -0.77279 0.05837
vn -0.18077 -0.43014 -0.88448
vn -0.25866 -0.47081 -0.84347
vn -0.53131 -0.34136 -0.77536
vn -0.70608 -0.36963 -0.604
vn -0.81464 -0.23229 -0.53141
vn -0.96504 -0.15593 -0.21067
vn -0.97049 -0.1332 -0.20101
vn -0.97115 -0.10685 -0.2132
vn -0.96622 -0.10239 -0.23649
vn -0.81466 -0.24043 -0.52775
vn -0.80617 -0.23566 -0.54273
vn -0.5313 -0.3429 -0.77468
vn -0.52425 -0.33923 -0.78108
vn -0.1785 -0.39312 -0.90199
vn -0.17854 -0.35036 -0.91944
vn -0.18077 -0.3488 -0.9196
vn -0.18037 -0.30979 -0.93354
vn -0.25751 -0.25253 -0.93269
vn -0.53019 -0.29687 -0.79421
vn -0.70364 -0.15798 -0.69277
vn -0.81329 -0.20507 -0.54452
vn -0.96353 -0.03631 -0.26512
vn -0.96974 -0.04682 -0.23961
vn -0.9704 -0.08644 -0.22551
vn -0.96609 -0.08081 -0.24523
vn -0.18118 -0.39128 -0.90226
vn -0.53018 -0.30153 -0.79246
vn -0.52421 -0.2981 -0.79771
vn -0.81328 -0.20706 -0.54379
vn -0.80604 -0.20204 -0.5563
vn -0.08528 -0.5272 0.84545
vn -0.25865 -0.47223 0.84267
vn -0.54868 -0.43466 0.71416
vn -0.70701 -0.33678 0.62187
vn -0.83568 -0.28982 0.46651
vn -0.96591 -0.11327 0.23277
vn -0.98585 -0.08971 0.14163
vn -0.98003 -0.12026 0.15836
vn -0.98552 -0.11526 0.12433
vn -0.9821 -0.13189 0.13447
vn -0.98233 -0.14763 0.115
vn -0.83523 -0.43382 0.33793
vn -0.83517 -0.4767 0.2743
vn -0.54803 -0.725 0.41717
vn -0.54797 -0.77772 0.30803
vn -0.24068 -0.9024 0.35742
vn -0.08932 -0.93973 0.33003
vn -0.2659 -0.93905 0.21788
vn -0.07404 -0.98307 0.16761
vn -0.2766 -0.95819 0.07324
vn -0.06959 -0.99758 0
vn -0.2766 -0.95819 -0.07324
vn -0.07404 -0.98307 -0.16761
vn -0.2659 -0.93905 -0.21788
vn -0.08932 -0.93973 -0.33003
vn -0.24068 -0.9024 -0.35742
vn -0.12139 -0.86793 -0.48163
vn -0.1923 -0.85058 -0.48943
vn -0.18157 -0.77579 -0.60431
vn -0.54811 -0.65984 -0.51399
vn -0.83523 -0.43382 -0.33793
vn -0.98233 -0.14763 -0.115
vn -0.9821 -0.13189 -0.13447
vn -0.98552 -0.11526 -0.12433
vn -0.98003 -0.12026 -0.15836
vn -0.98585 -0.08971 -0.14163
vn -0.96591 -0.11327 -0.23277
vn -0.98517 -0.13759 0.10251
vn -0.97957 -0.17429 0.10029
vn -0.83513 -0.5114 0.20255
vn -0.54792 -0.81488 0.18907
vn -0.98605 -0.14935 0.0735
vn -0.97893 -0.18985 0.0752
vn -0.8351 -0.53587 0.12433
vn -0.54789 -0.83412 0.06376
vn -0.54789 -0.83412 -0.06376
vn -0.54792 -0.81488 -0.18907
vn -0.98573 -0.16202 0.04561
vn -0.98003 -0.19371 0.04494
vn -0.83508 -0.54853 0.04193
vn -0.83508 -0.54853 -0.04193
vn -0.8351 -0.53587 -0.12433
vn -0.54797 -0.77772 -0.30803
vn -0.98449 -0.1747 0.01602
vn -0.98219 -0.18735 0.01432
vn -0.98219 -0.18735 -0.01432
vn -0.98449 -0.1747 -0.01602
vn -0.98003 -0.19371 -0.04494
vn -0.98573 -0.16202 -0.04561
vn -0.97893 -0.18985 -0.0752
vn -0.98605 -0.14935 -0.0735
vn -0.97957 -0.17429 -0.10029
vn -0.98517 -0.13759 -0.10251
vn -0.83568 -0.28982 -0.46651
vn -0.70701 -0.33678 -0.62187
vn -0.54868 -0.43466 -0.71416
vn -0.25865 -0.47223 -0.84267
vn -0.08528 -0.5272 -0.84545
vn -0.24547 -0.58628 -0.77203
vn -0.0737 -0.66241 -0.74551
vn -0.23427 -0.68076 -0.69404
vn -0.11928 -0.77483 -0.62081
vn -0.12139 -0.86793 0.48163
vn -0.1923 -0.85058 0.48943
vn -0.54811 -0.65984 0.51399
vn -0.83528 -0.38501 0.39252
vn -0.18157 -0.77579 0.60431
vn -0.11928 -0.77483 0.62081
vn -0.23427 -0.68076 0.69404
vn -0.0737 -0.66241 0.74551
vn -0.24547 -0.58628 0.77203
vn -0.54829 -0.50577 0.66601
vn -0.83534 -0.33247 0.4378
vn -0.5482 -0.58565 0.59707
vn -0.83513 -0.5114 -0.20255
vn -0.54803 -0.725 -0.41717
vn -0.83517 -0.4767 -0.2743
vn -0.83528 -0.38501 -0.39252
vn -0.83534 -0.33247 -0.4378
vn -0.5482 -0.58565 -0.59707
vn -0.54829 -0.50577 -0.66601
vn -0.00108 -0.52912 0.84854
vn 0.00127 -0.47387 0.88059
vn 0.0003 -0.4363 0.8998
vn -7E-05 -0.39699 0.91782
vn 0.00017 -0.35698 0.93411
vn 0.00105 -0.31627 0.94867
vn 0.00131 -0.30902 0.95106
vn 0.0009 -0.29366 0.95591
vn -0.00091 -0.22015 0.97546
vn 0.00131 -0.13423 0.99095
vn -0.00077 -0.07392 0.99726
vn 0.00101 0.04486 0.99899
vn -0.0003 0.07392 0.99726
vn 0.00036 0.22015 0.97547
vn 0.00049 0.22252 0.97493
vn 4E-05 0.29366 0.95591
vn -7E-05 0.31622 0.94869
vn 0.00035 0.3569 0.93414
vn 0.00129 0.39302 0.91953
vn 0.00114 0.39691 0.91786
vn 0.00022 0.43627 0.89982
vn -0.00047 0.524 0.85172
vn 0.00098 0.5509 0.83457
vn -0.00082 0.65058 0.75944
vn 0.00125 0.69106 0.72279
vn -0.001 0.7612 0.64852
vn 0.00134 0.80902 0.58778
vn -0.00101 0.85313 0.52169
vn 0.00126 0.90097 0.43388
vn -0.00084 0.92414 0.38206
vn 0.00101 0.96396 0.26604
vn -0.00051 0.97246 0.23305
vn 0.00059 0.99597 0.08964
vn -0 0.99693 0.07832
vn 0 0.99693 -0.07832
vn 0.00059 0.99597 -0.08964
vn -0.00051 0.97246 -0.23305
vn 0.00101 0.96396 -0.26604
vn -0.00084 0.92414 -0.38206
vn 0.00126 0.90097 -0.43388
vn -0.00101 0.85313 -0.52169
vn 0.00134 0.80902 -0.58778
vn -0.001 0.7612 -0.64852
vn 0.00125 0.69106 -0.72279
vn -0.00082 0.65058 -0.75944
vn 0.00098 0.5509 -0.83457
vn -0.00047 0.524 -0.85172
vn 0.00022 0.4363 -0.8998
vn 0.00114 0.39699 -0.91782
vn 0.00129 0.39302 -0.91953
vn 0.00035 0.35698 -0.93411
vn -7E-05 0.31626 -0.94867
vn 4E-05 0.29366 -0.95591
vn 0.00049 0.22252 -0.97493
vn 0.00036 0.22015 -0.97547
vn -0.0003 0.07392 -0.99726
vn 0.00101 0.04486 -0.99899
vn -0.00077 -0.07392 -0.99726
vn 0.00131 -0.13423 -0.99095
vn -0.00091 -0.22015 -0.97546
vn 0.0009 -0.29366 -0.95591
vn 0.00131 -0.30902 -0.95106
vn 0.00105 -0.31623 -0.94868
vn 0.00018 -0.3569 -0.93414
vn -7E-05 -0.39691 -0.91786
vn 0.0003 -0.43627 -0.89982
vn 0.00127 -0.47387 -0.88059
vn -0.00108 -0.52912 -0.84854
vn 0.00118 -0.62349 -0.78183
vn -0.00097 -0.66421 -0.74754
vn 0.00105 -0.75307 -0.65794
vn -0.00082 -0.7804 -0.62528
vn 0.00088 -0.85845 -0.5129
vn -0.00063 -0.87439 -0.48522
vn 0.00068 -0.93623 -0.35137
vn -0.00041 -0.9435 -0.33136
vn 0.00043 -0.98393 -0.17856
vn -0.00014 -0.98578 -0.16807
vn 0.00015 -1 0
vn 0.00015 -1 0
vn -0.00014 -0.98578 0.16807
vn 0.00043 -0.98393 0.17856
vn -0.00041 -0.9435 0.33136
vn 0.00068 -0.93623 0.35137
vn -0.00063 -0.87439 0.48522
vn 0.00088 -0.85845 0.5129
vn -0.00082 -0.7804 0.62528
vn 0.00105 -0.75307 0.65794
vn -0.00097 -0.66421 0.74754
vn 0.00118 -0.62349 0.78183
vn 0.00044 -0.97636 -0.21613
vn -0.00056 -0.93623 -0.35137
vn 0.00018 -0.93126 -0.36437
vn -0.00019 -0.85877 -0.51236
vn -0.00023 -0.85845 -0.5129
vn 0.00021 -0.76296 -0.64644
vn -0.00059 -0.75307 -0.65794
vn 0.00053 -0.64644 -0.76296
vn -0.00088 -0.62349 -0.78183
vn 0.00079 -0.51236 -0.85877
vn -0.0011 -0.47387 -0.8806
vn 0.00097 -0.36437 -0.93125
vn -0.00125 -0.30902 -0.95106
vn 0.00087 -0.21613 -0.97636
vn -0.00132 -0.13423 -0.99095
vn 0.00075 -0.07255 -0.99736
vn -0.00101 0.04486 -0.99899
vn 0.00024 0.07255 -0.99736
vn -0.00027 0.21613 -0.97636
vn -0.00061 0.22252 -0.97493
vn 0.00056 0.36437 -0.93126
vn -0.0009 0.39302 -0.91953
vn 0.00081 0.51236 -0.85877
vn -0.00111 0.5509 -0.83457
vn 0.00099 0.64644 -0.76296
vn -0.00126 0.69106 -0.72279
vn 0.00109 0.76296 -0.64644
vn -0.00133 0.80902 -0.58778
vn 0.00113 0.85877 -0.51236
vn -0.00133 0.90097 -0.43388
vn 0.0011 0.93125 -0.36437
vn -0.00127 0.96396 -0.26604
vn 0.00063 0.97636 -0.21613
vn -0.00083 0.99597 -0.08964
vn -0 0.99736 -0.07255
vn 0 0.99736 0.07255
vn -0.00083 0.99597 0.08964
vn 0.00063 0.97636 0.21613
vn -0.00127 0.96396 0.26604
vn 0.0011 0.93125 0.36437
vn -0.00133 0.90097 0.43388
vn 0.00113 0.85877 0.51236
vn -0.00133 0.80902 0.58778
vn 0.00109 0.76296 0.64644
vn -0.00126 0.69106 0.72279
vn 0.00099 0.64644 0.76296
vn -0.00111 0.5509 0.83457
vn 0.00081 0.51236 0.85877
vn -0.0009 0.39302 0.91953
vn 0.00056 0.36437 0.93126
vn -0.00061 0.22252 0.97493
vn -0.00027 0.21613 0.97636
vn 0.00024 0.07255 0.99736
vn -0.00101 0.04486 0.99899
vn 0.00075 -0.07255 0.99736
vn -0.00132 -0.13423 0.99095
vn 0.00087 -0.21613 0.97636
vn -0.00125 -0.30902 0.95106
vn 0.00097 -0.36437 0.93125
vn -0.0011 -0.47387 0.8806
vn 0.00079 -0.51236 0.85877
vn -0.00088 -0.62349 0.78183
vn 0.00053 -0.64644 0.76296
vn -0.00059 -0.75307 0.65794
vn 0.00021 -0.76296 0.64644
vn -0.00023 -0.85845 0.5129
vn -0.00019 -0.85877 0.51236
vn 0.00018 -0.93126 0.36437
vn -0.00056 -0.93623 0.35137
vn 0.00044 -0.97636 0.21613
vn -0.00115 -0.98393 0.17856
vn 0.00083 -0.99736 0.07255
vn -0.00134 -1 0
vn 0.00083 -0.99736 -0.07255
vn -0.00115 -0.98393 -0.17856
vn 1 -0 -0
vn 1 0 0
vn 1 0 0
vn 1 -0 0
vn 1 0 -0
vn 1 0 0
vn 1 0 0
vn 1 0 0
vn 1 0 0
vn 1 -0 -0
vn -1 -0 0
vn -1 -0 0
vn 1 -0 0
vn 0 0.70711 0.70711
vn -0 0.70711 0.70711
vn 0 0.70711 0.70711
vn -0 0.70711 0.70711
vn 0 -0.20549 0.97866
vn -0 -0.20549 0.97866
vn 0 -0.06893 0.99762
vn -0 -0.06893 0.99762
vn 0 0.06893 0.99762
vn -0 0.06893 0.99762
vn 0 0.20549 0.97866
vn 0 0.20549 0.97866
vn -0 -0.70711 0.70711
vn -0 -0.70711 0.70711
vn -0 -0.70711 0.70711
vn 0 -0.70711 0.70711
vn -0 -0.70711 -0.70711
vn 0 -0.70711 -0.70711
vn -0 -0.70711 -0.70711
vn -0 -0.70711 -0.70711
vn 0 -0.20549 -0.97866
vn -0 -0.20549 -0.97866
vn 0 -0.06893 -0.99762
vn -0 -0.06893 -0.99762
vn 0 0.06893 -0.99762
vn 0 0.20549 -0.97866
vn -0 0.20549 -0.97866
vn 0 0.06893 -0.99762
vn 0 0.70711 -0.70711
vn 0 0.70711 -0.70711
vn 0 0.70711 -0.70711
vn -0 0.70711 -0.70711
vn 0 0.97866 -0.20549
vn -0 0.97866 -0.20549
vn 0 0.99762 -0.06893
vn -0 0.99762 -0.06893
vn 0 0.99762 0.06893
vn -0 0.99762 0.06893
vn 0 0.97866 0.20549
vn 0 0.97866 0.20549
vn -0.15852 -0.96537 0.20721
vn -0.15852 -0.96537 0.20721
vn -0.09963 -0.96537 0.24112
vn -0.03398 -0.96537 0.25867
vn -0.09249 -0.70408 0.70408
vn -0.12587 -0.25676 0.95824
vn -0.36908 -0.25676 0.89323
vn -0.58724 -0.25676 0.76761
vn -0.43148 -0.70408 0.564
vn -0.27118 -0.70408 0.65631
vn -0.03398 -0.96537 -0.25867
vn -0.09963 -0.96537 -0.24112
vn -0.09963 -0.96537 -0.24112
vn -0.15852 -0.96537 -0.20721
vn -0.43148 -0.70408 -0.564
vn -0.58724 -0.25676 -0.76761
vn -0.09249 -0.70408 -0.70408
vn -0.27118 -0.70408 -0.65631
vn -0.12587 -0.25676 -0.95824
vn -0.36908 -0.25676 -0.89323
vn -0 -0.25882 -0.96593
vn -0 -0.25882 -0.96593
vn 0 -0.70711 -0.70711
vn -0 -0.70711 -0.70711
vn 0 -0.96593 -0.25882
vn -0 -0.96593 -0.25882
vn -0 -0.96593 0.25882
vn 0 -0.96593 0.25882
vn -0 -0.70711 0.70711
vn 0 -0.70711 0.70711
vn -0 -0.25882 0.96593
vn -0 -0.25882 0.96593
vn -0.13024 -0.0047 0.99147
vn -0.22668 0.00236 0.97397
vn -0.13024 -0 0.99148
vn -0.38188 0.00158 0.92421
vn -0.60761 -0.0047 0.79422
vn -0.55449 -0 0.83219
vn -0.60761 0.0047 0.79422
vn -0.38188 -0.00158 0.92421
vn -0.60761 -0.0047 -0.79422
vn -0.52693 0.00236 -0.8499
vn -0.60761 0 -0.79423
vn -0.38188 0.00158 -0.92421
vn -0.22668 -0.00236 -0.97397
vn -0.13024 0.0047 -0.99147
vn -0.13024 -0 -0.99148
vn -0.38188 -0.00158 -0.92421
vn -0.61465 -0.25775 -0.7455
vn -0.46418 -0.25775 -0.84741
vn -0.2973 -0.25775 -0.91934
vn -0.1199 -0.25775 -0.95874
vn 0.06174 -0.25775 -0.96424
vn 0.2412 -0.25775 -0.93562
vn 0.41212 -0.25775 -0.87391
vn 0.56847 -0.25775 -0.78129
vn 0.70471 -0.25775 -0.66103
vn 0.81602 -0.25775 -0.51738
vn 0.89846 -0.25775 -0.35544
vn 0.94912 -0.25775 -0.18092
vn 0.96621 -0.25775 0
vn 0.96621 -0.25775 0
vn 0.94912 -0.25775 0.18092
vn 0.89846 -0.25775 0.35544
vn 0.81602 -0.25775 0.51738
vn 0.70471 -0.25775 0.66103
vn 0.56847 -0.25775 0.78129
vn 0.41212 -0.25775 0.87391
vn 0.2412 -0.25775 0.93562
vn 0.06174 -0.25775 0.96424
vn -0.1199 -0.25775 0.95874
vn -0.2973 -0.25775 0.91934
vn -0.46418 -0.25775 0.84741
vn -0.61465 -0.25775 0.7455
vn -0.45082 -0.70553 0.5468
vn -0.34046 -0.70553 0.62154
vn -0.21806 -0.70553 0.67429
vn -0.08794 -0.70553 0.7032
vn 0.04528 -0.70553 0.70723
vn 0.17691 -0.70553 0.68624
vn 0.30227 -0.70553 0.64098
vn 0.41695 -0.70553 0.57304
vn 0.51687 -0.70553 0.48483
vn 0.59851 -0.70553 0.37948
vn 0.65898 -0.70553 0.2607
vn 0.69614 -0.70553 0.1327
vn 0.70868 -0.70553 0
vn 0.70868 -0.70553 0
vn 0.69614 -0.70553 -0.1327
vn 0.65898 -0.70553 -0.2607
vn 0.59851 -0.70553 -0.37948
vn 0.51687 -0.70553 -0.48483
vn 0.41695 -0.70553 -0.57304
vn 0.30227 -0.70553 -0.64098
vn 0.17691 -0.70553 -0.68624
vn 0.04528 -0.70553 -0.70723
vn -0.08794 -0.70553 -0.7032
vn -0.21806 -0.70553 -0.67429
vn -0.34046 -0.70553 -0.62154
vn -0.45082 -0.70553 -0.5468
vn -0.16533 -0.96564 -0.20053
vn -0.16224 -0.96661 -0.19836
vn -0.12653 -0.96469 -0.231
vn -0.1189 -0.96748 -0.22325
vn -0.08205 -0.96379 -0.25371
vn -0.07224 -0.96825 -0.23932
vn -0.03346 -0.96295 -0.26759
vn -0.02395 -0.96892 -0.24622
vn 0.01741 -0.96218 -0.27187
vn 0.02429 -0.96949 -0.24391
vn 0.06863 -0.96147 -0.26621
vn 0.07081 -0.96998 -0.23263
vn 0.11819 -0.96084 -0.25063
vn 0.11402 -0.9704 -0.21291
vn 0.16414 -0.9603 -0.22558
vn 0.15248 -0.97073 -0.18555
vn 0.20461 -0.95984 -0.19192
vn 0.18489 -0.971 -0.15158
vn 0.23795 -0.95949 -0.15087
vn 0.21019 -0.9712 -0.11225
vn 0.26281 -0.95923 -0.10397
vn 0.22753 -0.97133 -0.06897
vn 0.27815 -0.95907 -0.05302
vn 0.23634 -0.97139 -0.02326
vn 0.28334 -0.95902 -0
vn 0.23634 -0.97139 0.02326
vn 0.27815 -0.95907 0.05302
vn 0.22753 -0.97133 0.06897
vn 0.26281 -0.95923 0.10397
vn 0.21019 -0.9712 0.11225
vn 0.23795 -0.95949 0.15087
vn 0.18489 -0.971 0.15158
vn 0.20461 -0.95984 0.19192
vn 0.15248 -0.97073 0.18555
vn 0.16414 -0.9603 0.22558
vn 0.11402 -0.9704 0.21291
vn 0.11819 -0.96084 0.25063
vn 0.07081 -0.96998 0.23263
vn 0.06863 -0.96147 0.26621
vn 0.02429 -0.96949 0.24391
vn 0.01741 -0.96218 0.27187
vn -0.02395 -0.96892 0.24622
vn -0.03346 -0.96295 0.26759
vn -0.07224 -0.96825 0.23932
vn -0.08205 -0.96379 0.25371
vn -0.1189 -0.96748 0.22325
vn -0.12653 -0.96469 0.231
vn -0.16224 -0.96661 0.19836
vn -0.16533 -0.96564 0.20053
vn 0.70711 0.5 0.5
vn 0.70003 0.14674 0.69887
vn 0.70047 0.14655 0.69847
vn 0.70089 0.14627 0.69811
vn 0.72809 0.11961 0.67497
vn 0.6901 0.04989 0.722
vn 0.73277 0 0.68047
vn 0.6901 -0.04989 0.722
vn 0.72809 -0.11961 0.67497
vn 0.70049 -0.14665 0.69844
vn -0.70711 0.5 -0.5
vn 0.70711 -0.5 0.5
vn 0.70711 -0.5 -0.5
vn 0.72809 -0.11961 -0.67497
vn 0.70089 -0.14627 -0.69811
vn 0.70047 -0.14655 -0.69847
vn 0.70003 -0.14674 -0.69887
vn 0.6901 -0.04989 -0.722
vn 0.73277 0 -0.68047
vn 0.6901 0.04989 -0.722
vn 0.72809 0.11961 -0.67497
vn 0.70049 0.14665 -0.69844
vn -0.70711 -0.5 0.5
vn 0.70711 0.5 -0.5
vn 0.70049 0.69844 0.14665
vn -0.70711 -0.5 -0.5
vn -0.70711 -0.5 -0.5
vn 0.72809 0.67497 0.11961
vn 0.6901 0.722 0.04989
vn 0.73277 0.68047 0
vn 0.6901 0.722 -0.04989
vn 0.72809 0.67497 -0.11961
vn 0.70089 0.69811 -0.14627
vn 0.70047 0.69847 -0.14655
vn 0.70003 0.69887 -0.14674
vn -0 -1 0
vn -0 -1 -0
vn -0 -1 -0
vn -0 -1 0
vn -0 -1 -0
vn 0 -1 -0
vn 0 -1 -0
vn -0 -1 0
vn 0 -1 0
vn 0 -1 0
vn 0 -1 0
vn 0 -1 0
vn 0 -1 -0
vn 0 -1 0
vn 0 -1 0
vn 0 -1 0
vn 0 -1 0
vn 0 -1 0
vn 0 -1 0
vn 0 -1 0
vn -0 -1 0
vn -0 -1 0
vn -0 -1 0
vn -0 -1 0
vn -0 -1 0
vn -0 -1 0
vn -0 -1 0
vn -0 -1 0
vn -0 -1 0
vn -0 -1 0
vn -0 -1 0
vn -0 -1 0
vn -0 -1 0
vn -0 -1 0
vn -0 -1 -0
vn -0 -1 -0
vn -0 -1 -0
vn -0 -1 -0
vn -0 -1 -0
vn -0 -1 -0
vn -0 -1 -0
vn -0 -1 -0
vn -0 -1 -0
vn -0 -1 -0
vn -0 -1 -0
vn -0 -1 -0
vn -0 -1 -0
vn -0 -1 -0
vn 0 -1 -0
vn 0 -1 -0
vn 0 -1 -0
vn 0 -1 -0
vn 0 -1 -0
vn 0 -1 -0
vn 0 -1 -0
vn 0 -1 0
vn 0 -1 -0
vn 0 -1 -0
vn -0 -1 -0
vn -0 -0 -1
vn -0 -0 -1
vn -0 -0 1
vn -0 -0 1
vn -0.63614 0 -0.77157
vn -0.63614 0 -0.77157
vn -0.48041 0 -0.87704
vn -0.48041 0 -0.87704
vn -0.3077 0 -0.95148
vn -0.3077 0 -0.95148
vn -0.12409 0 -0.99227
vn -0.12409 0 -0.99227
vn 0.0639 0 -0.99796
vn 0.0639 0 -0.99796
vn 0.24963 0 -0.96834
vn 0.24963 -0 -0.96834
vn 0.42653 -0 -0.90447
vn 0.42653 -0 -0.90447
vn 0.58835 -0 -0.80861
vn 0.58835 -0 -0.80861
vn 0.72935 -0 -0.68414
vn 0.72935 -0 -0.68414
vn 0.84455 -0 -0.53547
vn 0.84455 -0 -0.53547
vn 0.92988 -0 -0.36787
vn 0.92988 -0 -0.36787
vn 0.98231 -0 -0.18724
vn 0.98231 -0 -0.18724
vn 1 -0 0
vn 1 -0 0
vn 0.98231 -0 0.18724
vn 0.98231 -0 0.18724
vn 0.92988 -0 0.36787
vn 0.92988 -0 0.36787
vn 0.84455 -0 0.53547
vn 0.84455 -0 0.53547
vn 0.72935 -0 0.68414
vn 0.72935 -0 0.68414
vn 0.58835 -0 0.80861
vn 0.58835 -0 0.80861
vn 0.42653 -0 0.90447
vn 0.42653 -0 0.90447
vn 0.24963 0 0.96834
vn 0.24963 -0 0.96834
vn 0.0639 0 0.99796
vn 0.0639 0 0.99796
vn -0.12409 0 0.99227
vn -0.12409 0 0.99227
vn -0.3077 0 0.95148
vn -0.3077 0 0.95148
vn -0.48041 0 0.87704
vn -0.48041 0 0.87704
vn -0.63614 0 0.77157
vn -0.63614 -0 0.77157
vn -0.58724 0.25676 -0.76761
vn -0.58727 0.25678 -0.76757
vn -0.43145 0.70407 -0.56403
vn -0.4315 0.70413 -0.56392
vn -0.15491 0.96693 -0.2026
vn -0.12398 0.96475 -0.23214
vn -0.09652 0.96753 -0.23358
vn -0.07647 0.96481 -0.25156
vn -0.03325 0.967 -0.25258
vn -0.02555 0.96561 -0.25873
vn -0.36908 0.25678 -0.89322
vn -0.12583 0.25678 -0.95824
vn -0.12587 0.25676 -0.95824
vn -0.09253 0.70407 -0.70407
vn -0.09241 0.70413 -0.70404
vn -0.27116 0.70413 -0.65626
vn -0.16429 0.9656 -0.20155
vn -0 0.96593 -0.25882
vn -0 0.96593 -0.25882
vn 0 0.70711 -0.70711
vn -0 0.70711 -0.70711
vn 0 0.25882 -0.96593
vn -0 0.25882 -0.96593
vn 1 -0 0
vn 1 -0 0
vn 1 -0 0
vn 1 -0 0
vn 1 -0 0
vn 1 0 0
vn 1 0 0
vn 1 -0 -0
vn 1 -0 -0
vn 1 -0 -0
vn 1 -0 -0
vn 1 -0 -0
vn 1 -0 -0
vn 1 0 0
vn 1 0 -0
vn 1 0 -0
vn 1 0 -0
vn 1 0 -0
vn 1 0 -0
vn 1 0 -0
vn 1 0 0
vn 1 0 0
vn 1 0 0
vn 1 0 0
vn 1 0 0
vn 1 0 0
vn 1 0 -0
vn 1 0 -0
vn 1 -0 0
vn -0 0.96593 0.25882
vn 0 0.96593 0.25882
vn -0 0.70711 0.70711
vn 0 0.70711 0.70711
vn -0 0.25882 0.96593
vn -0 0.25882 0.96593
vn -0.12587 0.25676 0.95824
vn -0.12583 0.25678 0.95824
vn -0.09253 0.70407 0.70407
vn -0.09241 0.70413 0.70404
vn -0.03328 0.96693 0.25285
vn -0.10376 0.96238 0.25112
vn -0.07086 0.96947 0.23477
vn -0.12341 0.96481 0.23217
vn -0.15474 0.967 0.20238
vn -0.16454 0.96561 0.2013
vn -0.36908 0.25678 0.89322
vn -0.27116 0.70413 0.65626
vn -0.58724 0.25676 0.76761
vn -0.58727 0.25678 0.76757
vn -0.43145 0.70407 0.56403
vn -0.4315 0.70413 0.56392
vn -0.0259 0.9656 0.25873
vn -0.61465 0.25775 -0.7455
vn -0.61464 0.25775 -0.7455
vn -0.46418 0.25775 -0.84741
vn -0.34046 0.70554 -0.62154
vn -0.21806 0.70554 -0.67429
vn -0.0839 0.96211 -0.25945
vn -0.04324 0.96826 -0.24617
vn -0.45082 0.70553 -0.5468
vn -0.45082 0.70554 -0.5468
vn -0.13457 0.95997 -0.24567
vn -0.11508 0.96663 -0.22888
vn -0.17128 0.9658 -0.19465
vn -0.17867 0.95975 -0.21671
vn -0.14041 0.96828 -0.20668
vn -0.08385 0.96466 -0.2498
vn -0.03489 0.95965 -0.27902
vn -0.00418 0.96962 -0.2446
vn 0.0181 0.95902 -0.28275
vn 0.03523 0.96981 -0.24131
vn 0.07028 0.95956 -0.2726
vn 0.07513 0.96926 -0.23429
vn 0.11819 0.96084 -0.25063
vn 0.11514 0.96802 -0.22288
vn 0.15914 0.96276 -0.21854
vn 0.15541 0.96575 -0.20779
vn 0.18709 0.96568 -0.18018
vn 0.19772 0.96258 -0.18533
vn 0.20576 0.96799 -0.14374
vn 0.23681 0.95988 -0.15015
vn 0.22116 0.96907 -0.10952
vn 0.2632 0.95911 -0.10412
vn 0.2382 0.96805 -0.07835
vn 0.25458 0.96496 -0.06363
vn 0.27069 0.96128 -0.0516
vn 0.26525 0.96296 -0.04855
vn 0.25275 0.96741 -0.01518
vn 0.28334 0.95902 0
vn 0.25183 0.96765 0.01564
vn 0.26716 0.96233 0.05051
vn 0.26835 0.96196 0.05115
vn 0.2382 0.96805 0.07835
vn 0.2632 0.95911 0.10412
vn 0.22116 0.96907 0.10952
vn 0.23681 0.95988 0.15015
vn 0.20576 0.96799 0.14374
vn 0.19772 0.96258 0.18533
vn 0.18709 0.96568 0.18018
vn 0.15541 0.96575 0.20779
vn 0.15914 0.96276 0.21854
vn 0.11514 0.96802 0.22288
vn 0.11819 0.96084 0.25063
vn 0.07513 0.96926 0.23429
vn 0.07028 0.95956 0.2726
vn 0.03523 0.96981 0.24131
vn 0.0181 0.95902 0.28275
vn -0.00418 0.96962 0.2446
vn -0.03489 0.95965 0.27902
vn -0.04324 0.96826 0.24617
vn -0.0839 0.96211 0.25945
vn -0.08385 0.96466 0.2498
vn -0.11508 0.96663 0.22888
vn -0.13457 0.95997 0.24567
vn -0.14042 0.96829 0.20665
vn -0.17865 0.95975 0.21669
vn -0.17128 0.9658 0.19466
vn -0.45082 0.70554 0.5468
vn -0.45082 0.70553 0.5468
vn -0.61464 0.25775 0.7455
vn -0.61465 0.25775 0.7455
vn -0.46418 0.25775 0.84741
vn -0.2973 0.25775 0.91934
vn -0.1199 0.25775 0.95874
vn 0.06174 0.25775 0.96424
vn 0.2412 0.25775 0.93562
vn 0.41212 0.25775 0.87391
vn 0.56847 0.25775 0.78129
vn 0.5685 0.25843 0.78104
vn 0.70484 0.25707 0.66115
vn 0.70483 0.25775 0.6609
vn 0.81602 0.25775 0.51738
vn 0.89846 0.25775 0.35544
vn 0.94912 0.25775 0.18092
vn 0.96621 0.25775 0
vn 0.96621 0.25775 0
vn 0.94912 0.25775 -0.18092
vn 0.89846 0.25775 -0.35544
vn 0.81602 0.25775 -0.51738
vn 0.70483 0.25775 -0.6609
vn 0.51721 0.70519 -0.48497
vn 0.41695 0.70589 -0.5726
vn 0.70484 0.25707 -0.66115
vn 0.5685 0.25843 -0.78104
vn 0.41706 0.70553 -0.57297
vn 0.30227 0.70554 -0.64098
vn 0.17691 0.70554 -0.68624
vn 0.04528 0.70554 -0.70723
vn -0.08794 0.70554 -0.7032
vn 0.56847 0.25775 -0.78129
vn 0.41212 0.25775 -0.87391
vn 0.2412 0.25775 -0.93562
vn 0.06174 0.25775 -0.96424
vn -0.1199 0.25775 -0.95874
vn -0.2973 0.25775 -0.91934
vn 0.51704 0.70555 -0.48464
vn 0.59851 0.70554 -0.37948
vn 0.65898 0.70554 -0.2607
vn 0.69614 0.70554 -0.1327
vn 0.70867 0.70554 0
vn 0.70867 0.70554 0
vn 0.69614 0.70554 0.1327
vn 0.65898 0.70554 0.2607
vn 0.59851 0.70554 0.37948
vn 0.51704 0.70555 0.48464
vn 0.51721 0.70519 0.48497
vn 0.41695 0.70589 0.5726
vn 0.41706 0.70553 0.57297
vn 0.30227 0.70554 0.64098
vn 0.17691 0.70554 0.68624
vn 0.04528 0.70554 0.70723
vn -0.08794 0.70554 0.7032
vn -0.21806 0.70554 0.67429
vn -0.34046 0.70554 0.62154
vn -0 1 0
vn -0 1 0
vn -0 1 -0
vn -0 1 -0
vn 0 1 -0
vn 0 1 0
vn 0 1 -0
vn 0 1 0
vn -0 1 -0
vn -0 1 0
vn 0 1 0
vn 0 1 -0
vn 0 1 0
vn 0 1 -0
vn -0 1 0
vn 0 1 0
vn -0 1 0
vn 0 1 0
vn 0 1 0
vn 0 1 0
vn 0 1 0
vn 0 1 0
vn 0 1 0
vn 0 1 0
vn 0 1 0
vn -0 1 0
vn 0 1 0
vn -0 1 0
vn -0 1 0
vn -0 1 0
vn -0 1 0
vn -0 1 0
vn -0 1 0
vn -0 1 0
vn -0 1 0
vn -0 1 0
vn -0 1 0
vn -0 1 0
vn -0 1 0
vn -0 1 0
vn -0 1 -0
vn -0 1 0
vn -0 1 0
vn -0 1 -0
vn -0 1 -0
vn -0 1 -0
vn -0 1 -0
vn -0 1 -0
vn -0 1 -0
vn -0 1 -0
vn -0 1 -0
vn -0 1 -0
vn -0 1 -0
vn -0 1 -0
vn -0 1 -0
vn -0 1 -0
vn -0 1 -0
vn -0 1 -0
vn 0 1 -0
vn -0 1 -0
vn 0 1 -0
vn 0 1 -0
vn 0 1 -0
vn 0 1 -0
vn 0 1 -0
vn -0 1 -0
vn -0 1 0
vn 0 1 0
vn -0 1 -0
vn 0 1 -0
vn 0 -0.99452 -0.10453
vn 0 -0.99452 -0.10453
vn 0 -0.99452 0.10453
vn 0 -0.99452 0.10453
vn 0 -0.95106 0.30902
vn 0 -0.95106 0.30902
vn 0 -0.86603 0.5
vn 0 -0.86603 0.5
vn 0 -0.74314 0.66913
vn 0 -0.74314 0.66913
vn 0 -0.58779 0.80902
vn 0 -0.58779 0.80902
vn 0 -0.40674 0.91355
vn 0 -0.40674 0.91355
vn 0 -0.20791 0.97815
vn 0 -0.20791 0.97815
vn 0 -0 1
vn 0 0.20791 0.97815
vn 0 0.20791 0.97815
vn -0 0.40674 0.91355
vn -0 0.40674 0.91355
vn -0 0.58779 0.80902
vn -0 0.58779 0.80902
vn -0 0.74314 0.66913
vn -0 0.74314 0.66913
vn -0 0.86603 0.5
vn -0 0.86603 0.5
vn -0 0.95106 0.30902
vn -0 0.95106 0.30902
vn -0 0.99452 0.10453
vn -0 0.99452 0.10453
vn -0 0.99452 -0.10453
vn -0 0.99452 -0.10453
vn -0 0.95106 -0.30902
vn -0 0.95106 -0.30902
vn -0 0.86603 -0.5
vn -0 0.86603 -0.5
vn -0 0.74314 -0.66913
vn -0 0.74314 -0.66913
vn -0 0.58779 -0.80902
vn -0 0.58779 -0.80902
vn -0 0.40674 -0.91355
vn -0 0.20791 -0.97815
vn -0 0.20791 -0.97815
vn -0 -0 -1
vn -0 -0.20791 -0.97815
vn -0 -0.20791 -0.97815
vn 0 -0.40674 -0.91355
vn 0 -0.40674 -0.91355
vn 0 -0.58779 -0.80902
vn 0 -0.58779 -0.80902
vn 0 -0.74314 -0.66913
vn 0 -0.74314 -0.66913
vn 0 -0.86603 -0.5
vn 0 -0.86603 -0.5
vn 0 -0.95106 -0.30902
vn 0 -0.95106 -0.30902
vn 0 -0.99452 0.10453
vn 0 -0.99452 0.10453
vn 0 -0.99452 -0.10453
vn 0 -0.95106 -0.30902
vn 0 -0.95106 -0.30902
vn 0 -0.86603 -0.5
vn 0 -0.86603 -0.5
vn 0 -0.74314 -0.66913
vn 0 -0.74314 -0.66913
vn 0 -0.58779 -0.80902
vn 0 -0.58779 -0.80902
vn 0 -0.40674 -0.91355
vn 0 -0.40674 -0.91355
vn 0 -0.20791 -0.97815
vn 0 -0.20791 -0.97815
vn -0 0.20791 -0.97815
vn -0 0.20791 -0.97815
vn -0 0.40674 -0.91355
vn -0 0.40674 -0.91355
vn -0 0.58779 -0.80902
vn -0 0.58779 -0.80902
vn -0 0.74314 -0.66913
vn -0 0.74314 -0.66913
vn -0 0.86603 -0.5
vn -0 0.86603 -0.5
vn -0 0.95106 -0.30902
vn -0 0.95106 -0.30902
vn -0 0.99452 -0.10453
vn -0 0.99452 0.10453
vn -0 0.99452 0.10453
vn -0 0.95106 0.30902
vn -0 0.95106 0.30902
vn -0 0.86603 0.5
vn -0 0.86603 0.5
vn -0 0.74314 0.66913
vn -0 0.74314 0.66913
vn -0 0.58779 0.80902
vn -0 0.58779 0.80902
vn -0 0.40674 0.91355
vn -0 0.40674 0.91355
vn -0 0.20791 0.97815
vn -0 0.20791 0.97815
vn 0 -0.20791 0.97815
vn 0 -0.20791 0.97815
vn 0 -0.40674 0.91355
vn 0 -0.40674 0.91355
vn 0 -0.58779 0.80902
vn 0 -0.58779 0.80902
vn 0 -0.74314 0.66913
vn 0 -0.74314 0.66913
vn 0 -0.86603 0.5
vn 0 -0.86603 0.5
vn 0 -0.95106 0.30902
vn 0 -0.95106 0.30902
vn 1 -0 -0
vn 1 -0 0
vn 1 -0 0
vn 1 -0 0
vn 1 -0 0
vn 1 -0 0
vn 1 -0 0
vn 1 -0 0
vn 1 -0 0
vn 1 -0 0
vn 1 -0 0
vn 1 -0 0
vn 1 -0 0
vn 1 -0 0
vn 1 -0 0
vn 1 -0 0
vn 1 0 0
vn 1 0 0
vn 1 0 0
vn 1 0 0
vn 1 0 0
vn 1 0 0
vn 1 0 0
vn 1 0 0
vn 1 0 0
vn 1 0 0
vn 1 0 0
vn 1 0 0
vn 1 0 0
vn 1 0 0
vn 1 0 -0
vn 1 0 -0
vn 1 0 -0
vn 1 0 -0
vn 1 0 -0
vn 1 0 -0
vn 1 0 -0
vn 1 0 -0
vn 1 0 -0
vn 1 0 -0
vn 1 0 -0
vn 1 0 -0
vn 1 0 -0
vn 1 0 -0
vn 1 0 -0
vn 1 -0 -0
vn 1 -0 -0
vn 1 -0 -0
vn 1 -0 -0
vn 1 -0 -0
vn 1 -0 -0
vn 1 -0 -0
vn 1 -0 -0
vn 1 -0 -0
vn 1 -0 -0
vn 1 -0 -0
vn 1 -0 -0
vn -1 0 -0
vn -1 0 0
vn -1 0 0
vn -1 0 0
vn -1 0 0
vn -1 0 0
vn -1 0 0
vn -1 0 0
vn -1 0 0
vn -1 0 0
vn -1 0 0
vn -1 0 0
vn -1 0 0
vn -1 0 0
vn -1 0 0
vn -1 0 0
vn -1 -0 0
vn -1 -0 0
vn -1 -0 0
vn -1 -0 0
vn -1 -0 0
vn -1 -0 0
vn -1 -0 0
vn -1 -0 0
vn -1 -0 0
vn -1 -0 0
vn -1 -0 0
vn -1 -0 0
vn -1 -0 0
vn -1 -0 0
vn -1 -0 -0
vn -1 -0 -0
vn -1 -0 -0
vn -1 -0 -0
vn -1 -0 -0
vn -1 -0 -0
vn -1 -0 -0
vn -1 -0 -0
vn -1 -0 -0
vn -1 -0 -0
vn -1 -0 -0
vn -1 -0 -0
vn -1 -0 -0
vn -1 -0 -0
vn -1 -0 -0
vn -1 0 -0
vn -1 0 -0
vn -1 0 -0
vn -1 0 -0
vn -1 0 -0
vn -1 0 -0
vn -1 0 -0
vn -1 0 -0
vn -1 0 -0
vn -1 0 -0
vn -1 0 -0
vn -1 0 -0
vn -0.00137 -0.99324 -0.11609
vn 0.00137 -1 0
vn -0.00137 -0.99324 0.11609
vn 0.00137 -0.97304 0.23062
vn -0.00137 -0.93969 0.34202
vn 0.00137 -0.89363 0.4488
vn -0.00137 -0.83549 0.54951
vn 0.00137 -0.76604 0.64279
vn -0.00137 -0.68624 0.72737
vn 0.00137 -0.59716 0.80212
vn -0.00137 -0.5 0.86602
vn 0.00137 -0.39608 0.91822
vn -0.00137 -0.2868 0.95799
vn 0.00137 -0.17365 0.98481
vn -0.00137 -0.05814 0.99831
vn 0.00137 0.05814 0.99831
vn -0.00137 0.17365 0.98481
vn 0.00137 0.2868 0.95799
vn -0.00137 0.39608 0.91822
vn 0.00137 0.5 0.86602
vn -0.00137 0.59716 0.80212
vn 0.00137 0.68624 0.72737
vn -0.00137 0.76604 0.64279
vn 0.00137 0.83549 0.54951
vn -0.00137 0.89363 0.4488
vn 0.00137 0.93969 0.34202
vn -0.00137 0.97304 0.23062
vn 0.00137 0.99324 0.11609
vn -0.00137 1 0
vn 0.00137 0.99324 -0.11609
vn -0.00137 0.97304 -0.23062
vn 0.00137 0.93969 -0.34202
vn -0.00137 0.89363 -0.4488
vn 0.00137 0.83549 -0.54951
vn -0.00137 0.76604 -0.64279
vn 0.00137 0.68624 -0.72737
vn -0.00137 0.59716 -0.80212
vn 0.00137 0.5 -0.86602
vn -0.00137 0.39608 -0.91822
vn 0.00137 0.2868 -0.95799
vn -0.00137 0.17365 -0.98481
vn 0.00137 0.05814 -0.99831
vn -0.00137 -0.05814 -0.99831
vn 0.00137 -0.17365 -0.98481
vn -0.00137 -0.2868 -0.95799
vn 0.00137 -0.39608 -0.91822
vn -0.00137 -0.5 -0.86602
vn 0.00137 -0.59716 -0.80212
vn -0.00137 -0.68624 -0.72737
vn 0.00137 -0.76604 -0.64279
vn -0.00137 -0.83549 -0.54951
vn 0.00137 -0.89363 -0.4488
vn -0.00137 -0.93969 -0.34202
vn 0.00137 -0.97304 -0.23062
vn 0.00137 -0.99324 0.11609
vn -0.00137 -1 0
vn 0.00137 -0.99324 -0.11609
vn -0.00137 -0.97304 -0.23062
vn 0.00137 -0.93969 -0.34202
vn -0.00137 -0.89363 -0.4488
vn 0.00137 -0.83549 -0.54951
vn -0.00137 -0.76604 -0.64279
vn 0.00137 -0.68624 -0.72737
vn -0.00137 -0.59716 -0.80212
vn 0.00137 -0.5 -0.86602
vn -0.00137 -0.39608 -0.91822
vn 0.00137 -0.2868 -0.95799
vn -0.00137 -0.17365 -0.98481
vn 0.00137 -0.05814 -0.99831
vn -0.00137 0.05814 -0.99831
vn 0.00137 0.17365 -0.98481
vn -0.00137 0.2868 -0.95799
vn 0.00137 0.39608 -0.91822
vn -0.00137 0.5 -0.86602
vn 0.00137 0.59716 -0.80212
vn -0.00137 0.68624 -0.72737
vn 0.00137 0.76604 -0.64279
vn -0.00137 0.83549 -0.54951
vn 0.00137 0.89363 -0.4488
vn -0.00137 0.93969 -0.34202
vn 0.00137 0.97304 -0.23062
vn -0.00137 0.99324 -0.11609
vn 0.00137 1 0
vn -0.00137 0.99324 0.11609
vn 0.00137 0.97304 0.23062
vn -0.00137 0.93969 0.34202
vn 0.00137 0.89363 0.4488
vn -0.00137 0.83549 0.54951
vn 0.00137 0.76604 0.64279
vn -0.00137 0.68624 0.72737
vn 0.00137 0.59716 0.80212
vn -0.00137 0.5 0.86602
vn 0.00137 0.39608 0.91822
vn -0.00137 0.2868 0.95799
vn 0.00137 0.17365 0.98481
vn -0.00137 0.05814 0.99831
vn 0.00137 -0.05814 0.99831
vn -0.00137 -0.17365 0.98481
vn 0.00137 -0.2868 0.95799
vn -0.00137 -0.39608 0.91822
vn 0.00137 -0.5 0.86602
vn -0.00137 -0.59716 0.80212
vn 0.00137 -0.68624 0.72737
vn -0.00137 -0.76604 0.64279
vn 0.00137 -0.83549 0.54951
vn -0.00137 -0.89363 0.4488
vn 0.00137 -0.93969 0.34202
vn -0.00137 -0.97304 0.23062
usemtl mat3
f 107//91 106//91 108//91
f 108//91 106//91 109//91
f 108//92 109//92 110//92
f 110//93 109//93 111//93
f 110//94 111//94 112//94
f 112//95 111//95 113//95
f 112//96 113//96 114//96
f 114//97 113//97 115//97
f 114//98 115//98 116//98
f 116//99 115//99 117//99
f 116//100 117//100 118//100
f 118//101 117//101 119//101
f 118//102 119//102 120//102
f 120//103 119//103 121//103
f 120//104 121//104 122//104
f 122//104 121//104 123//104
f 122//90 123//90 124//90
f 124//90 123//90 125//90
f 126//105 127//105 128//105
f 128//105 127//105 129//105
f 129//105 127//105 130//105
f 129//105 130//105 131//105
f 131//106 130//106 132//106
f 131//106 132//106 133//106
f 133//107 132//107 134//107
f 133//107 134//107 135//107
f 135//108 134//108 136//108
f 135//109 136//109 137//109
f 137//110 136//110 138//110
f 137//111 138//111 139//111
f 139//112 138//112 140//112
f 139//112 140//112 141//112
f 141//105 140//105 142//105
f 141//113 142//113 143//113
f 143//113 142//113 144//113
f 143//105 144//105 145//105
f 145//105 144//105 146//105
f 147//114 148//114 105//114
f 105//115 148//115 149//115
f 105//116 149//116 106//116
f 106//117 149//117 150//117
f 106//118 150//118 109//118
f 109//119 150//119 151//119
f 109//120 151//120 111//120
f 111//121 151//121 152//121
f 111//122 152//122 113//122
f 113//123 152//123 153//123
f 113//124 153//124 115//124
f 115//125 153//125 154//125
f 115//126 154//126 117//126
f 117//127 154//127 155//127
f 117//128 155//128 119//128
f 119//129 155//129 156//129
f 119//130 156//130 121//130
f 121//131 156//131 157//131
f 121//132 157//132 123//132
f 123//133 157//133 158//133
f 123//134 158//134 125//134
f 125//135 158//135 159//135
f 125//136 159//136 160//136
f 125//136 160//136 124//136
f 124//137 160//137 161//137
f 124//138 161//138 122//138
f 122//139 161//139 162//139
f 122//140 162//140 120//140
f 120//141 162//141 163//141
f 120//142 163//142 118//142
f 118//143 163//143 164//143
f 118//144 164//144 116//144
f 116//145 164//145 165//145
f 116//146 165//146 114//146
f 114//147 165//147 166//147
f 114//148 166//148 112//148
f 112//149 166//149 167//149
f 112//150 167//150 110//150
f 110//151 167//151 168//151
f 110//152 168//152 108//152
f 108//153 168//153 169//153
f 108//154 169//154 107//154
f 107//155 169//155 147//155
f 107//156 147//156 105//156
f 170//157 171//157 126//157
f 126//158 171//158 172//158
f 126//159 172//159 127//159
f 127//160 172//160 173//160
f 127//161 173//161 130//161
f 130//162 173//162 174//162
f 130//163 174//163 132//163
f 132//164 174//164 175//164
f 132//165 175//165 134//165
f 134//166 175//166 176//166
f 134//167 176//167 136//167
f 136//168 176//168 177//168
f 136//169 177//169 138//169
f 138//170 177//170 178//170
f 138//171 178//171 140//171
f 140//172 178//172 179//172
f 140//173 179//173 142//173
f 142//174 179//174 180//174
f 142//175 180//175 144//175
f 144//176 180//176 181//176
f 144//177 181//177 146//177
f 146//178 181//178 182//178
f 146//179 182//179 183//179
f 146//179 183//179 145//179
f 145//180 183//180 184//180
f 145//181 184//181 143//181
f 143//182 184//182 185//182
f 143//183 185//183 141//183
f 141//184 185//184 186//184
f 141//185 186//185 139//185
f 139//186 186//186 187//186
f 139//187 187//187 137//187
f 137//188 187//188 188//188
f 137//189 188//189 135//189
f 135//190 188//190 189//190
f 135//191 189//191 133//191
f 133//192 189//192 190//192
f 133//193 190//193 131//193
f 131//194 190//194 191//194
f 131//195 191//195 129//195
f 129//196 191//196 192//196
f 129//197 192//197 128//197
f 128//198 192//198 170//198
f 128//199 170//199 126//199
f 193//200 148//200 194//200
f 194//201 148//201 147//201
f 194//202 147//202 195//202
f 195//203 147//203 169//203
f 195//204 169//204 196//204
f 196//205 169//205 168//205
f 196//206 168//206 197//206
f 197//207 168//207 167//207
f 197//208 167//208 198//208
f 198//209 167//209 166//209
f 198//210 166//210 199//210
f 199//211 166//211 165//211
f 199//212 165//212 200//212
f 200//213 165//213 164//213
f 200//214 164//214 201//214
f 201//215 164//215 163//215
f 201//216 163//216 202//216
f 202//217 163//217 162//217
f 202//218 162//218 203//218
f 203//219 162//219 161//219
f 203//220 161//220 204//220
f 204//221 161//221 160//221
f 204//222 160//222 205//222
f 205//223 160//223 159//223
f 205//223 159//223 206//223
f 206//224 159//224 158//224
f 206//225 158//225 207//225
f 207//226 158//226 157//226
f 207//227 157//227 208//227
f 208//228 157//228 156//228
f 208//229 156//229 209//229
f 209//230 156//230 155//230
f 209//231 155//231 210//231
f 210//232 155//232 154//232
f 210//233 154//233 211//233
f 211//234 154//234 153//234
f 211//235 153//235 212//235
f 212//236 153//236 152//236
f 212//237 152//237 213//237
f 213//238 152//238 151//238
f 213//239 151//239 214//239
f 214//240 151//240 150//240
f 214//241 150//241 215//241
f 215//242 150//242 149//242
f 215//243 149//243 193//243
f 193//244 149//244 148//244
f 170//245 216//245 171//245
f 171//246 216//246 217//246
f 171//247 217//247 172//247
f 172//248 217//248 218//248
f 172//249 218//249 173//249
f 173//250 218//250 219//250
f 173//251 219//251 174//251
f 174//252 219//252 220//252
f 174//253 220//253 175//253
f 175//254 220//254 221//254
f 175//255 221//255 176//255
f 176//256 221//256 222//256
f 176//257 222//257 177//257
f 177//258 222//258 223//258
f 177//259 223//259 178//259
f 178//260 223//260 224//260
f 178//261 224//261 179//261
f 179//262 224//262 225//262
f 179//263 225//263 180//263
f 180//264 225//264 226//264
f 180//265 226//265 181//265
f 181//266 226//266 227//266
f 181//267 227//267 182//267
f 182//268 227//268 228//268
f 182//269 228//269 183//269
f 183//270 228//270 229//270
f 183//271 229//271 184//271
f 184//272 229//272 230//272
f 184//273 230//273 185//273
f 185//274 230//274 231//274
f 185//275 231//275 186//275
f 186//276 231//276 232//276
f 186//277 232//277 187//277
f 187//278 232//278 233//278
f 187//279 233//279 188//279
f 188//280 233//280 234//280
f 188//281 234//281 189//281
f 189//282 234//282 235//282
f 189//283 235//283 190//283
f 190//284 235//284 236//284
f 190//285 236//285 191//285
f 191//286 236//286 237//286
f 191//287 237//287 192//287
f 192//288 237//288 238//288
f 192//289 238//289 170//289
f 170//290 238//290 216//290
usemtl mat1
f 1//1 2//1 3//1
usemtl mat2
f 3//2 2//2 4//2
f 3//3 4//3 5//3
f 5//4 4//4 6//4
f 5//5 6//5 7//5
f 7//5 6//5 8//5
f 7//6 8//6 9//6
f 9//6 8//6 10//6
f 9//7 10//7 11//7
f 11//7 10//7 12//7
f 11//8 12//8 13//8
f 13//8 12//8 14//8
f 13//9 14//9 15//9
f 15//10 14//10 16//10
f 15//11 16//11 17//11
f 17//11 16//11 18//11
f 17//12 18//12 19//12
f 19//12 18//12 20//12
f 19//13 20//13 21//13
f 21//13 20//13 22//13
f 21//14 22//14 23//14
f 23//14 22//14 24//14
f 23//15 24//15 25//15
f 25//15 24//15 26//15
f 25//16 26//16 27//16
f 27//16 26//16 28//16
f 27//17 28//17 29//17
f 29//17 28//17 30//17
f 29//18 30//18 31//18
f 31//18 30//18 32//18
f 31//19 32//19 33//19
f 33//19 32//19 34//19
f 33//20 34//20 35//20
f 35//20 34//20 36//20
f 35//21 36//21 37//21
f 37//21 36//21 38//21
f 37//22 38//22 39//22
f 39//22 38//22 40//22
f 39//23 40//23 41//23
f 41//23 40//23 42//23
f 41//24 42//24 43//24
f 43//24 42//24 44//24
f 43//25 44//25 45//25
f 45//26 44//26 46//26
f 45//27 46//27 47//27
f 47//27 46//27 48//27
f 47//28 48//28 49//28
f 49//28 48//28 50//28
f 49//29 50//29 51//29
f 51//29 50//29 52//29
f 51//30 52//30 1//30
f 1//30 52//30 2//30
f 5//31 27//31 3//31
f 3//32 27//32 29//32
f 3//33 29//33 1//33
f 1//34 29//34 31//34
f 1//35 31//35 51//35
f 51//36 31//36 33//36
f 51//37 33//37 49//37
f 49//38 33//38 35//38
f 49//39 35//39 47//39
f 47//40 35//40 37//40
f 47//41 37//41 45//41
f 45//42 37//42 39//42
f 45//43 39//43 43//43
f 43//44 39//44 41//44
f 27//45 5//45 25//45
f 25//46 5//46 7//46
f 25//37 7//37 23//37
f 23//38 7//38 9//38
f 23//47 9//47 21//47
f 21//48 9//48 11//48
f 21//49 11//49 19//49
f 19//50 11//50 13//50
f 19//51 13//51 17//51
f 17//52 13//52 15//52
f 53//53 54//53 55//53
f 55//54 54//54 56//54
f 55//55 56//55 57//55
f 57//56 56//56 58//56
f 57//57 58//57 59//57
f 59//58 58//58 60//58
f 59//59 60//59 61//59
f 61//29 60//29 62//29
f 61//28 62//28 63//28
f 63//28 62//28 64//28
f 63//27 64//27 65//27
f 65//27 64//27 66//27
f 65//26 66//26 67//26
f 67//26 66//26 68//26
f 67//24 68//24 69//24
f 69//24 68//24 70//24
f 69//60 70//60 71//60
f 71//23 70//23 72//23
f 71//22 72//22 73//22
f 73//22 72//22 74//22
f 73//21 74//21 75//21
f 75//21 74//21 76//21
f 75//20 76//20 77//20
f 77//61 76//61 78//61
f 77//62 78//62 79//62
f 79//63 78//63 80//63
f 79//64 80//64 81//64
f 81//64 80//64 82//64
f 81//65 82//65 83//65
f 83//65 82//65 84//65
f 83//66 84//66 85//66
f 85//67 84//67 86//67
f 85//68 86//68 87//68
f 87//15 86//15 88//15
f 87//14 88//14 89//14
f 89//14 88//14 90//14
f 89//13 90//13 91//13
f 91//13 90//13 92//13
f 91//12 92//12 93//12
f 93//69 92//69 94//69
f 93//11 94//11 95//11
f 95//11 94//11 96//11
f 95//9 96//9 97//9
f 97//9 96//9 98//9
f 97//8 98//8 99//8
f 99//8 98//8 100//8
f 99//7 100//7 101//7
f 101//7 100//7 102//7
f 101//6 102//6 103//6
f 103//70 102//70 104//70
f 103//71 104//71 53//71
f 53//72 104//72 54//72
f 57//73 79//73 55//73
f 55//74 79//74 81//74
f 55//74 81//74 53//74
f 53//73 81//73 83//73
f 53//75 83//75 103//75
f 103//76 83//76 85//76
f 103//77 85//77 101//77
f 101//78 85//78 87//78
f 101//79 87//79 99//79
f 99//80 87//80 89//80
f 99//81 89//81 97//81
f 97//82 89//82 91//82
f 97//83 91//83 95//83
f 95//84 91//84 93//84
f 79//85 57//85 77//85
f 77//86 57//86 59//86
f 77//77 59//77 75//77
f 75//87 59//87 61//87
f 75//88 61//88 73//88
f 73//80 61//80 63//80
f 73//81 63//81 71//81
f 71//82 63//82 65//82
f 71//83 65//83 69//83
f 69//89 65//89 67//89
f 105//90 106//90 107//90
f 239//291 240//291 241//291
f 241//291 240//291 242//291
f 241//292 242//292 243//292
f 243//293 242//293 244//293
f 243//294 244//294 245//294
f 245//295 244//295 246//295
f 245//296 246//296 247//296
f 247//297 246//297 248//297
f 248//298 246//298 249//298
f 248//299 249//299 250//299
f 250//300 249//300 251//300
f 250//301 251//301 252//301
f 252//302 251//302 253//302
f 252//303 253//303 254//303
f 254//304 253//304 255//304
f 254//305 255//305 256//305
f 242//306 240//306 257//306
f 257//306 240//306 258//306
f 257//307 258//307 259//307
f 259//307 258//307 260//307
f 259//308 260//308 261//308
f 261//308 260//308 262//308
f 261//309 262//309 263//309
f 261//309 263//309 264//309
f 264//310 263//310 265//310
f 264//310 265//310 253//310
f 253//304 265//304 255//304
f 256//305 266//305 254//305
f 254//311 266//311 267//311
f 254//303 267//303 252//303
f 252//312 267//312 268//312
f 252//301 268//301 250//301
f 250//313 268//313 269//313
f 250//314 269//314 248//314
f 266//311 270//311 267//311
f 267//315 270//315 271//315
f 267//312 271//312 268//312
f 268//316 271//316 272//316
f 268//317 272//317 269//317
f 270//315 273//315 271//315
f 271//318 273//318 274//318
f 271//319 274//319 272//319
f 273//320 275//320 274//320
f 247//321 276//321 245//321
f 245//322 276//322 277//322
f 245//294 277//294 243//294
f 243//323 277//323 278//323
f 243//292 278//292 241//292
f 276//324 279//324 277//324
f 277//325 279//325 280//325
f 277//323 280//323 278//323
f 279//326 281//326 280//326
f 244//293 242//293 257//293
f 244//327 257//327 282//327
f 282//327 257//327 259//327
f 282//328 259//328 261//328
f 249//329 246//329 282//329
f 282//295 246//295 244//295
f 249//329 282//329 283//329
f 283//328 282//328 261//328
f 283//330 261//330 264//330
f 251//300 249//300 283//300
f 251//330 283//330 264//330
f 253//302 251//302 264//302
f 275//331 273//331 284//331
f 284//332 273//332 285//332
f 284//333 285//333 286//333
f 286//334 285//334 287//334
f 286//335 287//335 288//335
f 288//336 287//336 289//336
f 288//337 289//337 290//337
f 290//338 289//338 291//338
f 290//339 291//339 292//339
f 292//340 291//340 293//340
f 292//341 293//341 294//341
f 294//341 293//341 295//341
f 294//342 295//342 296//342
f 296//342 295//342 297//342
f 296//343 297//343 298//343
f 298//344 297//344 299//344
f 299//344 297//344 300//344
f 299//345 300//345 301//345
f 301//346 300//346 302//346
f 301//346 302//346 303//346
f 303//347 302//347 304//347
f 303//347 304//347 305//347
f 305//348 304//348 306//348
f 305//348 306//348 307//348
f 307//349 306//349 308//349
f 308//349 306//349 309//349
f 308//350 309//350 310//350
f 310//350 309//350 311//350
f 310//351 311//351 312//351
f 312//351 311//351 313//351
f 312//352 313//352 256//352
f 256//352 313//352 266//352
f 266//353 313//353 314//353
f 266//353 314//353 270//353
f 270//354 314//354 285//354
f 270//354 285//354 273//354
f 301//345 315//345 299//345
f 298//343 316//343 296//343
f 296//355 316//355 317//355
f 296//356 317//356 318//356
f 316//357 319//357 317//357
f 296//358 318//358 294//358
f 294//359 318//359 320//359
f 294//360 320//360 292//360
f 292//361 320//361 290//361
f 287//362 285//362 314//362
f 314//363 313//363 321//363
f 321//363 313//363 311//363
f 321//364 311//364 322//364
f 322//364 311//364 309//364
f 322//365 309//365 323//365
f 323//365 309//365 306//365
f 323//366 306//366 304//366
f 289//367 287//367 321//367
f 321//362 287//362 314//362
f 289//367 321//367 322//367
f 291//368 289//368 322//368
f 291//368 322//368 323//368
f 293//340 291//340 323//340
f 293//366 323//366 304//366
f 295//369 293//369 304//369
f 297//370 295//370 302//370
f 302//369 295//369 304//369
f 300//370 297//370 302//370
f 324//371 319//371 325//371
f 325//372 319//372 316//372
f 325//373 316//373 326//373
f 326//374 316//374 298//374
f 326//375 298//375 299//375
f 326//376 299//376 327//376
f 327//377 299//377 315//377
f 327//378 315//378 328//378
f 329//379 205//379 330//379
f 330//380 205//380 206//380
f 330//381 206//381 331//381
f 331//382 206//382 207//382
f 331//383 207//383 332//383
f 332//384 207//384 208//384
f 332//385 208//385 333//385
f 333//386 208//386 209//386
f 333//387 209//387 334//387
f 334//388 209//388 210//388
f 334//389 210//389 335//389
f 335//390 210//390 211//390
f 335//391 211//391 336//391
f 336//392 211//392 212//392
f 336//393 212//393 337//393
f 337//394 212//394 213//394
f 337//395 213//395 338//395
f 338//396 213//396 214//396
f 338//397 214//397 339//397
f 339//398 214//398 215//398
f 339//399 215//399 340//399
f 340//400 215//400 193//400
f 340//401 193//401 341//401
f 341//402 193//402 194//402
f 341//403 194//403 342//403
f 342//404 194//404 343//404
f 343//405 194//405 195//405
f 343//406 195//406 344//406
f 344//407 195//407 196//407
f 344//408 196//408 345//408
f 345//409 196//409 197//409
f 345//410 197//410 346//410
f 346//411 197//411 198//411
f 346//412 198//412 347//412
f 347//413 198//413 199//413
f 347//414 199//414 348//414
f 348//415 199//415 200//415
f 348//416 200//416 349//416
f 349//417 200//417 201//417
f 349//418 201//418 350//418
f 350//419 201//419 202//419
f 350//420 202//420 351//420
f 351//421 202//421 203//421
f 351//422 203//422 352//422
f 352//423 203//423 204//423
f 352//424 204//424 329//424
f 329//425 204//425 205//425
f 353//426 239//426 354//426
f 354//427 239//427 241//427
f 354//428 241//428 278//428
f 354//429 278//429 355//429
f 355//430 278//430 280//430
f 355//431 280//431 356//431
f 356//432 280//432 281//432
f 356//433 281//433 357//433
f 358//434 312//434 359//434
f 359//435 312//435 256//435
f 359//436 256//436 360//436
f 360//437 256//437 255//437
f 360//438 255//438 361//438
f 361//439 255//439 265//439
f 361//440 265//440 362//440
f 362//441 265//441 263//441
f 362//442 263//442 363//442
f 363//443 263//443 262//443
f 363//444 262//444 364//444
f 364//445 262//445 260//445
f 364//446 260//446 365//446
f 365//447 260//447 258//447
f 365//448 258//448 366//448
f 366//449 258//449 240//449
f 366//450 240//450 367//450
f 367//451 240//451 239//451
f 312//452 358//452 310//452
f 310//453 358//453 368//453
f 310//454 368//454 308//454
f 308//455 368//455 369//455
f 308//456 369//456 307//456
f 307//457 369//457 370//457
f 307//458 370//458 305//458
f 305//459 370//459 371//459
f 305//460 371//460 303//460
f 303//461 371//461 372//461
f 303//462 372//462 301//462
f 301//463 372//463 373//463
f 301//464 373//464 315//464
f 315//465 373//465 374//465
f 375//466 376//466 377//466
f 377//467 376//467 378//467
f 377//468 378//468 379//468
f 379//469 378//469 380//469
f 379//470 380//470 381//470
f 379//471 381//471 382//471
f 382//472 381//472 367//472
f 382//473 367//473 383//473
f 378//474 376//474 384//474
f 384//474 376//474 385//474
f 384//475 385//475 386//475
f 386//475 385//475 387//475
f 386//476 387//476 388//476
f 388//476 387//476 389//476
f 388//477 389//477 390//477
f 390//477 389//477 391//477
f 390//478 391//478 392//478
f 392//478 391//478 393//478
f 392//479 393//479 394//479
f 392//479 394//479 395//479
f 395//480 394//480 396//480
f 395//480 396//480 397//480
f 397//481 396//481 398//481
f 397//482 398//482 399//482
f 399//482 398//482 400//482
f 399//483 400//483 401//483
f 396//481 402//481 398//481
f 399//483 401//483 403//483
f 403//484 401//484 359//484
f 403//484 359//484 360//484
f 403//485 360//485 404//485
f 404//485 360//485 361//485
f 404//486 361//486 405//486
f 405//486 361//486 362//486
f 405//487 362//487 406//487
f 406//487 362//487 363//487
f 406//488 363//488 407//488
f 407//488 363//488 364//488
f 407//489 364//489 408//489
f 408//489 364//489 365//489
f 408//490 365//490 366//490
f 367//491 381//491 366//491
f 366//491 381//491 409//491
f 366//490 409//490 408//490
f 408//492 409//492 410//492
f 408//492 410//492 411//492
f 411//493 410//493 384//493
f 411//493 384//493 386//493
f 381//494 380//494 409//494
f 409//494 380//494 410//494
f 380//495 378//495 410//495
f 410//495 378//495 384//495
f 407//496 408//496 411//496
f 411//497 386//497 412//497
f 412//497 386//497 388//497
f 412//498 388//498 413//498
f 413//498 388//498 390//498
f 413//499 390//499 414//499
f 414//499 390//499 392//499
f 414//500 392//500 415//500
f 415//500 392//500 395//500
f 415//501 395//501 399//501
f 399//501 395//501 397//501
f 406//502 407//502 412//502
f 412//496 407//496 411//496
f 406//502 412//502 413//502
f 405//503 406//503 413//503
f 405//503 413//503 414//503
f 404//504 405//504 414//504
f 404//504 414//504 415//504
f 403//505 404//505 415//505
f 403//505 415//505 399//505
f 358//506 359//506 416//506
f 416//506 359//506 401//506
f 416//507 401//507 417//507
f 417//507 401//507 400//507
f 417//508 400//508 418//508
f 418//508 400//508 398//508
f 418//509 398//509 419//509
f 419//509 398//509 402//509
f 418//510 419//510 420//510
f 420//510 419//510 421//510
f 420//511 421//511 422//511
f 422//511 421//511 423//511
f 422//512 423//512 424//512
f 424//512 423//512 425//512
f 424//513 425//513 426//513
f 426//513 425//513 427//513
f 426//514 427//514 428//514
f 426//514 428//514 429//514
f 429//515 428//515 430//515
f 429//515 430//515 431//515
f 431//516 430//516 432//516
f 431//516 432//516 433//516
f 431//517 433//517 434//517
f 434//517 433//517 435//517
f 434//518 435//518 436//518
f 436//518 435//518 437//518
f 436//519 437//519 373//519
f 373//519 437//519 374//519
f 436//520 373//520 438//520
f 438//520 373//520 372//520
f 438//521 372//521 439//521
f 439//521 372//521 371//521
f 439//522 371//522 440//522
f 440//522 371//522 370//522
f 440//523 370//523 441//523
f 441//523 370//523 369//523
f 441//524 369//524 368//524
f 441//524 368//524 442//524
f 442//525 368//525 358//525
f 442//525 358//525 416//525
f 442//526 416//526 417//526
f 417//527 418//527 443//527
f 443//527 418//527 420//527
f 443//528 420//528 444//528
f 444//528 420//528 422//528
f 444//529 422//529 445//529
f 445//529 422//529 424//529
f 445//530 424//530 446//530
f 446//530 424//530 426//530
f 446//531 426//531 447//531
f 447//531 426//531 429//531
f 447//532 429//532 434//532
f 434//532 429//532 431//532
f 441//533 442//533 443//533
f 443//526 442//526 417//526
f 441//533 443//533 444//533
f 440//534 441//534 444//534
f 440//534 444//534 445//534
f 439//535 440//535 445//535
f 439//535 445//535 446//535
f 438//536 439//536 446//536
f 438//536 446//536 447//536
f 436//537 438//537 447//537
f 436//537 447//537 434//537
f 448//538 374//538 449//538
f 449//539 374//539 437//539
f 449//540 437//540 450//540
f 450//541 437//541 435//541
f 450//542 435//542 433//542
f 450//543 433//543 451//543
f 451//544 433//544 432//544
f 451//545 432//545 452//545
f 453//546 454//546 228//546
f 228//547 454//547 455//547
f 228//548 455//548 229//548
f 229//549 455//549 456//549
f 229//550 456//550 230//550
f 230//551 456//551 457//551
f 230//552 457//552 231//552
f 231//553 457//553 458//553
f 231//554 458//554 232//554
f 232//555 458//555 459//555
f 232//556 459//556 233//556
f 233//557 459//557 460//557
f 233//558 460//558 234//558
f 234//559 460//559 461//559
f 234//560 461//560 235//560
f 235//561 461//561 462//561
f 235//562 462//562 236//562
f 236//563 462//563 463//563
f 236//564 463//564 237//564
f 237//565 463//565 464//565
f 237//566 464//566 238//566
f 238//567 464//567 465//567
f 238//568 465//568 216//568
f 216//569 465//569 466//569
f 216//570 466//570 217//570
f 217//571 466//571 467//571
f 217//572 467//572 218//572
f 218//573 467//573 468//573
f 218//574 468//574 219//574
f 219//575 468//575 469//575
f 219//576 469//576 220//576
f 220//577 469//577 470//577
f 220//578 470//578 221//578
f 221//579 470//579 471//579
f 221//580 471//580 222//580
f 222//581 471//581 472//581
f 222//582 472//582 223//582
f 223//583 472//583 473//583
f 223//584 473//584 224//584
f 224//585 473//585 474//585
f 224//586 474//586 225//586
f 225//587 474//587 475//587
f 225//588 475//588 226//588
f 226//589 475//589 476//589
f 226//590 476//590 227//590
f 227//591 476//591 453//591
f 227//592 453//592 228//592
f 328//593 315//593 448//593
f 448//594 315//594 374//594
f 357//595 342//595 324//595
f 324//596 342//596 343//596
f 324//597 343//597 344//597
f 281//598 338//598 357//598
f 357//599 338//599 339//599
f 357//600 339//600 340//600
f 279//601 336//601 281//601
f 281//602 336//602 337//602
f 281//603 337//603 338//603
f 336//604 279//604 335//604
f 335//605 279//605 276//605
f 335//606 276//606 334//606
f 334//607 276//607 247//607
f 334//608 247//608 248//608
f 334//609 248//609 333//609
f 333//610 248//610 269//610
f 333//611 269//611 332//611
f 332//612 269//612 272//612
f 332//613 272//613 331//613
f 331//614 272//614 274//614
f 331//615 274//615 330//615
f 330//616 274//616 275//616
f 330//617 275//617 284//617
f 330//618 284//618 329//618
f 329//619 284//619 286//619
f 329//620 286//620 352//620
f 352//621 286//621 288//621
f 352//622 288//622 351//622
f 351//623 288//623 290//623
f 351//624 290//624 350//624
f 350//625 290//625 320//625
f 350//626 320//626 318//626
f 350//627 318//627 349//627
f 349//628 318//628 317//628
f 349//629 317//629 348//629
f 348//630 317//630 319//630
f 348//631 319//631 347//631
f 347//632 319//632 346//632
f 346//633 319//633 324//633
f 346//634 324//634 345//634
f 345//635 324//635 344//635
f 340//636 341//636 357//636
f 357//637 341//637 342//637
f 367//638 239//638 383//638
f 383//639 239//639 353//639
f 432//640 458//640 452//640
f 452//641 458//641 457//641
f 452//642 457//642 456//642
f 430//643 460//643 432//643
f 432//644 460//644 459//644
f 432//645 459//645 458//645
f 460//646 430//646 461//646
f 461//647 430//647 428//647
f 461//648 428//648 462//648
f 462//649 428//649 427//649
f 462//650 427//650 425//650
f 462//651 425//651 463//651
f 463//652 425//652 423//652
f 463//653 423//653 464//653
f 464//654 423//654 421//654
f 464//655 421//655 465//655
f 465//656 421//656 419//656
f 465//657 419//657 466//657
f 466//658 419//658 402//658
f 466//659 402//659 396//659
f 466//660 396//660 467//660
f 467//661 396//661 394//661
f 467//662 394//662 468//662
f 468//663 394//663 393//663
f 468//664 393//664 469//664
f 469//665 393//665 391//665
f 469//666 391//666 470//666
f 470//667 391//667 389//667
f 470//668 389//668 387//668
f 470//669 387//669 471//669
f 471//670 387//670 385//670
f 471//671 385//671 472//671
f 472//672 385//672 376//672
f 472//673 376//673 473//673
f 473//674 376//674 474//674
f 474//675 376//675 375//675
f 474//676 375//676 475//676
f 475//677 375//677 476//677
f 476//678 375//678 453//678
f 453//679 375//679 454//679
f 454//680 375//680 452//680
f 454//681 452//681 455//681
f 455//682 452//682 456//682
f 477//683 478//683 479//683
f 479//684 478//684 480//684
f 480//685 478//685 481//685
f 481//686 478//686 482//686
f 481//687 482//687 483//687
f 483//688 482//688 484//688
f 483//689 484//689 448//689
f 448//690 484//690 328//690
f 485//691 486//691 487//691
f 487//692 486//692 488//692
f 487//693 488//693 489//693
f 489//694 488//694 490//694
f 489//695 490//695 357//695
f 357//696 324//696 489//696
f 489//697 324//697 491//697
f 489//698 491//698 487//698
f 487//699 491//699 492//699
f 487//700 492//700 485//700
f 493//701 494//701 495//701
f 495//702 494//702 496//702
f 496//703 494//703 497//703
f 497//704 494//704 498//704
f 497//705 498//705 499//705
f 499//706 498//706 500//706
f 499//707 500//707 353//707
f 353//708 500//708 383//708
f 452//709 375//709 501//709
f 501//710 375//710 502//710
f 501//711 502//711 503//711
f 503//712 502//712 504//712
f 503//713 504//713 505//713
f 505//714 506//714 503//714
f 503//715 506//715 507//715
f 503//716 507//716 501//716
f 501//717 507//717 508//717
f 501//718 508//718 452//718
f 509//719 510//719 511//719
f 511//720 510//720 512//720
f 511//721 512//721 513//721
f 510//722 509//722 514//722
f 514//723 509//723 515//723
f 514//724 515//724 516//724
f 516//725 515//725 517//725
f 516//726 517//726 518//726
f 518//727 519//727 516//727
f 516//728 519//728 520//728
f 513//729 521//729 511//729
f 522//730 480//730 523//730
f 523//731 480//731 481//731
f 523//732 481//732 524//732
f 524//733 481//733 525//733
f 524//734 525//734 526//734
f 526//734 525//734 527//734
f 526//735 527//735 528//735
f 528//735 527//735 529//735
f 528//736 529//736 530//736
f 530//736 529//736 531//736
f 530//737 531//737 532//737
f 532//737 531//737 533//737
f 532//738 533//738 534//738
f 534//739 533//739 535//739
f 534//740 535//740 536//740
f 536//741 535//741 537//741
f 536//742 537//742 538//742
f 538//742 537//742 539//742
f 538//743 539//743 508//743
f 508//744 539//744 452//744
f 452//745 539//745 451//745
f 451//746 539//746 537//746
f 451//747 537//747 450//747
f 450//748 537//748 535//748
f 450//749 535//749 540//749
f 540//750 535//750 533//750
f 540//751 533//751 541//751
f 541//751 533//751 531//751
f 541//752 531//752 542//752
f 542//752 531//752 529//752
f 542//753 529//753 543//753
f 543//753 529//753 527//753
f 543//754 527//754 544//754
f 544//754 527//754 525//754
f 544//755 525//755 483//755
f 483//756 525//756 481//756
f 483//757 448//757 544//757
f 544//758 448//758 449//758
f 544//759 449//759 543//759
f 543//760 449//760 542//760
f 450//761 540//761 449//761
f 449//762 540//762 541//762
f 449//763 541//763 542//763
f 508//764 507//764 538//764
f 538//765 507//765 545//765
f 538//766 545//766 536//766
f 536//766 545//766 546//766
f 536//767 546//767 534//767
f 534//768 546//768 547//768
f 534//769 547//769 532//769
f 532//770 547//770 548//770
f 532//771 548//771 530//771
f 530//771 548//771 549//771
f 530//772 549//772 528//772
f 528//772 549//772 550//772
f 528//773 550//773 526//773
f 526//773 550//773 551//773
f 526//774 551//774 524//774
f 524//774 551//774 523//774
f 545//775 507//775 552//775
f 552//776 507//776 506//776
f 552//777 506//777 553//777
f 553//778 554//778 552//778
f 552//779 554//779 555//779
f 552//780 555//780 546//780
f 546//781 555//781 556//781
f 546//782 556//782 547//782
f 547//783 556//783 548//783
f 554//784 557//784 555//784
f 555//785 557//785 556//785
f 557//786 558//786 556//786
f 556//787 558//787 548//787
f 558//788 559//788 548//788
f 548//789 559//789 549//789
f 549//790 559//790 550//790
f 550//791 559//791 522//791
f 550//792 522//792 551//792
f 551//793 522//793 523//793
f 552//780 546//780 545//780
f 477//794 479//794 560//794
f 560//795 479//795 561//795
f 560//796 561//796 562//796
f 563//797 564//797 565//797
f 565//798 564//798 566//798
f 565//799 566//799 567//799
f 567//800 566//800 568//800
f 567//801 568//801 569//801
f 569//802 568//802 570//802
f 569//803 570//803 571//803
f 571//804 570//804 478//804
f 478//805 570//805 482//805
f 482//806 570//806 572//806
f 482//807 572//807 573//807
f 573//808 572//808 574//808
f 573//809 574//809 575//809
f 575//810 574//810 576//810
f 575//811 576//811 326//811
f 326//812 576//812 577//812
f 326//813 577//813 325//813
f 325//814 577//814 578//814
f 325//815 578//815 579//815
f 579//816 578//816 580//816
f 579//816 580//816 581//816
f 581//817 580//817 582//817
f 581//817 582//817 583//817
f 583//818 582//818 584//818
f 583//818 584//818 585//818
f 585//819 584//819 586//819
f 585//820 586//820 587//820
f 587//821 586//821 588//821
f 587//822 588//822 589//822
f 589//823 588//823 492//823
f 589//824 492//824 590//824
f 590//825 492//825 491//825
f 590//826 491//826 591//826
f 591//827 491//827 324//827
f 591//828 324//828 325//828
f 564//829 563//829 584//829
f 584//830 563//830 586//830
f 586//831 485//831 588//831
f 588//832 485//832 492//832
f 326//833 327//833 575//833
f 575//834 327//834 592//834
f 575//809 592//809 573//809
f 573//835 592//835 484//835
f 573//836 484//836 482//836
f 327//837 328//837 592//837
f 592//838 328//838 484//838
f 564//839 593//839 566//839
f 566//840 593//840 594//840
f 566//841 594//841 568//841
f 568//842 594//842 595//842
f 568//843 595//843 570//843
f 570//843 595//843 572//843
f 593//844 596//844 594//844
f 594//845 596//845 597//845
f 594//846 597//846 595//846
f 595//847 597//847 574//847
f 595//808 574//808 572//808
f 584//848 582//848 564//848
f 564//848 582//848 593//848
f 596//849 577//849 597//849
f 597//850 577//850 576//850
f 597//851 576//851 574//851
f 582//852 580//852 593//852
f 593//852 580//852 596//852
f 580//853 578//853 596//853
f 596//853 578//853 577//853
f 325//854 579//854 598//854
f 598//855 579//855 581//855
f 598//855 581//855 599//855
f 599//856 581//856 583//856
f 599//856 583//856 600//856
f 600//857 583//857 585//857
f 600//857 585//857 587//857
f 587//822 589//822 600//822
f 600//858 589//858 590//858
f 600//858 590//858 599//858
f 599//859 590//859 591//859
f 599//859 591//859 598//859
f 598//860 591//860 325//860
f 601//861 602//861 603//861
f 603//861 602//861 604//861
f 603//861 604//861 605//861
f 605//861 604//861 606//861
f 605//861 606//861 607//861
f 607//862 606//862 608//862
f 607//863 608//863 609//863
f 609//864 608//864 610//864
f 609//865 610//865 486//865
f 486//866 610//866 611//866
f 611//867 610//867 612//867
f 612//868 610//868 613//868
f 609//869 486//869 614//869
f 614//861 486//861 485//861
f 614//861 485//861 586//861
f 586//861 563//861 614//861
f 614//861 563//861 565//861
f 615//870 496//870 616//870
f 616//871 496//871 497//871
f 616//872 497//872 617//872
f 617//873 497//873 618//873
f 617//874 618//874 619//874
f 619//874 618//874 620//874
f 619//875 620//875 621//875
f 621//875 620//875 622//875
f 621//876 622//876 623//876
f 623//876 622//876 624//876
f 623//877 624//877 625//877
f 625//877 624//877 626//877
f 625//878 626//878 627//878
f 627//879 626//879 628//879
f 627//880 628//880 629//880
f 629//881 628//881 630//881
f 629//882 630//882 631//882
f 631//883 630//883 356//883
f 631//884 356//884 357//884
f 497//885 499//885 618//885
f 618//886 499//886 632//886
f 618//887 632//887 620//887
f 620//887 632//887 633//887
f 620//888 633//888 622//888
f 622//888 633//888 634//888
f 622//889 634//889 624//889
f 624//889 634//889 635//889
f 624//890 635//890 626//890
f 626//890 635//890 636//890
f 626//891 636//891 628//891
f 628//892 636//892 355//892
f 628//893 355//893 630//893
f 630//894 355//894 356//894
f 499//895 353//895 632//895
f 632//896 353//896 354//896
f 632//897 354//897 633//897
f 633//898 354//898 634//898
f 355//899 636//899 354//899
f 354//900 636//900 635//900
f 354//901 635//901 634//901
f 357//902 490//902 631//902
f 631//903 490//903 637//903
f 631//904 637//904 629//904
f 629//905 637//905 638//905
f 629//906 638//906 627//906
f 627//907 638//907 639//907
f 627//908 639//908 625//908
f 625//909 639//909 640//909
f 625//910 640//910 623//910
f 623//910 640//910 641//910
f 623//911 641//911 621//911
f 621//911 641//911 642//911
f 621//912 642//912 619//912
f 619//912 642//912 643//912
f 619//913 643//913 617//913
f 617//913 643//913 616//913
f 490//914 488//914 637//914
f 637//915 488//915 644//915
f 637//916 644//916 638//916
f 638//917 644//917 645//917
f 638//918 645//918 646//918
f 646//919 645//919 611//919
f 646//920 611//920 612//920
f 644//921 488//921 645//921
f 645//922 488//922 486//922
f 645//923 486//923 611//923
f 646//924 612//924 647//924
f 647//925 612//925 613//925
f 647//926 613//926 648//926
f 647//927 648//927 640//927
f 640//928 648//928 649//928
f 640//929 649//929 641//929
f 641//930 649//930 642//930
f 649//931 615//931 642//931
f 642//932 615//932 643//932
f 643//933 615//933 616//933
f 647//934 640//934 639//934
f 647//935 639//935 646//935
f 646//936 639//936 638//936
f 493//937 495//937 650//937
f 650//938 495//938 651//938
f 650//796 651//796 652//796
f 653//939 654//939 655//939
f 655//940 654//940 656//940
f 655//941 656//941 657//941
f 657//942 656//942 658//942
f 657//943 658//943 659//943
f 659//944 658//944 660//944
f 659//945 660//945 661//945
f 661//946 660//946 494//946
f 494//947 660//947 498//947
f 498//948 660//948 662//948
f 498//949 662//949 663//949
f 663//950 662//950 664//950
f 663//951 664//951 665//951
f 665//952 664//952 666//952
f 665//953 666//953 379//953
f 379//954 666//954 667//954
f 379//955 667//955 377//955
f 377//956 667//956 668//956
f 377//957 668//957 669//957
f 669//958 668//958 670//958
f 669//958 670//958 671//958
f 671//959 670//959 672//959
f 671//959 672//959 673//959
f 673//960 672//960 674//960
f 673//960 674//960 675//960
f 675//961 674//961 676//961
f 675//962 676//962 677//962
f 677//963 676//963 678//963
f 677//964 678//964 679//964
f 679//965 678//965 504//965
f 679//966 504//966 680//966
f 680//967 504//967 502//967
f 680//968 502//968 681//968
f 681//969 502//969 375//969
f 681//970 375//970 377//970
f 654//971 653//971 674//971
f 674//972 653//972 676//972
f 676//973 505//973 678//973
f 678//974 505//974 504//974
f 379//975 382//975 665//975
f 665//976 382//976 682//976
f 665//951 682//951 663//951
f 663//977 682//977 500//977
f 663//978 500//978 498//978
f 382//979 383//979 682//979
f 682//980 383//980 500//980
f 654//981 683//981 656//981
f 656//982 683//982 684//982
f 656//983 684//983 658//983
f 658//984 684//984 685//984
f 658//985 685//985 660//985
f 660//985 685//985 662//985
f 683//986 686//986 684//986
f 684//987 686//987 687//987
f 684//988 687//988 685//988
f 685//989 687//989 664//989
f 685//950 664//950 662//950
f 674//990 672//990 654//990
f 654//990 672//990 683//990
f 686//991 667//991 687//991
f 687//992 667//992 666//992
f 687//993 666//993 664//993
f 672//994 670//994 683//994
f 683//994 670//994 686//994
f 670//995 668//995 686//995
f 686//995 668//995 667//995
f 377//996 669//996 688//996
f 688//997 669//997 671//997
f 688//997 671//997 689//997
f 689//998 671//998 673//998
f 689//998 673//998 690//998
f 690//999 673//999 675//999
f 690//999 675//999 677//999
f 677//964 679//964 690//964
f 690//1000 679//1000 680//1000
f 690//1000 680//1000 689//1000
f 689//1001 680//1001 681//1001
f 689//1001 681//1001 688//1001
f 688//1002 681//1002 377//1002
f 557//1003 554//1003 691//1003
f 691//1004 554//1004 553//1004
f 691//1005 553//1005 506//1005
f 506//1006 505//1006 691//1006
f 691//1007 505//1007 692//1007
f 692//1008 505//1008 693//1008
f 692//1009 693//1009 694//1009
f 505//1010 676//1010 693//1010
f 693//1011 676//1011 653//1011
f 693//1012 653//1012 655//1012
f 692//861 694//861 695//861
f 695//861 694//861 696//861
f 695//861 696//861 697//861
f 697//861 696//861 698//861
f 697//861 698//861 699//861
f 699//1013 698//1013 700//1013
f 699//1014 700//1014 701//1014
f 702//1015 512//1015 703//1015
f 703//1016 512//1016 510//1016
f 703//1017 510//1017 704//1017
f 704//1018 510//1018 514//1018
f 704//1019 514//1019 705//1019
f 705//1020 514//1020 516//1020
f 705//1021 516//1021 706//1021
f 706//1022 516//1022 520//1022
f 707//1023 708//1023 709//1023
f 709//1024 708//1024 710//1024
f 709//1025 710//1025 711//1025
f 711//1026 710//1026 712//1026
f 711//1027 712//1027 713//1027
f 713//1028 712//1028 480//1028
f 713//1029 480//1029 522//1029
f 522//1030 559//1030 713//1030
f 713//1031 559//1031 714//1031
f 713//1032 714//1032 711//1032
f 711//1033 714//1033 715//1033
f 711//1034 715//1034 709//1034
f 709//1035 715//1035 716//1035
f 709//1036 716//1036 707//1036
f 707//1037 716//1037 717//1037
f 717//1038 716//1038 718//1038
f 717//1039 718//1039 719//1039
f 719//1040 718//1040 720//1040
f 720//1041 718//1041 721//1041
f 721//1042 718//1042 722//1042
f 721//1043 722//1043 723//1043
f 723//1044 722//1044 724//1044
f 723//1045 724//1045 557//1045
f 557//1046 724//1046 558//1046
f 558//1047 724//1047 714//1047
f 558//1048 714//1048 559//1048
f 722//1049 718//1049 716//1049
f 722//1050 716//1050 715//1050
f 724//1051 722//1051 715//1051
f 724//1052 715//1052 714//1052
f 708//1053 725//1053 726//1053
f 726//1054 725//1054 727//1054
f 726//1055 727//1055 728//1055
f 728//1056 727//1056 729//1056
f 728//1057 729//1057 730//1057
f 730//1058 729//1058 479//1058
f 730//1059 479//1059 480//1059
f 480//1060 712//1060 730//1060
f 730//1061 712//1061 728//1061
f 712//1062 710//1062 728//1062
f 728//1063 710//1063 726//1063
f 710//1064 708//1064 726//1064
f 731//1065 732//1065 733//1065
f 733//1066 732//1066 734//1066
f 733//1067 734//1067 735//1067
f 735//1068 734//1068 736//1068
f 735//1069 736//1069 737//1069
f 737//1070 736//1070 738//1070
f 737//1070 738//1070 739//1070
f 739//1071 738//1071 740//1071
f 739//1071 740//1071 741//1071
f 741//1072 740//1072 560//1072
f 741//1073 560//1073 742//1073
f 742//1074 560//1074 562//1074
f 742//1075 562//1075 743//1075
f 743//1076 562//1076 744//1076
f 743//1077 744//1077 745//1077
f 745//1078 744//1078 746//1078
f 745//1079 746//1079 747//1079
f 747//1080 746//1080 727//1080
f 747//1081 727//1081 725//1081
f 732//1082 731//1082 748//1082
f 748//1083 731//1083 749//1083
f 748//1084 749//1084 750//1084
f 750//1085 749//1085 477//1085
f 750//1086 477//1086 751//1086
f 751//1087 477//1087 560//1087
f 751//1088 560//1088 740//1088
f 562//1089 561//1089 744//1089
f 744//1090 561//1090 752//1090
f 744//1078 752//1078 746//1078
f 746//1091 752//1091 729//1091
f 746//1092 729//1092 727//1092
f 561//1093 479//1093 752//1093
f 752//1094 479//1094 729//1094
f 725//1095 753//1095 747//1095
f 747//1096 753//1096 754//1096
f 747//1079 754//1079 745//1079
f 745//1097 754//1097 755//1097
f 745//1077 755//1077 743//1077
f 743//1098 755//1098 742//1098
f 753//1099 756//1099 754//1099
f 754//1100 756//1100 757//1100
f 754//1097 757//1097 755//1097
f 755//1101 757//1101 758//1101
f 755//1098 758//1098 742//1098
f 742//1102 758//1102 741//1102
f 757//1103 756//1103 759//1103
f 759//1104 756//1104 735//1104
f 759//1105 735//1105 737//1105
f 734//1106 732//1106 748//1106
f 748//1107 750//1107 760//1107
f 760//1107 750//1107 751//1107
f 760//1108 751//1108 738//1108
f 738//1108 751//1108 740//1108
f 739//1102 741//1102 758//1102
f 737//1109 739//1109 759//1109
f 759//1109 739//1109 758//1109
f 759//1101 758//1101 757//1101
f 736//1110 734//1110 760//1110
f 760//1106 734//1106 748//1106
f 736//1110 760//1110 738//1110
f 733//1111 761//1111 762//1111
f 762//1112 761//1112 763//1112
f 762//1113 763//1113 764//1113
f 764//1114 763//1114 765//1114
f 764//1115 765//1115 766//1115
f 766//1116 765//1116 478//1116
f 766//1117 478//1117 477//1117
f 477//1118 749//1118 766//1118
f 766//1119 749//1119 764//1119
f 749//1120 731//1120 764//1120
f 764//1121 731//1121 762//1121
f 731//1122 733//1122 762//1122
f 767//1123 768//1123 769//1123
f 769//1124 768//1124 770//1124
f 769//1125 770//1125 771//1125
f 771//1126 770//1126 772//1126
f 771//1127 772//1127 773//1127
f 773//1128 772//1128 565//1128
f 773//1129 565//1129 567//1129
f 567//1130 569//1130 773//1130
f 773//1131 569//1131 774//1131
f 773//1132 774//1132 771//1132
f 771//1133 774//1133 775//1133
f 771//1134 775//1134 769//1134
f 769//1135 775//1135 776//1135
f 769//1136 776//1136 777//1136
f 777//1137 776//1137 778//1137
f 778//1138 776//1138 779//1138
f 778//1139 779//1139 761//1139
f 761//1140 779//1140 763//1140
f 763//1141 779//1141 780//1141
f 763//1142 780//1142 765//1142
f 765//1143 780//1143 781//1143
f 765//1144 781//1144 478//1144
f 478//1145 781//1145 571//1145
f 571//1146 781//1146 774//1146
f 571//1147 774//1147 569//1147
f 777//1148 767//1148 769//1148
f 780//1149 779//1149 776//1149
f 780//1150 776//1150 775//1150
f 781//1151 780//1151 775//1151
f 781//1152 775//1152 774//1152
f 782//1153 783//1153 784//1153
f 784//1153 783//1153 785//1153
f 784//1154 785//1154 786//1154
f 786//1154 785//1154 787//1154
f 786//1155 787//1155 788//1155
f 788//1155 787//1155 789//1155
f 788//1156 789//1156 790//1156
f 790//1156 789//1156 791//1156
f 790//1157 791//1157 792//1157
f 792//1157 791//1157 793//1157
f 792//1158 793//1158 794//1158
f 794//1158 793//1158 795//1158
f 794//1159 795//1159 770//1159
f 770//1160 795//1160 796//1160
f 770//1161 796//1161 772//1161
f 772//1162 796//1162 565//1162
f 565//1163 796//1163 614//1163
f 614//1164 796//1164 797//1164
f 614//1165 797//1165 609//1165
f 609//1166 797//1166 798//1166
f 609//1167 798//1167 607//1167
f 607//1168 798//1168 799//1168
f 607//1169 799//1169 605//1169
f 605//1170 799//1170 800//1170
f 605//1171 800//1171 603//1171
f 603//1172 800//1172 801//1172
f 603//1173 801//1173 601//1173
f 601//1174 801//1174 802//1174
f 802//1175 801//1175 785//1175
f 802//1175 785//1175 783//1175
f 770//1159 768//1159 794//1159
f 787//1176 785//1176 801//1176
f 789//1177 787//1177 800//1177
f 800//1176 787//1176 801//1176
f 791//1178 789//1178 799//1178
f 799//1177 789//1177 800//1177
f 793//1179 791//1179 798//1179
f 798//1178 791//1178 799//1178
f 795//1180 793//1180 797//1180
f 797//1179 793//1179 798//1179
f 796//1180 795//1180 797//1180
f 803//1181 613//1181 804//1181
f 804//1182 613//1182 610//1182
f 804//1183 610//1183 805//1183
f 805//1184 610//1184 608//1184
f 805//1185 608//1185 806//1185
f 806//1186 608//1186 606//1186
f 806//1187 606//1187 807//1187
f 807//1188 606//1188 604//1188
f 807//1189 604//1189 808//1189
f 808//1190 604//1190 602//1190
f 808//1191 602//1191 809//1191
f 809//1192 602//1192 601//1192
f 809//1193 601//1193 802//1193
f 809//1194 802//1194 810//1194
f 810//1194 802//1194 783//1194
f 810//1195 783//1195 811//1195
f 811//1195 783//1195 782//1195
f 811//1196 812//1196 810//1196
f 810//1196 812//1196 813//1196
f 810//1197 813//1197 808//1197
f 808//1198 813//1198 807//1198
f 812//1199 814//1199 813//1199
f 813//1199 814//1199 815//1199
f 813//1198 815//1198 807//1198
f 807//1200 815//1200 806//1200
f 815//1201 814//1201 816//1201
f 816//1201 814//1201 817//1201
f 816//1202 817//1202 818//1202
f 818//1202 817//1202 819//1202
f 818//1203 819//1203 820//1203
f 820//1203 819//1203 821//1203
f 820//1204 821//1204 822//1204
f 822//1204 821//1204 823//1204
f 822//1205 803//1205 820//1205
f 820//1205 803//1205 804//1205
f 820//1206 804//1206 818//1206
f 818//1206 804//1206 805//1206
f 818//1207 805//1207 816//1207
f 816//1207 805//1207 806//1207
f 816//1200 806//1200 815//1200
f 809//1197 810//1197 808//1197
f 648//1208 613//1208 824//1208
f 824//1209 613//1209 803//1209
f 824//1210 803//1210 825//1210
f 825//1211 803//1211 822//1211
f 825//1212 822//1212 826//1212
f 826//1213 822//1213 823//1213
f 826//1214 823//1214 827//1214
f 827//1215 828//1215 826//1215
f 826//1216 828//1216 829//1216
f 826//1217 829//1217 825//1217
f 825//1218 829//1218 830//1218
f 825//1219 830//1219 824//1219
f 824//1220 830//1220 831//1220
f 824//1221 831//1221 648//1221
f 648//1222 831//1222 649//1222
f 649//1223 831//1223 832//1223
f 649//1224 832//1224 615//1224
f 615//1225 832//1225 496//1225
f 496//1226 832//1226 833//1226
f 833//1227 832//1227 834//1227
f 833//1228 834//1228 835//1228
f 835//1229 834//1229 836//1229
f 835//1230 836//1230 837//1230
f 837//1231 836//1231 838//1231
f 838//1232 836//1232 829//1232
f 838//1233 829//1233 828//1233
f 834//1234 832//1234 831//1234
f 834//1235 831//1235 830//1235
f 836//1236 834//1236 830//1236
f 836//1237 830//1237 829//1237
f 495//1238 496//1238 839//1238
f 839//1239 496//1239 833//1239
f 839//1240 833//1240 840//1240
f 840//1241 833//1241 835//1241
f 840//1242 835//1242 841//1242
f 841//1243 835//1243 837//1243
f 841//1244 837//1244 842//1244
f 842//1245 843//1245 841//1245
f 841//1246 843//1246 840//1246
f 843//1247 844//1247 840//1247
f 840//1248 844//1248 839//1248
f 844//1249 495//1249 839//1249
f 651//1250 495//1250 845//1250
f 845//1251 495//1251 844//1251
f 845//1252 844//1252 846//1252
f 846//1253 844//1253 843//1253
f 846//1254 843//1254 847//1254
f 847//1255 843//1255 842//1255
f 847//1256 842//1256 848//1256
f 847//1257 848//1257 849//1257
f 849//1258 848//1258 850//1258
f 849//1259 850//1259 851//1259
f 851//1260 850//1260 852//1260
f 851//1261 852//1261 853//1261
f 853//1262 852//1262 854//1262
f 853//1263 854//1263 855//1263
f 855//1264 854//1264 856//1264
f 855//1265 856//1265 650//1265
f 650//1266 856//1266 857//1266
f 650//1267 857//1267 493//1267
f 493//1268 857//1268 858//1268
f 493//1269 858//1269 859//1269
f 859//1270 858//1270 860//1270
f 859//1271 860//1271 861//1271
f 861//1272 860//1272 862//1272
f 861//1273 862//1273 863//1273
f 863//1274 862//1274 864//1274
f 863//1275 864//1275 865//1275
f 865//1276 864//1276 866//1276
f 865//1277 866//1277 867//1277
f 867//1278 866//1278 868//1278
f 867//1278 868//1278 854//1278
f 854//1264 868//1264 856//1264
f 850//1279 865//1279 852//1279
f 852//1280 865//1280 867//1280
f 852//1262 867//1262 854//1262
f 855//1281 650//1281 869//1281
f 869//1282 650//1282 652//1282
f 869//1283 652//1283 870//1283
f 870//1284 652//1284 871//1284
f 870//1285 871//1285 872//1285
f 872//1286 871//1286 846//1286
f 872//1287 846//1287 847//1287
f 652//1288 651//1288 871//1288
f 871//1289 651//1289 845//1289
f 871//1286 845//1286 846//1286
f 847//1287 849//1287 872//1287
f 872//1290 849//1290 873//1290
f 872//1285 873//1285 870//1285
f 870//1291 873//1291 869//1291
f 851//1261 853//1261 873//1261
f 873//1291 853//1291 869//1291
f 869//1263 853//1263 855//1263
f 849//1290 851//1290 873//1290
f 864//1292 862//1292 860//1292
f 860//1293 858//1293 874//1293
f 874//1293 858//1293 857//1293
f 874//1294 857//1294 868//1294
f 868//1294 857//1294 856//1294
f 874//1295 868//1295 866//1295
f 860//1292 874//1292 864//1292
f 864//1295 874//1295 866//1295
f 494//1296 493//1296 875//1296
f 875//1297 493//1297 859//1297
f 875//1298 859//1298 876//1298
f 876//1299 859//1299 861//1299
f 876//1300 861//1300 877//1300
f 877//1301 861//1301 863//1301
f 877//1302 863//1302 878//1302
f 878//1303 879//1303 877//1303
f 877//1304 879//1304 876//1304
f 879//1305 880//1305 876//1305
f 876//1306 880//1306 875//1306
f 880//1307 494//1307 875//1307
f 881//1308 882//1308 883//1308
f 883//1309 882//1309 884//1309
f 883//1310 884//1310 885//1310
f 885//1311 884//1311 886//1311
f 885//1312 886//1312 887//1312
f 887//1313 886//1313 655//1313
f 887//1314 655//1314 657//1314
f 657//1315 659//1315 887//1315
f 887//1316 659//1316 888//1316
f 887//1317 888//1317 885//1317
f 885//1318 888//1318 889//1318
f 885//1319 889//1319 883//1319
f 883//1320 889//1320 890//1320
f 883//1321 890//1321 891//1321
f 891//1322 890//1322 892//1322
f 892//1323 890//1323 893//1323
f 892//1324 893//1324 878//1324
f 878//1325 893//1325 879//1325
f 879//1326 893//1326 894//1326
f 879//1327 894//1327 880//1327
f 880//1328 894//1328 895//1328
f 880//1329 895//1329 494//1329
f 494//1330 895//1330 661//1330
f 661//1331 895//1331 888//1331
f 661//1332 888//1332 659//1332
f 891//1333 881//1333 883//1333
f 894//1334 893//1334 890//1334
f 894//1335 890//1335 889//1335
f 895//1336 894//1336 889//1336
f 895//1337 889//1337 888//1337
f 896//1338 720//1338 897//1338
f 897//1339 720//1339 721//1339
f 897//1340 721//1340 898//1340
f 898//1341 721//1341 723//1341
f 898//1342 723//1342 899//1342
f 899//1343 723//1343 557//1343
f 899//1344 557//1344 691//1344
f 899//1345 691//1345 900//1345
f 900//1346 691//1346 692//1346
f 900//1347 692//1347 901//1347
f 901//1348 692//1348 902//1348
f 901//1349 902//1349 903//1349
f 903//1350 902//1350 904//1350
f 903//1351 904//1351 905//1351
f 905//1352 904//1352 906//1352
f 905//1353 906//1353 907//1353
f 907//1354 906//1354 908//1354
f 908//1355 906//1355 909//1355
f 908//1356 909//1356 910//1356
f 910//1357 909//1357 911//1357
f 910//1358 911//1358 912//1358
f 912//1359 911//1359 913//1359
f 912//1360 913//1360 914//1360
f 914//1361 913//1361 915//1361
f 914//1362 915//1362 916//1362
f 916//1363 915//1363 917//1363
f 916//1364 917//1364 918//1364
f 918//1365 917//1365 919//1365
f 918//1366 919//1366 920//1366
f 920//1367 919//1367 921//1367
f 920//1367 921//1367 922//1367
f 922//1368 921//1368 923//1368
f 922//1368 923//1368 924//1368
f 924//1369 923//1369 694//1369
f 924//1370 694//1370 925//1370
f 925//1371 694//1371 693//1371
f 925//1372 693//1372 926//1372
f 926//1373 693//1373 655//1373
f 926//1374 655//1374 886//1374
f 692//1375 695//1375 902//1375
f 902//1376 695//1376 927//1376
f 902//1350 927//1350 904//1350
f 904//1377 927//1377 928//1377
f 904//1352 928//1352 906//1352
f 906//1378 928//1378 909//1378
f 695//1379 697//1379 927//1379
f 927//1380 697//1380 929//1380
f 927//1377 929//1377 928//1377
f 928//1381 929//1381 930//1381
f 928//1378 930//1378 909//1378
f 909//1382 930//1382 931//1382
f 909//1382 931//1382 911//1382
f 911//1383 931//1383 932//1383
f 911//1383 932//1383 913//1383
f 913//1384 932//1384 915//1384
f 697//1385 699//1385 929//1385
f 929//1386 699//1386 933//1386
f 929//1381 933//1381 930//1381
f 930//1387 933//1387 934//1387
f 930//1387 934//1387 931//1387
f 931//1388 934//1388 935//1388
f 931//1388 935//1388 932//1388
f 932//1389 935//1389 936//1389
f 932//1384 936//1384 915//1384
f 915//1390 936//1390 917//1390
f 699//1391 701//1391 933//1391
f 933//1392 701//1392 934//1392
f 934//1393 701//1393 935//1393
f 935//1394 701//1394 700//1394
f 935//1395 700//1395 937//1395
f 937//1396 700//1396 698//1396
f 937//1397 698//1397 938//1397
f 938//1398 698//1398 696//1398
f 938//1399 696//1399 923//1399
f 923//1400 696//1400 694//1400
f 926//1401 886//1401 939//1401
f 939//1402 886//1402 884//1402
f 939//1403 884//1403 940//1403
f 940//1404 884//1404 882//1404
f 940//1405 882//1405 941//1405
f 940//1406 941//1406 942//1406
f 942//1407 941//1407 943//1407
f 942//1408 943//1408 920//1408
f 920//1409 943//1409 918//1409
f 907//1410 944//1410 905//1410
f 905//1411 944//1411 945//1411
f 905//1351 945//1351 903//1351
f 903//1412 945//1412 946//1412
f 903//1349 946//1349 901//1349
f 901//1413 946//1413 900//1413
f 945//1414 944//1414 947//1414
f 947//1415 944//1415 948//1415
f 947//1416 948//1416 949//1416
f 949//1417 948//1417 896//1417
f 949//1418 896//1418 897//1418
f 949//1419 897//1419 898//1419
f 898//1420 899//1420 950//1420
f 950//1420 899//1420 900//1420
f 950//1413 900//1413 946//1413
f 947//1421 949//1421 950//1421
f 950//1419 949//1419 898//1419
f 947//1421 950//1421 946//1421
f 945//1412 947//1412 946//1412
f 935//1389 937//1389 936//1389
f 936//1422 937//1422 951//1422
f 936//1390 951//1390 917//1390
f 917//1423 951//1423 919//1423
f 937//1422 938//1422 951//1422
f 951//1424 938//1424 921//1424
f 951//1423 921//1423 919//1423
f 923//1424 921//1424 938//1424
f 922//1425 924//1425 952//1425
f 952//1425 924//1425 925//1425
f 952//1426 925//1426 939//1426
f 939//1426 925//1426 926//1426
f 920//1427 922//1427 942//1427
f 942//1427 922//1427 952//1427
f 942//1428 952//1428 940//1428
f 940//1428 952//1428 939//1428
f 953//861 702//861 954//861
f 954//861 702//861 703//861
f 954//861 703//861 955//861
f 955//861 703//861 704//861
f 955//861 704//861 705//861
f 955//861 705//861 956//861
f 956//861 705//861 706//861
f 956//861 706//861 957//861
f 896//1429 958//1429 720//1429
f 720//1430 958//1430 959//1430
f 720//1431 959//1431 719//1431
f 719//1432 959//1432 717//1432
f 717//1433 959//1433 707//1433
f 707//1434 959//1434 708//1434
f 708//1435 959//1435 960//1435
f 708//1436 960//1436 725//1436
f 725//1437 960//1437 753//1437
f 753//1438 960//1438 961//1438
f 753//1439 961//1439 756//1439
f 756//1440 961//1440 962//1440
f 756//1441 962//1441 735//1441
f 735//1442 962//1442 733//1442
f 733//1443 962//1443 963//1443
f 733//1444 963//1444 761//1444
f 761//1445 963//1445 778//1445
f 778//1446 963//1446 777//1446
f 777//1447 963//1447 964//1447
f 777//1448 964//1448 767//1448
f 767//1449 964//1449 768//1449
f 768//1450 964//1450 794//1450
f 794//1451 964//1451 965//1451
f 794//1452 965//1452 792//1452
f 792//1453 965//1453 966//1453
f 792//1454 966//1454 790//1454
f 790//1455 966//1455 967//1455
f 790//1456 967//1456 788//1456
f 788//1457 967//1457 968//1457
f 788//1458 968//1458 786//1458
f 786//1459 968//1459 969//1459
f 786//1460 969//1460 784//1460
f 784//1461 969//1461 970//1461
f 784//1462 970//1462 782//1462
f 782//1463 970//1463 811//1463
f 811//1464 970//1464 971//1464
f 811//1465 971//1465 812//1465
f 812//1466 971//1466 972//1466
f 812//1467 972//1467 814//1467
f 814//1468 972//1468 973//1468
f 814//1469 973//1469 817//1469
f 817//1470 973//1470 974//1470
f 817//1471 974//1471 819//1471
f 819//1472 974//1472 975//1472
f 819//1473 975//1473 821//1473
f 821//1474 975//1474 976//1474
f 821//1475 976//1475 823//1475
f 823//1476 976//1476 827//1476
f 827//1477 976//1477 828//1477
f 828//1478 976//1478 977//1478
f 828//1479 977//1479 838//1479
f 838//1480 977//1480 837//1480
f 837//1481 977//1481 842//1481
f 842//1482 977//1482 978//1482
f 842//1483 978//1483 848//1483
f 848//1484 978//1484 850//1484
f 850//1485 978//1485 979//1485
f 850//1486 979//1486 865//1486
f 865//1487 979//1487 980//1487
f 865//1488 980//1488 863//1488
f 863//1489 980//1489 878//1489
f 878//1490 980//1490 981//1490
f 878//1491 981//1491 892//1491
f 892//1492 981//1492 891//1492
f 891//1493 981//1493 881//1493
f 881//1494 981//1494 882//1494
f 882//1495 981//1495 982//1495
f 882//1496 982//1496 941//1496
f 941//1497 982//1497 983//1497
f 941//1498 983//1498 943//1498
f 943//1499 983//1499 984//1499
f 943//1500 984//1500 918//1500
f 918//1501 984//1501 985//1501
f 918//1502 985//1502 916//1502
f 916//1503 985//1503 986//1503
f 916//1504 986//1504 914//1504
f 914//1505 986//1505 987//1505
f 914//1506 987//1506 912//1506
f 912//1507 987//1507 988//1507
f 912//1508 988//1508 910//1508
f 910//1509 988//1509 908//1509
f 908//1510 988//1510 989//1510
f 908//1511 989//1511 907//1511
f 907//1512 989//1512 990//1512
f 907//1513 990//1513 944//1513
f 944//1514 990//1514 991//1514
f 944//1515 991//1515 948//1515
f 948//1516 991//1516 992//1516
f 948//1517 992//1517 896//1517
f 896//1518 992//1518 958//1518
f 954//1519 986//1519 953//1519
f 953//1520 986//1520 985//1520
f 953//1521 985//1521 993//1521
f 993//1522 985//1522 994//1522
f 994//1523 985//1523 984//1523
f 994//1524 984//1524 995//1524
f 995//1525 984//1525 983//1525
f 995//1526 983//1526 996//1526
f 996//1527 983//1527 982//1527
f 996//1528 982//1528 997//1528
f 997//1529 982//1529 981//1529
f 997//1530 981//1530 998//1530
f 998//1531 981//1531 980//1531
f 998//1532 980//1532 999//1532
f 999//1533 980//1533 979//1533
f 999//1534 979//1534 1000//1534
f 1000//1535 979//1535 978//1535
f 1000//1536 978//1536 1001//1536
f 1001//1537 978//1537 1002//1537
f 1002//1538 978//1538 977//1538
f 1002//1539 977//1539 1003//1539
f 1003//1540 977//1540 976//1540
f 1003//1541 976//1541 1004//1541
f 1004//1542 976//1542 975//1542
f 1004//1543 975//1543 1005//1543
f 1005//1544 975//1544 974//1544
f 1005//1545 974//1545 1006//1545
f 1006//1546 974//1546 973//1546
f 1006//1547 973//1547 1007//1547
f 1007//1548 973//1548 972//1548
f 1007//1549 972//1549 1008//1549
f 1008//1550 972//1550 971//1550
f 1008//1551 971//1551 1009//1551
f 1009//1552 971//1552 970//1552
f 1009//1553 970//1553 1010//1553
f 1010//1554 970//1554 1011//1554
f 1011//1555 970//1555 969//1555
f 1011//1556 969//1556 1012//1556
f 1012//1557 969//1557 968//1557
f 1012//1558 968//1558 1013//1558
f 1013//1559 968//1559 967//1559
f 1013//1560 967//1560 1014//1560
f 1014//1561 967//1561 966//1561
f 1014//1562 966//1562 1015//1562
f 1015//1563 966//1563 965//1563
f 1015//1564 965//1564 1016//1564
f 1016//1565 965//1565 964//1565
f 1016//1566 964//1566 1017//1566
f 1017//1567 964//1567 963//1567
f 1017//1568 963//1568 1018//1568
f 1018//1569 963//1569 962//1569
f 1018//1570 962//1570 1019//1570
f 1019//1571 962//1571 1020//1571
f 1020//1572 962//1572 961//1572
f 1020//1573 961//1573 1021//1573
f 1021//1574 961//1574 960//1574
f 1021//1575 960//1575 1022//1575
f 1022//1576 960//1576 959//1576
f 1022//1577 959//1577 1023//1577
f 1023//1578 959//1578 958//1578
f 1023//1579 958//1579 1024//1579
f 1024//1580 958//1580 992//1580
f 1024//1581 992//1581 1025//1581
f 1025//1582 992//1582 991//1582
f 1025//1583 991//1583 1026//1583
f 1026//1584 991//1584 990//1584
f 1026//1585 990//1585 1027//1585
f 1027//1586 990//1586 957//1586
f 957//1587 990//1587 989//1587
f 957//1588 989//1588 956//1588
f 956//1589 989//1589 988//1589
f 956//1590 988//1590 955//1590
f 955//1591 988//1591 987//1591
f 955//1592 987//1592 954//1592
f 954//1593 987//1593 986//1593
f 1018//1594 1012//1594 1017//1594
f 1017//1595 1012//1595 1016//1595
f 1016//1596 1012//1596 1015//1596
f 1015//1596 1012//1596 1014//1596
f 1014//1596 1012//1596 1013//1596
f 1022//861 1028//861 1021//861
f 1021//861 1028//861 1029//861
f 1021//861 1029//861 1020//861
f 1020//861 1029//861 1030//861
f 1020//861 1030//861 1031//861
f 1020//861 1031//861 1019//861
f 1019//861 1031//861 1032//861
f 1019//861 1032//861 1018//861
f 1022//1597 1023//1597 957//1597
f 957//1598 1023//1598 1024//1598
f 957//1596 1024//1596 1025//1596
f 1025//1596 1026//1596 957//1596
f 957//1596 1026//1596 1027//1596
f 953//1599 993//1599 998//1599
f 998//1600 993//1600 994//1600
f 998//1601 994//1601 995//1601
f 995//1602 996//1602 998//1602
f 998//1603 996//1603 997//1603
f 1002//1604 1033//1604 1001//1604
f 1001//1605 1033//1605 1034//1605
f 1001//861 1034//861 1000//861
f 1000//861 1034//861 1035//861
f 1000//861 1035//861 1036//861
f 1000//861 1036//861 999//861
f 999//861 1036//861 1037//861
f 999//861 1037//861 998//861
f 1008//1596 1002//1596 1007//1596
f 1007//1596 1002//1596 1006//1596
f 1006//1596 1002//1596 1005//1596
f 1005//1596 1002//1596 1004//1596
f 1004//1606 1002//1606 1003//1606
f 1008//861 1009//861 1038//861
f 1038//861 1009//861 1039//861
f 1039//861 1009//861 1010//861
f 1039//861 1010//861 1040//861
f 1040//861 1010//861 1041//861
f 1041//861 1010//861 1011//861
f 1041//861 1011//861 1042//861
f 1042//861 1011//861 1012//861
f 1042//1607 1012//1607 1043//1607
f 1043//1608 1012//1608 1018//1608
f 1043//1609 1018//1609 1044//1609
f 1044//1610 1018//1610 1032//1610
f 1045//1611 1046//1611 1028//1611
f 1028//1612 1046//1612 1029//1612
f 1029//1613 1046//1613 1047//1613
f 1029//1614 1047//1614 1030//1614
f 1030//1615 1047//1615 1048//1615
f 1030//1616 1048//1616 1031//1616
f 1031//1617 1048//1617 1032//1617
f 1032//1618 1048//1618 1044//1618
f 1028//1619 1022//1619 1045//1619
f 1045//1620 1022//1620 520//1620
f 520//1621 1022//1621 957//1621
f 520//1622 957//1622 706//1622
f 702//1623 953//1623 512//1623
f 512//1624 953//1624 1049//1624
f 1049//1625 953//1625 998//1625
f 1049//1626 998//1626 1037//1626
f 1049//1627 1037//1627 1050//1627
f 1050//1628 1037//1628 1036//1628
f 1050//1629 1036//1629 1051//1629
f 1051//1630 1036//1630 1035//1630
f 1051//1631 1035//1631 1034//1631
f 1033//1632 1052//1632 1034//1632
f 1034//1633 1052//1633 1053//1633
f 1034//1634 1053//1634 1051//1634
f 1033//1635 1002//1635 1052//1635
f 1052//1636 1002//1636 1008//1636
f 1052//1637 1008//1637 1054//1637
f 1054//1638 1008//1638 1038//1638
f 1054//1639 1038//1639 1055//1639
f 1055//1640 1038//1640 1039//1640
f 1055//1641 1039//1641 1056//1641
f 1056//1642 1039//1642 1040//1642
f 1056//1643 1040//1643 1057//1643
f 1057//1644 1040//1644 1041//1644
f 1057//1645 1041//1645 1043//1645
f 1043//1646 1041//1646 1042//1646
f 1058//1647 1059//1647 1060//1647
f 1060//1648 1059//1648 1061//1648
f 1060//1649 1061//1649 1062//1649
f 1062//1649 1061//1649 1063//1649
f 1062//1650 1063//1650 1064//1650
f 1064//1651 1063//1651 1065//1651
f 1065//1651 1063//1651 1066//1651
f 1065//1652 1066//1652 1067//1652
f 1067//1652 1066//1652 1068//1652
f 1068//1653 1066//1653 1069//1653
f 1069//1653 1066//1653 1070//1653
f 1069//1654 1070//1654 1071//1654
f 1071//1654 1070//1654 1072//1654
f 1072//1655 1070//1655 1061//1655
f 1072//1655 1061//1655 1059//1655
f 1064//1650 1073//1650 1062//1650
f 1063//1656 1061//1656 1070//1656
f 1063//1656 1070//1656 1066//1656
f 1074//1657 1075//1657 1076//1657
f 1076//1657 1075//1657 1077//1657
f 1076//1658 1077//1658 1078//1658
f 1078//1659 1077//1659 1079//1659
f 1078//1660 1079//1660 1080//1660
f 1080//1660 1079//1660 1081//1660
f 1081//1661 1079//1661 1082//1661
f 1081//1661 1082//1661 1083//1661
f 1083//1662 1082//1662 1084//1662
f 1083//1662 1084//1662 1085//1662
f 1075//1663 1086//1663 1077//1663
f 1077//1663 1086//1663 1087//1663
f 1077//1664 1087//1664 1079//1664
f 1079//1664 1087//1664 1082//1664
f 1086//1665 1088//1665 1087//1665
f 1087//1665 1088//1665 1089//1665
f 1087//1666 1089//1666 1082//1666
f 1082//1666 1089//1666 1084//1666
f 1090//1667 1088//1667 1091//1667
f 1091//1668 1088//1668 1086//1668
f 1091//1669 1086//1669 1092//1669
f 1092//1670 1086//1670 1075//1670
f 1092//1671 1075//1671 1093//1671
f 1093//1672 1075//1672 1074//1672
f 1094//1673 1073//1673 1095//1673
f 1095//1674 1073//1674 1064//1674
f 1095//1675 1064//1675 1096//1675
f 1096//1676 1064//1676 1065//1676
f 1096//1677 1065//1677 1097//1677
f 1097//1678 1065//1678 1067//1678
f 1068//1679 1098//1679 1067//1679
f 1067//1680 1098//1680 1099//1680
f 1067//1681 1099//1681 1100//1681
f 1068//1682 1069//1682 1098//1682
f 1098//1683 1069//1683 1071//1683
f 1098//1684 1071//1684 1101//1684
f 1101//1685 1102//1685 1098//1685
f 1098//1686 1102//1686 1099//1686
f 1084//1687 1103//1687 1085//1687
f 1085//1688 1103//1688 1104//1688
f 1085//1689 1104//1689 1105//1689
f 1084//1690 1089//1690 1103//1690
f 1103//1691 1089//1691 1106//1691
f 1103//1692 1106//1692 1107//1692
f 1089//1693 1088//1693 1106//1693
f 1107//1694 1104//1694 1103//1694
f 1083//1695 1085//1695 1108//1695
f 1108//1695 1085//1695 1109//1695
f 1108//1696 1109//1696 1110//1696
f 1110//1696 1109//1696 1111//1696
f 1110//1697 1111//1697 1112//1697
f 1112//1697 1111//1697 1113//1697
f 1112//1698 1113//1698 1114//1698
f 1114//1698 1113//1698 1115//1698
f 1114//1699 1115//1699 1116//1699
f 1116//1699 1115//1699 1117//1699
f 1116//1700 1117//1700 1118//1700
f 1118//1700 1117//1700 1119//1700
f 1118//1701 1119//1701 1120//1701
f 1120//1701 1119//1701 1121//1701
f 1120//1702 1121//1702 1122//1702
f 1122//1702 1121//1702 1123//1702
f 1122//1703 1123//1703 1124//1703
f 1124//1703 1123//1703 1125//1703
f 1124//1704 1125//1704 1126//1704
f 1126//1704 1125//1704 1127//1704
f 1126//1705 1127//1705 1128//1705
f 1128//1705 1127//1705 1129//1705
f 1128//1706 1129//1706 1130//1706
f 1130//1706 1129//1706 1131//1706
f 1130//1707 1131//1707 1132//1707
f 1132//1708 1131//1708 1133//1708
f 1132//1709 1133//1709 1134//1709
f 1134//1709 1133//1709 1135//1709
f 1134//1710 1135//1710 1136//1710
f 1136//1710 1135//1710 1137//1710
f 1136//1711 1137//1711 1138//1711
f 1138//1711 1137//1711 1139//1711
f 1138//1712 1139//1712 1140//1712
f 1140//1712 1139//1712 1141//1712
f 1140//1713 1141//1713 1142//1713
f 1142//1713 1141//1713 1143//1713
f 1142//1714 1143//1714 1144//1714
f 1144//1714 1143//1714 1145//1714
f 1144//1715 1145//1715 1146//1715
f 1146//1715 1145//1715 1147//1715
f 1146//1716 1147//1716 1148//1716
f 1148//1716 1147//1716 1149//1716
f 1148//1717 1149//1717 1150//1717
f 1150//1717 1149//1717 1151//1717
f 1150//1718 1151//1718 1152//1718
f 1152//1718 1151//1718 1153//1718
f 1152//1719 1153//1719 1154//1719
f 1154//1719 1153//1719 1155//1719
f 1154//1720 1155//1720 1072//1720
f 1072//1720 1155//1720 1071//1720
f 1072//1721 1059//1721 1154//1721
f 1154//1721 1059//1721 1156//1721
f 1154//1722 1156//1722 1152//1722
f 1152//1722 1156//1722 1157//1722
f 1152//1723 1157//1723 1150//1723
f 1150//1723 1157//1723 1158//1723
f 1150//1724 1158//1724 1148//1724
f 1148//1724 1158//1724 1159//1724
f 1148//1725 1159//1725 1146//1725
f 1146//1725 1159//1725 1160//1725
f 1146//1726 1160//1726 1144//1726
f 1144//1726 1160//1726 1161//1726
f 1144//1727 1161//1727 1142//1727
f 1142//1727 1161//1727 1162//1727
f 1142//1728 1162//1728 1140//1728
f 1140//1728 1162//1728 1163//1728
f 1140//1729 1163//1729 1138//1729
f 1138//1729 1163//1729 1164//1729
f 1138//1730 1164//1730 1136//1730
f 1136//1730 1164//1730 1165//1730
f 1136//1731 1165//1731 1134//1731
f 1134//1731 1165//1731 1166//1731
f 1134//1732 1166//1732 1132//1732
f 1132//1732 1166//1732 1167//1732
f 1132//1733 1167//1733 1130//1733
f 1130//1734 1167//1734 1168//1734
f 1130//1735 1168//1735 1128//1735
f 1128//1735 1168//1735 1169//1735
f 1128//1736 1169//1736 1126//1736
f 1126//1736 1169//1736 1170//1736
f 1126//1737 1170//1737 1124//1737
f 1124//1737 1170//1737 1171//1737
f 1124//1738 1171//1738 1122//1738
f 1122//1738 1171//1738 1172//1738
f 1122//1739 1172//1739 1120//1739
f 1120//1739 1172//1739 1173//1739
f 1120//1740 1173//1740 1118//1740
f 1118//1740 1173//1740 1174//1740
f 1118//1741 1174//1741 1116//1741
f 1116//1741 1174//1741 1175//1741
f 1116//1742 1175//1742 1114//1742
f 1114//1742 1175//1742 1176//1742
f 1114//1743 1176//1743 1112//1743
f 1112//1743 1176//1743 1177//1743
f 1112//1744 1177//1744 1110//1744
f 1110//1744 1177//1744 1178//1744
f 1110//1745 1178//1745 1108//1745
f 1108//1745 1178//1745 1179//1745
f 1108//1746 1179//1746 1083//1746
f 1083//1746 1179//1746 1081//1746
f 1081//1747 1179//1747 1080//1747
f 1080//1748 1179//1748 1180//1748
f 1180//1749 1179//1749 1178//1749
f 1180//1750 1178//1750 1181//1750
f 1181//1751 1178//1751 1177//1751
f 1181//1752 1177//1752 1182//1752
f 1182//1753 1177//1753 1176//1753
f 1182//1754 1176//1754 1183//1754
f 1183//1755 1176//1755 1175//1755
f 1183//1756 1175//1756 1184//1756
f 1184//1757 1175//1757 1174//1757
f 1184//1758 1174//1758 1185//1758
f 1185//1759 1174//1759 1173//1759
f 1185//1760 1173//1760 1186//1760
f 1186//1761 1173//1761 1172//1761
f 1186//1762 1172//1762 1187//1762
f 1187//1763 1172//1763 1171//1763
f 1187//1764 1171//1764 1188//1764
f 1188//1765 1171//1765 1170//1765
f 1188//1766 1170//1766 1189//1766
f 1189//1767 1170//1767 1169//1767
f 1189//1768 1169//1768 1190//1768
f 1190//1769 1169//1769 1168//1769
f 1190//1770 1168//1770 1191//1770
f 1191//1771 1168//1771 1167//1771
f 1191//1772 1167//1772 1192//1772
f 1192//1773 1167//1773 1166//1773
f 1192//1774 1166//1774 1193//1774
f 1193//1775 1166//1775 1165//1775
f 1193//1776 1165//1776 1194//1776
f 1194//1777 1165//1777 1164//1777
f 1194//1778 1164//1778 1195//1778
f 1195//1779 1164//1779 1163//1779
f 1195//1780 1163//1780 1196//1780
f 1196//1781 1163//1781 1162//1781
f 1196//1782 1162//1782 1197//1782
f 1197//1783 1162//1783 1161//1783
f 1197//1784 1161//1784 1198//1784
f 1198//1785 1161//1785 1160//1785
f 1198//1786 1160//1786 1199//1786
f 1199//1787 1160//1787 1159//1787
f 1199//1788 1159//1788 1200//1788
f 1200//1789 1159//1789 1158//1789
f 1200//1790 1158//1790 1201//1790
f 1201//1791 1158//1791 1157//1791
f 1201//1792 1157//1792 1202//1792
f 1202//1793 1157//1793 1156//1793
f 1202//1794 1156//1794 1058//1794
f 1058//1795 1156//1795 1059//1795
f 1203//1796 1204//1796 1205//1796
f 1205//1796 1204//1796 1206//1796
f 1205//1796 1206//1796 1207//1796
f 1205//1796 1207//1796 1208//1796
f 1208//1796 1207//1796 1043//1796
f 1208//1796 1043//1796 1044//1796
f 1044//1797 1048//1797 1208//1797
f 1208//1798 1048//1798 1205//1798
f 1205//1799 1048//1799 1203//1799
f 1203//1800 1048//1800 1209//1800
f 1209//1801 1048//1801 1047//1801
f 1209//1802 1047//1802 1210//1802
f 1210//1803 1047//1803 1046//1803
f 1210//1804 1046//1804 1211//1804
f 1211//1805 1046//1805 1045//1805
f 1211//1806 1045//1806 1212//1806
f 1212//1806 1213//1806 1211//1806
f 517//1807 1211//1807 518//1807
f 518//1807 1211//1807 1213//1807
f 518//1807 1213//1807 519//1807
f 519//1807 1213//1807 1212//1807
f 519//1807 1212//1807 520//1807
f 520//1807 1212//1807 1045//1807
f 1049//1808 1214//1808 512//1808
f 512//1808 1214//1808 513//1808
f 513//1808 1214//1808 521//1808
f 521//1808 1214//1808 1215//1808
f 521//1808 1215//1808 511//1808
f 511//1808 1215//1808 1216//1808
f 1217//1809 1216//1809 1050//1809
f 1050//1810 1216//1810 1215//1810
f 1050//1811 1215//1811 1214//1811
f 1214//1812 1049//1812 1050//1812
f 1050//1813 1051//1813 1217//1813
f 1217//1814 1051//1814 1218//1814
f 1218//1815 1051//1815 1053//1815
f 1218//1816 1053//1816 1219//1816
f 1219//1817 1053//1817 1052//1817
f 1219//1818 1052//1818 1220//1818
f 1220//1818 1221//1818 1219//1818
f 1054//1819 1222//1819 1052//1819
f 1052//1819 1222//1819 1220//1819
f 1220//1819 1222//1819 1223//1819
f 1220//1819 1223//1819 1221//1819
f 1221//1819 1223//1819 1219//1819
f 1219//1819 1223//1819 1224//1819
f 1057//1820 1043//1820 1204//1820
f 1204//1821 1043//1821 1207//1821
f 1204//1822 1207//1822 1206//1822
f 1204//1823 1225//1823 1057//1823
f 1057//1824 1225//1824 1056//1824
f 1056//1825 1225//1825 1226//1825
f 1056//1826 1226//1826 1055//1826
f 1055//1827 1226//1827 1224//1827
f 1055//1828 1224//1828 1223//1828
f 1223//1829 1222//1829 1055//1829
f 1055//1830 1222//1830 1054//1830
f 1074//1831 58//1831 1093//1831
f 1093//1832 58//1832 56//1832
f 1093//1833 56//1833 1094//1833
f 1094//1834 56//1834 54//1834
f 1094//1835 54//1835 1073//1835
f 1073//1836 54//1836 104//1836
f 1073//1837 104//1837 102//1837
f 1076//1838 62//1838 1074//1838
f 1074//1839 62//1839 60//1839
f 1074//1840 60//1840 58//1840
f 1076//1841 1078//1841 62//1841
f 62//1842 1078//1842 64//1842
f 64//1843 1078//1843 1080//1843
f 64//1844 1080//1844 1180//1844
f 64//1845 1180//1845 66//1845
f 66//1846 1180//1846 1181//1846
f 66//1847 1181//1847 68//1847
f 68//1848 1181//1848 1182//1848
f 68//1849 1182//1849 1183//1849
f 68//1850 1183//1850 70//1850
f 70//1851 1183//1851 1184//1851
f 70//1852 1184//1852 1185//1852
f 70//1853 1185//1853 72//1853
f 72//1854 1185//1854 1186//1854
f 72//1855 1186//1855 74//1855
f 74//1856 1186//1856 1187//1856
f 74//1857 1187//1857 76//1857
f 76//1858 1187//1858 1188//1858
f 76//1859 1188//1859 78//1859
f 78//1860 1188//1860 1189//1860
f 78//1861 1189//1861 1190//1861
f 78//1862 1190//1862 80//1862
f 80//1863 1190//1863 1191//1863
f 80//1864 1191//1864 82//1864
f 82//1865 1191//1865 84//1865
f 84//1866 1191//1866 1192//1866
f 84//1867 1192//1867 86//1867
f 86//1868 1192//1868 1193//1868
f 86//1869 1193//1869 1194//1869
f 86//1870 1194//1870 88//1870
f 88//1871 1194//1871 1195//1871
f 88//1872 1195//1872 90//1872
f 90//1873 1195//1873 1196//1873
f 90//1874 1196//1874 92//1874
f 92//1875 1196//1875 1197//1875
f 92//1876 1197//1876 94//1876
f 94//1877 1197//1877 1198//1877
f 94//1878 1198//1878 1199//1878
f 94//1879 1199//1879 96//1879
f 96//1880 1199//1880 1200//1880
f 96//1881 1200//1881 1201//1881
f 96//1882 1201//1882 98//1882
f 98//1883 1201//1883 1202//1883
f 98//1884 1202//1884 100//1884
f 100//1885 1202//1885 1058//1885
f 100//1886 1058//1886 1060//1886
f 100//1887 1060//1887 102//1887
f 102//1888 1060//1888 1062//1888
f 102//1889 1062//1889 1073//1889
f 1227//1890 1106//1890 1090//1890
f 1090//1891 1106//1891 1088//1891
f 1097//1892 1067//1892 1228//1892
f 1228//1893 1067//1893 1100//1893
f 1105//1894 1229//1894 1085//1894
f 1085//1895 1229//1895 1109//1895
f 1109//1896 1229//1896 1230//1896
f 1109//1897 1230//1897 1111//1897
f 1111//1898 1230//1898 1231//1898
f 1111//1899 1231//1899 1113//1899
f 1113//1900 1231//1900 1232//1900
f 1113//1901 1232//1901 1115//1901
f 1115//1902 1232//1902 1233//1902
f 1115//1903 1233//1903 1117//1903
f 1117//1904 1233//1904 1234//1904
f 1117//1905 1234//1905 1119//1905
f 1119//1906 1234//1906 1235//1906
f 1119//1907 1235//1907 1121//1907
f 1121//1908 1235//1908 1236//1908
f 1121//1909 1236//1909 1123//1909
f 1123//1910 1236//1910 1237//1910
f 1123//1911 1237//1911 1125//1911
f 1125//1912 1237//1912 1238//1912
f 1125//1913 1238//1913 1127//1913
f 1127//1914 1238//1914 1239//1914
f 1127//1915 1239//1915 1129//1915
f 1129//1916 1239//1916 1240//1916
f 1129//1917 1240//1917 1131//1917
f 1131//1918 1240//1918 1241//1918
f 1131//1919 1241//1919 1133//1919
f 1133//1920 1241//1920 1242//1920
f 1133//1921 1242//1921 1135//1921
f 1135//1922 1242//1922 1243//1922
f 1135//1923 1243//1923 1137//1923
f 1137//1924 1243//1924 1244//1924
f 1137//1925 1244//1925 1139//1925
f 1139//1926 1244//1926 1245//1926
f 1139//1927 1245//1927 1141//1927
f 1141//1928 1245//1928 1246//1928
f 1141//1929 1246//1929 1143//1929
f 1143//1930 1246//1930 1247//1930
f 1143//1931 1247//1931 1145//1931
f 1145//1932 1247//1932 1248//1932
f 1145//1933 1248//1933 1147//1933
f 1147//1934 1248//1934 1249//1934
f 1147//1935 1249//1935 1149//1935
f 1149//1936 1249//1936 1250//1936
f 1149//1937 1250//1937 1151//1937
f 1151//1938 1250//1938 1251//1938
f 1151//1939 1251//1939 1153//1939
f 1153//1940 1251//1940 1252//1940
f 1153//1941 1252//1941 1155//1941
f 1155//1942 1252//1942 1101//1942
f 1155//1943 1101//1943 1071//1943
f 1105//1944 1104//1944 1253//1944
f 1253//1945 1104//1945 1254//1945
f 1253//1946 1254//1946 1255//1946
f 1255//1947 1254//1947 1256//1947
f 1255//1948 1256//1948 1257//1948
f 1257//1949 1256//1949 1258//1949
f 1258//1950 1256//1950 1259//1950
f 1258//1951 1259//1951 1260//1951
f 1260//1952 1259//1952 1261//1952
f 1260//1953 1261//1953 1262//1953
f 1254//1954 1104//1954 1263//1954
f 1263//1954 1104//1954 1107//1954
f 1263//1955 1107//1955 1264//1955
f 1264//1956 1107//1956 1106//1956
f 1264//1957 1261//1957 1263//1957
f 1263//1958 1261//1958 1259//1958
f 1263//1959 1259//1959 1254//1959
f 1254//1959 1259//1959 1256//1959
f 1257//1960 1265//1960 1255//1960
f 1262//1961 1261//1961 1266//1961
f 1266//1962 1261//1962 1267//1962
f 1267//1963 1261//1963 1264//1963
f 1267//1964 1264//1964 1268//1964
f 1268//1965 1264//1965 1106//1965
f 1268//1966 1106//1966 1227//1966
f 1224//1967 1267//1967 1219//1967
f 1219//1968 1267//1968 1268//1968
f 1219//1969 1268//1969 1227//1969
f 1267//1970 1224//1970 1266//1970
f 1266//1971 1224//1971 1226//1971
f 1266//1972 1226//1972 1225//1972
f 1266//1973 1225//1973 1269//1973
f 1269//1974 1225//1974 1204//1974
f 1269//1975 1204//1975 1270//1975
f 1270//1976 1204//1976 1203//1976
f 1270//1977 1203//1977 1271//1977
f 1271//1978 1203//1978 1228//1978
f 1228//1979 1203//1979 1209//1979
f 1228//1596 1209//1596 1210//1596
f 1228//1980 1210//1980 1097//1980
f 1097//1981 1210//1981 1211//1981
f 1097//1982 1211//1982 1096//1982
f 1096//1983 1211//1983 1095//1983
f 1095//1984 1211//1984 517//1984
f 1095//1985 517//1985 1094//1985
f 1094//1986 517//1986 515//1986
f 1094//1596 515//1596 1093//1596
f 1093//1596 515//1596 509//1596
f 1093//1987 509//1987 511//1987
f 1093//1988 511//1988 1092//1988
f 1092//1989 511//1989 1216//1989
f 1092//1990 1216//1990 1091//1990
f 1091//1991 1216//1991 1090//1991
f 1090//1992 1216//1992 1217//1992
f 1090//1993 1217//1993 1218//1993
f 1090//1994 1218//1994 1227//1994
f 1227//1995 1218//1995 1219//1995
f 1272//1996 1269//1996 1273//1996
f 1273//1997 1269//1997 1270//1997
f 1273//1998 1270//1998 1271//1998
f 1273//1999 1271//1999 1274//1999
f 1274//2000 1271//2000 1228//2000
f 1274//2001 1228//2001 1100//2001
f 1100//2002 1099//2002 1274//2002
f 1274//2003 1099//2003 1275//2003
f 1274//2004 1275//2004 1273//2004
f 1273//2005 1275//2005 1276//2005
f 1273//2006 1276//2006 1277//2006
f 1277//2007 1276//2007 1278//2007
f 1277//2008 1278//2008 1279//2008
f 1279//2009 1278//2009 1280//2009
f 1280//2010 1278//2010 1281//2010
f 1280//2011 1281//2011 1282//2011
f 1099//2012 1102//2012 1275//2012
f 1275//2012 1102//2012 1283//2012
f 1275//2013 1283//2013 1276//2013
f 1276//2013 1283//2013 1278//2013
f 1101//2014 1284//2014 1102//2014
f 1102//2015 1284//2015 1283//2015
f 1284//2016 1281//2016 1283//2016
f 1283//2017 1281//2017 1278//2017
f 1277//2018 1272//2018 1273//2018
f 1105//2019 1253//2019 1229//2019
f 1229//2020 1253//2020 1285//2020
f 1229//2021 1285//2021 1286//2021
f 1286//2022 1285//2022 1287//2022
f 1286//2023 1287//2023 1288//2023
f 1288//2024 1287//2024 1289//2024
f 1288//2025 1289//2025 1290//2025
f 1253//2026 1255//2026 1285//2026
f 1285//2027 1255//2027 1291//2027
f 1285//2022 1291//2022 1287//2022
f 1287//2028 1291//2028 1292//2028
f 1287//2029 1292//2029 1293//2029
f 1265//2030 1294//2030 1255//2030
f 1255//2031 1294//2031 1291//2031
f 1294//2032 1292//2032 1291//2032
f 1293//2033 1289//2033 1287//2033
f 1288//2034 1290//2034 1295//2034
f 1295//2035 1290//2035 1296//2035
f 1295//2036 1296//2036 1297//2036
f 1297//2037 1296//2037 1298//2037
f 1297//2038 1298//2038 1299//2038
f 1299//2039 1298//2039 1300//2039
f 1299//2040 1300//2040 1301//2040
f 1301//2041 1300//2041 1302//2041
f 1301//2042 1302//2042 1303//2042
f 1303//2043 1302//2043 1304//2043
f 1303//2044 1304//2044 1305//2044
f 1303//2045 1305//2045 1306//2045
f 1306//2046 1305//2046 1307//2046
f 1306//2047 1307//2047 1308//2047
f 1308//2048 1307//2048 1309//2048
f 1308//2049 1309//2049 1310//2049
f 1310//2050 1309//2050 1311//2050
f 1310//2051 1311//2051 1312//2051
f 1310//2052 1312//2052 1313//2052
f 1313//2053 1312//2053 1314//2053
f 1313//2054 1314//2054 1315//2054
f 1313//2055 1315//2055 1316//2055
f 1316//2056 1315//2056 1317//2056
f 1316//2057 1317//2057 1318//2057
f 1316//2058 1318//2058 1319//2058
f 1319//2059 1318//2059 1320//2059
f 1319//2060 1320//2060 1321//2060
f 1321//2061 1320//2061 1322//2061
f 1321//2062 1322//2062 1323//2062
f 1323//2063 1322//2063 1324//2063
f 1323//2064 1324//2064 1325//2064
f 1325//2065 1324//2065 1326//2065
f 1325//2066 1326//2066 1327//2066
f 1325//2067 1327//2067 1328//2067
f 1328//2068 1327//2068 1329//2068
f 1328//2069 1329//2069 1330//2069
f 1330//2070 1329//2070 1331//2070
f 1330//2071 1331//2071 1332//2071
f 1332//2072 1331//2072 1333//2072
f 1332//2073 1333//2073 1334//2073
f 1334//2074 1333//2074 1335//2074
f 1334//2075 1335//2075 1336//2075
f 1336//2076 1335//2076 1337//2076
f 1336//2077 1337//2077 1338//2077
f 1338//2078 1337//2078 1339//2078
f 1338//2079 1339//2079 1340//2079
f 1338//2080 1340//2080 1341//2080
f 1341//2081 1340//2081 1342//2081
f 1341//2082 1342//2082 1281//2082
f 1281//2083 1342//2083 1282//2083
f 1341//2084 1281//2084 1343//2084
f 1343//2085 1281//2085 1284//2085
f 1343//2086 1284//2086 1252//2086
f 1252//2087 1284//2087 1101//2087
f 1343//2088 1252//2088 1344//2088
f 1344//2088 1252//2088 1251//2088
f 1344//2089 1251//2089 1345//2089
f 1345//2089 1251//2089 1250//2089
f 1345//2090 1250//2090 1249//2090
f 1345//2090 1249//2090 1346//2090
f 1346//2091 1249//2091 1248//2091
f 1346//2091 1248//2091 1347//2091
f 1347//2092 1248//2092 1247//2092
f 1347//2092 1247//2092 1348//2092
f 1348//2093 1247//2093 1246//2093
f 1348//2093 1246//2093 1349//2093
f 1349//2094 1246//2094 1245//2094
f 1349//2095 1245//2095 1350//2095
f 1350//2096 1245//2096 1244//2096
f 1350//2097 1244//2097 1351//2097
f 1351//2098 1244//2098 1243//2098
f 1351//2098 1243//2098 1352//2098
f 1352//2099 1243//2099 1242//2099
f 1352//2099 1242//2099 1353//2099
f 1353//2100 1242//2100 1241//2100
f 1353//2100 1241//2100 1354//2100
f 1354//2101 1241//2101 1240//2101
f 1354//2102 1240//2102 1355//2102
f 1355//2103 1240//2103 1239//2103
f 1355//2103 1239//2103 1356//2103
f 1356//2104 1239//2104 1238//2104
f 1356//2104 1238//2104 1357//2104
f 1357//2105 1238//2105 1237//2105
f 1357//2105 1237//2105 1358//2105
f 1358//2106 1237//2106 1359//2106
f 1358//2107 1359//2107 1303//2107
f 1303//2108 1359//2108 1301//2108
f 1237//2109 1236//2109 1359//2109
f 1359//2110 1236//2110 1360//2110
f 1359//2111 1360//2111 1301//2111
f 1301//2112 1360//2112 1361//2112
f 1301//2112 1361//2112 1299//2112
f 1299//2113 1361//2113 1362//2113
f 1299//2113 1362//2113 1297//2113
f 1297//2114 1362//2114 1363//2114
f 1297//2114 1363//2114 1295//2114
f 1295//2115 1363//2115 1364//2115
f 1295//2115 1364//2115 1288//2115
f 1288//2023 1364//2023 1286//2023
f 1236//2116 1235//2116 1360//2116
f 1360//2117 1235//2117 1234//2117
f 1360//2117 1234//2117 1361//2117
f 1361//2118 1234//2118 1233//2118
f 1361//2118 1233//2118 1362//2118
f 1362//2119 1233//2119 1232//2119
f 1362//2119 1232//2119 1363//2119
f 1363//2120 1232//2120 1231//2120
f 1363//2120 1231//2120 1364//2120
f 1364//2121 1231//2121 1230//2121
f 1364//2121 1230//2121 1286//2121
f 1286//2021 1230//2021 1229//2021
f 1303//2122 1306//2122 1358//2122
f 1358//2123 1306//2123 1308//2123
f 1358//2123 1308//2123 1357//2123
f 1357//2124 1308//2124 1310//2124
f 1357//2124 1310//2124 1356//2124
f 1356//2125 1310//2125 1313//2125
f 1356//2125 1313//2125 1355//2125
f 1355//2126 1313//2126 1316//2126
f 1355//2127 1316//2127 1354//2127
f 1354//2128 1316//2128 1319//2128
f 1354//2128 1319//2128 1353//2128
f 1353//2129 1319//2129 1321//2129
f 1353//2129 1321//2129 1352//2129
f 1352//2130 1321//2130 1323//2130
f 1352//2130 1323//2130 1351//2130
f 1351//2131 1323//2131 1325//2131
f 1351//2132 1325//2132 1350//2132
f 1350//2133 1325//2133 1328//2133
f 1350//2134 1328//2134 1349//2134
f 1349//2135 1328//2135 1330//2135
f 1349//2135 1330//2135 1348//2135
f 1348//2136 1330//2136 1332//2136
f 1348//2136 1332//2136 1347//2136
f 1347//2137 1332//2137 1334//2137
f 1347//2137 1334//2137 1346//2137
f 1346//2138 1334//2138 1345//2138
f 1344//2139 1345//2139 1336//2139
f 1336//2138 1345//2138 1334//2138
f 1343//2140 1344//2140 1338//2140
f 1338//2139 1344//2139 1336//2139
f 1341//2140 1343//2140 1338//2140
f 2//2141 1266//2141 4//2141
f 4//2142 1266//2142 1269//2142
f 4//2143 1269//2143 6//2143
f 6//2144 1269//2144 1272//2144
f 6//2145 1272//2145 8//2145
f 8//2146 1272//2146 1277//2146
f 8//2147 1277//2147 10//2147
f 10//2148 1277//2148 1279//2148
f 10//2149 1279//2149 1280//2149
f 1266//2150 2//2150 1262//2150
f 1262//2151 2//2151 52//2151
f 1262//2152 52//2152 1260//2152
f 1260//2153 52//2153 50//2153
f 1260//2154 50//2154 1258//2154
f 1258//2155 50//2155 1257//2155
f 1257//2156 50//2156 48//2156
f 1257//2157 48//2157 1265//2157
f 1265//2158 48//2158 1294//2158
f 1294//2159 48//2159 46//2159
f 1294//2160 46//2160 1292//2160
f 1292//2161 46//2161 1293//2161
f 1293//2162 46//2162 44//2162
f 1293//2163 44//2163 1289//2163
f 1289//2164 44//2164 1290//2164
f 1290//2165 44//2165 1296//2165
f 1296//2166 44//2166 42//2166
f 1296//2167 42//2167 1298//2167
f 1298//2168 42//2168 1300//2168
f 1300//2169 42//2169 40//2169
f 1300//2170 40//2170 1302//2170
f 1302//2171 40//2171 38//2171
f 1302//2172 38//2172 1304//2172
f 1304//2173 38//2173 1305//2173
f 1305//2174 38//2174 36//2174
f 1305//2175 36//2175 1307//2175
f 1307//2176 36//2176 34//2176
f 1307//2177 34//2177 1309//2177
f 1309//2178 34//2178 1311//2178
f 1311//2179 34//2179 32//2179
f 1311//2180 32//2180 1312//2180
f 1312//2181 32//2181 1314//2181
f 1314//2182 32//2182 30//2182
f 1314//2183 30//2183 1315//2183
f 1315//2184 30//2184 1317//2184
f 1317//2185 30//2185 28//2185
f 1317//2186 28//2186 1318//2186
f 1318//2187 28//2187 26//2187
f 1318//2188 26//2188 1320//2188
f 1320//2189 26//2189 1322//2189
f 1322//2190 26//2190 24//2190
f 1322//2191 24//2191 1324//2191
f 1324//2192 24//2192 22//2192
f 1324//2193 22//2193 1326//2193
f 1326//2194 22//2194 1327//2194
f 1327//2195 22//2195 20//2195
f 1327//2196 20//2196 1329//2196
f 1329//2197 20//2197 18//2197
f 1329//2198 18//2198 1331//2198
f 1331//2199 18//2199 1333//2199
f 1333//2200 18//2200 16//2200
f 1333//2201 16//2201 1335//2201
f 1335//2202 16//2202 1337//2202
f 1337//2203 16//2203 1339//2203
f 1339//2204 16//2204 14//2204
f 1339//2205 14//2205 1340//2205
f 1340//2206 14//2206 1342//2206
f 1342//2207 14//2207 12//2207
f 1342//2208 12//2208 1282//2208
f 1282//2209 12//2209 1280//2209
f 1280//2210 12//2210 10//2210
f 1365//2211 1366//2211 1367//2211
f 1367//2212 1366//2212 1368//2212
f 1367//2213 1368//2213 1369//2213
f 1369//2214 1368//2214 1370//2214
f 1369//2215 1370//2215 1371//2215
f 1371//2216 1370//2216 1372//2216
f 1371//2217 1372//2217 1373//2217
f 1373//2218 1372//2218 1374//2218
f 1373//2219 1374//2219 1375//2219
f 1375//2220 1374//2220 1376//2220
f 1375//2221 1376//2221 1377//2221
f 1377//2222 1376//2222 1378//2222
f 1377//2223 1378//2223 1379//2223
f 1379//2224 1378//2224 1380//2224
f 1379//2225 1380//2225 1381//2225
f 1381//2226 1380//2226 1382//2226
f 1381//2227 1382//2227 1383//2227
f 1383//2227 1382//2227 1384//2227
f 1383//2228 1384//2228 1385//2228
f 1385//2229 1384//2229 1386//2229
f 1385//2230 1386//2230 1387//2230
f 1387//2231 1386//2231 1388//2231
f 1387//2232 1388//2232 1389//2232
f 1389//2233 1388//2233 1390//2233
f 1389//2234 1390//2234 1391//2234
f 1391//2235 1390//2235 1392//2235
f 1391//2236 1392//2236 1393//2236
f 1393//2237 1392//2237 1394//2237
f 1393//2238 1394//2238 1395//2238
f 1395//2239 1394//2239 1396//2239
f 1395//2240 1396//2240 1397//2240
f 1397//2241 1396//2241 1398//2241
f 1397//2242 1398//2242 1399//2242
f 1399//2243 1398//2243 1400//2243
f 1399//2244 1400//2244 1401//2244
f 1401//2245 1400//2245 1402//2245
f 1401//2246 1402//2246 1403//2246
f 1403//2247 1402//2247 1404//2247
f 1403//2248 1404//2248 1405//2248
f 1405//2249 1404//2249 1406//2249
f 1405//2250 1406//2250 1407//2250
f 1407//2251 1406//2251 1408//2251
f 1407//2252 1408//2252 1409//2252
f 1409//2252 1408//2252 1410//2252
f 1409//2253 1410//2253 1411//2253
f 1411//2254 1410//2254 1412//2254
f 1411//2255 1412//2255 1413//2255
f 1413//2255 1412//2255 1414//2255
f 1413//2256 1414//2256 1415//2256
f 1415//2257 1414//2257 1416//2257
f 1415//2258 1416//2258 1417//2258
f 1417//2259 1416//2259 1418//2259
f 1417//2260 1418//2260 1419//2260
f 1419//2261 1418//2261 1420//2261
f 1419//2262 1420//2262 1421//2262
f 1421//2263 1420//2263 1422//2263
f 1421//2264 1422//2264 1423//2264
f 1423//2265 1422//2265 1424//2265
f 1423//2266 1424//2266 1365//2266
f 1365//2267 1424//2267 1366//2267
f 1425//2268 1370//2268 1426//2268
f 1426//2269 1370//2269 1368//2269
f 1426//2270 1368//2270 1427//2270
f 1427//2270 1368//2270 1366//2270
f 1427//2271 1366//2271 1428//2271
f 1428//2272 1366//2272 1424//2272
f 1428//2273 1424//2273 1429//2273
f 1429//2274 1424//2274 1422//2274
f 1429//2275 1422//2275 1430//2275
f 1430//2276 1422//2276 1420//2276
f 1430//2277 1420//2277 1431//2277
f 1431//2278 1420//2278 1418//2278
f 1431//2279 1418//2279 1432//2279
f 1432//2280 1418//2280 1416//2280
f 1432//2281 1416//2281 1433//2281
f 1433//2282 1416//2282 1414//2282
f 1433//24 1414//24 1434//24
f 1434//24 1414//24 1412//24
f 1434//2283 1412//2283 1435//2283
f 1435//2284 1412//2284 1410//2284
f 1435//2285 1410//2285 1436//2285
f 1436//2286 1410//2286 1408//2286
f 1436//2287 1408//2287 1437//2287
f 1437//2288 1408//2288 1406//2288
f 1437//2289 1406//2289 1438//2289
f 1438//2290 1406//2290 1404//2290
f 1438//2291 1404//2291 1439//2291
f 1439//2292 1404//2292 1402//2292
f 1439//2293 1402//2293 1440//2293
f 1440//2294 1402//2294 1400//2294
f 1440//2295 1400//2295 1441//2295
f 1441//2295 1400//2295 1398//2295
f 1441//2296 1398//2296 1442//2296
f 1442//2297 1398//2297 1396//2297
f 1442//2298 1396//2298 1443//2298
f 1443//2299 1396//2299 1394//2299
f 1443//2300 1394//2300 1444//2300
f 1444//2301 1394//2301 1392//2301
f 1444//2302 1392//2302 1445//2302
f 1445//2303 1392//2303 1390//2303
f 1445//2304 1390//2304 1446//2304
f 1446//2305 1390//2305 1388//2305
f 1446//2306 1388//2306 1447//2306
f 1447//2307 1388//2307 1386//2307
f 1447//2308 1386//2308 1448//2308
f 1448//2309 1386//2309 1384//2309
f 1448//11 1384//11 1449//11
f 1449//11 1384//11 1382//11
f 1449//2310 1382//2310 1450//2310
f 1450//2311 1382//2311 1380//2311
f 1450//2312 1380//2312 1451//2312
f 1451//2313 1380//2313 1378//2313
f 1451//2314 1378//2314 1452//2314
f 1452//2315 1378//2315 1376//2315
f 1452//2316 1376//2316 1453//2316
f 1453//2317 1376//2317 1374//2317
f 1453//2318 1374//2318 1454//2318
f 1454//2319 1374//2319 1372//2319
f 1454//2320 1372//2320 1425//2320
f 1425//2321 1372//2321 1370//2321
f 1427//2322 1455//2322 1426//2322
f 1426//2323 1455//2323 1456//2323
f 1426//2324 1456//2324 1425//2324
f 1425//2325 1456//2325 1457//2325
f 1425//2326 1457//2326 1454//2326
f 1454//2327 1457//2327 1458//2327
f 1454//2328 1458//2328 1453//2328
f 1453//2329 1458//2329 1459//2329
f 1453//2330 1459//2330 1452//2330
f 1452//2331 1459//2331 1460//2331
f 1452//2332 1460//2332 1451//2332
f 1451//2333 1460//2333 1450//2333
f 1450//2334 1460//2334 1461//2334
f 1450//2335 1461//2335 1449//2335
f 1449//2336 1461//2336 1462//2336
f 1449//2337 1462//2337 1448//2337
f 1448//2338 1462//2338 1463//2338
f 1448//2339 1463//2339 1447//2339
f 1447//2340 1463//2340 1464//2340
f 1447//2341 1464//2341 1446//2341
f 1446//2342 1464//2342 1465//2342
f 1446//2343 1465//2343 1445//2343
f 1445//2344 1465//2344 1466//2344
f 1445//2345 1466//2345 1444//2345
f 1444//2346 1466//2346 1467//2346
f 1444//2347 1467//2347 1443//2347
f 1443//2348 1467//2348 1468//2348
f 1443//2349 1468//2349 1442//2349
f 1442//2350 1468//2350 1469//2350
f 1442//2351 1469//2351 1441//2351
f 1441//2352 1469//2352 1440//2352
f 1440//2353 1469//2353 1470//2353
f 1440//2354 1470//2354 1439//2354
f 1439//2355 1470//2355 1471//2355
f 1439//2356 1471//2356 1438//2356
f 1438//2357 1471//2357 1472//2357
f 1438//2358 1472//2358 1437//2358
f 1437//2359 1472//2359 1473//2359
f 1437//2360 1473//2360 1436//2360
f 1436//2361 1473//2361 1474//2361
f 1436//2362 1474//2362 1435//2362
f 1435//2363 1474//2363 1475//2363
f 1435//2364 1475//2364 1434//2364
f 1434//2365 1475//2365 1476//2365
f 1434//2366 1476//2366 1433//2366
f 1433//2367 1476//2367 1477//2367
f 1433//2368 1477//2368 1432//2368
f 1432//2369 1477//2369 1478//2369
f 1432//2370 1478//2370 1431//2370
f 1431//2371 1478//2371 1430//2371
f 1430//2372 1478//2372 1479//2372
f 1430//2373 1479//2373 1429//2373
f 1429//2374 1479//2374 1480//2374
f 1429//2375 1480//2375 1428//2375
f 1428//2376 1480//2376 1481//2376
f 1428//2377 1481//2377 1427//2377
f 1427//2378 1481//2378 1455//2378
f 1369//2379 1482//2379 1367//2379
f 1367//2380 1482//2380 1483//2380
f 1367//2381 1483//2381 1365//2381
f 1365//2382 1483//2382 1484//2382
f 1365//2383 1484//2383 1423//2383
f 1423//2384 1484//2384 1485//2384
f 1423//2385 1485//2385 1421//2385
f 1421//2386 1485//2386 1486//2386
f 1421//2387 1486//2387 1419//2387
f 1419//2388 1486//2388 1487//2388
f 1419//2389 1487//2389 1417//2389
f 1417//2390 1487//2390 1415//2390
f 1415//2391 1487//2391 1488//2391
f 1415//2392 1488//2392 1413//2392
f 1413//2393 1488//2393 1489//2393
f 1413//2394 1489//2394 1411//2394
f 1411//2395 1489//2395 1490//2395
f 1411//2396 1490//2396 1409//2396
f 1409//2397 1490//2397 1491//2397
f 1409//2398 1491//2398 1407//2398
f 1407//2399 1491//2399 1492//2399
f 1407//2400 1492//2400 1405//2400
f 1405//2401 1492//2401 1493//2401
f 1405//2402 1493//2402 1403//2402
f 1403//2403 1493//2403 1494//2403
f 1403//2404 1494//2404 1401//2404
f 1401//2405 1494//2405 1495//2405
f 1401//2406 1495//2406 1399//2406
f 1399//2407 1495//2407 1496//2407
f 1399//2408 1496//2408 1397//2408
f 1397//2409 1496//2409 1395//2409
f 1395//2410 1496//2410 1497//2410
f 1395//2411 1497//2411 1393//2411
f 1393//2412 1497//2412 1498//2412
f 1393//2413 1498//2413 1391//2413
f 1391//2414 1498//2414 1499//2414
f 1391//2415 1499//2415 1389//2415
f 1389//2416 1499//2416 1500//2416
f 1389//2417 1500//2417 1387//2417
f 1387//2418 1500//2418 1501//2418
f 1387//2419 1501//2419 1385//2419
f 1385//2420 1501//2420 1502//2420
f 1385//2421 1502//2421 1383//2421
f 1383//2422 1502//2422 1503//2422
f 1383//2423 1503//2423 1381//2423
f 1381//2424 1503//2424 1504//2424
f 1381//2425 1504//2425 1379//2425
f 1379//2426 1504//2426 1505//2426
f 1379//2427 1505//2427 1377//2427
f 1377//2428 1505//2428 1375//2428
f 1375//2429 1505//2429 1506//2429
f 1375//2430 1506//2430 1373//2430
f 1373//2431 1506//2431 1507//2431
f 1373//2432 1507//2432 1371//2432
f 1371//2433 1507//2433 1508//2433
f 1371//2434 1508//2434 1369//2434
f 1369//2435 1508//2435 1482//2435
f 1468//2436 1509//2436 1469//2436
f 1469//2437 1509//2437 1510//2437
f 1469//2438 1510//2438 1470//2438
f 1470//2439 1510//2439 1511//2439
f 1470//2440 1511//2440 1471//2440
f 1471//2441 1511//2441 1512//2441
f 1471//2442 1512//2442 1472//2442
f 1472//2443 1512//2443 1513//2443
f 1472//2444 1513//2444 1473//2444
f 1473//2445 1513//2445 1514//2445
f 1473//2446 1514//2446 1474//2446
f 1474//2447 1514//2447 1515//2447
f 1474//2448 1515//2448 1475//2448
f 1475//2449 1515//2449 1516//2449
f 1475//2450 1516//2450 1476//2450
f 1476//2451 1516//2451 1517//2451
f 1476//2452 1517//2452 1477//2452
f 1477//2453 1517//2453 1518//2453
f 1477//2454 1518//2454 1478//2454
f 1478//2455 1518//2455 1519//2455
f 1478//2456 1519//2456 1479//2456
f 1479//2457 1519//2457 1520//2457
f 1479//2458 1520//2458 1480//2458
f 1480//2459 1520//2459 1521//2459
f 1480//2460 1521//2460 1481//2460
f 1481//2461 1521//2461 1522//2461
f 1481//2462 1522//2462 1455//2462
f 1455//2463 1522//2463 1523//2463
f 1455//2464 1523//2464 1456//2464
f 1456//2465 1523//2465 1524//2465
f 1456//2466 1524//2466 1457//2466
f 1457//2467 1524//2467 1525//2467
f 1457//2468 1525//2468 1458//2468
f 1458//2469 1525//2469 1526//2469
f 1458//2470 1526//2470 1459//2470
f 1459//2471 1526//2471 1527//2471
f 1459//2472 1527//2472 1460//2472
f 1460//2473 1527//2473 1528//2473
f 1460//2474 1528//2474 1461//2474
f 1461//2475 1528//2475 1529//2475
f 1461//2476 1529//2476 1462//2476
f 1462//2477 1529//2477 1530//2477
f 1462//2478 1530//2478 1463//2478
f 1463//2479 1530//2479 1531//2479
f 1463//2480 1531//2480 1464//2480
f 1464//2481 1531//2481 1532//2481
f 1464//2482 1532//2482 1465//2482
f 1465//2483 1532//2483 1533//2483
f 1465//2484 1533//2484 1466//2484
f 1466//2485 1533//2485 1534//2485
f 1466//2486 1534//2486 1467//2486
f 1467//2487 1534//2487 1535//2487
f 1467//2488 1535//2488 1468//2488
f 1468//2489 1535//2489 1509//2489
f 1495//2490 1510//2490 1496//2490
f 1496//2491 1510//2491 1509//2491
f 1496//2492 1509//2492 1497//2492
f 1497//2493 1509//2493 1535//2493
f 1497//2494 1535//2494 1498//2494
f 1498//2495 1535//2495 1534//2495
f 1498//2496 1534//2496 1499//2496
f 1499//2497 1534//2497 1533//2497
f 1499//2498 1533//2498 1500//2498
f 1500//2499 1533//2499 1532//2499
f 1500//2500 1532//2500 1501//2500
f 1501//2501 1532//2501 1531//2501
f 1501//2502 1531//2502 1502//2502
f 1502//2503 1531//2503 1530//2503
f 1502//2504 1530//2504 1503//2504
f 1503//2505 1530//2505 1529//2505
f 1503//2506 1529//2506 1504//2506
f 1504//2507 1529//2507 1528//2507
f 1504//2508 1528//2508 1505//2508
f 1505//2509 1528//2509 1527//2509
f 1505//2510 1527//2510 1506//2510
f 1506//2511 1527//2511 1526//2511
f 1506//2512 1526//2512 1507//2512
f 1507//2513 1526//2513 1525//2513
f 1507//2514 1525//2514 1508//2514
f 1508//2515 1525//2515 1524//2515
f 1508//2516 1524//2516 1482//2516
f 1482//2517 1524//2517 1523//2517
f 1482//2518 1523//2518 1483//2518
f 1483//2519 1523//2519 1522//2519
f 1483//2520 1522//2520 1484//2520
f 1484//2521 1522//2521 1521//2521
f 1484//2522 1521//2522 1485//2522
f 1485//2523 1521//2523 1520//2523
f 1485//2524 1520//2524 1486//2524
f 1486//2525 1520//2525 1519//2525
f 1486//2526 1519//2526 1487//2526
f 1487//2527 1519//2527 1518//2527
f 1487//2528 1518//2528 1488//2528
f 1488//2529 1518//2529 1517//2529
f 1488//2530 1517//2530 1489//2530
f 1489//2531 1517//2531 1516//2531
f 1489//2532 1516//2532 1490//2532
f 1490//2533 1516//2533 1515//2533
f 1490//2534 1515//2534 1491//2534
f 1491//2535 1515//2535 1514//2535
f 1491//2536 1514//2536 1492//2536
f 1492//2537 1514//2537 1513//2537
f 1492//2538 1513//2538 1493//2538
f 1493//2539 1513//2539 1512//2539
f 1493//2540 1512//2540 1494//2540
f 1494//2541 1512//2541 1511//2541
f 1494//2542 1511//2542 1495//2542
f 1495//2543 1511//2543 1510//2543
# Vertices: 1535, normals: 2543, texture coordinates: 0, faces: 3066

