mtllib material.mtl
usemtl mat0
v 0.27100000 -0.03598100 0.09193500
v 0.30650100 -0.03731000 0.09872800
v 0.27100000 -0.03750000 0.10250000
v 0.30705900 -0.03744700 0.10051500
v 0.30728200 -0.03750000 0.10250000
v 0.27100000 -0.03154700 0.08222600
v 0.30020400 -0.03511000 0.08932700
v 0.30479800 -0.03683400 0.09546500
v 0.27100000 -0.02455700 0.07415900
v 0.28979200 -0.02820200 0.07778500
v 0.29496200 -0.03224300 0.08335200
v 0.28510100 -0.02296700 0.07285600
v 0.27100000 -0.01557800 0.06838900
v 0.28110500 -0.01626600 0.06871200
v 0.27843100 -0.00841700 0.06595700
v 0.27100000 -0.00533700 0.06538200
v 0.27750000 0.00000000 0.06500000
v 0.27100000 0.00533700 0.06538200
v 0.27843100 0.00841700 0.06595700
v 0.27100000 0.01557800 0.06838900
v 0.28110500 0.01626600 0.06871200
v 0.28510100 0.02296700 0.07285600
v 0.27100000 0.02455700 0.07415900
v 0.28979200 0.02820200 0.07778500
v 0.27100000 0.03154700 0.08222600
v 0.29496200 0.03224300 0.08335200
v 0.30020400 0.03511000 0.08932700
v 0.27100000 0.03598100 0.09193500
v 0.30479800 0.03683400 0.09546500
v 0.30650100 0.03731000 0.09872800
v 0.27100000 0.03750000 0.10250000
v 0.30705900 0.03744700 0.10051500
v 0.30728200 0.03750000 0.10250000
v 0.31600000 0.03850000 0.13641800
v 0.32684700 0.03694000 0.13351200
v 0.31600000 0.03850000 0.05320000
v 0.32684700 0.03694000 0.05320000
v 0.33681500 0.03238800 0.13084100
v 0.33681500 0.03238800 0.05320000
v 0.34509600 0.02521200 0.12862200
v 0.34509600 0.02521200 0.05320000
v 0.35102100 0.01599300 0.12703400
v 0.35102100 0.01599300 0.05320000
v 0.35410800 0.00547900 0.12620700
v 0.35410800 0.00547900 0.05320000
v 0.35410800 -0.00547900 0.12620700
v 0.35410800 -0.00547900 0.05320000
v 0.35102100 -0.01599300 0.05320000
v 0.35102100 -0.01599300 0.12703400
v 0.34509600 -0.02521200 0.05320000
v 0.34509600 -0.02521200 0.12862200
v 0.33681500 -0.03238800 0.05320000
v 0.33681500 -0.03238800 0.13084100
v 0.32684700 -0.03694000 0.05320000
v 0.32684700 -0.03694000 0.13351200
v 0.31600000 -0.03850000 0.05320000
v 0.31600000 -0.03850000 0.13641800
v 0.05561100 0.00000000 0.14036500
v 0.06600000 0.00000000 0.14000000
v 0.05915300 0.00749000 0.13961000
v 0.06600000 0.00731400 0.13928000
v 0.05934000 0.01469200 0.13744400
v 0.06600000 0.01435300 0.13714500
v 0.05960700 0.02073900 0.13431700
v 0.06600000 0.02083500 0.13367900
v 0.05995700 0.02613000 0.13018900
v 0.06600000 0.02651500 0.12901800
v 0.06037900 0.03069700 0.12519000
v 0.06600000 0.03117900 0.12333400
v 0.06085900 0.03429400 0.11948000
v 0.06600000 0.03464500 0.11685200
v 0.06138200 0.03680800 0.11323800
v 0.06600000 0.03677900 0.10981600
v 0.06193300 0.03815900 0.10666000
v 0.06600000 0.03750000 0.10250000
v 0.06249400 0.03830600 0.09995100
v 0.06600000 0.03677900 0.09518400
v 0.06304900 0.03724300 0.09332200
v 0.06600000 0.03464500 0.08814800
v 0.06354500 0.03519400 0.08740400
v 0.06600000 0.03117900 0.08166600
v 0.06400700 0.03218200 0.08189600
v 0.06442400 0.02828900 0.07694800
v 0.06203300 0.03293100 0.08163300
v 0.06286700 0.02894700 0.07666500
v 0.06132700 0.02960700 0.07629800
v 0.06240700 0.02472100 0.07202500
v 0.06125400 0.02526900 0.07159800
v 0.06242000 0.01958300 0.06814600
v 0.05900000 0.02637800 0.07055300
v 0.06074300 0.02044300 0.06718200
v 0.05688100 0.02747700 0.06928500
v 0.05918100 0.02129400 0.06606200
v 0.05488600 0.02858100 0.06778700
v 0.05772300 0.02215000 0.06478200
v 0.05304900 0.02968500 0.06607900
v 0.05639500 0.02300600 0.06335500
v 0.05163500 0.03062100 0.06447700
v 0.05538000 0.02373100 0.06203900
v 0.05036600 0.03155700 0.06274800
v 0.05447800 0.02445600 0.06063600
v 0.04898600 0.03274200 0.06040000
v 0.05350900 0.02537500 0.05874800
v 0.04787500 0.03392800 0.05789500
v 0.05274300 0.02629400 0.05675300
v 0.04704600 0.03511300 0.05525400
v 0.05219100 0.02721200 0.05466500
v 0.04905500 0.03278000 0.05250000
v 0.05450800 0.02258200 0.05250000
v 0.05597700 0.01856600 0.05422500
v 0.05786700 0.01150700 0.05250000
v 0.05829700 0.00941200 0.05395100
v 0.05900000 0.00000000 0.05250000
v 0.05853300 0.00909400 0.05537000
v 0.05951600 0.00000000 0.05621600
v 0.05889800 0.00877700 0.05675000
v 0.05938500 0.00845900 0.05808200
v 0.05684600 0.01731300 0.05751600
v 0.05751600 0.01668600 0.05906100
v 0.06600000 0.02651500 0.07598200
v 0.06478400 0.02362100 0.07269600
v 0.06358600 0.02417000 0.07239200
v 0.06328400 0.01915800 0.06855900
v 0.06328400 0.01336100 0.06559400
v 0.06203400 0.01394800 0.06468400
v 0.06088300 0.01452900 0.06367100
v 0.05982400 0.01511300 0.06254800
v 0.05886900 0.01569600 0.06132800
v 0.05814900 0.01619100 0.06022300
v 0.06600000 0.02083500 0.07132100
v 0.06507700 0.01830600 0.06925600
v 0.06417100 0.01873200 0.06893000
v 0.06393400 0.01307100 0.06600100
v 0.06381700 0.00677300 0.06402300
v 0.06283000 0.00707100 0.06314200
v 0.06193400 0.00736500 0.06219100
v 0.06111900 0.00766100 0.06116300
v 0.06039400 0.00795700 0.06007000
v 0.05985400 0.00820800 0.05909500
v 0.06600000 0.01435300 0.06785500
v 0.06529300 0.01249000 0.06672500
v 0.06460500 0.01278000 0.06637900
v 0.06433500 0.00662600 0.06442900
v 0.06310100 0.00000000 0.06261800
v 0.06600000 0.00731400 0.06572000
v 0.06542700 0.00633200 0.06517500
v 0.06487200 0.00647900 0.06481300
v 0.06600000 0.00000000 0.06500000
v 0.06091100 0.00000000 0.05964000
v 0.04172200 0.04171700 0.05250000
v 0.04068500 0.04205200 0.05597400
v 0.04186400 0.04063300 0.05928900
v 0.04340800 0.03921300 0.06241800
v 0.04529900 0.03779300 0.06533200
v 0.04702300 0.03667200 0.06746000
v 0.04893100 0.03555100 0.06941500
v 0.05139300 0.03422900 0.07147300
v 0.05405100 0.03290700 0.07324200
v 0.05685600 0.03159100 0.07469900
v 0.05982000 0.03026300 0.07585000
v 0.06007700 0.03368200 0.08126000
v 0.06110900 0.03601300 0.08715800
v 0.03278000 0.04905500 0.05250000
v 0.03328400 0.04784000 0.05680300
v 0.03487700 0.04622500 0.06089700
v 0.03693000 0.04461000 0.06474600
v 0.03941900 0.04299500 0.06831400
v 0.04167200 0.04172000 0.07090400
v 0.04415500 0.04044400 0.07326800
v 0.04734500 0.03894000 0.07573300
v 0.05077200 0.03743600 0.07782000
v 0.05437100 0.03593900 0.07950200
v 0.05815800 0.03442800 0.08078400
v 0.05868900 0.03683500 0.08677600
v 0.06011700 0.03810900 0.09309100
v 0.02504600 0.05231800 0.05771900
v 0.02258000 0.05450800 0.05250000
v 0.01619500 0.05536300 0.05869800
v 0.01151000 0.05786600 0.05250000
v 0.00627900 0.05694300 0.05979100
v 0.00000000 0.05900000 0.05250000
v -0.00375500 0.05672500 0.06089600
v -0.01151000 0.05786600 0.05250000
v -0.01359400 0.05471600 0.06198100
v -0.02258000 0.05450800 0.05250000
v -0.02293100 0.05097900 0.06301500
v -0.03278000 0.04905500 0.05250000
v -0.03147200 0.04563200 0.06396700
v -0.04172200 0.04171700 0.05250000
v -0.03894800 0.03884400 0.06480800
v -0.04905500 0.03278000 0.05250000
v -0.04512400 0.03082900 0.06551000
v -0.05450800 0.02258200 0.05250000
v -0.04980000 0.02184100 0.06605100
v -0.05786700 0.01150700 0.05250000
v -0.05304100 0.01113400 0.06643200
v -0.05578700 0.00000000 0.06238600
v -0.05175900 0.00000000 0.07190200
v -0.05900000 0.00000000 0.05250000
v -0.04658100 0.01075900 0.07957200
v -0.04137200 0.00000000 0.08964700
v -0.03857200 0.01038300 0.09179100
v -0.02807200 0.00000000 0.10537900
v -0.02909900 0.01000700 0.10296000
v -0.02066100 0.00971000 0.11093900
v -0.01828300 0.01904700 0.10937000
v -0.00934600 0.01846500 0.11632300
v -0.00629600 0.02606300 0.11383100
v 0.00459200 0.02509400 0.12060700
v 0.00799000 0.03161800 0.11701400
v 0.01890100 0.03039700 0.12223400
v 0.02221900 0.03570800 0.11759900
v 0.03274400 0.03428000 0.12129500
v 0.03560500 0.03829700 0.11576500
v 0.04560800 0.03668700 0.11811300
v 0.04769400 0.03937700 0.11190900
v 0.05062300 0.03589400 0.11885000
v 0.05219600 0.03852500 0.11260400
v 0.05573900 0.03509200 0.11931000
v 0.05678600 0.03766400 0.11305100
v -0.01219800 0.00000000 0.11867500
v -0.01147200 0.00941300 0.11807300
v 0.00200400 0.01777800 0.12335400
v 0.01614800 0.02412500 0.12608900
v 0.03023000 0.02918100 0.12615600
v 0.04369400 0.03283900 0.12379800
v 0.04917900 0.03213000 0.12457100
v 0.05478000 0.03141100 0.12504000
v 0.00019800 0.00906300 0.12528100
v 0.00572900 0.00000000 0.12904000
v 0.01258600 0.00871300 0.13109300
v 0.02506300 0.00000000 0.13615100
v 0.02544300 0.00836500 0.13541700
v 0.03880900 0.00801300 0.13826100
v 0.03955200 0.01571800 0.13607000
v 0.04548700 0.00784000 0.13909200
v 0.04605000 0.01537900 0.13689700
v 0.05232900 0.00766400 0.13954800
v 0.05270200 0.01503400 0.13736100
v 0.04529100 0.00000000 0.13983800
v 0.05900800 0.03919700 0.09973500
v 0.05720000 0.03897900 0.09269600
v 0.05631400 0.03765100 0.08626400
v 0.05161400 0.03930300 0.08483000
v 0.04713200 0.04094000 0.08289500
v 0.04285100 0.04258500 0.08045100
v 0.03885200 0.04423000 0.07753400
v 0.03572900 0.04562400 0.07471500
v 0.03288500 0.04701900 0.07161100
v 0.02972900 0.04878500 0.06731900
v 0.02710600 0.05055200 0.06267400
v 0.05788600 0.03904700 0.10645800
v 0.05553500 0.04009200 0.09932200
v 0.05433700 0.03984200 0.09214300
v 0.04865800 0.04159000 0.09054200
v 0.04323000 0.04332300 0.08833100
v 0.03803200 0.04506300 0.08550200
v 0.03316500 0.04680400 0.08209800
v 0.02935400 0.04828000 0.07879100
v 0.02587500 0.04975500 0.07513700
v 0.02200000 0.05162400 0.07007000
v 0.01876100 0.05349400 0.06457300
v 0.05393600 0.02673800 0.13006000
v 0.05323600 0.02122100 0.13421200
v 0.03886400 0.04456000 0.09440900
v 0.04535200 0.04277700 0.09693100
v 0.05212600 0.04097900 0.09872200
v 0.05385000 0.03993900 0.10602700
v 0.03444800 0.04438900 0.10055800
v 0.04200700 0.04261400 0.10339500
v 0.04988900 0.04082200 0.10537900
v 0.03264100 0.04635000 0.09114900
v 0.02680100 0.04814000 0.08719900
v 0.02222000 0.04965800 0.08334600
v 0.01802900 0.05117600 0.07907600
v 0.01334700 0.05309800 0.07314300
v 0.00941600 0.05502100 0.06669300
v 0.03011500 0.04281700 0.10659200
v 0.03872500 0.04110400 0.10973700
v 0.02718600 0.04617300 0.09686000
v 0.02036300 0.04795600 0.09235800
v 0.01500200 0.04946800 0.08795200
v 0.01009100 0.05098000 0.08306000
v 0.00459100 0.05289500 0.07625000
v -0.00004000 0.05481000 0.06883700
v 0.02599600 0.03989300 0.11233000
v 0.02183500 0.04453700 0.10246600
v 0.01404600 0.04625700 0.09742200
v 0.00792100 0.04771600 0.09247400
v 0.00230300 0.04917400 0.08697100
v -0.00399700 0.05102200 0.07930200
v -0.00931500 0.05286900 0.07094300
v 0.01208600 0.03714300 0.11269900
v -0.00228900 0.03283900 0.11057700
v -0.01487000 0.02688500 0.10713900
v -0.02649100 0.01962900 0.10159900
v 0.01674900 0.04149500 0.10779900
v 0.00804400 0.04309800 0.10224200
v 0.00119400 0.04445700 0.09677800
v -0.00509400 0.04581600 0.09069500
v -0.01215200 0.04753700 0.08220700
v -0.01811800 0.04925800 0.07294900
v 0.01405000 0.01709100 0.12903200
v 0.02814300 0.02316000 0.13019100
v 0.02655300 0.01640800 0.13326800
v 0.04061600 0.02218600 0.13292400
v 0.04201200 0.02795400 0.12878800
v 0.04791000 0.02735000 0.12958800
v -0.00497200 0.03979400 0.10073700
v 0.00254200 0.03857800 0.10667200
v -0.01038400 0.03387400 0.10422800
v -0.01187100 0.04101000 0.09412000
v -0.01962100 0.04255100 0.08488100
v -0.02617700 0.04409100 0.07479500
v -0.02274500 0.02770700 0.09966400
v -0.03570900 0.02036600 0.09072500
v -0.01781800 0.03491000 0.09714300
v -0.02617000 0.03622100 0.08724100
v -0.03323800 0.03753300 0.07642600
v 0.05633100 0.01794000 0.05590100
v -0.03907700 0.02978800 0.07778800
v -0.03159200 0.02874800 0.08921200
v -0.04350600 0.02110400 0.07883400
v 0.04685500 0.02170700 0.13374200
v 0.00000000 0.05600000 0.05950000
v -0.01340200 0.05437300 0.05950000
v 0.00000000 0.05600000 0.05250000
v -0.01340200 0.05437300 0.05250000
v -0.02602400 0.04958600 0.05950000
v -0.02602400 0.04958600 0.05250000
v -0.03713500 0.04191700 0.05950000
v -0.03713500 0.04191700 0.05250000
v -0.04608700 0.03181200 0.05950000
v -0.04608700 0.03181200 0.05250000
v -0.05236100 0.01985800 0.05950000
v -0.05236100 0.01985800 0.05250000
v -0.05559200 0.00675000 0.05950000
v -0.05559200 0.00675000 0.05250000
v -0.05559200 -0.00675000 0.05950000
v -0.05559200 -0.00675000 0.05250000
v -0.05236100 -0.01985800 0.05950000
v -0.05236100 -0.01985800 0.05250000
v -0.04608700 -0.03181200 0.05950000
v -0.04608700 -0.03181200 0.05250000
v -0.03713500 -0.04191700 0.05950000
v -0.03713500 -0.04191700 0.05250000
v -0.02602400 -0.04958600 0.05950000
v -0.02602400 -0.04958600 0.05250000
v -0.01340200 -0.05437300 0.05950000
v -0.01340200 -0.05437300 0.05250000
v 0.00000000 -0.05600000 0.05250000
v 0.00000000 -0.05600000 0.05950000
v 0.07100000 -0.03750000 0.10250000
v 0.07100000 -0.03598100 0.09193500
v 0.26600000 -0.03750000 0.10250000
v 0.26600000 -0.03598100 0.09193500
v 0.07100000 -0.03154700 0.08222600
v 0.26600000 -0.03154700 0.08222600
v 0.07100000 -0.02455700 0.07415900
v 0.26600000 -0.02455700 0.07415900
v 0.07100000 -0.01557800 0.06838900
v 0.26600000 -0.01557800 0.06838900
v 0.07100000 -0.00533700 0.06538200
v 0.26600000 -0.00533700 0.06538200
v 0.07100000 0.00533700 0.06538200
v 0.26600000 0.00533700 0.06538200
v 0.07100000 0.01557800 0.06838900
v 0.26600000 0.01557800 0.06838900
v 0.07100000 0.02455700 0.07415900
v 0.26600000 0.02455700 0.07415900
v 0.07100000 0.03154700 0.08222600
v 0.26600000 0.03154700 0.08222600
v 0.07100000 0.03598100 0.09193500
v 0.26600000 0.03598100 0.09193500
v 0.26600000 0.03750000 0.10250000
v 0.07100000 0.03750000 0.10250000
v 0.26600000 0.03750000 0.10250000
v 0.07100000 0.03750000 0.10250000
v 0.26600000 0.03598100 0.11306500
v 0.07100000 0.03598100 0.11306500
v 0.07100000 0.03154700 0.12277400
v 0.26600000 0.03154700 0.12277400
v 0.07100000 0.02455700 0.13084100
v 0.26600000 0.02455700 0.13084100
v 0.07100000 0.01557800 0.13661100
v 0.26600000 0.01557800 0.13661100
v 0.07100000 0.00533700 0.13961800
v 0.26600000 0.00533700 0.13961800
v 0.07100000 -0.00533700 0.13961800
v 0.26600000 -0.00533700 0.13961800
v 0.07100000 -0.01557800 0.13661100
v 0.26600000 -0.01557800 0.13661100
v 0.07100000 -0.02455700 0.13084100
v 0.26600000 -0.02455700 0.13084100
v 0.07100000 -0.03154700 0.12277400
v 0.26600000 -0.03154700 0.12277400
v 0.07100000 -0.03598100 0.11306500
v 0.26600000 -0.03598100 0.11306500
v 0.07100000 -0.03598100 0.11306500
v 0.07100000 -0.03588500 0.11303700
v 0.07100000 -0.03750000 0.10250000
v 0.07100000 -0.03740000 0.10250000
v 0.07100000 -0.03588500 0.09196300
v 0.07100000 -0.03146300 0.12272000
v 0.07100000 -0.03154700 0.12277400
v 0.07100000 -0.02449200 0.13076500
v 0.07100000 -0.02455700 0.13084100
v 0.07100000 -0.01553700 0.13652000
v 0.07100000 -0.01557800 0.13661100
v 0.07100000 -0.00532300 0.13951900
v 0.07100000 -0.00533700 0.13961800
v 0.07100000 0.00533700 0.13961800
v 0.07100000 0.00532300 0.13951900
v 0.07100000 0.01557800 0.13661100
v 0.07100000 0.01553700 0.13652000
v 0.07100000 0.02455700 0.13084100
v 0.07100000 0.02449200 0.13076500
v 0.07100000 0.03154700 0.12277400
v 0.07100000 0.03146300 0.12272000
v 0.07100000 0.03598100 0.11306500
v 0.07100000 0.03588500 0.11303700
v 0.07100000 0.03750000 0.10250000
v 0.07100000 0.03740000 0.10250000
v 0.07100000 0.03588500 0.09196300
v 0.07100000 0.03598100 0.09193500
v 0.07100000 0.03146300 0.08228000
v 0.07100000 0.03154700 0.08222600
v 0.07100000 0.02449200 0.07423500
v 0.07100000 0.02455700 0.07415900
v 0.07100000 0.01553700 0.06848000
v 0.07100000 0.01557800 0.06838900
v 0.07100000 0.00532300 0.06548100
v 0.07100000 0.00533700 0.06538200
v 0.07100000 -0.00533700 0.06538200
v 0.07100000 -0.00532300 0.06548100
v 0.07100000 -0.01557800 0.06838900
v 0.07100000 -0.01553700 0.06848000
v 0.07100000 -0.02455700 0.07415900
v 0.07100000 -0.02449200 0.07423500
v 0.07100000 -0.03154700 0.08222600
v 0.07100000 -0.03146300 0.08228000
v 0.07100000 -0.03598100 0.09193500
v 0.06600000 0.00731400 0.13928000
v 0.06600000 0.00000000 0.14000000
v 0.06600000 0.00000000 0.13990000
v 0.06600000 -0.00731400 0.13928000
v 0.06600000 -0.00729600 0.13918100
v 0.06600000 -0.01431200 0.13705300
v 0.06600000 -0.01435300 0.13714500
v 0.06600000 -0.02077800 0.13359700
v 0.06600000 -0.02083500 0.13367900
v 0.06600000 -0.02651500 0.12901800
v 0.06600000 -0.02644600 0.12894600
v 0.06600000 -0.03117900 0.12333400
v 0.06600000 -0.03109700 0.12327800
v 0.06600000 -0.03464500 0.11685200
v 0.06600000 -0.03455300 0.11681200
v 0.06600000 -0.03677900 0.10981600
v 0.06600000 -0.03668100 0.10979600
v 0.06600000 -0.03750000 0.10250000
v 0.06600000 -0.03740000 0.10250000
v 0.06600000 -0.03668100 0.09520400
v 0.06600000 -0.03677900 0.09518400
v 0.06600000 -0.03455300 0.08818800
v 0.06600000 -0.03464500 0.08814800
v 0.06600000 -0.03109700 0.08172200
v 0.06600000 -0.03117900 0.08166600
v 0.06600000 -0.02644600 0.07605400
v 0.06600000 -0.02651500 0.07598200
v 0.06600000 -0.02077800 0.07140300
v 0.06600000 -0.02083500 0.07132100
v 0.06600000 -0.01435300 0.06785500
v 0.06600000 -0.01431200 0.06794700
v 0.06600000 -0.00731400 0.06572000
v 0.06600000 -0.00729600 0.06581900
v 0.06600000 0.00000000 0.06510000
v 0.06600000 0.00000000 0.06500000
v 0.06600000 0.00731400 0.06572000
v 0.06600000 0.01435300 0.06785500
v 0.06600000 0.01431200 0.06794700
v 0.06600000 0.00729600 0.06581900
v 0.06600000 0.02077800 0.07140300
v 0.06600000 0.02083500 0.07132100
v 0.06600000 0.02651500 0.07598200
v 0.06600000 0.02644600 0.07605400
v 0.06600000 0.03117900 0.08166600
v 0.06600000 0.03109700 0.08172200
v 0.06600000 0.03464500 0.08814800
v 0.06600000 0.03455300 0.08818800
v 0.06600000 0.03677900 0.09518400
v 0.06600000 0.03668100 0.09520400
v 0.06600000 0.03750000 0.10250000
v 0.06600000 0.03740000 0.10250000
v 0.06600000 0.03668100 0.10979600
v 0.06600000 0.03677900 0.10981600
v 0.06600000 0.03455300 0.11681200
v 0.06600000 0.03464500 0.11685200
v 0.06600000 0.03109700 0.12327800
v 0.06600000 0.03117900 0.12333400
v 0.06600000 0.02644600 0.12894600
v 0.06600000 0.02651500 0.12901800
v 0.06600000 0.02077800 0.13359700
v 0.06600000 0.02083500 0.13367900
v 0.06600000 0.01435300 0.13714500
v 0.06600000 0.01431200 0.13705300
v 0.06600000 0.00729600 0.13918100
v -0.01340200 -0.05437300 0.05950000
v -0.01340200 0.05437300 0.05950000
v 0.00000000 -0.05600000 0.05950000
v 0.00000000 0.05600000 0.05950000
v 0.01340200 -0.05437300 0.05950000
v 0.01340200 0.05437300 0.05950000
v 0.02602400 -0.04958600 0.05950000
v 0.02602400 0.04958600 0.05950000
v 0.03713500 -0.04191700 0.05950000
v 0.03713500 0.04191700 0.05950000
v 0.04608700 -0.03181200 0.05950000
v 0.04608700 0.03181200 0.05950000
v 0.05236100 -0.01985800 0.05950000
v 0.05236100 0.01985800 0.05950000
v 0.05559200 -0.00675000 0.05950000
v 0.05559200 0.00675000 0.05950000
v -0.02602400 0.04958600 0.05950000
v -0.02602400 -0.04958600 0.05950000
v -0.03713500 0.04191700 0.05950000
v -0.03713500 -0.04191700 0.05950000
v -0.04608700 0.03181200 0.05950000
v -0.04608700 -0.03181200 0.05950000
v -0.05236100 0.01985800 0.05950000
v -0.05236100 -0.01985800 0.05950000
v -0.05559200 0.00675000 0.05950000
v -0.05559200 -0.00675000 0.05950000
v 0.00000000 -0.05600000 0.05250000
v 0.00000000 -0.05600000 0.05950000
v 0.01340200 -0.05437300 0.05250000
v 0.01340200 -0.05437300 0.05950000
v 0.02602400 -0.04958600 0.05950000
v 0.02602400 -0.04958600 0.05250000
v 0.03713500 -0.04191700 0.05950000
v 0.03713500 -0.04191700 0.05250000
v 0.04608700 -0.03181200 0.05950000
v 0.04608700 -0.03181200 0.05250000
v 0.05236100 -0.01985800 0.05950000
v 0.05236100 -0.01985800 0.05250000
v 0.05559200 -0.00675000 0.05950000
v 0.05559200 -0.00675000 0.05250000
v 0.05559200 0.00675000 0.05950000
v 0.05559200 0.00675000 0.05250000
v 0.05236100 0.01985800 0.05950000
v 0.05236100 0.01985800 0.05250000
v 0.04608700 0.03181200 0.05950000
v 0.04608700 0.03181200 0.05250000
v 0.03713500 0.04191700 0.05950000
v 0.03713500 0.04191700 0.05250000
v 0.02602400 0.04958600 0.05950000
v 0.02602400 0.04958600 0.05250000
v 0.01340200 0.05437300 0.05950000
v 0.01340200 0.05437300 0.05250000
v -0.05786700 0.01150700 0.05250000
v -0.05559200 0.00675000 0.05250000
v -0.05900000 0.00000000 0.05250000
v -0.05559200 -0.00675000 0.05250000
v -0.05786700 -0.01150700 0.05250000
v -0.05236100 -0.01985800 0.05250000
v -0.05450800 -0.02258200 0.05250000
v -0.04608700 -0.03181200 0.05250000
v -0.04905500 -0.03278000 0.05250000
v -0.04172200 -0.04171700 0.05250000
v -0.03713500 -0.04191700 0.05250000
v -0.03278000 -0.04905500 0.05250000
v -0.02602400 -0.04958600 0.05250000
v -0.02258000 -0.05450800 0.05250000
v -0.01340200 -0.05437300 0.05250000
v -0.01151000 -0.05786600 0.05250000
v 0.00000000 -0.05600000 0.05250000
v 0.00000000 -0.05900000 0.05250000
v 0.01151000 -0.05786600 0.05250000
v 0.01340200 -0.05437300 0.05250000
v 0.02258000 -0.05450800 0.05250000
v 0.02602400 -0.04958600 0.05250000
v 0.03278000 -0.04905500 0.05250000
v 0.03713500 -0.04191700 0.05250000
v 0.04172200 -0.04171700 0.05250000
v 0.04608700 -0.03181200 0.05250000
v 0.04905500 -0.03278000 0.05250000
v 0.05450800 -0.02258200 0.05250000
v 0.05236100 -0.01985800 0.05250000
v 0.05786700 -0.01150700 0.05250000
v 0.05559200 -0.00675000 0.05250000
v 0.05900000 0.00000000 0.05250000
v 0.05559200 0.00675000 0.05250000
v 0.05786700 0.01150700 0.05250000
v 0.05236100 0.01985800 0.05250000
v 0.05450800 0.02258200 0.05250000
v 0.04608700 0.03181200 0.05250000
v 0.04905500 0.03278000 0.05250000
v 0.04172200 0.04171700 0.05250000
v 0.03713500 0.04191700 0.05250000
v 0.03278000 0.04905500 0.05250000
v 0.02602400 0.04958600 0.05250000
v 0.02258000 0.05450800 0.05250000
v 0.01340200 0.05437300 0.05250000
v 0.01151000 0.05786600 0.05250000
v 0.00000000 0.05600000 0.05250000
v 0.00000000 0.05900000 0.05250000
v -0.01151000 0.05786600 0.05250000
v -0.01340200 0.05437300 0.05250000
v -0.02258000 0.05450800 0.05250000
v -0.02602400 0.04958600 0.05250000
v -0.03278000 0.04905500 0.05250000
v -0.03713500 0.04191700 0.05250000
v -0.04172200 0.04171700 0.05250000
v -0.04608700 0.03181200 0.05250000
v -0.04905500 0.03278000 0.05250000
v -0.05450800 0.02258200 0.05250000
v -0.05236100 0.01985800 0.05250000
v 0.05786700 -0.01150700 0.05250000
v 0.05880300 -0.00559400 0.05389000
v 0.05901500 -0.00540500 0.05525200
v 0.05934700 -0.00521600 0.05658000
v 0.05767700 -0.01450900 0.05720700
v 0.05827300 -0.01398300 0.05866600
v 0.05537300 -0.02249800 0.06017300
v 0.05619600 -0.02183000 0.06150600
v 0.05239800 -0.02940300 0.06398200
v 0.05373000 -0.02850400 0.06552500
v 0.04942300 -0.03494500 0.06901700
v 0.05181100 -0.03364500 0.07103300
v 0.04750400 -0.03878400 0.07556600
v 0.05090000 -0.03728600 0.07764100
v 0.04699200 -0.04104900 0.08309000
v 0.05150800 -0.03940700 0.08503600
v 0.04832100 -0.04177500 0.09119400
v 0.05411100 -0.04001900 0.09281400
v 0.05189400 -0.04102300 0.09941100
v 0.05889200 -0.03923900 0.10043000
v 0.05777100 -0.03896100 0.10714900
v 0.06600000 -0.03750000 0.10250000
v 0.06600000 -0.03677900 0.10981600
v 0.05979500 -0.00502800 0.05786500
v 0.05883900 -0.01356900 0.05976800
v 0.05712300 -0.02116300 0.06275900
v 0.05546300 -0.02744400 0.06717600
v 0.05438900 -0.03234600 0.07276900
v 0.05446900 -0.03579500 0.07931400
v 0.05624300 -0.03775100 0.08647500
v 0.06000400 -0.03827800 0.09376800
v 0.06600000 -0.03677900 0.09518400
v 0.06140300 -0.00455300 0.06085800
v 0.06072900 -0.00472900 0.05979200
v 0.06022800 -0.00487800 0.05884600
v 0.05948600 -0.01315400 0.06082000
v 0.06393400 -0.00402600 0.06367900
v 0.06300500 -0.00420200 0.06280300
v 0.06216400 -0.00437800 0.06186500
v 0.06235600 -0.01168900 0.06406000
v 0.06130800 -0.01217600 0.06307300
v 0.06112300 -0.01880600 0.06644700
v 0.05968200 -0.01958900 0.06535900
v 0.05935400 -0.02532900 0.06986700
v 0.05734900 -0.02638400 0.06863000
v 0.05711200 -0.03105200 0.07420400
v 0.06493100 -0.00385100 0.06447000
v 0.06600000 -0.00731400 0.06572000
v 0.06471300 -0.01071000 0.06574400
v 0.06600000 -0.01435300 0.06785500
v 0.06429900 -0.01723200 0.06817800
v 0.06600000 -0.02083500 0.07132100
v 0.06370500 -0.02320900 0.07168600
v 0.06600000 -0.02651500 0.07598200
v 0.06295300 -0.02845300 0.07615400
v 0.06600000 -0.03117900 0.08166600
v 0.06206600 -0.03279900 0.08143800
v 0.06600000 -0.03464500 0.08814800
v 0.06107300 -0.03610900 0.08737100
v 0.05667400 -0.03745200 0.11371800
v 0.06600000 -0.03464500 0.11685200
v 0.05563600 -0.03476000 0.11993100
v 0.06600000 -0.03117900 0.12333400
v 0.05468600 -0.03097100 0.12559500
v 0.06600000 -0.02651500 0.12901800
v 0.05385700 -0.02620400 0.13053200
v 0.06600000 -0.02083500 0.13367900
v 0.05317200 -0.02060900 0.13458600
v 0.06600000 -0.01435300 0.13714500
v 0.05265700 -0.01436400 0.13762500
v 0.06600000 -0.00731400 0.13928000
v 0.05232900 -0.00766400 0.13954800
v 0.05561100 0.00000000 0.14036500
v 0.04529100 0.00000000 0.13983800
v 0.06600000 0.00000000 0.14000000
v 0.03880900 -0.00801300 0.13826100
v 0.02506300 0.00000000 0.13615100
v 0.02544300 -0.00836500 0.13541700
v 0.01258600 -0.00871300 0.13109300
v 0.01387300 -0.01632900 0.12928000
v 0.00178600 -0.01698500 0.12358600
v 0.00428500 -0.02437000 0.12093200
v -0.00665800 -0.02531100 0.11412600
v -0.00274500 -0.03218300 0.11094600
v -0.01089300 -0.03319700 0.10455800
v -0.00556900 -0.03923700 0.10112200
v -0.01252900 -0.04043600 0.09445300
v -0.00582700 -0.04538300 0.09106500
v -0.01296000 -0.04708800 0.08249600
v -0.00486500 -0.05073400 0.07961000
v -0.01025200 -0.05257100 0.07115600
v -0.00101300 -0.05468900 0.06905800
v -0.00478700 -0.05660000 0.06100900
v 0.00524200 -0.05700400 0.05990500
v 0.00000000 -0.05900000 0.05250000
v 0.01151000 -0.05786600 0.05250000
v 0.00572900 0.00000000 0.12904000
v 0.00019800 -0.00906300 0.12528100
v -0.00960200 -0.01764100 0.11653300
v -0.01527500 -0.02611000 0.10740300
v -0.01837800 -0.03421200 0.09742800
v -0.02034500 -0.04195500 0.08514100
v -0.01899100 -0.04879300 0.07314800
v -0.01458900 -0.05440800 0.06209100
v -0.01151000 -0.05786600 0.05250000
v -0.01219800 0.00000000 0.11867500
v -0.01147200 -0.00941300 0.11807300
v -0.01857000 -0.01819700 0.10955800
v -0.02319000 -0.02690800 0.09989300
v -0.02678600 -0.03549700 0.08746500
v -0.02695800 -0.04347400 0.07497500
v -0.02385600 -0.05049800 0.06311700
v -0.02258000 -0.05450800 0.05250000
v -0.02066100 -0.00971000 0.11093900
v -0.02807200 0.00000000 0.10537900
v -0.02909900 -0.01000700 0.10296000
v -0.03857200 -0.01038300 0.09179100
v -0.03605500 -0.01945800 0.09085300
v -0.04387800 -0.02016200 0.07892200
v -0.03960400 -0.02892900 0.07791100
v -0.04568000 -0.02994000 0.06557400
v -0.03965100 -0.03806800 0.06488700
v -0.04905500 -0.03278000 0.05250000
v -0.04172200 -0.04171700 0.05250000
v -0.04137200 0.00000000 0.08964700
v -0.04658100 -0.01075900 0.07957200
v -0.05019200 -0.02086700 0.06609600
v -0.05450800 -0.02258200 0.05250000
v -0.05175900 0.00000000 0.07190200
v -0.05304100 -0.01113400 0.06643200
v -0.05578700 0.00000000 0.06238600
v -0.05786700 -0.01150700 0.05250000
v -0.05900000 0.00000000 0.05250000
v -0.03229900 -0.04499300 0.06405900
v -0.03278000 -0.04905500 0.05250000
v 0.01518400 -0.05560900 0.05880900
v 0.02258000 -0.05450800 0.05250000
v 0.02472800 -0.05245700 0.05775400
v 0.03278000 -0.04905500 0.05250000
v 0.03357500 -0.04764800 0.05677100
v 0.04144700 -0.04133500 0.05588800
v 0.03515100 -0.04604000 0.06083400
v 0.04258300 -0.03994000 0.05912300
v 0.03718400 -0.04443100 0.06465500
v 0.04407500 -0.03854400 0.06217800
v 0.03964900 -0.04282200 0.06819700
v 0.04590500 -0.03714900 0.06502400
v 0.04188200 -0.04155200 0.07077000
v 0.04757400 -0.03604700 0.06710400
v 0.04434200 -0.04028200 0.07311800
v 0.04172200 -0.04171700 0.05250000
v 0.04809500 -0.03371700 0.05513500
v 0.04886700 -0.03257800 0.05766300
v 0.04990700 -0.03144000 0.06006400
v 0.05120400 -0.03030200 0.06231900
v 0.04905500 -0.03278000 0.05250000
v 0.05330800 -0.02503300 0.05453600
v 0.05380100 -0.02418800 0.05650300
v 0.05449200 -0.02334300 0.05838700
v 0.05450800 -0.02258200 0.05250000
v 0.05691800 -0.01555900 0.05411400
v 0.05722300 -0.01503400 0.05568700
v 0.02680600 -0.05068600 0.06274200
v 0.02945100 -0.04891500 0.06741800
v 0.03263300 -0.04714400 0.07173800
v 0.03550000 -0.04574600 0.07486200
v 0.03864700 -0.04434700 0.07769800
v 0.04267800 -0.04269800 0.08063300
v 0.01780800 -0.05373100 0.06478900
v 0.02111700 -0.05185400 0.07038400
v 0.02507500 -0.04997600 0.07553900
v 0.02862700 -0.04849400 0.07925600
v 0.03251600 -0.04701200 0.08261900
v 0.03748200 -0.04526400 0.08607900
v 0.04278500 -0.04351500 0.08895100
v 0.00843800 -0.05508000 0.06691500
v 0.01244100 -0.05315500 0.07346500
v 0.01720800 -0.05123100 0.07948800
v 0.02147400 -0.04971100 0.08382200
v 0.02613500 -0.04819200 0.08773300
v 0.03207700 -0.04640000 0.09174000
v 0.03840800 -0.04460800 0.09504500
v 0.04500600 -0.04282300 0.09760000
v -0.03390200 -0.03678300 0.07658000
v 0.00369100 -0.05277800 0.07657000
v 0.00151600 -0.04889700 0.08736700
v 0.00052700 -0.04403700 0.09720600
v 0.00200800 -0.03803800 0.10710300
v 0.00760400 -0.03098600 0.11742200
v 0.01589900 -0.02342900 0.12643800
v 0.02641900 -0.01567600 0.13352700
v 0.00927400 -0.05086700 0.08346900
v 0.01426000 -0.04935900 0.08842600
v 0.01970000 -0.04785000 0.09288900
v 0.02662500 -0.04607100 0.09744800
v 0.03399400 -0.04429100 0.10119000
v 0.04166300 -0.04252000 0.10406000
v 0.04965900 -0.04073200 0.10606400
v -0.03208100 -0.02791800 0.08939100
v -0.02680600 -0.01875300 0.10176200
v 0.06034700 -0.01266500 0.06198900
v 0.05834200 -0.02037600 0.06412500
v 0.02129400 -0.04428600 0.10303300
v 0.01340700 -0.04599700 0.09793400
v 0.00720500 -0.04744700 0.09293100
v 0.01624500 -0.04110400 0.10832900
v 0.00744900 -0.04269100 0.10272100
v 0.02967600 -0.04257600 0.10720200
v 0.03839300 -0.04087300 0.11037800
v 0.04747200 -0.03915500 0.11257000
v 0.01163300 -0.03662300 0.11317500
v 0.02558800 -0.03951600 0.11290000
v 0.03529600 -0.03793600 0.11636300
v 0.04540100 -0.03634100 0.11872800
v 0.01858900 -0.02978900 0.12267200
v 0.02795400 -0.02249200 0.13055600
v 0.03946300 -0.01501700 0.13633400
v 0.02185300 -0.03520900 0.11811000
v 0.03246600 -0.03380000 0.12183200
v 0.04350800 -0.03238000 0.12435000
v 0.06350000 -0.01119700 0.06495800
v 0.06267400 -0.01801500 0.06739400
v 0.06149100 -0.02426400 0.07089500
v 0.05999100 -0.02974700 0.07534200
v 0.05822300 -0.03429000 0.08059000
v 0.04185400 -0.02739600 0.12925800
v 0.02999300 -0.02859800 0.12661400
v 0.04049000 -0.02154600 0.13329800
v 0.27100000 -0.03598100 0.11306500
v 0.27100000 -0.03588500 0.11303700
v 0.27100000 -0.03750000 0.10250000
v 0.27100000 -0.03740000 0.10250000
v 0.27100000 -0.03588500 0.09196300
v 0.27100000 -0.03146300 0.12272000
v 0.27100000 -0.03154700 0.12277400
v 0.27100000 -0.02449200 0.13076500
v 0.27100000 -0.02455700 0.13084100
v 0.27100000 -0.01553700 0.13652000
v 0.27100000 -0.01557800 0.13661100
v 0.27100000 -0.00532300 0.13951900
v 0.27100000 -0.00533700 0.13961800
v 0.27100000 0.00533700 0.13961800
v 0.27100000 0.00532300 0.13951900
v 0.27100000 0.01557800 0.13661100
v 0.27100000 0.01553700 0.13652000
v 0.27100000 0.02455700 0.13084100
v 0.27100000 0.02449200 0.13076500
v 0.27100000 0.03154700 0.12277400
v 0.27100000 0.03146300 0.12272000
v 0.27100000 0.03598100 0.11306500
v 0.27100000 0.03588500 0.11303700
v 0.27100000 0.03750000 0.10250000
v 0.27100000 0.03740000 0.10250000
v 0.27100000 0.03588500 0.09196300
v 0.27100000 0.03598100 0.09193500
v 0.27100000 0.03146300 0.08228000
v 0.27100000 0.03154700 0.08222600
v 0.27100000 0.02449200 0.07423500
v 0.27100000 0.02455700 0.07415900
v 0.27100000 0.01553700 0.06848000
v 0.27100000 0.01557800 0.06838900
v 0.27100000 0.00532300 0.06548100
v 0.27100000 0.00533700 0.06538200
v 0.27100000 -0.00533700 0.06538200
v 0.27100000 -0.00532300 0.06548100
v 0.27100000 -0.01557800 0.06838900
v 0.27100000 -0.01553700 0.06848000
v 0.27100000 -0.02455700 0.07415900
v 0.27100000 -0.02449200 0.07423500
v 0.27100000 -0.03154700 0.08222600
v 0.27100000 -0.03146300 0.08228000
v 0.27100000 -0.03598100 0.09193500
v 0.26600000 0.03598100 0.11306500
v 0.26600000 0.03588500 0.11303700
v 0.26600000 0.03750000 0.10250000
v 0.26600000 0.03740000 0.10250000
v 0.26600000 0.03588500 0.09196300
v 0.26600000 0.03146300 0.12272000
v 0.26600000 0.03154700 0.12277400
v 0.26600000 0.02449200 0.13076500
v 0.26600000 0.02455700 0.13084100
v 0.26600000 0.01553700 0.13652000
v 0.26600000 0.01557800 0.13661100
v 0.26600000 0.00532300 0.13951900
v 0.26600000 0.00533700 0.13961800
v 0.26600000 -0.00533700 0.13961800
v 0.26600000 -0.00532300 0.13951900
v 0.26600000 -0.01557800 0.13661100
v 0.26600000 -0.01553700 0.13652000
v 0.26600000 -0.02455700 0.13084100
v 0.26600000 -0.02449200 0.13076500
v 0.26600000 -0.03154700 0.12277400
v 0.26600000 -0.03146300 0.12272000
v 0.26600000 -0.03598100 0.11306500
v 0.26600000 -0.03588500 0.11303700
v 0.26600000 -0.03750000 0.10250000
v 0.26600000 -0.03740000 0.10250000
v 0.26600000 -0.03588500 0.09196300
v 0.26600000 -0.03598100 0.09193500
v 0.26600000 -0.03146300 0.08228000
v 0.26600000 -0.03154700 0.08222600
v 0.26600000 -0.02449200 0.07423500
v 0.26600000 -0.02455700 0.07415900
v 0.26600000 -0.01553700 0.06848000
v 0.26600000 -0.01557800 0.06838900
v 0.26600000 -0.00532300 0.06548100
v 0.26600000 -0.00533700 0.06538200
v 0.26600000 0.00533700 0.06538200
v 0.26600000 0.00532300 0.06548100
v 0.26600000 0.01557800 0.06838900
v 0.26600000 0.01553700 0.06848000
v 0.26600000 0.02455700 0.07415900
v 0.26600000 0.02449200 0.07423500
v 0.26600000 0.03154700 0.08222600
v 0.26600000 0.03146300 0.08228000
v 0.26600000 0.03598100 0.09193500
v 0.30515300 -0.03694000 0.13932400
v 0.31600000 -0.03850000 0.13641800
v 0.31600000 -0.03830000 0.13641800
v 0.32684700 -0.03694000 0.13351200
v 0.32679000 -0.03674900 0.13352700
v 0.33681500 -0.03238800 0.13084100
v 0.33670600 -0.03222000 0.13087000
v 0.34509600 -0.02521200 0.12862200
v 0.34494500 -0.02508100 0.12866200
v 0.35102100 -0.01599300 0.12703400
v 0.35083900 -0.01591000 0.12708300
v 0.35410800 -0.00547900 0.12620700
v 0.35391000 -0.00545100 0.12626000
v 0.35410800 0.00547900 0.12620700
v 0.35391000 0.00545100 0.12626000
v 0.35083900 0.01591000 0.12708300
v 0.35102100 0.01599300 0.12703400
v 0.34494500 0.02508100 0.12866200
v 0.34509600 0.02521200 0.12862200
v 0.33670600 0.03222000 0.13087000
v 0.33681500 0.03238800 0.13084100
v 0.32679000 0.03674900 0.13352700
v 0.32684700 0.03694000 0.13351200
v 0.31600000 0.03830000 0.13641800
v 0.31600000 0.03850000 0.13641800
v 0.30515300 0.03694000 0.13932400
v 0.30521000 0.03674900 0.13930900
v 0.29518500 0.03238800 0.14199500
v 0.29529300 0.03222000 0.14196600
v 0.28690400 0.02521200 0.14421400
v 0.28705500 0.02508100 0.14417400
v 0.28097900 0.01599300 0.14580200
v 0.28116100 0.01591000 0.14575300
v 0.27789200 0.00547900 0.14662900
v 0.27809000 0.00545100 0.14657600
v 0.27809000 -0.00545100 0.14657600
v 0.27789200 -0.00547900 0.14662900
v 0.28116100 -0.01591000 0.14575300
v 0.28097900 -0.01599300 0.14580200
v 0.28705500 -0.02508100 0.14417400
v 0.28690400 -0.02521200 0.14421400
v 0.29529300 -0.03222000 0.14196600
v 0.29518500 -0.03238800 0.14199500
v 0.30521000 -0.03674900 0.13930900
v 0.30515300 -0.03694000 0.05320000
v 0.30521000 -0.03674900 0.05320000
v 0.31600000 -0.03850000 0.05320000
v 0.31600000 -0.03830000 0.05320000
v 0.32679000 -0.03674900 0.05320000
v 0.29529300 -0.03222000 0.05320000
v 0.29518500 -0.03238800 0.05320000
v 0.28705500 -0.02508100 0.05320000
v 0.28690400 -0.02521200 0.05320000
v 0.28116100 -0.01591000 0.05320000
v 0.28097900 -0.01599300 0.05320000
v 0.27809000 -0.00545100 0.05320000
v 0.27789200 -0.00547900 0.05320000
v 0.27789200 0.00547900 0.05320000
v 0.27809000 0.00545100 0.05320000
v 0.28097900 0.01599300 0.05320000
v 0.28116100 0.01591000 0.05320000
v 0.28690400 0.02521200 0.05320000
v 0.28705500 0.02508100 0.05320000
v 0.29518500 0.03238800 0.05320000
v 0.29529300 0.03222000 0.05320000
v 0.30515300 0.03694000 0.05320000
v 0.30521000 0.03674900 0.05320000
v 0.31600000 0.03850000 0.05320000
v 0.31600000 0.03830000 0.05320000
v 0.32679000 0.03674900 0.05320000
v 0.32684700 0.03694000 0.05320000
v 0.33670600 0.03222000 0.05320000
v 0.33681500 0.03238800 0.05320000
v 0.34494500 0.02508100 0.05320000
v 0.34509600 0.02521200 0.05320000
v 0.35083900 0.01591000 0.05320000
v 0.35102100 0.01599300 0.05320000
v 0.35391000 0.00545100 0.05320000
v 0.35410800 0.00547900 0.05320000
v 0.35410800 -0.00547900 0.05320000
v 0.35391000 -0.00545100 0.05320000
v 0.35102100 -0.01599300 0.05320000
v 0.35083900 -0.01591000 0.05320000
v 0.34509600 -0.02521200 0.05320000
v 0.34494500 -0.02508100 0.05320000
v 0.33681500 -0.03238800 0.05320000
v 0.33670600 -0.03222000 0.05320000
v 0.32684700 -0.03694000 0.05320000
v 0.31600000 -0.03850000 0.13641800
v 0.30728200 -0.03750000 0.10250000
v 0.31600000 -0.03850000 0.05320000
v 0.30705900 -0.03744700 0.10051500
v 0.30515300 -0.03694000 0.05320000
v 0.30650100 -0.03731000 0.09872800
v 0.30479800 -0.03683400 0.09546500
v 0.30705900 -0.03744700 0.10448500
v 0.30515300 -0.03694000 0.13932400
v 0.30650100 -0.03731000 0.10627200
v 0.30479800 -0.03683400 0.10953500
v 0.30020400 -0.03511000 0.11567300
v 0.29518500 -0.03238800 0.14199500
v 0.29496200 -0.03224300 0.12164800
v 0.28979200 -0.02820200 0.12721500
v 0.28690400 -0.02521200 0.14421400
v 0.28510100 -0.02296700 0.13214400
v 0.28097900 -0.01599300 0.14580200
v 0.28110500 -0.01626600 0.13628800
v 0.27843100 -0.00841700 0.13904300
v 0.27789200 -0.00547900 0.14662900
v 0.27750000 0.00000000 0.14000000
v 0.27789200 0.00547900 0.14662900
v 0.27843100 0.00841700 0.13904300
v 0.28097900 0.01599300 0.14580200
v 0.28110500 0.01626600 0.13628800
v 0.28510100 0.02296700 0.13214400
v 0.28690400 0.02521200 0.14421400
v 0.28979200 0.02820200 0.12721500
v 0.29518500 0.03238800 0.14199500
v 0.29496200 0.03224300 0.12164800
v 0.30020400 0.03511000 0.11567300
v 0.30515300 0.03694000 0.13932400
v 0.30479800 0.03683400 0.10953500
v 0.30650100 0.03731000 0.10627200
v 0.30705900 0.03744700 0.10448500
v 0.30728200 0.03750000 0.10250000
v 0.30515300 0.03694000 0.05320000
v 0.30705900 0.03744700 0.10051500
v 0.30650100 0.03731000 0.09872800
v 0.30479800 0.03683400 0.09546500
v 0.30020400 0.03511000 0.08932700
v 0.29518500 0.03238800 0.05320000
v 0.29496200 0.03224300 0.08335200
v 0.28979200 0.02820200 0.07778500
v 0.28690400 0.02521200 0.05320000
v 0.28510100 0.02296700 0.07285600
v 0.28097900 0.01599300 0.05320000
v 0.28110500 0.01626600 0.06871200
v 0.27843100 0.00841700 0.06595700
v 0.27789200 0.00547900 0.05320000
v 0.27750000 0.00000000 0.06500000
v 0.27789200 -0.00547900 0.05320000
v 0.27843100 -0.00841700 0.06595700
v 0.28097900 -0.01599300 0.05320000
v 0.28110500 -0.01626600 0.06871200
v 0.28510100 -0.02296700 0.07285600
v 0.28690400 -0.02521200 0.05320000
v 0.28979200 -0.02820200 0.07778500
v 0.29518500 -0.03238800 0.05320000
v 0.29496200 -0.03224300 0.08335200
v 0.30020400 -0.03511000 0.08932700
v 0.30728200 0.03750000 0.10250000
v 0.27100000 0.03750000 0.10250000
v 0.30705900 0.03744700 0.10448500
v 0.30650100 0.03731000 0.10627200
v 0.30479800 0.03683400 0.10953500
v 0.27100000 0.03598100 0.11306500
v 0.30020400 0.03511000 0.11567300
v 0.27100000 0.03154700 0.12277400
v 0.29496200 0.03224300 0.12164800
v 0.28979200 0.02820200 0.12721500
v 0.27100000 0.02455700 0.13084100
v 0.28510100 0.02296700 0.13214400
v 0.27100000 0.01557800 0.13661100
v 0.28110500 0.01626600 0.13628800
v 0.27843100 0.00841700 0.13904300
v 0.27100000 0.00533700 0.13961800
v 0.27750000 0.00000000 0.14000000
v 0.27100000 -0.00533700 0.13961800
v 0.27843100 -0.00841700 0.13904300
v 0.27100000 -0.01557800 0.13661100
v 0.28110500 -0.01626600 0.13628800
v 0.28510100 -0.02296700 0.13214400
v 0.27100000 -0.02455700 0.13084100
v 0.28979200 -0.02820200 0.12721500
v 0.27100000 -0.03154700 0.12277400
v 0.29496200 -0.03224300 0.12164800
v 0.30020400 -0.03511000 0.11567300
v 0.27100000 -0.03598100 0.11306500
v 0.30479800 -0.03683400 0.10953500
v 0.30650100 -0.03731000 0.10627200
v 0.30705900 -0.03744700 0.10448500
vn 28.17326000 0.00000000 95.94930000
vn 10.05899000 0.00000000 99.49280000
vn 0.00000000 0.00000000 100.00000000
vn 5.29224000 0.00000000 99.85986000
vn 0.00000000 0.00000000 100.00000000
vn 54.06408000 0.00000000 84.12535000
vn 35.12700000 0.00000000 93.62743000
vn 18.75966000 0.00000000 98.22462000
vn 75.57496000 0.00000000 65.48608000
vn 65.90860000 0.00000000 75.20676000
vn 51.06084000 0.00000000 85.98134000
vn 79.05106000 0.00000000 61.24483000
vn 90.96320000 0.00000000 41.54150000
vn 90.10313000 0.00000000 43.37542000
vn 97.44836000 0.00000000 22.44586000
vn 98.98215000 0.00000000 14.23148000
vn 100.00000000 0.00000000 -0.00000000
vn 98.98215000 0.00000000 -14.23148000
vn 97.44836000 0.00000000 -22.44586000
vn 90.96320000 0.00000000 -41.54150000
vn 90.10313000 0.00000000 -43.37542000
vn 79.05106000 0.00000000 -61.24483000
vn 75.57496000 0.00000000 -65.48608000
vn 65.90860000 0.00000000 -75.20676000
vn 54.06408000 0.00000000 -84.12535000
vn 51.06084000 0.00000000 -85.98134000
vn 35.12700000 0.00000000 -93.62743000
vn 28.17326000 0.00000000 -95.94930000
vn 18.75966000 0.00000000 -98.22462000
vn 10.05899000 0.00000000 -99.49280000
vn 0.00000000 0.00000000 -100.00000000
vn 5.29224000 0.00000000 -99.85986000
vn 0.00000000 0.00000000 -100.00000000
vn 0.00000000 0.00000000 -100.00000000
vn 0.00000000 28.17326000 -95.94930000
vn 0.00000000 0.00000000 -100.00000000
vn 0.00000000 28.17326000 -95.94930000
vn 0.00000000 54.06408000 -84.12535000
vn 0.00000000 54.06408000 -84.12535000
vn 0.00000000 75.57496000 -65.48608000
vn 0.00000000 75.57496000 -65.48608000
vn 0.00000000 90.96320000 -41.54150000
vn 0.00000000 90.96320000 -41.54150000
vn 0.00000000 98.98215000 -14.23148000
vn 0.00000000 98.98215000 -14.23148000
vn 0.00000000 98.98215000 14.23148000
vn 0.00000000 98.98215000 14.23148000
vn 0.00000000 90.96320000 41.54150000
vn 0.00000000 90.96320000 41.54150000
vn 0.00000000 75.57496000 65.48608000
vn 0.00000000 75.57496000 65.48608000
vn 0.00000000 54.06408000 84.12535000
vn 0.00000000 54.06408000 84.12535000
vn 0.00000000 28.17326000 95.94930000
vn 0.00000000 28.17326000 95.94930000
vn 0.00000000 0.00000000 100.00000000
vn 0.00000000 0.00000000 100.00000000
vn -99.99677000 -0.80349000 0.00000000
vn -99.69389000 7.81844000 0.00000000
vn -98.08396000 2.40734000 -19.33238000
vn -97.76388000 8.01935000 -19.43996000
vn -92.50671000 3.43613000 -37.82462000
vn -92.03424000 8.71030000 -38.12911000
vn -84.46122000 5.03691000 -53.30040000
vn -82.73061000 9.97637000 -55.28216000
vn -73.80810000 7.27501000 -67.07785000
vn -70.21721000 11.83460000 -70.21030000
vn -60.85659000 10.10064000 -78.70484000
vn -54.99358000 14.23218000 -82.29916000
vn -46.00577000 13.41563000 -87.76953000
vn -37.71114000 17.05097000 -91.03370000
vn -29.75364000 17.08113000 -93.93060000
vn -19.10966000 20.13347000 -96.07010000
vn -12.68160000 20.93438000 -96.95839000
vn -0.00000000 23.30921000 -97.24547000
vn 4.57951000 24.81356000 -96.76423000
vn 18.81497000 26.43848000 -94.58860000
vn 21.39567000 28.58861000 -93.40726000
vn 36.57333000 29.45817000 -88.28707000
vn 36.12475000 31.95195000 -87.60180000
vn 52.55491000 32.43791000 -78.64963000
vn 49.50316000 35.19540000 -79.44004000
vn 61.12253000 38.44655000 -69.18019000
vn 47.21006000 37.97673000 -79.55488000
vn 58.68980000 41.81823000 -69.33068000
vn 56.06481000 45.01745000 -69.49940000
vn 65.22362000 49.32290000 -57.55980000
vn 62.29384000 52.72027000 -57.79318000
vn 68.85419000 57.26406000 -44.49638000
vn 55.90038000 58.98125000 -58.27830000
vn 62.33719000 63.90511000 -45.05787000
vn 49.04318000 64.35326000 -58.76584000
vn 55.35958000 69.69841000 -45.57904000
vn 41.69784000 68.93312000 -59.24116000
vn 47.88269000 74.73893000 -46.05801000
vn 33.89109000 72.74150000 -59.66631000
vn 39.93398000 79.03039000 -46.47015000
vn 27.01552000 75.31885000 -59.97694000
vn 32.91329000 82.03812000 -46.75962000
vn 20.00266000 77.27194000 -60.24069000
vn 25.71888000 84.43935000 -46.99505000
vn 10.99279000 78.86472000 -60.49392000
vn 16.41535000 86.61374000 -47.20801000
vn 2.07658000 79.46608000 -60.66984000
vn 7.09290000 87.80095000 -47.33586000
vn -6.65323000 79.13338000 -60.77534000
vn -2.16084000 88.03234000 -47.38816000
vn -13.56685000 82.37671000 -55.04560000
vn -8.19748000 92.07447000 -38.14568000
vn 3.07890000 94.50594000 -32.54455000
vn -1.94870000 98.06117000 -19.49894000
vn 8.04980000 98.28602000 -16.58491000
vn 1.26221000 99.99204000 0.00000000
vn 17.10930000 97.10873000 -16.64831000
vn 26.04589000 96.54849000 0.00000000
vn 25.99990000 95.11208000 -16.66425000
vn 34.66170000 92.31605000 -16.62270000
vn 21.64529000 92.05486000 -32.51745000
vn 30.76506000 89.46876000 -32.38597000
vn 66.06714000 35.65287000 -66.06063000
vn 70.55688000 41.94676000 -57.11565000
vn 67.98852000 45.72221000 -57.33272000
vn 71.85450000 53.69108000 -44.20632000
vn 72.75904000 61.61510000 -30.16126000
vn 66.38395000 68.18107000 -30.73292000
vn 59.58217000 73.99300000 -31.22500000
vn 52.30702000 79.13528000 -31.64780000
vn 44.59561000 83.59296000 -31.99138000
vn 37.77845000 86.80348000 -32.21715000
vn 76.34474000 39.60998000 -51.01500000
vn 77.35504000 45.98747000 -43.60447000
vn 74.69657000 49.92479000 -43.90830000
vn 75.71207000 58.11007000 -29.84796000
vn 74.29555000 65.18066000 -15.22012000
vn 68.26118000 71.38818000 -15.62495000
vn 61.83156000 76.95666000 -15.95398000
vn 54.96231000 81.95155000 -16.21999000
vn 47.70689000 86.33861000 -16.42247000
vn 41.28960000 89.56264000 -16.54393000
vn 82.59824000 44.79435000 -34.21984000
vn 81.17339000 50.60459000 -29.15574000
vn 78.52283000 54.43492000 -29.51279000
vn 77.10072000 61.89349000 -14.98921000
vn 68.70921000 72.65704000 0.00000000
vn 84.66370000 50.48405000 -16.83504000
vn 82.31467000 54.91107000 -14.45925000
vn 79.77737000 58.46727000 -14.73600000
vn 84.59554000 53.32537000 0.00000000
vn 48.86034000 87.25060000 0.00000000
vn -17.21054000 69.65910000 -69.65204000
vn -10.39970000 68.15278000 -72.43649000
vn -2.63202000 69.01865000 -72.31527000
vn 5.41769000 69.04439000 -72.13544000
vn 13.66402000 68.15372000 -71.89134000
vn 20.13845000 66.79909000 -71.64024000
vn 26.52854000 64.85123000 -71.34812000
vn 33.83002000 61.81544000 -70.95337000
vn 40.73680000 58.03257000 -70.51761000
vn 47.21806000 53.46378000 -70.08623000
vn 53.28397000 48.01268000 -69.68215000
vn 44.74813000 40.58889000 -79.68781000
vn 33.95345000 34.00336000 -87.69797000
vn -19.60315000 54.48118000 -81.53231000
vn -13.67550000 55.41780000 -82.10876000
vn -7.22716000 56.77043000 -82.00541000
vn -0.42417000 57.43359000 -81.86087000
vn 6.66646000 57.32080000 -81.66936000
vn 12.30335000 56.67200000 -81.46724000
vn 17.92342000 55.50422000 -81.22828000
vn 24.41902000 53.46805000 -80.90042000
vn 30.64021000 50.75208000 -80.53200000
vn 36.55279000 47.29628000 -80.16830000
vn 42.15705000 43.00191000 -79.83495000
vn 31.65559000 35.88776000 -87.80656000
vn 19.32589000 29.80768000 -93.47733000
vn -16.71380000 41.27198000 -89.53922000
vn -21.28654000 37.39449000 -90.26924000
vn -19.64746000 26.09228000 -94.51545000
vn -22.60164000 19.00432000 -95.54057000
vn -22.72428000 9.12991000 -96.95490000
vn -23.71395000 0.00000000 -97.14756000
vn -25.69777000 -7.96013000 -96.31335000
vn -24.67871000 -18.90576000 -95.04490000
vn -28.50166000 -24.61340000 -92.63820000
vn -25.49223000 -37.00718000 -89.33429000
vn -31.05670000 -40.30082000 -86.08906000
vn -26.12873000 -53.62913000 -80.25713000
vn -33.28970000 -54.55296000 -76.91405000
vn -26.56545000 -68.17339000 -68.16647000
vn -35.14450000 -66.96890000 -65.42195000
vn -26.80063000 -80.10378000 -53.52674000
vn -36.58740000 -77.21235000 -51.95783000
vn -26.86328000 -88.98956000 -36.86763000
vn -37.60785000 -84.99719000 -36.89346000
vn -26.82061000 -94.48630000 -18.78809000
vn -38.26021000 -90.44108000 -18.88301000
vn -34.98204000 -93.68168000 0.00000000
vn -42.91609000 -90.32281000 0.00000000
vn -26.77722000 -96.34822000 0.00000000
vn -49.09116000 -85.03541000 -18.94826000
vn -57.75116000 -81.63825000 0.00000000
vn -59.16278000 -78.35286000 -18.98936000
vn -70.86650000 -70.55451000 0.00000000
vn -68.33320000 -70.49268000 -19.00938000
vn -74.83292000 -63.54850000 -19.01636000
vn -71.74571000 -59.14416000 -36.80381000
vn -77.16928000 -51.88584000 -36.77992000
vn -72.21012000 -46.14383000 -51.54071000
vn -77.00053000 -37.58860000 -51.55595000
vn -69.60515000 -30.81354000 -64.85098000
vn -72.50887000 -22.66471000 -65.02902000
vn -62.43583000 -15.36456000 -76.58784000
vn -63.35447000 -8.05370000 -76.95030000
vn -50.52518000 -0.83734000 -86.29314000
vn -49.44047000 5.10738000 -86.77300000
vn -34.15932000 11.48614000 -93.28027000
vn -48.54229000 7.95285000 -87.06548000
vn -32.87947000 13.46175000 -93.47578000
vn -47.39037000 10.74606000 -87.39951000
vn -31.40082000 15.34320000 -93.69405000
vn -81.92320000 -57.34623000 0.00000000
vn -80.68464000 -55.93275000 -19.01358000
vn -82.60904000 -42.69742000 -36.77875000
vn -80.70265000 -28.57693000 -51.67630000
vn -74.33926000 -14.22055000 -65.35634000
vn -63.19264000 -0.63759000 -77.50022000
vn -62.69902000 2.97993000 -77.84570000
vn -61.91672000 6.58990000 -78.24892000
vn -86.58431000 -46.27962000 -19.00930000
vn -90.54915000 -42.43644000 0.00000000
vn -91.29849000 -36.09459000 -19.02012000
vn -96.47426000 -26.31954000 0.00000000
vn -94.81101000 -25.45411000 -19.05150000
vn -97.09566000 -14.38283000 -19.11983000
vn -91.98702000 -12.41319000 -37.20618000
vn -97.74423000 -8.85886000 -19.17254000
vn -92.47598000 -7.18616000 -37.37047000
vn -98.07861000 -3.20961000 -19.24280000
vn -92.65303000 -1.85570000 -37.57623000
vn -99.55646000 -9.40799000 0.00000000
vn 2.61344000 25.06445000 -96.77264000
vn 17.18836000 30.86100000 -93.55297000
vn 29.27276000 37.58181000 -87.92448000
vn 24.21814000 40.45486000 -88.18665000
vn 19.01944000 42.56376000 -88.46800000
vn 13.67878000 44.01436000 -88.74474000
vn 8.22839000 44.89048000 -88.97830000
vn 3.60400000 45.17748000 -89.14038000
vn -0.95982000 45.05479000 -89.27006000
vn -6.59006000 44.35262000 -89.38354000
vn -11.85502000 43.06232000 -89.47119000
vn -14.51753000 20.18421000 -96.85989000
vn 0.65611000 25.15206000 -96.78297000
vn 15.02528000 31.73692000 -93.63231000
vn 10.58700000 32.99942000 -93.80274000
vn 6.21633000 33.59992000 -93.98086000
vn 1.90873000 33.65514000 -94.14716000
vn -2.31351000 33.27296000 -94.27384000
vn -5.77353000 32.62299000 -94.35257000
vn -9.09156000 31.69821000 -94.40640000
vn -13.04309000 30.17294000 -94.44296000
vn -16.56541000 28.27686000 -94.47755000
vn -74.51984000 3.03735000 -66.61507000
vn -84.85239000 0.20174000 -52.91533000
vn -8.33737000 23.37923000 -96.87053000
vn -4.95722000 24.49322000 -96.82721000
vn -1.25156000 25.08222000 -96.79523000
vn -16.26263000 19.27740000 -96.76729000
vn -23.08855000 12.93740000 -96.43414000
vn -20.77553000 15.77272000 -96.53807000
vn -17.87984000 18.24079000 -96.68291000
vn -11.41290000 21.86888000 -96.90974000
vn -14.18063000 20.09176000 -96.92900000
vn -16.27198000 18.41635000 -96.93328000
vn -18.13582000 16.62651000 -96.92601000
vn -20.14325000 14.22792000 -96.91138000
vn -21.66582000 11.70534000 -96.92046000
vn -37.37947000 2.72746000 -92.71104000
vn -36.17235000 7.20717000 -92.94955000
vn -24.86162000 9.86999000 -96.35603000
vn -26.11471000 6.71307000 -96.29619000
vn -26.79476000 4.02751000 -96.25913000
vn -27.16865000 1.38894000 -96.22856000
vn -27.19501000 -1.86594000 -96.21304000
vn -26.68845000 -5.00213000 -96.24295000
vn -50.63669000 -6.82138000 -85.96159000
vn -37.84396000 -1.82134000 -92.54468000
vn -37.60608000 -6.29470000 -92.44544000
vn -36.91147000 -9.94967000 -92.40426000
vn -35.84121000 -13.40886000 -92.38837000
vn -33.95174000 -17.50437000 -92.41686000
vn -31.48152000 -21.25649000 -92.50446000
vn -60.51330000 -22.47541000 -76.37406000
vn -65.67322000 -38.56263000 -64.80703000
vn -67.38120000 -52.90970000 -51.57847000
vn -65.70540000 -65.77505000 -36.82993000
vn -49.85076000 -12.72753000 -85.74912000
vn -48.21933000 -18.41950000 -85.64822000
vn -46.25225000 -22.98431000 -85.62973000
vn -43.84902000 -27.22598000 -85.65050000
vn -40.18952000 -32.14329000 -85.74154000
vn -35.89626000 -36.51852000 -85.89445000
vn -86.90948000 -33.01039000 -36.83825000
vn -83.28300000 -19.19854000 -51.91683000
vn -90.04769000 -22.90496000 -36.96994000
vn -84.69008000 -9.50083000 -52.31945000
vn -75.02943000 -5.55070000 -65.87696000
vn -74.92741000 -1.27454000 -66.21374000
vn -54.54642000 -34.66336000 -76.30950000
vn -57.63972000 -29.26489000 -76.29697000
vn -61.62293000 -44.70122000 -64.84146000
vn -50.96389000 -39.63533000 -76.36571000
vn -45.73256000 -45.33966000 -76.50391000
vn -39.80812000 -50.33114000 -76.69479000
vn -61.97290000 -59.10148000 -51.63696000
vn -57.16167000 -73.30256000 -36.86840000
vn -57.03599000 -50.33136000 -64.91263000
vn -50.45836000 -56.75831000 -65.05727000
vn -43.12500000 -62.32675000 -65.23504000
vn 12.39203000 93.73298000 -32.56633000
vn -45.78589000 -72.21262000 -51.85547000
vn -54.28713000 -66.14878000 -51.74211000
vn -47.75271000 -79.74056000 -36.89339000
vn -84.92660000 -4.68637000 -52.58811000
vn 0.00000000 0.00000000 100.00000000
vn 0.00000000 23.93157000 97.09418000
vn 0.00000000 0.00000000 100.00000000
vn 0.00000000 23.93157000 97.09418000
vn 0.00000000 46.47232000 88.54560000
vn 0.00000000 46.47232000 88.54560000
vn 0.00000000 66.31226000 74.85107000
vn 0.00000000 66.31226000 74.85107000
vn 0.00000000 82.29839000 56.80647000
vn 0.00000000 82.29839000 56.80647000
vn 0.00000000 93.50162000 35.46049000
vn 0.00000000 93.50162000 35.46049000
vn 0.00000000 99.27089000 12.05367000
vn 0.00000000 99.27089000 12.05367000
vn 0.00000000 99.27089000 -12.05367000
vn 0.00000000 99.27089000 -12.05367000
vn 0.00000000 93.50162000 -35.46049000
vn 0.00000000 93.50162000 -35.46049000
vn 0.00000000 82.29839000 -56.80647000
vn 0.00000000 82.29839000 -56.80647000
vn 0.00000000 66.31226000 -74.85107000
vn 0.00000000 66.31226000 -74.85107000
vn 0.00000000 46.47232000 -88.54560000
vn 0.00000000 46.47232000 -88.54560000
vn 0.00000000 23.93157000 -97.09418000
vn 0.00000000 23.93157000 -97.09418000
vn 0.00000000 0.00000000 -100.00000000
vn 0.00000000 0.00000000 -100.00000000
vn 0.00000000 0.00000000 100.00000000
vn 28.17326000 0.00000000 95.94930000
vn 0.00000000 0.00000000 100.00000000
vn 28.17326000 0.00000000 95.94930000
vn 54.06408000 0.00000000 84.12535000
vn 54.06408000 0.00000000 84.12535000
vn 75.57496000 0.00000000 65.48608000
vn 75.57496000 0.00000000 65.48608000
vn 90.96320000 0.00000000 41.54150000
vn 90.96320000 0.00000000 41.54150000
vn 98.98215000 0.00000000 14.23148000
vn 98.98215000 0.00000000 14.23148000
vn 98.98215000 0.00000000 -14.23148000
vn 98.98215000 0.00000000 -14.23148000
vn 90.96320000 0.00000000 -41.54150000
vn 90.96320000 0.00000000 -41.54150000
vn 75.57496000 0.00000000 -65.48608000
vn 75.57496000 0.00000000 -65.48608000
vn 54.06408000 0.00000000 -84.12535000
vn 54.06408000 0.00000000 -84.12535000
vn 28.17326000 0.00000000 -95.94930000
vn 28.17326000 0.00000000 -95.94930000
vn 0.00000000 0.00000000 -100.00000000
vn 0.00000000 0.00000000 -100.00000000
vn 0.00000000 0.00000000 -100.00000000
vn 0.00000000 0.00000000 -100.00000000
vn -28.17326000 0.00000000 -95.94930000
vn -28.17326000 0.00000000 -95.94930000
vn -54.06408000 0.00000000 -84.12535000
vn -54.06408000 0.00000000 -84.12535000
vn -75.57496000 0.00000000 -65.48608000
vn -75.57496000 0.00000000 -65.48608000
vn -90.96320000 0.00000000 -41.54150000
vn -90.96320000 0.00000000 -41.54150000
vn -98.98215000 0.00000000 -14.23148000
vn -98.98215000 0.00000000 -14.23148000
vn -98.98215000 0.00000000 14.23148000
vn -98.98215000 0.00000000 14.23148000
vn -90.96320000 0.00000000 41.54150000
vn -90.96320000 0.00000000 41.54150000
vn -75.57496000 0.00000000 65.48608000
vn -75.57496000 0.00000000 65.48608000
vn -54.06408000 0.00000000 84.12535000
vn -54.06408000 0.00000000 84.12535000
vn -28.17326000 0.00000000 95.94930000
vn -28.17326000 0.00000000 95.94930000
vn 0.00000000 -100.00000000 0.00000000
vn 0.00000000 -100.00000000 0.00000000
vn 0.00000000 -100.00000000 0.00000000
vn 0.00000000 -100.00000000 0.00000000
vn 0.00000000 -100.00000000 0.00000000
vn 0.00000000 -100.00000000 0.00000000
vn 0.00000000 -100.00000000 0.00000000
vn 0.00000000 -100.00000000 0.00000000
vn 0.00000000 -100.00000000 0.00000000
vn 0.00000000 -100.00000000 0.00000000
vn 0.00000000 -100.00000000 0.00000000
vn 0.00000000 -100.00000000 0.00000000
vn 0.00000000 -100.00000000 0.00000000
vn 0.00000000 -100.00000000 0.00000000
vn 0.00000000 -100.00000000 0.00000000
vn 0.00000000 -100.00000000 0.00000000
vn 0.00000000 -100.00000000 0.00000000
vn 0.00000000 -100.00000000 0.00000000
vn 0.00000000 -100.00000000 0.00000000
vn 0.00000000 -100.00000000 0.00000000
vn 0.00000000 -100.00000000 0.00000000
vn 0.00000000 -100.00000000 0.00000000
vn 0.00000000 -100.00000000 0.00000000
vn 0.00000000 -100.00000000 0.00000000
vn 0.00000000 -100.00000000 0.00000000
vn 0.00000000 -100.00000000 0.00000000
vn 0.00000000 -100.00000000 0.00000000
vn 0.00000000 -100.00000000 0.00000000
vn 0.00000000 -100.00000000 0.00000000
vn 0.00000000 -100.00000000 0.00000000
vn 0.00000000 -100.00000000 0.00000000
vn 0.00000000 -100.00000000 0.00000000
vn 0.00000000 -100.00000000 0.00000000
vn 0.00000000 -100.00000000 0.00000000
vn 0.00000000 -100.00000000 0.00000000
vn 0.00000000 -100.00000000 0.00000000
vn 0.00000000 -100.00000000 0.00000000
vn 0.00000000 -100.00000000 0.00000000
vn 0.00000000 -100.00000000 0.00000000
vn 0.00000000 -100.00000000 0.00000000
vn 0.00000000 -100.00000000 0.00000000
vn 0.00000000 -100.00000000 0.00000000
vn 0.00000000 -100.00000000 0.00000000
vn 0.00000000 -100.00000000 0.00000000
vn 0.00000000 100.00000000 0.00000000
vn 0.00000000 100.00000000 0.00000000
vn 0.00000000 100.00000000 0.00000000
vn 0.00000000 100.00000000 0.00000000
vn 0.00000000 100.00000000 0.00000000
vn 0.00000000 100.00000000 0.00000000
vn 0.00000000 100.00000000 0.00000000
vn 0.00000000 100.00000000 0.00000000
vn 0.00000000 100.00000000 0.00000000
vn 0.00000000 100.00000000 0.00000000
vn 0.00000000 100.00000000 0.00000000
vn 0.00000000 100.00000000 0.00000000
vn 0.00000000 100.00000000 0.00000000
vn 0.00000000 100.00000000 0.00000000
vn 0.00000000 100.00000000 0.00000000
vn 0.00000000 100.00000000 0.00000000
vn 0.00000000 100.00000000 0.00000000
vn 0.00000000 100.00000000 0.00000000
vn 0.00000000 100.00000000 0.00000000
vn 0.00000000 100.00000000 0.00000000
vn 0.00000000 100.00000000 0.00000000
vn 0.00000000 100.00000000 0.00000000
vn 0.00000000 100.00000000 0.00000000
vn 0.00000000 100.00000000 0.00000000
vn 0.00000000 100.00000000 0.00000000
vn 0.00000000 100.00000000 0.00000000
vn 0.00000000 100.00000000 0.00000000
vn 0.00000000 100.00000000 0.00000000
vn 0.00000000 100.00000000 0.00000000
vn 0.00000000 100.00000000 0.00000000
vn 0.00000000 100.00000000 0.00000000
vn 0.00000000 100.00000000 0.00000000
vn 0.00000000 100.00000000 0.00000000
vn 0.00000000 100.00000000 0.00000000
vn 0.00000000 100.00000000 0.00000000
vn 0.00000000 100.00000000 0.00000000
vn 0.00000000 100.00000000 0.00000000
vn 0.00000000 100.00000000 0.00000000
vn 0.00000000 100.00000000 0.00000000
vn 0.00000000 100.00000000 0.00000000
vn 0.00000000 100.00000000 0.00000000
vn 0.00000000 100.00000000 0.00000000
vn 0.00000000 100.00000000 0.00000000
vn 0.00000000 100.00000000 0.00000000
vn 0.00000000 100.00000000 0.00000000
vn 0.00000000 100.00000000 0.00000000
vn 0.00000000 100.00000000 0.00000000
vn 0.00000000 100.00000000 0.00000000
vn 0.00000000 100.00000000 0.00000000
vn 0.00000000 100.00000000 0.00000000
vn 0.00000000 100.00000000 0.00000000
vn 0.00000000 100.00000000 0.00000000
vn 0.00000000 100.00000000 0.00000000
vn 0.00000000 100.00000000 0.00000000
vn 0.00000000 100.00000000 0.00000000
vn 0.00000000 100.00000000 0.00000000
vn 0.00000000 100.00000000 0.00000000
vn 0.00000000 100.00000000 0.00000000
vn 0.00000000 100.00000000 0.00000000
vn 0.00000000 100.00000000 0.00000000
vn 0.00000000 100.00000000 0.00000000
vn 0.00000000 100.00000000 0.00000000
vn 0.00000000 100.00000000 0.00000000
vn 0.00000000 100.00000000 0.00000000
vn 100.00000000 0.00000000 -0.00000000
vn 100.00000000 0.00000000 -0.00000000
vn 100.00000000 0.00000000 -0.00000000
vn 100.00000000 0.00000000 -0.00000000
vn 100.00000000 0.00000000 -0.00000000
vn 100.00000000 0.00000000 -0.00000000
vn 100.00000000 0.00000000 -0.00000000
vn 100.00000000 0.00000000 -0.00000000
vn 100.00000000 0.00000000 -0.00000000
vn 100.00000000 0.00000000 -0.00000000
vn 100.00000000 0.00000000 -0.00000000
vn 100.00000000 0.00000000 -0.00000000
vn 100.00000000 0.00000000 -0.00000000
vn 100.00000000 0.00000000 -0.00000000
vn 100.00000000 0.00000000 -0.00000000
vn 100.00000000 0.00000000 -0.00000000
vn 100.00000000 0.00000000 -0.00000000
vn 100.00000000 0.00000000 -0.00000000
vn 100.00000000 0.00000000 -0.00000000
vn 100.00000000 0.00000000 -0.00000000
vn 100.00000000 0.00000000 -0.00000000
vn 100.00000000 0.00000000 -0.00000000
vn 100.00000000 0.00000000 -0.00000000
vn 100.00000000 0.00000000 -0.00000000
vn 100.00000000 0.00000000 -0.00000000
vn 100.00000000 0.00000000 -0.00000000
vn 0.00000000 0.00000000 -100.00000000
vn 0.00000000 0.00000000 -100.00000000
vn 0.00000000 -23.93157000 -97.09418000
vn 0.00000000 -23.93157000 -97.09418000
vn 0.00000000 -46.47232000 -88.54560000
vn 0.00000000 -46.47232000 -88.54560000
vn 0.00000000 -66.31226000 -74.85107000
vn 0.00000000 -66.31226000 -74.85107000
vn 0.00000000 -82.29839000 -56.80647000
vn 0.00000000 -82.29839000 -56.80647000
vn 0.00000000 -93.50162000 -35.46049000
vn 0.00000000 -93.50162000 -35.46049000
vn 0.00000000 -99.27089000 -12.05367000
vn 0.00000000 -99.27089000 -12.05367000
vn 0.00000000 -99.27089000 12.05367000
vn 0.00000000 -99.27089000 12.05367000
vn 0.00000000 -93.50162000 35.46049000
vn 0.00000000 -93.50162000 35.46049000
vn 0.00000000 -82.29839000 56.80647000
vn 0.00000000 -82.29839000 56.80647000
vn 0.00000000 -66.31226000 74.85107000
vn 0.00000000 -66.31226000 74.85107000
vn 0.00000000 -46.47232000 88.54560000
vn 0.00000000 -46.47232000 88.54560000
vn 0.00000000 -23.93157000 97.09418000
vn 0.00000000 -23.93157000 97.09418000
vn 100.00000000 0.00000000 -0.00000000
vn 100.00000000 0.00000000 -0.00000000
vn 100.00000000 0.00000000 -0.00000000
vn 100.00000000 0.00000000 -0.00000000
vn 100.00000000 0.00000000 -0.00000000
vn 100.00000000 0.00000000 -0.00000000
vn 100.00000000 0.00000000 -0.00000000
vn 100.00000000 0.00000000 -0.00000000
vn 100.00000000 0.00000000 -0.00000000
vn 100.00000000 0.00000000 -0.00000000
vn 100.00000000 0.00000000 -0.00000000
vn 100.00000000 0.00000000 -0.00000000
vn 100.00000000 0.00000000 -0.00000000
vn 100.00000000 0.00000000 -0.00000000
vn 100.00000000 0.00000000 -0.00000000
vn 100.00000000 0.00000000 -0.00000000
vn 100.00000000 0.00000000 -0.00000000
vn 100.00000000 0.00000000 -0.00000000
vn 100.00000000 0.00000000 -0.00000000
vn 100.00000000 0.00000000 -0.00000000
vn 100.00000000 0.00000000 -0.00000000
vn 100.00000000 0.00000000 -0.00000000
vn 100.00000000 0.00000000 -0.00000000
vn 100.00000000 0.00000000 -0.00000000
vn 100.00000000 0.00000000 -0.00000000
vn 100.00000000 0.00000000 -0.00000000
vn 100.00000000 0.00000000 -0.00000000
vn 100.00000000 0.00000000 -0.00000000
vn 100.00000000 0.00000000 -0.00000000
vn 100.00000000 0.00000000 -0.00000000
vn 100.00000000 0.00000000 -0.00000000
vn 100.00000000 0.00000000 -0.00000000
vn 100.00000000 0.00000000 -0.00000000
vn 100.00000000 0.00000000 -0.00000000
vn 100.00000000 0.00000000 -0.00000000
vn 100.00000000 0.00000000 -0.00000000
vn 100.00000000 0.00000000 -0.00000000
vn 100.00000000 0.00000000 -0.00000000
vn 100.00000000 0.00000000 -0.00000000
vn 100.00000000 0.00000000 -0.00000000
vn 100.00000000 0.00000000 -0.00000000
vn 100.00000000 0.00000000 -0.00000000
vn 100.00000000 0.00000000 -0.00000000
vn 100.00000000 0.00000000 -0.00000000
vn 100.00000000 0.00000000 -0.00000000
vn 100.00000000 0.00000000 -0.00000000
vn 100.00000000 0.00000000 -0.00000000
vn 100.00000000 0.00000000 -0.00000000
vn 100.00000000 0.00000000 -0.00000000
vn 100.00000000 0.00000000 -0.00000000
vn 100.00000000 0.00000000 -0.00000000
vn 100.00000000 0.00000000 -0.00000000
vn 100.00000000 0.00000000 -0.00000000
vn 100.00000000 0.00000000 -0.00000000
vn 100.00000000 0.00000000 -0.00000000
vn 100.00000000 0.00000000 -0.00000000
vn 100.00000000 0.00000000 -0.00000000
vn 100.00000000 0.00000000 -0.00000000
vn -1.94870000 98.06117000 19.49894000
vn 9.45587000 99.06074000 9.87701000
vn 18.40925000 97.78805000 9.92959000
vn 27.16519000 95.72368000 9.95135000
vn 23.25499000 93.33219000 27.35522000
vn 32.23352000 90.65411000 27.25497000
vn 27.09605000 85.95259000 43.33539000
vn 34.27598000 83.46478000 43.11367000
vn 28.17969000 76.70344000 57.64103000
vn 35.10917000 74.03027000 57.33119000
vn 27.41034000 65.80308000 70.13293000
vn 34.78404000 62.66894000 69.73288000
vn 24.79414000 53.79847000 80.56659000
vn 31.04452000 51.03885000 80.19522000
vn 18.56272000 42.24406000 88.71790000
vn 23.73260000 40.18873000 88.43998000
vn 9.01189000 32.13918000 94.26483000
vn 13.37784000 31.06399000 94.10665000
vn -2.96571000 24.37921000 96.93739000
vn 0.85112000 24.56352000 96.93250000
vn -16.28418000 19.67851000 96.68289000
vn 0.00000000 23.30921000 97.24547000
vn -19.10966000 20.13347000 96.07010000
vn 35.66711000 92.89320000 9.93536000
vn 39.12620000 87.94281000 27.11461000
vn 41.27524000 80.38282000 42.83639000
vn 42.97127000 70.10922000 56.90490000
vn 41.75284000 58.78280000 69.29129000
vn 36.98101000 47.53704000 79.82878000
vn 28.76551000 37.37256000 88.18071000
vn 17.63527000 29.32730000 93.96226000
vn 18.81497000 26.43848000 94.58860000
vn 55.54232000 82.58958000 9.69599000
vn 48.44330000 86.92987000 9.82058000
vn 42.16255000 90.13580000 9.89230000
vn 45.81722000 84.71204000 26.91939000
vn 74.47350000 66.11950000 9.05041000
vn 68.56597000 72.19364000 9.31588000
vn 62.26957000 77.66414000 9.52798000
vn 67.22070000 69.40515000 25.77406000
vn 60.53344000 75.15102000 26.23029000
vn 63.61262000 65.08446000 41.44210000
vn 56.65234000 70.91910000 41.96420000
vn 57.26661000 59.93678000 55.92957000
vn 50.36588000 65.41724000 56.42574000
vn 48.28647000 54.10798000 68.85306000
vn 79.84208000 59.57397000 8.72838000
vn 84.66370000 50.48405000 16.83504000
vn 79.17764000 55.90571000 24.60596000
vn 82.59824000 44.79435000 34.21984000
vn 75.96552000 51.07803000 40.25264000
vn 76.34474000 39.60998000 51.01500000
vn 69.43615000 46.47243000 54.94483000
vn 66.06714000 35.65287000 66.06063000
vn 59.83878000 42.24445000 68.07883000
vn 52.55491000 32.43791000 78.64963000
vn 47.67075000 38.12040000 79.21070000
vn 36.57333000 29.45817000 88.28707000
vn 33.43230000 33.85217000 87.95631000
vn -33.10383000 14.85318000 93.18540000
vn -37.71114000 17.05097000 91.03370000
vn -48.96721000 10.29290000 86.58099000
vn -54.99358000 14.23218000 82.29916000
vn -63.31500000 6.19228000 77.15482000
vn -70.21721000 11.83460000 70.21030000
vn -75.69884000 2.70936000 65.28664000
vn -82.73061000 9.97637000 55.28216000
vn -85.78157000 -0.04792000 51.39572000
vn -92.03424000 8.71030000 38.12911000
vn -93.30852000 -2.02349000 35.90857000
vn -97.76388000 8.01935000 19.43996000
vn -98.07861000 -3.20961000 19.24280000
vn -99.99677000 -0.80349000 0.00000000
vn -99.55646000 -9.40799000 0.00000000
vn -99.69389000 7.81844000 0.00000000
vn -97.09566000 -14.38283000 19.11983000
vn -96.47426000 -26.31954000 0.00000000
vn -94.81101000 -25.45411000 19.05150000
vn -91.29849000 -36.09459000 19.02012000
vn -87.43465000 -33.38226000 35.22507000
vn -83.08415000 -43.12772000 35.17135000
vn -77.66580000 -38.19643000 50.09048000
vn -72.79832000 -46.82564000 50.07758000
vn -66.42015000 -39.42865000 63.51177000
vn -62.28096000 -45.63771000 63.54747000
vn -55.33619000 -35.78075000 75.21731000
vn -51.64152000 -40.82446000 75.27628000
vn -44.62812000 -28.57927000 84.80305000
vn -40.79641000 -33.57983000 84.90022000
vn -34.62296000 -19.07103000 91.85612000
vn -31.95687000 -22.88718000 91.95072000
vn -27.19637000 -6.71187000 95.99640000
vn -25.99611000 -9.70994000 96.07247000
vn -23.03700000 7.35974000 97.03160000
vn -23.71395000 -0.00000000 97.14756000
vn -22.60164000 19.00432000 95.54057000
vn -90.54915000 -42.43644000 0.00000000
vn -86.58431000 -46.27962000 19.00930000
vn -77.58946000 -52.37087000 35.17341000
vn -67.89918000 -53.64916000 50.11456000
vn -57.60048000 -51.33086000 63.61861000
vn -46.26029000 -46.60701000 75.41732000
vn -36.32509000 -38.01938000 85.05888000
vn -28.77792000 -26.28674000 92.09147000
vn -24.67871000 -18.90576000 95.04490000
vn -81.92320000 -57.34623000 0.00000000
vn -80.68464000 -55.93275000 19.01358000
vn -72.11517000 -59.67159000 35.19521000
vn -62.41651000 -59.89256000 50.17032000
vn -50.89702000 -57.82738000 63.76118000
vn -40.17953000 -51.66057000 75.60946000
vn -31.30300000 -41.84677000 85.25826000
vn -25.49223000 -37.00718000 89.33429000
vn -74.83292000 -63.54850000 19.01636000
vn -70.86650000 -70.55451000 0.00000000
vn -68.33320000 -70.49268000 19.00938000
vn -59.16278000 -78.35286000 18.98936000
vn -57.40318000 -73.90806000 35.24875000
vn -47.91611000 -80.37685000 35.26485000
vn -46.02236000 -73.10555000 50.37381000
vn -36.71275000 -78.13711000 50.46550000
vn -35.31315000 -68.13434000 64.11469000
vn -26.80063000 -80.10378000 53.52674000
vn -26.56545000 -68.17339000 68.16647000
vn -57.75116000 -81.63825000 0.00000000
vn -49.09116000 -85.03541000 18.94826000
vn -37.69003000 -85.65356000 35.25520000
vn -26.86328000 -88.98956000 36.86763000
vn -42.91609000 -90.32281000 0.00000000
vn -38.26021000 -90.44108000 18.88301000
vn -34.98204000 -93.68168000 0.00000000
vn -26.82061000 -94.48630000 18.78809000
vn -26.77722000 -96.34822000 0.00000000
vn -33.49944000 -55.92735000 75.82822000
vn -26.12873000 -53.62913000 80.25713000
vn -19.96940000 24.36010000 94.90948000
vn -21.28654000 37.39449000 90.26924000
vn -16.82440000 40.72454000 89.76888000
vn -19.60315000 54.48118000 81.53231000
vn -13.55882000 55.91819000 81.78823000
vn -10.01159000 69.46606000 71.23366000
vn -7.05612000 57.25356000 81.68379000
vn -2.11771000 70.27480000 71.11236000
vn -0.20108000 57.89306000 81.53743000
vn 6.04874000 70.22984000 70.93083000
vn 6.93843000 57.75044000 81.34338000
vn 14.40091000 69.25658000 70.68338000
vn 12.61099000 57.07397000 81.13892000
vn 20.95114000 67.82931000 70.42893000
vn 18.26402000 55.87507000 80.89748000
vn -17.21054000 69.65910000 69.65204000
vn -5.88627000 80.94653000 58.42098000
vn 2.97553000 81.17650000 58.32257000
vn 12.00350000 80.46262000 58.15224000
vn 21.10494000 78.75189000 57.90269000
vn -13.56685000 82.37671000 55.04560000
vn -0.86192000 89.95454000 43.67421000
vn 8.44994000 89.57752000 43.64019000
vn 17.79746000 88.25152000 43.53068000
vn -8.19748000 92.07447000 38.14568000
vn 4.85963000 96.06854000 27.33534000
vn 14.10753000 95.13896000 27.37801000
vn -12.02874000 42.53028000 89.70220000
vn -6.82532000 43.84352000 89.61674000
vn -1.25402000 44.57629000 89.50632000
vn 3.26628000 44.72843000 89.37952000
vn 7.85012000 44.47550000 89.22054000
vn 13.25788000 43.64473000 88.99082000
vn -17.09276000 26.58632000 94.87363000
vn -13.77290000 28.54826000 94.84358000
vn -10.01754000 30.16461000 94.81426000
vn -6.84574000 31.17914000 94.76812000
vn -3.52292000 31.93496000 94.69819000
vn 0.55409000 32.46045000 94.58336000
vn 4.73925000 32.56533000 94.43008000
vn -22.19071000 9.97459000 96.99526000
vn -20.87823000 12.56086000 96.98621000
vn -19.07571000 15.04870000 97.00337000
vn -17.36569000 16.92724000 97.01495000
vn -15.41965000 18.70824000 97.01668000
vn -12.80716000 20.62958000 97.00720000
vn -9.86407000 22.30248000 96.98092000
vn -6.59125000 23.59558000 96.95258000
vn -43.43139000 -63.45157000 63.93444000
vn -27.91027000 -3.51244000 95.96187000
vn -36.70312000 -14.88969000 91.82145000
vn -47.16083000 -24.25949000 84.77814000
vn -58.53650000 -30.30117000 75.20185000
vn -70.45032000 -31.58878000 63.55235000
vn -81.43940000 -29.10583000 50.20433000
vn -90.61898000 -23.21404000 35.34557000
vn -28.08642000 -0.17007000 95.97460000
vn -27.86512000 2.55468000 96.00526000
vn -27.33006000 5.34257000 96.04439000
vn -26.23348000 8.63906000 96.11021000
vn -24.59647000 11.86393000 96.19907000
vn -22.39669000 14.87390000 96.31799000
vn -19.58912000 17.53366000 96.48232000
vn -54.63004000 -66.99673000 50.26925000
vn -66.02068000 -66.34001000 35.21750000
vn 53.38484000 80.26052000 26.61404000
vn 49.19686000 76.01885000 42.43586000
vn -39.13629000 -2.99167000 91.97500000
vn -38.74886000 -7.59583000 91.87398000
vn -37.91714000 -11.34777000 91.83419000
vn -51.01908000 -13.79355000 84.89282000
vn -49.25158000 -19.60479000 84.79348000
vn -38.80472000 1.70366000 92.14820000
vn -37.71218000 6.34602000 92.39870000
vn -35.79365000 10.80479000 92.74735000
vn -61.52836000 -23.40588000 75.27566000
vn -51.92853000 -7.75558000 85.10745000
vn -51.92743000 -1.62587000 85.44530000
vn -50.93936000 4.48040000 85.93665000
vn -73.44546000 -23.34244000 63.72515000
vn -84.08683000 -19.64231000 50.43396000
vn -92.60176000 -12.65400000 35.56389000
vn -63.56008000 -16.17987000 75.48727000
vn -64.57928000 -8.74278000 75.84907000
vn -64.50992000 -1.18681000 76.40067000
vn 73.49362000 62.94441000 25.23268000
vn 70.11932000 58.42168000 40.86795000
vn 63.70071000 53.57103000 55.42892000
vn 54.39652000 48.54810000 68.44050000
vn 42.60416000 43.19448000 79.49291000
vn -76.13313000 -6.00561000 64.55757000
vn -75.36153000 -14.79234000 64.04549000
vn -85.55826000 -9.85132000 50.82063000
vn 0.00000000 -100.00000000 0.00000000
vn 0.00000000 -100.00000000 0.00000000
vn 0.00000000 -100.00000000 0.00000000
vn 0.00000000 -100.00000000 0.00000000
vn 0.00000000 -100.00000000 0.00000000
vn 0.00000000 -100.00000000 0.00000000
vn 0.00000000 -100.00000000 0.00000000
vn 0.00000000 -100.00000000 0.00000000
vn 0.00000000 -100.00000000 0.00000000
vn 0.00000000 -100.00000000 0.00000000
vn 0.00000000 -100.00000000 0.00000000
vn 0.00000000 -100.00000000 0.00000000
vn 0.00000000 -100.00000000 0.00000000
vn 0.00000000 -100.00000000 0.00000000
vn 0.00000000 -100.00000000 0.00000000
vn 0.00000000 -100.00000000 0.00000000
vn 0.00000000 -100.00000000 0.00000000
vn 0.00000000 -100.00000000 0.00000000
vn 0.00000000 -100.00000000 0.00000000
vn 0.00000000 -100.00000000 0.00000000
vn 0.00000000 -100.00000000 0.00000000
vn 0.00000000 -100.00000000 0.00000000
vn 0.00000000 -100.00000000 0.00000000
vn 0.00000000 -100.00000000 0.00000000
vn 0.00000000 -100.00000000 0.00000000
vn 0.00000000 -100.00000000 0.00000000
vn 0.00000000 -100.00000000 0.00000000
vn 0.00000000 -100.00000000 0.00000000
vn 0.00000000 -100.00000000 0.00000000
vn 0.00000000 -100.00000000 0.00000000
vn 0.00000000 -100.00000000 0.00000000
vn 0.00000000 -100.00000000 0.00000000
vn 0.00000000 -100.00000000 0.00000000
vn 0.00000000 -100.00000000 0.00000000
vn 0.00000000 -100.00000000 0.00000000
vn 0.00000000 -100.00000000 0.00000000
vn 0.00000000 -100.00000000 0.00000000
vn 0.00000000 -100.00000000 0.00000000
vn 0.00000000 -100.00000000 0.00000000
vn 0.00000000 -100.00000000 0.00000000
vn 0.00000000 -100.00000000 0.00000000
vn 0.00000000 -100.00000000 0.00000000
vn 0.00000000 -100.00000000 0.00000000
vn 0.00000000 -100.00000000 0.00000000
vn 0.00000000 100.00000000 0.00000000
vn 0.00000000 100.00000000 0.00000000
vn 0.00000000 100.00000000 0.00000000
vn 0.00000000 100.00000000 0.00000000
vn 0.00000000 100.00000000 0.00000000
vn 0.00000000 100.00000000 0.00000000
vn 0.00000000 100.00000000 0.00000000
vn 0.00000000 100.00000000 0.00000000
vn 0.00000000 100.00000000 0.00000000
vn 0.00000000 100.00000000 0.00000000
vn 0.00000000 100.00000000 0.00000000
vn 0.00000000 100.00000000 0.00000000
vn 0.00000000 100.00000000 0.00000000
vn 0.00000000 100.00000000 0.00000000
vn 0.00000000 100.00000000 0.00000000
vn 0.00000000 100.00000000 0.00000000
vn 0.00000000 100.00000000 0.00000000
vn 0.00000000 100.00000000 0.00000000
vn 0.00000000 100.00000000 0.00000000
vn 0.00000000 100.00000000 0.00000000
vn 0.00000000 100.00000000 0.00000000
vn 0.00000000 100.00000000 0.00000000
vn 0.00000000 100.00000000 0.00000000
vn 0.00000000 100.00000000 0.00000000
vn 0.00000000 100.00000000 0.00000000
vn 0.00000000 100.00000000 0.00000000
vn 0.00000000 100.00000000 0.00000000
vn 0.00000000 100.00000000 0.00000000
vn 0.00000000 100.00000000 0.00000000
vn 0.00000000 100.00000000 0.00000000
vn 0.00000000 100.00000000 0.00000000
vn 0.00000000 100.00000000 0.00000000
vn 0.00000000 100.00000000 0.00000000
vn 0.00000000 100.00000000 0.00000000
vn 0.00000000 100.00000000 0.00000000
vn 0.00000000 100.00000000 0.00000000
vn 0.00000000 100.00000000 0.00000000
vn 0.00000000 100.00000000 0.00000000
vn 0.00000000 100.00000000 0.00000000
vn 0.00000000 100.00000000 0.00000000
vn 0.00000000 100.00000000 0.00000000
vn 0.00000000 100.00000000 0.00000000
vn 0.00000000 100.00000000 0.00000000
vn 0.00000000 100.00000000 0.00000000
vn -96.59258000 25.88190000 0.00000000
vn -96.59258000 25.88190000 0.00000000
vn -96.59258000 25.88190000 0.00000000
vn -96.59258000 25.88190000 0.00000000
vn -96.59258000 25.88190000 0.00000000
vn -96.59258000 25.88190000 0.00000000
vn -96.59258000 25.88190000 0.00000000
vn -96.59258000 25.88190000 0.00000000
vn -96.59258000 25.88190000 0.00000000
vn -96.59258000 25.88190000 0.00000000
vn -96.59258000 25.88190000 0.00000000
vn -96.59258000 25.88190000 0.00000000
vn -96.59258000 25.88190000 0.00000000
vn -96.59258000 25.88190000 0.00000000
vn -96.59258000 25.88190000 0.00000000
vn -96.59258000 25.88190000 0.00000000
vn -96.59258000 25.88190000 0.00000000
vn -96.59258000 25.88190000 0.00000000
vn -96.59258000 25.88190000 0.00000000
vn -96.59258000 25.88190000 0.00000000
vn -96.59258000 25.88190000 0.00000000
vn -96.59258000 25.88190000 0.00000000
vn -96.59258000 25.88190000 0.00000000
vn -96.59258000 25.88190000 0.00000000
vn -96.59258000 25.88190000 0.00000000
vn -96.59258000 25.88190000 0.00000000
vn -96.59258000 25.88190000 0.00000000
vn -96.59258000 25.88190000 0.00000000
vn -96.59258000 25.88190000 0.00000000
vn -96.59258000 25.88190000 0.00000000
vn -96.59258000 25.88190000 0.00000000
vn -96.59258000 25.88190000 0.00000000
vn -96.59258000 25.88190000 0.00000000
vn -96.59258000 25.88190000 0.00000000
vn -96.59258000 25.88190000 0.00000000
vn -96.59258000 25.88190000 0.00000000
vn -96.59258000 25.88190000 0.00000000
vn -96.59258000 25.88190000 0.00000000
vn -96.59258000 25.88190000 0.00000000
vn -96.59258000 25.88190000 0.00000000
vn -96.59258000 25.88190000 0.00000000
vn -96.59258000 25.88190000 0.00000000
vn -96.59258000 25.88190000 0.00000000
vn -96.59258000 25.88190000 0.00000000
vn 100.00000000 0.00000000 -0.00000000
vn 100.00000000 0.00000000 -0.00000000
vn 100.00000000 0.00000000 -0.00000000
vn 100.00000000 0.00000000 -0.00000000
vn 100.00000000 0.00000000 -0.00000000
vn 100.00000000 0.00000000 -0.00000000
vn 100.00000000 0.00000000 -0.00000000
vn 100.00000000 0.00000000 -0.00000000
vn 100.00000000 0.00000000 -0.00000000
vn 100.00000000 0.00000000 -0.00000000
vn 100.00000000 0.00000000 -0.00000000
vn 100.00000000 0.00000000 -0.00000000
vn 100.00000000 0.00000000 -0.00000000
vn 100.00000000 0.00000000 -0.00000000
vn 100.00000000 0.00000000 -0.00000000
vn 100.00000000 0.00000000 -0.00000000
vn 100.00000000 0.00000000 -0.00000000
vn 100.00000000 0.00000000 -0.00000000
vn 100.00000000 0.00000000 -0.00000000
vn 100.00000000 0.00000000 -0.00000000
vn 100.00000000 0.00000000 -0.00000000
vn 100.00000000 0.00000000 -0.00000000
vn 100.00000000 0.00000000 -0.00000000
vn 100.00000000 0.00000000 -0.00000000
vn 100.00000000 0.00000000 -0.00000000
vn 100.00000000 0.00000000 -0.00000000
vn 100.00000000 0.00000000 -0.00000000
vn 100.00000000 0.00000000 -0.00000000
vn 100.00000000 0.00000000 -0.00000000
vn 100.00000000 0.00000000 -0.00000000
vn 100.00000000 0.00000000 -0.00000000
vn 100.00000000 0.00000000 -0.00000000
vn 100.00000000 0.00000000 -0.00000000
vn 100.00000000 0.00000000 -0.00000000
vn 100.00000000 0.00000000 -0.00000000
vn 100.00000000 0.00000000 -0.00000000
vn 100.00000000 0.00000000 -0.00000000
vn 100.00000000 0.00000000 -0.00000000
vn 100.00000000 0.00000000 -0.00000000
vn 100.00000000 0.00000000 -0.00000000
vn 100.00000000 0.00000000 -0.00000000
vn 100.00000000 0.00000000 -0.00000000
vn 100.00000000 0.00000000 -0.00000000
vn 100.00000000 0.00000000 -0.00000000
vn 0.00000000 0.00000000 100.00000000
vn 0.00000000 -22.64363000 97.40260000
vn 0.00000000 0.00000000 100.00000000
vn 0.00000000 -23.22290000 97.26611000
vn 0.00000000 -28.17326000 95.94930000
vn 0.00000000 -24.67225000 96.90862000
vn 0.00000000 -29.09526000 95.67374000
vn 0.00000000 -23.22290000 97.26611000
vn 0.00000000 -28.17326000 95.94930000
vn 0.00000000 -24.67225000 96.90862000
vn 0.00000000 -29.09526000 95.67374000
vn 0.00000000 -41.02853000 91.19572000
vn 0.00000000 -54.06408000 84.12535000
vn 0.00000000 -54.64563000 83.74876000
vn 0.00000000 -68.07278000 73.25365000
vn 0.00000000 -75.57496000 65.48608000
vn 0.00000000 -80.25832000 59.65403000
vn 0.00000000 -90.96320000 41.54150000
vn 0.00000000 -90.63686000 42.24878000
vn 0.00000000 -97.58082000 21.86285000
vn 0.00000000 -98.98215000 14.23148000
vn 0.00000000 -100.00000000 0.00000000
vn 0.00000000 -98.98215000 -14.23148000
vn 0.00000000 -97.58082000 -21.86285000
vn 0.00000000 -90.96320000 -41.54150000
vn 0.00000000 -90.63686000 -42.24878000
vn 0.00000000 -80.25832000 -59.65403000
vn 0.00000000 -75.57496000 -65.48608000
vn 0.00000000 -68.07278000 -73.25365000
vn 0.00000000 -54.06408000 -84.12535000
vn 0.00000000 -54.64563000 -83.74876000
vn 0.00000000 -41.02853000 -91.19572000
vn 0.00000000 -28.17326000 -95.94930000
vn 0.00000000 -29.09526000 -95.67374000
vn 0.00000000 -24.67225000 -96.90862000
vn 0.00000000 -23.22290000 -97.26611000
vn 0.00000000 -22.64363000 -97.40260000
vn 0.00000000 -28.17326000 -95.94930000
vn 0.00000000 -23.22290000 -97.26611000
vn 0.00000000 -24.67225000 -96.90862000
vn 0.00000000 -29.09526000 -95.67374000
vn 0.00000000 -41.02853000 -91.19572000
vn 0.00000000 -54.06408000 -84.12535000
vn 0.00000000 -54.64563000 -83.74876000
vn 0.00000000 -68.07278000 -73.25365000
vn 0.00000000 -75.57496000 -65.48608000
vn 0.00000000 -80.25832000 -59.65403000
vn 0.00000000 -90.96320000 -41.54150000
vn 0.00000000 -90.63686000 -42.24878000
vn 0.00000000 -97.58082000 -21.86285000
vn 0.00000000 -98.98215000 -14.23148000
vn 0.00000000 -100.00000000 0.00000000
vn 0.00000000 -98.98215000 14.23148000
vn 0.00000000 -97.58082000 21.86285000
vn 0.00000000 -90.96320000 41.54150000
vn 0.00000000 -90.63686000 42.24878000
vn 0.00000000 -80.25832000 59.65403000
vn 0.00000000 -75.57496000 65.48608000
vn 0.00000000 -68.07278000 73.25365000
vn 0.00000000 -54.06408000 84.12535000
vn 0.00000000 -54.64563000 83.74876000
vn 0.00000000 -41.02853000 91.19572000
vn 0.00000000 0.00000000 -100.00000000
vn 0.00000000 0.00000000 -100.00000000
vn -5.29224000 0.00000000 -99.85986000
vn -10.05899000 0.00000000 -99.49280000
vn -18.75966000 0.00000000 -98.22462000
vn -28.17326000 0.00000000 -95.94930000
vn -35.12700000 0.00000000 -93.62743000
vn -54.06408000 0.00000000 -84.12535000
vn -51.06084000 0.00000000 -85.98134000
vn -65.90860000 0.00000000 -75.20676000
vn -75.57496000 0.00000000 -65.48608000
vn -79.05106000 0.00000000 -61.24483000
vn -90.96320000 0.00000000 -41.54150000
vn -90.10313000 0.00000000 -43.37542000
vn -97.44836000 0.00000000 -22.44586000
vn -98.98215000 0.00000000 -14.23148000
vn -100.00000000 0.00000000 0.00000000
vn -98.98215000 0.00000000 14.23148000
vn -97.44836000 0.00000000 22.44586000
vn -90.96320000 0.00000000 41.54150000
vn -90.10313000 0.00000000 43.37542000
vn -79.05106000 0.00000000 61.24483000
vn -75.57496000 0.00000000 65.48608000
vn -65.90860000 0.00000000 75.20676000
vn -54.06408000 0.00000000 84.12535000
vn -51.06084000 0.00000000 85.98134000
vn -35.12700000 0.00000000 93.62743000
vn -28.17326000 0.00000000 95.94930000
vn -18.75966000 0.00000000 98.22462000
vn -10.05899000 0.00000000 99.49280000
vn -5.29224000 0.00000000 99.85986000
vt -20.80000000 1.07100000
vt -24.35012000 0.37785000
vt -20.80000000 0.00000000
vt -24.40592000 0.19855000
vt -24.42822000 0.00000000
vt -20.80000000 2.14200000
vt -23.72040000 1.34598000
vt -24.17983000 0.70768000
vt -20.80000000 3.21299000
vt -22.67924000 2.69851000
vt -23.19617000 2.00960000
vt -22.21008000 3.41866000
vt -20.80000000 4.28399000
vt -21.81050000 4.20803000
vt -21.54315000 5.04153000
vt -20.80000000 5.35499000
vt -21.45000000 5.89049000
vt -20.80000000 6.42598000
vt -21.54315000 6.73944000
vt -20.80000000 7.49698000
vt -21.81050000 7.57294000
vt -22.21008000 8.36231000
vt -20.80000000 8.56798000
vt -22.67924000 9.08246000
vt -20.80000000 9.63898000
vt -23.19617000 9.77138000
vt -23.72040000 10.43500000
vt -20.80000000 10.70998000
vt -24.17983000 11.07329000
vt -24.35012000 11.40312000
vt -20.80000000 11.78097000
vt -24.40592000 11.58242000
vt -24.42822000 11.78097000
vt -2.58819000 0.00000000
vt -2.87883000 1.09956000
vt -10.91000000 0.00000000
vt -10.91000000 1.09956000
vt -3.14592000 2.19912000
vt -10.91000000 2.19912000
vt -3.36782000 3.29867000
vt -10.91000000 3.29867000
vt -3.52657000 4.39823000
vt -10.91000000 4.39823000
vt -3.60930000 5.49779000
vt -10.91000000 5.49779000
vt -3.60930000 6.59734000
vt -10.91000000 6.59734000
vt -10.91000000 7.69690000
vt -3.52657000 7.69690000
vt -10.91000000 8.79646000
vt -3.36782000 8.79646000
vt -10.91000000 9.89602000
vt -3.14592000 9.89602000
vt -10.91000000 10.99557000
vt -2.87883000 10.99557000
vt -10.91000000 12.09513000
vt -2.58819000 12.09513000
vt 0.00000000 0.57664000
vt 0.00000000 0.00000000
vt 0.91170000 0.38330000
vt 0.91143000 0.00000000
vt 1.82339000 0.38330000
vt 1.82369000 0.00000000
vt 2.64961000 0.38330000
vt 2.73522000 0.00000000
vt 3.47584000 0.38330000
vt 3.64654000 0.00000000
vt 4.30206000 0.38330000
vt 4.55835000 0.00000000
vt 5.12828000 0.38330000
vt 5.47000000 0.00000000
vt 5.95450000 0.38330000
vt 6.38186000 0.00000000
vt 6.78073000 0.38330000
vt 7.29356000 0.00000000
vt 7.60695000 0.38330000
vt 8.20526000 0.00000000
vt 8.43318000 0.38330000
vt 9.11711000 0.00000000
vt 9.20242000 0.38330000
vt 10.02876000 0.00000000
vt 9.97166000 0.38330000
vt 10.74090000 0.38330000
vt 9.97166000 0.76659000
vt 10.74090000 0.76659000
vt 10.74090000 1.15078000
vt 11.51014000 1.15060000
vt 11.51014000 1.53318000
vt 12.27939000 1.53318000
vt 11.51014000 2.30658000
vt 12.27939000 2.30658000
vt 11.51014000 3.07317000
vt 12.27939000 3.07317000
vt 11.51014000 3.84316000
vt 12.27939000 3.84316000
vt 11.51014000 4.61315000
vt 12.27939000 4.61315000
vt 11.51014000 5.26597000
vt 12.27939000 5.26597000
vt 11.51014000 5.91880000
vt 12.27939000 5.91880000
vt 11.51014000 6.74567000
vt 12.27939000 6.74567000
vt 11.51014000 7.57255000
vt 12.27939000 7.57255000
vt 11.51014000 8.39942000
vt 12.27939000 8.39942000
vt 11.85190000 9.22626000
vt 12.76343000 9.22630000
vt 13.04863000 8.39942000
vt 13.67569000 9.22630000
vt 13.81787000 8.39942000
vt 14.58711000 9.22630000
vt 13.81787000 7.57255000
vt 14.58711000 6.91972000
vt 13.81787000 6.74567000
vt 13.81787000 5.91880000
vt 13.04863000 6.74567000
vt 13.04863000 5.91880000
vt 10.94057000 0.00000000
vt 11.51014000 0.38330000
vt 11.51014000 0.76659000
vt 12.27939000 1.15042000
vt 13.04863000 1.53318000
vt 13.04863000 2.30658000
vt 13.04863000 3.07317000
vt 13.04863000 3.84316000
vt 13.04863000 4.61315000
vt 13.04863000 5.26597000
vt 11.85190000 0.00000000
vt 12.27939000 0.38330000
vt 12.27939000 0.76659000
vt 13.04863000 1.15025000
vt 13.81787000 1.53318000
vt 13.81787000 2.30658000
vt 13.81787000 3.07317000
vt 13.81787000 3.84316000
vt 13.81787000 4.61315000
vt 13.81787000 5.26597000
vt 12.76342000 0.00000000
vt 13.04863000 0.38330000
vt 13.04863000 0.76659000
vt 13.81787000 1.15007000
vt 14.58711000 2.30658000
vt 13.67568000 0.00000000
vt 13.81787000 0.38330000
vt 13.81787000 0.76659000
vt 14.58711000 0.00000000
vt 14.58711000 4.61315000
vt 10.94057000 9.22630000
vt 10.74090000 8.39942000
vt 10.74090000 7.57255000
vt 10.74090000 6.74567000
vt 10.74090000 5.91880000
vt 10.74090000 5.26597000
vt 10.74090000 4.61315000
vt 10.74090000 3.84316000
vt 10.74090000 3.07317000
vt 10.74090000 2.30658000
vt 10.74090000 1.53318000
vt 9.97166000 1.15096000
vt 9.20242000 0.76659000
vt 10.02876000 9.22627000
vt 9.97166000 8.39942000
vt 9.97166000 7.57255000
vt 9.97166000 6.74567000
vt 9.97166000 5.91880000
vt 9.97166000 5.26597000
vt 9.97166000 4.61315000
vt 9.97166000 3.84316000
vt 9.97166000 3.07317000
vt 9.97166000 2.30658000
vt 9.97166000 1.53318000
vt 9.20242000 1.15114000
vt 8.43318000 0.76659000
vt 9.20242000 8.39942000
vt 9.11711000 9.22630000
vt 8.43318000 8.39942000
vt 8.20525000 9.22627000
vt 7.60695000 8.39942000
vt 7.29356000 9.22630000
vt 6.78073000 8.39942000
vt 6.38185000 9.22628000
vt 5.95450000 8.39942000
vt 5.47000000 9.22630000
vt 5.12828000 8.39942000
vt 4.55835000 9.22628000
vt 4.30206000 8.39942000
vt 3.64654000 9.22630000
vt 3.47584000 8.39942000
vt 2.73521000 9.22629000
vt 2.64961000 8.39942000
vt 1.82368000 9.22630000
vt 1.82339000 8.39942000
vt 0.91143000 9.22630000
vt 0.91170000 8.39942000
vt 0.00000000 8.64965000
vt 0.00000000 8.07301000
vt 0.00000000 9.22630000
vt 0.91170000 7.57255000
vt 0.00000000 6.91972000
vt 0.91170000 6.74567000
vt 0.00000000 5.76644000
vt 0.91170000 5.91880000
vt 0.91170000 5.26597000
vt 1.82339000 5.26597000
vt 1.82339000 4.61315000
vt 2.64961000 4.61315000
vt 2.64961000 3.84316000
vt 3.47584000 3.84316000
vt 3.47584000 3.07317000
vt 4.30206000 3.07317000
vt 4.30206000 2.30658000
vt 5.12828000 2.30658000
vt 5.12828000 1.53318000
vt 5.95450000 1.53318000
vt 5.12828000 1.15209000
vt 5.95450000 1.15190000
vt 5.12828000 0.76659000
vt 5.95450000 0.76659000
vt 0.00000000 4.61315000
vt 0.91170000 4.61315000
vt 1.82339000 3.84316000
vt 2.64961000 3.07317000
vt 3.47584000 2.30658000
vt 4.30206000 1.53318000
vt 4.30206000 1.15228000
vt 4.30206000 0.76659000
vt 0.91170000 3.84316000
vt 0.00000000 3.45986000
vt 0.91170000 3.07317000
vt 0.00000000 2.30658000
vt 0.91170000 2.30658000
vt 0.91170000 1.53318000
vt 1.82339000 1.53318000
vt 0.91170000 1.15308000
vt 1.82339000 1.15286000
vt 0.91170000 0.76659000
vt 1.82339000 0.76659000
vt 0.00000000 1.15329000
vt 7.60695000 0.76659000
vt 8.43318000 1.15132000
vt 9.20242000 1.53318000
vt 9.20242000 2.30658000
vt 9.20242000 3.07317000
vt 9.20242000 3.84316000
vt 9.20242000 4.61315000
vt 9.20242000 5.26597000
vt 9.20242000 5.91880000
vt 9.20242000 6.74567000
vt 9.20242000 7.57255000
vt 6.78073000 0.76659000
vt 7.60695000 1.15151000
vt 8.43318000 1.53318000
vt 8.43318000 2.30658000
vt 8.43318000 3.07317000
vt 8.43318000 3.84316000
vt 8.43318000 4.61315000
vt 8.43318000 5.26597000
vt 8.43318000 5.91880000
vt 8.43318000 6.74567000
vt 8.43318000 7.57255000
vt 3.47584000 0.76659000
vt 2.64961000 0.76659000
vt 7.60695000 3.07317000
vt 7.60695000 2.30658000
vt 7.60695000 1.53318000
vt 6.78073000 1.15171000
vt 6.78073000 3.07317000
vt 6.78073000 2.30658000
vt 6.78073000 1.53318000
vt 7.60695000 3.84316000
vt 7.60695000 4.61315000
vt 7.60695000 5.26597000
vt 7.60695000 5.91880000
vt 7.60695000 6.74567000
vt 7.60695000 7.57255000
vt 5.95450000 3.07317000
vt 5.95450000 2.30658000
vt 6.78073000 3.84316000
vt 6.78073000 4.61315000
vt 6.78073000 5.26597000
vt 6.78073000 5.91880000
vt 6.78073000 6.74567000
vt 6.78073000 7.57255000
vt 5.12828000 3.07317000
vt 5.95450000 3.84316000
vt 5.95450000 4.61315000
vt 5.95450000 5.26597000
vt 5.95450000 5.91880000
vt 5.95450000 6.74567000
vt 5.95450000 7.57255000
vt 4.30206000 3.84316000
vt 3.47584000 4.61315000
vt 2.64961000 5.26597000
vt 1.82339000 5.91880000
vt 5.12828000 3.84316000
vt 5.12828000 4.61315000
vt 5.12828000 5.26597000
vt 5.12828000 5.91880000
vt 5.12828000 6.74567000
vt 5.12828000 7.57255000
vt 1.82339000 3.07317000
vt 2.64961000 2.30658000
vt 1.82339000 2.30658000
vt 2.64961000 1.53318000
vt 3.47584000 1.53318000
vt 3.47584000 1.15248000
vt 4.30206000 5.26597000
vt 4.30206000 4.61315000
vt 3.47584000 5.26597000
vt 4.30206000 5.91880000
vt 4.30206000 6.74567000
vt 4.30206000 7.57255000
vt 2.64961000 5.91880000
vt 1.82339000 6.74567000
vt 3.47584000 5.91880000
vt 3.47584000 6.74567000
vt 3.47584000 7.57255000
vt 13.04863000 7.57255000
vt 2.64961000 7.57255000
vt 2.64961000 6.74567000
vt 1.82339000 7.57255000
vt 2.64961000 1.15267000
vt 20.13919000 0.00000000
vt 20.13919000 -1.35330000
vt 20.83919000 0.00000000
vt 20.83919000 -1.35330000
vt 20.13919000 -2.70660000
vt 20.83919000 -2.70660000
vt 20.13919000 -4.05990000
vt 20.83919000 -4.05990000
vt 20.13919000 -5.41321000
vt 20.83919000 -5.41321000
vt 20.13919000 -6.76651000
vt 20.83919000 -6.76651000
vt 20.13919000 -8.11981000
vt 20.83919000 -8.11981000
vt 20.13919000 -9.47311000
vt 20.83919000 -9.47311000
vt 20.13919000 -10.82641000
vt 20.83919000 -10.82641000
vt 20.13919000 -12.17971000
vt 20.83919000 -12.17971000
vt 20.13919000 -13.53301000
vt 20.83919000 -13.53301000
vt 20.13919000 -14.88632000
vt 20.83919000 -14.88632000
vt 20.13919000 -16.23962000
vt 20.83919000 -16.23962000
vt 20.83919000 -17.59292000
vt 20.13919000 -17.59292000
vt -0.80000000 0.00000000
vt -0.80000000 1.07100000
vt -20.30000000 0.00000000
vt -20.30000000 1.07100000
vt -0.80000000 2.14200000
vt -20.30000000 2.14200000
vt -0.80000000 3.21299000
vt -20.30000000 3.21299000
vt -0.80000000 4.28399000
vt -20.30000000 4.28399000
vt -0.80000000 5.35499000
vt -20.30000000 5.35499000
vt -0.80000000 6.42598000
vt -20.30000000 6.42598000
vt -0.80000000 7.49698000
vt -20.30000000 7.49698000
vt -0.80000000 8.56798000
vt -20.30000000 8.56798000
vt -0.80000000 9.63898000
vt -20.30000000 9.63898000
vt -0.80000000 10.70998000
vt -20.30000000 10.70998000
vt -20.30000000 11.78097000
vt -0.80000000 11.78097000
vt -20.30000000 -11.78097000
vt -0.80000000 -11.78097000
vt -20.30000000 -10.70998000
vt -0.80000000 -10.70998000
vt -0.80000000 -9.63898000
vt -20.30000000 -9.63898000
vt -0.80000000 -8.56798000
vt -20.30000000 -8.56798000
vt -0.80000000 -7.49698000
vt -20.30000000 -7.49698000
vt -0.80000000 -6.42598000
vt -20.30000000 -6.42598000
vt -0.80000000 -5.35499000
vt -20.30000000 -5.35499000
vt -0.80000000 -4.28399000
vt -20.30000000 -4.28399000
vt -0.80000000 -3.21299000
vt -20.30000000 -3.21299000
vt -0.80000000 -2.14200000
vt -20.30000000 -2.14200000
vt -0.80000000 -1.07100000
vt -20.30000000 -1.07100000
vt -3.59810000 -1.09150000
vt -3.58850000 -1.08868000
vt -3.75000000 -0.03500000
vt -3.74000000 -0.03500000
vt -3.58850000 1.01868000
vt -3.14629000 -2.05700000
vt -3.15470000 -2.06240000
vt -2.44918000 -2.86150000
vt -2.45573000 -2.86906000
vt -1.55365000 -3.43702000
vt -1.55781000 -3.44612000
vt -0.53226000 -3.73693000
vt -0.53368000 -3.74683000
vt 0.53368000 -3.74683000
vt 0.53226000 -3.73693000
vt 1.55781000 -3.44612000
vt 1.55365000 -3.43702000
vt 2.45573000 -2.86906000
vt 2.44918000 -2.86150000
vt 3.15470000 -2.06240000
vt 3.14629000 -2.05700000
vt 3.59810000 -1.09150000
vt 3.58850000 -1.08868000
vt 3.75000000 -0.03500000
vt 3.74000000 -0.03500000
vt 3.58850000 1.01868000
vt 3.59810000 1.02150000
vt 3.14629000 1.98700000
vt 3.15470000 1.99240000
vt 2.44918000 2.79150000
vt 2.45573000 2.79906000
vt 1.55365000 3.36702000
vt 1.55781000 3.37612000
vt 0.53226000 3.66693000
vt 0.53368000 3.67683000
vt -0.53368000 3.67683000
vt -0.53226000 3.66693000
vt -1.55781000 3.37612000
vt -1.55365000 3.36702000
vt -2.45573000 2.79906000
vt -2.44918000 2.79150000
vt -3.15470000 1.99240000
vt -3.14629000 1.98700000
vt -3.59810000 1.02150000
vt -0.73138000 -3.71300000
vt -0.00000000 -3.78500000
vt -0.00000000 -3.77500000
vt 0.73138000 -3.71300000
vt 0.72964000 -3.70314000
vt 1.43124000 -3.49031000
vt 1.43529000 -3.49946000
vt 2.07783000 -3.14470000
vt 2.08346000 -3.15292000
vt 2.65152000 -2.68679000
vt 2.64458000 -2.67958000
vt 3.11792000 -2.11844000
vt 3.10970000 -2.11283000
vt 3.46450000 -1.47019000
vt 3.45531000 -1.46624000
vt 3.67790000 -0.76658000
vt 3.66814000 -0.76464000
vt 3.75001000 -0.03500000
vt 3.74000000 -0.03500000
vt 3.66814000 0.69464000
vt 3.67790000 0.69658000
vt 3.45531000 1.39624000
vt 3.46450000 1.40019000
vt 3.10970000 2.04283000
vt 3.11792000 2.04844000
vt 2.64458000 2.60958000
vt 2.65152000 2.61679000
vt 2.07783000 3.07470000
vt 2.08346000 3.08292000
vt 1.43529000 3.42946000
vt 1.43124000 3.42031000
vt 0.73138000 3.64300000
vt 0.72964000 3.63314000
vt -0.00000000 3.70500000
vt -0.00000000 3.71500000
vt -0.73138000 3.64300000
vt -1.43529000 3.42946000
vt -1.43124000 3.42031000
vt -0.72964000 3.63314000
vt -2.07783000 3.07470000
vt -2.08346000 3.08292000
vt -2.65152000 2.61679000
vt -2.64458000 2.60958000
vt -3.11792000 2.04844000
vt -3.10970000 2.04283000
vt -3.46450000 1.40019000
vt -3.45531000 1.39624000
vt -3.67790000 0.69658000
vt -3.66814000 0.69464000
vt -3.75001000 -0.03500000
vt -3.74000000 -0.03500000
vt -3.66814000 -0.76464000
vt -3.67790000 -0.76658000
vt -3.45531000 -1.46624000
vt -3.46450000 -1.47019000
vt -3.10970000 -2.11283000
vt -3.11792000 -2.11844000
vt -2.64458000 -2.67958000
vt -2.65152000 -2.68679000
vt -2.07783000 -3.14470000
vt -2.08346000 -3.15292000
vt -1.43529000 -3.49946000
vt -1.43124000 -3.49031000
vt -0.72964000 -3.70314000
vt -5.43727000 -1.34017000
vt 5.43727000 -1.34017000
vt -5.60000000 0.00000000
vt 5.60000000 0.00000000
vt -5.43727000 1.34017000
vt 5.43727000 1.34017000
vt -4.95855000 2.60245000
vt 4.95855000 2.60245000
vt -4.19166000 3.71349000
vt 4.19166000 3.71349000
vt -3.18116000 4.60871000
vt 3.18116000 4.60871000
vt -1.98579000 5.23609000
vt 1.98579000 5.23609000
vt -0.67500000 5.55917000
vt 0.67500000 5.55917000
vt 4.95855000 -2.60245000
vt -4.95855000 -2.60245000
vt 4.19166000 -3.71349000
vt -4.19166000 -3.71349000
vt 3.18116000 -4.60871000
vt -3.18116000 -4.60871000
vt 1.98579000 -5.23609000
vt -1.98579000 -5.23609000
vt 0.67500000 -5.55917000
vt -0.67500000 -5.55917000
vt 20.83919000 17.59292000
vt 20.13919000 17.59292000
vt 20.83919000 16.23962000
vt 20.13919000 16.23962000
vt 20.13919000 14.88632000
vt 20.83919000 14.88632000
vt 20.13919000 13.53301000
vt 20.83919000 13.53301000
vt 20.13919000 12.17971000
vt 20.83919000 12.17971000
vt 20.13919000 10.82641000
vt 20.83919000 10.82641000
vt 20.13919000 9.47311000
vt 20.83919000 9.47311000
vt 20.13919000 8.11981000
vt 20.83919000 8.11981000
vt 20.13919000 6.76651000
vt 20.83919000 6.76651000
vt 20.13919000 5.41321000
vt 20.83919000 5.41321000
vt 20.13919000 4.05990000
vt 20.83919000 4.05990000
vt 20.13919000 2.70660000
vt 20.83919000 2.70660000
vt 20.13919000 1.35330000
vt 20.83919000 1.35330000
vt 1.15070000 -5.78671000
vt 0.67500000 -5.55917000
vt -0.00000000 -5.90000000
vt -0.67500000 -5.55917000
vt -1.15070000 -5.78671000
vt -1.98579000 -5.23609000
vt -2.25818000 -5.45076000
vt -3.18116000 -4.60871000
vt -3.27797000 -4.90553000
vt -4.17173000 -4.17215000
vt -4.19166000 -3.71349000
vt -4.90553000 -3.27795000
vt -4.95855000 -2.60245000
vt -5.45082000 -2.25803000
vt -5.43727000 -1.34017000
vt -5.78656000 -1.15103000
vt -5.60000000 0.00000000
vt -5.90001000 -0.00000000
vt -5.78656000 1.15103000
vt -5.43727000 1.34017000
vt -5.45082000 2.25803000
vt -4.95855000 2.60245000
vt -4.90553000 3.27795000
vt -4.19166000 3.71349000
vt -4.17173000 4.17215000
vt -3.18116000 4.60871000
vt -3.27797000 4.90553000
vt -2.25818000 5.45076000
vt -1.98579000 5.23609000
vt -1.15070000 5.78671000
vt -0.67500000 5.55917000
vt 0.00000000 5.90000000
vt 0.67500000 5.55917000
vt 1.15070000 5.78671000
vt 1.98579000 5.23609000
vt 2.25818000 5.45076000
vt 3.18116000 4.60871000
vt 3.27797000 4.90553000
vt 4.17173000 4.17215000
vt 4.19166000 3.71349000
vt 4.90553000 3.27795000
vt 4.95855000 2.60245000
vt 5.45082000 2.25803000
vt 5.43727000 1.34017000
vt 5.78656000 1.15103000
vt 5.60000000 0.00000000
vt 5.90001000 0.00000000
vt 5.78656000 -1.15103000
vt 5.43727000 -1.34017000
vt 5.45082000 -2.25803000
vt 4.95855000 -2.60245000
vt 4.90553000 -3.27795000
vt 4.19166000 -3.71349000
vt 4.17173000 -4.17215000
vt 3.18116000 -4.60871000
vt 3.27797000 -4.90553000
vt 2.25818000 -5.45076000
vt 1.98579000 -5.23609000
vt 15.49854000 9.22630000
vt 15.04296000 8.39942000
vt 15.04296000 7.57255000
vt 15.04296000 6.74567000
vt 15.86918000 6.74567000
vt 15.86918000 5.91880000
vt 16.69541000 5.91880000
vt 16.69541000 5.26597000
vt 17.52163000 5.26597000
vt 17.52163000 4.61315000
vt 18.34786000 4.61315000
vt 18.34786000 3.84316000
vt 19.17408000 3.84316000
vt 19.17408000 3.07317000
vt 20.00030000 3.07317000
vt 20.00030000 2.30658000
vt 20.82652000 2.30658000
vt 20.82652000 1.53318000
vt 21.65275000 1.53318000
vt 21.65275000 0.76659000
vt 22.47897000 0.76659000
vt 21.88067000 0.00000000
vt 22.79237000 0.00000000
vt 15.04296000 5.91880000
vt 15.86918000 5.26597000
vt 16.69541000 4.61315000
vt 17.52163000 3.84316000
vt 18.34786000 3.07317000
vt 19.17408000 2.30658000
vt 20.00030000 1.53318000
vt 20.82652000 0.76659000
vt 20.96897000 0.00000000
vt 15.04296000 3.84316000
vt 15.04296000 4.61315000
vt 15.04296000 5.26597000
vt 15.86918000 4.61315000
vt 15.04296000 1.53318000
vt 15.04296000 2.30658000
vt 15.04296000 3.07317000
vt 15.86918000 2.30658000
vt 15.86918000 3.07317000
vt 16.69541000 2.30658000
vt 16.69541000 3.07317000
vt 17.52163000 2.30658000
vt 17.52163000 3.07317000
vt 18.34786000 2.30658000
vt 15.04296000 0.76659000
vt 15.49855000 0.00000000
vt 15.86918000 0.76659000
vt 16.41080000 0.00000000
vt 16.69541000 0.76659000
vt 17.32233000 0.00000000
vt 17.52163000 0.76659000
vt 18.23366000 0.00000000
vt 18.34786000 0.76659000
vt 19.14547000 0.00000000
vt 19.17408000 0.76659000
vt 20.05712000 0.00000000
vt 20.00030000 0.76659000
vt 23.30520000 0.76659000
vt 23.70423000 0.00000000
vt 24.13142000 0.76659000
vt 24.61587000 0.00000000
vt 24.95764000 0.76659000
vt 25.52769000 0.00000000
vt 25.78386000 0.76659000
vt 26.43901000 0.00000000
vt 26.61009000 0.76659000
vt 27.35054000 0.00000000
vt 27.43631000 0.76659000
vt 28.26280000 0.00000000
vt 28.26253000 0.76659000
vt 29.17423000 0.57664000
vt 29.17423000 1.15329000
vt 29.17423000 0.00000000
vt 28.26253000 1.53318000
vt 29.17423000 2.30658000
vt 28.26253000 2.30658000
vt 28.26253000 3.07317000
vt 27.43631000 3.07317000
vt 27.43631000 3.84316000
vt 26.61009000 3.84316000
vt 26.61009000 4.61315000
vt 25.78386000 4.61315000
vt 25.78386000 5.26597000
vt 24.95764000 5.26597000
vt 24.95764000 5.91880000
vt 24.13142000 5.91880000
vt 24.13142000 6.74567000
vt 23.30520000 6.74567000
vt 23.30520000 7.57255000
vt 22.47897000 7.57255000
vt 22.47897000 8.39942000
vt 21.65275000 8.39942000
vt 21.88067000 9.22630000
vt 20.96898000 9.22627000
vt 29.17423000 3.45986000
vt 28.26253000 3.84316000
vt 27.43631000 4.61315000
vt 26.61009000 5.26597000
vt 25.78386000 5.91880000
vt 24.95764000 6.74567000
vt 24.13142000 7.57255000
vt 23.30520000 8.39942000
vt 22.79238000 9.22628000
vt 29.17423000 4.61315000
vt 28.26253000 4.61315000
vt 27.43631000 5.26597000
vt 26.61009000 5.91880000
vt 25.78386000 6.74567000
vt 24.95764000 7.57255000
vt 24.13142000 8.39942000
vt 23.70422000 9.22630000
vt 28.26253000 5.26597000
vt 29.17423000 5.76644000
vt 28.26253000 5.91880000
vt 28.26253000 6.74567000
vt 27.43631000 6.74567000
vt 27.43631000 7.57255000
vt 26.61009000 7.57255000
vt 26.61009000 8.39942000
vt 25.78386000 8.39942000
vt 26.43902000 9.22629000
vt 25.52769000 9.22630000
vt 29.17423000 6.91972000
vt 28.26253000 7.57255000
vt 27.43631000 8.39942000
vt 27.35055000 9.22630000
vt 29.17423000 8.07301000
vt 28.26253000 8.39942000
vt 29.17423000 8.64965000
vt 28.26280000 9.22630000
vt 29.17423000 9.22630000
vt 24.95764000 8.39942000
vt 24.61588000 9.22628000
vt 20.82652000 8.39942000
vt 20.05712000 9.22630000
vt 20.00030000 8.39942000
vt 19.14547000 9.22627000
vt 19.17408000 8.39942000
vt 18.34786000 8.39942000
vt 19.17408000 7.57255000
vt 18.34786000 7.57255000
vt 19.17408000 6.74567000
vt 18.34786000 6.74567000
vt 19.17408000 5.91880000
vt 18.34786000 5.91880000
vt 19.17408000 5.26597000
vt 18.34786000 5.26597000
vt 19.17408000 4.61315000
vt 18.23366000 9.22630000
vt 17.52163000 8.39942000
vt 17.52163000 7.57255000
vt 17.52163000 6.74567000
vt 17.52163000 5.91880000
vt 17.32233000 9.22626000
vt 16.69541000 8.39942000
vt 16.69541000 7.57255000
vt 16.69541000 6.74567000
vt 16.41080000 9.22630000
vt 15.86918000 8.39942000
vt 15.86918000 7.57255000
vt 20.00030000 7.57255000
vt 20.00030000 6.74567000
vt 20.00030000 5.91880000
vt 20.00030000 5.26597000
vt 20.00030000 4.61315000
vt 20.00030000 3.84316000
vt 20.82652000 7.57255000
vt 20.82652000 6.74567000
vt 20.82652000 5.91880000
vt 20.82652000 5.26597000
vt 20.82652000 4.61315000
vt 20.82652000 3.84316000
vt 20.82652000 3.07317000
vt 21.65275000 7.57255000
vt 21.65275000 6.74567000
vt 21.65275000 5.91880000
vt 21.65275000 5.26597000
vt 21.65275000 4.61315000
vt 21.65275000 3.84316000
vt 21.65275000 3.07317000
vt 21.65275000 2.30658000
vt 25.78386000 7.57255000
vt 22.47897000 6.74567000
vt 23.30520000 5.91880000
vt 24.13142000 5.26597000
vt 24.95764000 4.61315000
vt 25.78386000 3.84316000
vt 26.61009000 3.07317000
vt 27.43631000 2.30658000
vt 22.47897000 5.91880000
vt 22.47897000 5.26597000
vt 22.47897000 4.61315000
vt 22.47897000 3.84316000
vt 22.47897000 3.07317000
vt 22.47897000 2.30658000
vt 22.47897000 1.53318000
vt 26.61009000 6.74567000
vt 27.43631000 5.91880000
vt 15.86918000 3.84316000
vt 16.69541000 3.84316000
vt 23.30520000 3.84316000
vt 23.30520000 4.61315000
vt 23.30520000 5.26597000
vt 24.13142000 3.84316000
vt 24.13142000 4.61315000
vt 23.30520000 3.07317000
vt 23.30520000 2.30658000
vt 23.30520000 1.53318000
vt 24.95764000 3.84316000
vt 24.13142000 3.07317000
vt 24.13142000 2.30658000
vt 24.13142000 1.53318000
vt 25.78386000 3.07317000
vt 26.61009000 2.30658000
vt 27.43631000 1.53318000
vt 24.95764000 3.07317000
vt 24.95764000 2.30658000
vt 24.95764000 1.53318000
vt 15.86918000 1.53318000
vt 16.69541000 1.53318000
vt 17.52163000 1.53318000
vt 18.34786000 1.53318000
vt 19.17408000 1.53318000
vt 25.78386000 1.53318000
vt 25.78386000 2.30658000
vt 26.61009000 1.53318000
vt -3.59810000 -1.09150000
vt -3.58850000 -1.08868000
vt -3.75000000 -0.03500000
vt -3.74000000 -0.03500000
vt -3.58850000 1.01868000
vt -3.14629000 -2.05700000
vt -3.15470000 -2.06240000
vt -2.44918000 -2.86150000
vt -2.45573000 -2.86906000
vt -1.55365000 -3.43702000
vt -1.55781000 -3.44612000
vt -0.53226000 -3.73693000
vt -0.53368000 -3.74683000
vt 0.53368000 -3.74683000
vt 0.53226000 -3.73693000
vt 1.55781000 -3.44612000
vt 1.55365000 -3.43702000
vt 2.45573000 -2.86906000
vt 2.44918000 -2.86150000
vt 3.15470000 -2.06240000
vt 3.14629000 -2.05700000
vt 3.59810000 -1.09150000
vt 3.58850000 -1.08868000
vt 3.75000000 -0.03500000
vt 3.74000000 -0.03500000
vt 3.58850000 1.01868000
vt 3.59810000 1.02150000
vt 3.14629000 1.98700000
vt 3.15470000 1.99240000
vt 2.44918000 2.79150000
vt 2.45573000 2.79906000
vt 1.55365000 3.36702000
vt 1.55781000 3.37612000
vt 0.53226000 3.66693000
vt 0.53368000 3.67683000
vt -0.53368000 3.67683000
vt -0.53226000 3.66693000
vt -1.55781000 3.37612000
vt -1.55365000 3.36702000
vt -2.45573000 2.79906000
vt -2.44918000 2.79150000
vt -3.15470000 1.99240000
vt -3.14629000 1.98700000
vt -3.59810000 1.02150000
vt -3.59810000 -1.09150000
vt -3.58850000 -1.08868000
vt -3.75000000 -0.03500000
vt -3.74000000 -0.03500000
vt -3.58850000 1.01868000
vt -3.14629000 -2.05700000
vt -3.15470000 -2.06240000
vt -2.44918000 -2.86150000
vt -2.45573000 -2.86906000
vt -1.55365000 -3.43702000
vt -1.55781000 -3.44612000
vt -0.53226000 -3.73693000
vt -0.53368000 -3.74683000
vt 0.53368000 -3.74683000
vt 0.53226000 -3.73693000
vt 1.55781000 -3.44612000
vt 1.55365000 -3.43702000
vt 2.45573000 -2.86906000
vt 2.44918000 -2.86150000
vt 3.15470000 -2.06240000
vt 3.14629000 -2.05700000
vt 3.59810000 -1.09150000
vt 3.58850000 -1.08868000
vt 3.75000000 -0.03500000
vt 3.74000000 -0.03500000
vt 3.58850000 1.01868000
vt 3.59810000 1.02150000
vt 3.14629000 1.98700000
vt 3.15470000 1.99240000
vt 2.44918000 2.79150000
vt 2.45573000 2.79906000
vt 1.55365000 3.36702000
vt 1.55781000 3.37612000
vt 0.53226000 3.66693000
vt 0.53368000 3.67683000
vt -0.53368000 3.67683000
vt -0.53226000 3.66693000
vt -1.55781000 3.37612000
vt -1.55365000 3.36702000
vt -2.45573000 2.79906000
vt -2.44918000 2.79150000
vt -3.15470000 1.99240000
vt -3.14629000 1.98700000
vt -3.59810000 1.02150000
vt -27.22836000 3.69405000
vt -28.35130000 3.85000000
vt -28.35130000 3.83000000
vt -29.47423000 3.69405000
vt -29.46840000 3.67486000
vt -30.50619000 3.23883000
vt -30.49500000 3.22200000
vt -31.36357000 2.52121000
vt -31.34792000 2.50812000
vt -31.97692000 1.59935000
vt -31.95808000 1.59104000
vt -32.29654000 0.54791000
vt -32.27604000 0.54507000
vt -32.29654000 -0.54791000
vt -32.27604000 -0.54507000
vt -31.95808000 -1.59104000
vt -31.97692000 -1.59935000
vt -31.34792000 -2.50812000
vt -31.36357000 -2.52121000
vt -30.49500000 -3.22200000
vt -30.50619000 -3.23883000
vt -29.46840000 -3.67486000
vt -29.47423000 -3.69405000
vt -28.35130000 -3.83000000
vt -28.35130000 -3.85000000
vt -27.22836000 -3.69405000
vt -27.23420000 -3.67486000
vt -26.19640000 -3.23883000
vt -26.20760000 -3.22200000
vt -25.33902000 -2.52121000
vt -25.35467000 -2.50812000
vt -24.72567000 -1.59935000
vt -24.74451000 -1.59104000
vt -24.40605000 -0.54791000
vt -24.42655000 -0.54507000
vt -24.42655000 0.54507000
vt -24.40605000 0.54791000
vt -24.74451000 1.59104000
vt -24.72567000 1.59935000
vt -25.35467000 2.50812000
vt -25.33902000 2.52121000
vt -26.20760000 3.22200000
vt -26.19640000 3.23883000
vt -27.23420000 3.67486000
vt -3.69405000 -1.08467000
vt -3.67486000 -1.07904000
vt -3.85000000 0.00000000
vt -3.83000000 0.00000000
vt -3.67486000 1.07904000
vt -3.22200000 -2.07065000
vt -3.23883000 -2.08147000
vt -2.50812000 -2.89452000
vt -2.52121000 -2.90964000
vt -1.59104000 -3.48389000
vt -1.59935000 -3.50208000
vt -0.54507000 -3.79102000
vt -0.54791000 -3.81081000
vt 0.54791000 -3.81081000
vt 0.54507000 -3.79102000
vt 1.59935000 -3.50208000
vt 1.59104000 -3.48389000
vt 2.52121000 -2.90964000
vt 2.50812000 -2.89452000
vt 3.23883000 -2.08147000
vt 3.22200000 -2.07065000
vt 3.69405000 -1.08467000
vt 3.67486000 -1.07904000
vt 3.85000000 0.00000000
vt 3.83000000 0.00000000
vt 3.67486000 1.07904000
vt 3.69405000 1.08467000
vt 3.22200000 2.07065000
vt 3.23883000 2.08147000
vt 2.50812000 2.89452000
vt 2.52121000 2.90964000
vt 1.59104000 3.48389000
vt 1.59935000 3.50208000
vt 0.54507000 3.79102000
vt 0.54791000 3.81081000
vt -0.54791000 3.81081000
vt -0.54507000 3.79102000
vt -1.59935000 3.50208000
vt -1.59104000 3.48389000
vt -2.52121000 2.90964000
vt -2.50812000 2.89452000
vt -3.23883000 2.08147000
vt -3.22200000 2.07065000
vt -3.69405000 1.08467000
vt -2.58819000 -12.09513000
vt -5.98000000 -11.21572000
vt -10.91000000 -12.09513000
vt -6.17846000 -11.19281000
vt -10.91000000 -10.99557000
vt -6.35721000 -11.13534000
vt -6.68349000 -10.95853000
vt -5.78154000 -11.19281000
vt -2.29755000 -10.99557000
vt -5.60279000 -11.13534000
vt -5.27651000 -10.95853000
vt -4.66274000 -10.46748000
vt -2.03046000 -9.89602000
vt -4.06523000 -9.86934000
vt -3.50846000 -9.21242000
vt -1.80856000 -8.79646000
vt -3.01561000 -8.50842000
vt -1.64981000 -7.69690000
vt -2.60115000 -7.72689000
vt -2.32569000 -6.89614000
vt -1.56709000 -6.59734000
vt -2.23000000 -6.04757000
vt -1.56709000 -5.49779000
vt -2.32569000 -5.19899000
vt -1.64981000 -4.39823000
vt -2.60115000 -4.36824000
vt -3.01561000 -3.58671000
vt -1.80856000 -3.29867000
vt -3.50846000 -2.88271000
vt -2.03046000 -2.19912000
vt -4.06523000 -2.22579000
vt -4.66274000 -1.62765000
vt -2.29755000 -1.09956000
vt -5.27651000 -1.13661000
vt -5.60279000 -0.95979000
vt -5.78154000 -0.90232000
vt -5.98000000 -0.87941000
vt -10.91000000 -1.09956000
vt -6.17846000 -0.90232000
vt -6.35721000 -0.95979000
vt -6.68349000 -1.13661000
vt -7.29726000 -1.62765000
vt -10.91000000 -2.19912000
vt -7.89477000 -2.22579000
vt -8.45155000 -2.88271000
vt -10.91000000 -3.29867000
vt -8.94439000 -3.58671000
vt -10.91000000 -4.39823000
vt -9.35885000 -4.36824000
vt -9.63431000 -5.19899000
vt -10.91000000 -5.49779000
vt -9.73000000 -6.04757000
vt -10.91000000 -6.59734000
vt -9.63431000 -6.89614000
vt -10.91000000 -7.69690000
vt -9.35885000 -7.72689000
vt -8.94439000 -8.50842000
vt -10.91000000 -8.79646000
vt -8.45155000 -9.21242000
vt -10.91000000 -9.89602000
vt -7.89477000 -9.86934000
vt -7.29726000 -10.46748000
vt -24.42822000 -11.78097000
vt -20.80000000 -11.78097000
vt -24.40592000 -11.58242000
vt -24.35012000 -11.40312000
vt -24.17983000 -11.07329000
vt -20.80000000 -10.70998000
vt -23.72040000 -10.43500000
vt -20.80000000 -9.63898000
vt -23.19617000 -9.77138000
vt -22.67924000 -9.08246000
vt -20.80000000 -8.56798000
vt -22.21008000 -8.36231000
vt -20.80000000 -7.49698000
vt -21.81050000 -7.57294000
vt -21.54315000 -6.73944000
vt -20.80000000 -6.42598000
vt -21.45000000 -5.89049000
vt -20.80000000 -5.35499000
vt -21.54315000 -5.04153000
vt -20.80000000 -4.28399000
vt -21.81050000 -4.20803000
vt -22.21008000 -3.41866000
vt -20.80000000 -3.21299000
vt -22.67924000 -2.69851000
vt -20.80000000 -2.14200000
vt -23.19617000 -2.00960000
vt -23.72040000 -1.34598000
vt -20.80000000 -1.07100000
vt -24.17983000 -0.70768000
vt -24.35012000 -0.37785000
vt -24.40592000 -0.19855000
f 1/1/1 2/2/2 3/3/3
f 3/3/3 2/2/2 4/4/4
f 3/3/3 4/4/4 5/5/5
f 6/6/6 7/7/7 1/1/1
f 1/1/1 7/7/7 8/8/8
f 1/1/1 8/8/8 2/2/2
f 9/9/9 10/10/10 6/6/6
f 6/6/6 10/10/10 11/11/11
f 6/6/6 11/11/11 7/7/7
f 10/10/10 9/9/9 12/12/12
f 12/12/12 9/9/9 13/13/13
f 12/12/12 13/13/13 14/14/14
f 14/14/14 13/13/13 15/15/15
f 15/15/15 13/13/13 16/16/16
f 15/15/15 16/16/16 17/17/17
f 17/17/17 16/16/16 18/18/18
f 17/17/17 18/18/18 19/19/19
f 19/19/19 18/18/18 20/20/20
f 19/19/19 20/20/20 21/21/21
f 21/21/21 20/20/20 22/22/22
f 22/22/22 20/20/20 23/23/23
f 22/22/22 23/23/23 24/24/24
f 24/24/24 23/23/23 25/25/25
f 24/24/24 25/25/25 26/26/26
f 26/26/26 25/25/25 27/27/27
f 27/27/27 25/25/25 28/28/28
f 27/27/27 28/28/28 29/29/29
f 29/29/29 28/28/28 30/30/30
f 30/30/30 28/28/28 31/31/31
f 30/30/30 31/31/31 32/32/32
f 32/32/32 31/31/31 33/33/33
f 34/34/34 35/35/35 36/36/36
f 36/36/36 35/35/35 37/37/37
f 37/37/37 35/35/35 38/38/38
f 37/37/37 38/38/38 39/39/39
f 39/39/39 38/38/38 40/40/40
f 39/39/39 40/40/40 41/41/41
f 41/41/41 40/40/40 42/42/42
f 41/41/41 42/42/42 43/43/43
f 43/43/43 42/42/42 44/44/44
f 43/43/43 44/44/44 45/45/45
f 45/45/45 44/44/44 46/46/46
f 45/45/45 46/46/46 47/47/47
f 47/47/47 46/46/46 48/48/48
f 48/48/48 46/46/46 49/49/49
f 48/48/48 49/49/49 50/50/50
f 50/50/50 49/49/49 51/51/51
f 50/50/50 51/51/51 52/52/52
f 52/52/52 51/51/51 53/53/53
f 52/52/52 53/53/53 54/54/54
f 54/54/54 53/53/53 55/55/55
f 54/54/54 55/55/55 56/56/56
f 56/56/56 55/55/55 57/57/57
f 58/58/58 59/59/59 60/60/60
f 60/60/60 59/59/59 61/61/61
f 60/60/60 61/61/61 62/62/62
f 62/62/62 61/61/61 63/63/63
f 62/62/62 63/63/63 64/64/64
f 64/64/64 63/63/63 65/65/65
f 64/64/64 65/65/65 66/66/66
f 66/66/66 65/65/65 67/67/67
f 66/66/66 67/67/67 68/68/68
f 68/68/68 67/67/67 69/69/69
f 68/68/68 69/69/69 70/70/70
f 70/70/70 69/69/69 71/71/71
f 70/70/70 71/71/71 72/72/72
f 72/72/72 71/71/71 73/73/73
f 72/72/72 73/73/73 74/74/74
f 74/74/74 73/73/73 75/75/75
f 74/74/74 75/75/75 76/76/76
f 76/76/76 75/75/75 77/77/77
f 76/76/76 77/77/77 78/78/78
f 78/78/78 77/77/77 79/79/79
f 78/78/78 79/79/79 80/80/80
f 80/80/80 79/79/79 81/81/81
f 80/80/80 81/81/81 82/82/82
f 82/82/82 81/81/81 83/83/83
f 82/82/82 83/83/83 84/84/84
f 84/84/84 83/83/83 85/85/85
f 84/84/84 85/85/85 86/86/86
f 86/86/86 85/85/85 87/87/87
f 86/86/86 87/87/87 88/88/88
f 88/88/88 87/87/87 89/89/89
f 88/88/88 89/89/89 90/90/90
f 90/90/90 89/89/89 91/91/91
f 90/90/90 91/91/91 92/92/92
f 92/92/92 91/91/91 93/93/93
f 92/92/92 93/93/93 94/94/94
f 94/94/94 93/93/93 95/95/95
f 94/94/94 95/95/95 96/96/96
f 96/96/96 95/95/95 97/97/97
f 96/96/96 97/97/97 98/98/98
f 98/98/98 97/97/97 99/99/99
f 98/98/98 99/99/99 100/100/100
f 100/100/100 99/99/99 101/101/101
f 100/100/100 101/101/101 102/102/102
f 102/102/102 101/101/101 103/103/103
f 102/102/102 103/103/103 104/104/104
f 104/104/104 103/103/103 105/105/105
f 104/104/104 105/105/105 106/106/106
f 106/106/106 105/105/105 107/107/107
f 106/106/106 107/107/107 108/108/108
f 108/108/108 107/107/107 109/109/109
f 109/109/109 107/107/107 110/110/110
f 109/109/109 110/110/110 111/111/111
f 111/111/111 110/110/110 112/112/112
f 111/111/111 112/112/112 113/113/113
f 113/113/113 112/112/112 114/114/114
f 113/113/113 114/114/114 115/115/115
f 115/115/115 114/114/114 116/116/116
f 115/115/115 116/116/116 117/117/117
f 117/117/117 116/116/116 118/118/118
f 117/117/117 118/118/118 119/119/119
f 119/119/119 118/118/118 103/103/103
f 119/119/119 103/103/103 101/101/101
f 81/81/81 120/120/120 83/83/83
f 83/83/83 120/120/120 121/121/121
f 83/83/83 121/121/121 85/85/85
f 85/85/85 121/121/121 122/122/122
f 85/85/85 122/122/122 87/87/87
f 87/87/87 122/122/122 123/123/123
f 87/87/87 123/123/123 89/89/89
f 89/89/89 123/123/123 124/124/124
f 89/89/89 124/124/124 91/91/91
f 91/91/91 124/124/124 125/125/125
f 91/91/91 125/125/125 93/93/93
f 93/93/93 125/125/125 126/126/126
f 93/93/93 126/126/126 95/95/95
f 95/95/95 126/126/126 127/127/127
f 95/95/95 127/127/127 97/97/97
f 97/97/97 127/127/127 128/128/128
f 97/97/97 128/128/128 99/99/99
f 99/99/99 128/128/128 129/129/129
f 99/99/99 129/129/129 101/101/101
f 101/101/101 129/129/129 119/119/119
f 120/120/120 130/130/130 121/121/121
f 121/121/121 130/130/130 131/131/131
f 121/121/121 131/131/131 122/122/122
f 122/122/122 131/131/131 132/132/132
f 122/122/122 132/132/132 123/123/123
f 123/123/123 132/132/132 133/133/133
f 123/123/123 133/133/133 124/124/124
f 124/124/124 133/133/133 134/134/134
f 124/124/124 134/134/134 125/125/125
f 125/125/125 134/134/134 135/135/135
f 125/125/125 135/135/135 126/126/126
f 126/126/126 135/135/135 136/136/136
f 126/126/126 136/136/136 127/127/127
f 127/127/127 136/136/136 137/137/137
f 127/127/127 137/137/137 128/128/128
f 128/128/128 137/137/137 138/138/138
f 128/128/128 138/138/138 129/129/129
f 129/129/129 138/138/138 139/139/139
f 129/129/129 139/139/139 119/119/119
f 119/119/119 139/139/139 117/117/117
f 130/130/130 140/140/140 131/131/131
f 131/131/131 140/140/140 141/141/141
f 131/131/131 141/141/141 132/132/132
f 132/132/132 141/141/141 142/142/142
f 132/132/132 142/142/142 133/133/133
f 133/133/133 142/142/142 143/143/143
f 133/133/133 143/143/143 134/134/134
f 134/134/134 143/143/143 144/144/144
f 134/134/134 144/144/144 135/135/135
f 135/135/135 144/144/144 136/136/136
f 140/140/140 145/145/145 141/141/141
f 141/141/141 145/145/145 146/146/146
f 141/141/141 146/146/146 142/142/142
f 142/142/142 146/146/146 147/147/147
f 142/142/142 147/147/147 143/143/143
f 143/143/143 147/147/147 144/144/144
f 145/145/145 148/148/148 146/146/146
f 146/146/146 148/148/148 144/144/144
f 146/146/146 144/144/144 147/147/147
f 144/144/144 149/149/149 136/136/136
f 136/136/136 149/149/149 137/137/137
f 115/115/115 139/139/139 149/149/149
f 149/149/149 139/139/139 138/138/138
f 149/149/149 138/138/138 137/137/137
f 108/108/108 150/150/150 106/106/106
f 106/106/106 150/150/150 151/151/151
f 106/106/106 151/151/151 104/104/104
f 104/104/104 151/151/151 152/152/152
f 104/104/104 152/152/152 102/102/102
f 102/102/102 152/152/152 153/153/153
f 102/102/102 153/153/153 100/100/100
f 100/100/100 153/153/153 154/154/154
f 100/100/100 154/154/154 98/98/98
f 98/98/98 154/154/154 155/155/155
f 98/98/98 155/155/155 96/96/96
f 96/96/96 155/155/155 156/156/156
f 96/96/96 156/156/156 94/94/94
f 94/94/94 156/156/156 157/157/157
f 94/94/94 157/157/157 92/92/92
f 92/92/92 157/157/157 158/158/158
f 92/92/92 158/158/158 90/90/90
f 90/90/90 158/158/158 159/159/159
f 90/90/90 159/159/159 88/88/88
f 88/88/88 159/159/159 160/160/160
f 88/88/88 160/160/160 86/86/86
f 86/86/86 160/160/160 161/161/161
f 86/86/86 161/161/161 84/84/84
f 84/84/84 161/161/161 162/162/162
f 84/84/84 162/162/162 82/82/82
f 82/82/82 162/162/162 80/80/80
f 150/150/150 163/163/163 151/151/151
f 151/151/151 163/163/163 164/164/164
f 151/151/151 164/164/164 152/152/152
f 152/152/152 164/164/164 165/165/165
f 152/152/152 165/165/165 153/153/153
f 153/153/153 165/165/165 166/166/166
f 153/153/153 166/166/166 154/154/154
f 154/154/154 166/166/166 167/167/167
f 154/154/154 167/167/167 155/155/155
f 155/155/155 167/167/167 168/168/168
f 155/155/155 168/168/168 156/156/156
f 156/156/156 168/168/168 169/169/169
f 156/156/156 169/169/169 157/157/157
f 157/157/157 169/169/169 170/170/170
f 157/157/157 170/170/170 158/158/158
f 158/158/158 170/170/170 171/171/171
f 158/158/158 171/171/171 159/159/159
f 159/159/159 171/171/171 172/172/172
f 159/159/159 172/172/172 160/160/160
f 160/160/160 172/172/172 173/173/173
f 160/160/160 173/173/173 161/161/161
f 161/161/161 173/173/173 174/174/174
f 161/161/161 174/174/174 162/162/162
f 162/162/162 174/174/174 175/175/175
f 162/162/162 175/175/175 80/80/80
f 80/80/80 175/175/175 78/78/78
f 164/164/164 163/163/163 176/176/176
f 176/176/176 163/163/163 177/177/177
f 176/176/176 177/177/177 178/178/178
f 178/178/178 177/177/177 179/179/179
f 178/178/178 179/179/179 180/180/180
f 180/180/180 179/179/179 181/181/181
f 180/180/180 181/181/181 182/182/182
f 182/182/182 181/181/181 183/183/183
f 182/182/182 183/183/183 184/184/184
f 184/184/184 183/183/183 185/185/185
f 184/184/184 185/185/185 186/186/186
f 186/186/186 185/185/185 187/187/187
f 186/186/186 187/187/187 188/188/188
f 188/188/188 187/187/187 189/189/189
f 188/188/188 189/189/189 190/190/190
f 190/190/190 189/189/189 191/191/191
f 190/190/190 191/191/191 192/192/192
f 192/192/192 191/191/191 193/193/193
f 192/192/192 193/193/193 194/194/194
f 194/194/194 193/193/193 195/195/195
f 194/194/194 195/195/195 196/196/196
f 196/196/196 195/195/195 197/197/197
f 196/196/196 197/197/197 198/198/198
f 195/195/195 199/199/199 197/197/197
f 196/196/196 198/198/198 200/200/200
f 200/200/200 198/198/198 201/201/201
f 200/200/200 201/201/201 202/202/202
f 202/202/202 201/201/201 203/203/203
f 202/202/202 203/203/203 204/204/204
f 204/204/204 203/203/203 205/205/205
f 204/204/204 205/205/205 206/206/206
f 206/206/206 205/205/205 207/207/207
f 206/206/206 207/207/207 208/208/208
f 208/208/208 207/207/207 209/209/209
f 208/208/208 209/209/209 210/210/210
f 210/210/210 209/209/209 211/211/211
f 210/210/210 211/211/211 212/212/212
f 212/212/212 211/211/211 213/213/213
f 212/212/212 213/213/213 214/214/214
f 214/214/214 213/213/213 215/215/215
f 214/214/214 215/215/215 216/216/216
f 216/216/216 215/215/215 217/217/217
f 216/216/216 217/217/217 218/218/218
f 218/218/218 217/217/217 219/219/219
f 218/218/218 219/219/219 220/220/220
f 220/220/220 219/219/219 72/72/72
f 220/220/220 72/72/72 74/74/74
f 203/203/203 221/221/221 205/205/205
f 205/205/205 221/221/221 222/222/222
f 205/205/205 222/222/222 207/207/207
f 207/207/207 222/222/222 223/223/223
f 207/207/207 223/223/223 209/209/209
f 209/209/209 223/223/223 224/224/224
f 209/209/209 224/224/224 211/211/211
f 211/211/211 224/224/224 225/225/225
f 211/211/211 225/225/225 213/213/213
f 213/213/213 225/225/225 226/226/226
f 213/213/213 226/226/226 215/215/215
f 215/215/215 226/226/226 227/227/227
f 215/215/215 227/227/227 217/217/217
f 217/217/217 227/227/227 228/228/228
f 217/217/217 228/228/228 219/219/219
f 219/219/219 228/228/228 70/70/70
f 219/219/219 70/70/70 72/72/72
f 222/222/222 221/221/221 229/229/229
f 229/229/229 221/221/221 230/230/230
f 229/229/229 230/230/230 231/231/231
f 231/231/231 230/230/230 232/232/232
f 231/231/231 232/232/232 233/233/233
f 233/233/233 232/232/232 234/234/234
f 233/233/233 234/234/234 235/235/235
f 235/235/235 234/234/234 236/236/236
f 235/235/235 236/236/236 237/237/237
f 237/237/237 236/236/236 238/238/238
f 237/237/237 238/238/238 239/239/239
f 239/239/239 238/238/238 62/62/62
f 239/239/239 62/62/62 64/64/64
f 232/232/232 240/240/240 234/234/234
f 234/234/234 240/240/240 236/236/236
f 236/236/236 240/240/240 238/238/238
f 238/238/238 240/240/240 58/58/58
f 238/238/238 58/58/58 60/60/60
f 139/139/139 115/115/115 117/117/117
f 76/76/76 78/78/78 241/241/241
f 241/241/241 78/78/78 175/175/175
f 241/241/241 175/175/175 242/242/242
f 242/242/242 175/175/175 174/174/174
f 242/242/242 174/174/174 243/243/243
f 243/243/243 174/174/174 173/173/173
f 243/243/243 173/173/173 244/244/244
f 244/244/244 173/173/173 172/172/172
f 244/244/244 172/172/172 245/245/245
f 245/245/245 172/172/172 171/171/171
f 245/245/245 171/171/171 246/246/246
f 246/246/246 171/171/171 170/170/170
f 246/246/246 170/170/170 247/247/247
f 247/247/247 170/170/170 169/169/169
f 247/247/247 169/169/169 248/248/248
f 248/248/248 169/169/169 168/168/168
f 248/248/248 168/168/168 249/249/249
f 249/249/249 168/168/168 167/167/167
f 249/249/249 167/167/167 250/250/250
f 250/250/250 167/167/167 166/166/166
f 250/250/250 166/166/166 251/251/251
f 251/251/251 166/166/166 165/165/165
f 251/251/251 165/165/165 176/176/176
f 176/176/176 165/165/165 164/164/164
f 74/74/74 76/76/76 252/252/252
f 252/252/252 76/76/76 241/241/241
f 252/252/252 241/241/241 253/253/253
f 253/253/253 241/241/241 242/242/242
f 253/253/253 242/242/242 254/254/254
f 254/254/254 242/242/242 243/243/243
f 254/254/254 243/243/243 255/255/255
f 255/255/255 243/243/243 244/244/244
f 255/255/255 244/244/244 256/256/256
f 256/256/256 244/244/244 245/245/245
f 256/256/256 245/245/245 257/257/257
f 257/257/257 245/245/245 246/246/246
f 257/257/257 246/246/246 258/258/258
f 258/258/258 246/246/246 247/247/247
f 258/258/258 247/247/247 259/259/259
f 259/259/259 247/247/247 248/248/248
f 259/259/259 248/248/248 260/260/260
f 260/260/260 248/248/248 249/249/249
f 260/260/260 249/249/249 261/261/261
f 261/261/261 249/249/249 250/250/250
f 261/261/261 250/250/250 262/262/262
f 262/262/262 250/250/250 251/251/251
f 262/262/262 251/251/251 178/178/178
f 178/178/178 251/251/251 176/176/176
f 70/70/70 228/228/228 68/68/68
f 68/68/68 228/228/228 263/263/263
f 68/68/68 263/263/263 66/66/66
f 66/66/66 263/263/263 264/264/264
f 66/66/66 264/264/264 64/64/64
f 64/64/64 264/264/264 239/239/239
f 238/238/238 60/60/60 62/62/62
f 256/256/256 265/265/265 255/255/255
f 255/255/255 265/265/265 266/266/266
f 255/255/255 266/266/266 254/254/254
f 254/254/254 266/266/266 267/267/267
f 254/254/254 267/267/267 253/253/253
f 253/253/253 267/267/267 268/268/268
f 253/253/253 268/268/268 252/252/252
f 252/252/252 268/268/268 220/220/220
f 252/252/252 220/220/220 74/74/74
f 265/265/265 269/269/269 266/266/266
f 266/266/266 269/269/269 270/270/270
f 266/266/266 270/270/270 267/267/267
f 267/267/267 270/270/270 271/271/271
f 267/267/267 271/271/271 268/268/268
f 268/268/268 271/271/271 218/218/218
f 268/268/268 218/218/218 220/220/220
f 265/265/265 256/256/256 272/272/272
f 272/272/272 256/256/256 257/257/257
f 272/272/272 257/257/257 273/273/273
f 273/273/273 257/257/257 258/258/258
f 273/273/273 258/258/258 274/274/274
f 274/274/274 258/258/258 259/259/259
f 274/274/274 259/259/259 275/275/275
f 275/275/275 259/259/259 260/260/260
f 275/275/275 260/260/260 276/276/276
f 276/276/276 260/260/260 261/261/261
f 276/276/276 261/261/261 277/277/277
f 277/277/277 261/261/261 262/262/262
f 277/277/277 262/262/262 180/180/180
f 180/180/180 262/262/262 178/178/178
f 269/269/269 278/278/278 270/270/270
f 270/270/270 278/278/278 279/279/279
f 270/270/270 279/279/279 271/271/271
f 271/271/271 279/279/279 216/216/216
f 271/271/271 216/216/216 218/218/218
f 269/269/269 265/265/265 280/280/280
f 280/280/280 265/265/265 272/272/272
f 280/280/280 272/272/272 281/281/281
f 281/281/281 272/272/272 273/273/273
f 281/281/281 273/273/273 282/282/282
f 282/282/282 273/273/273 274/274/274
f 282/282/282 274/274/274 283/283/283
f 283/283/283 274/274/274 275/275/275
f 283/283/283 275/275/275 284/284/284
f 284/284/284 275/275/275 276/276/276
f 284/284/284 276/276/276 285/285/285
f 285/285/285 276/276/276 277/277/277
f 285/285/285 277/277/277 182/182/182
f 182/182/182 277/277/277 180/180/180
f 278/278/278 286/286/286 279/279/279
f 279/279/279 286/286/286 214/214/214
f 279/279/279 214/214/214 216/216/216
f 278/278/278 269/269/269 287/287/287
f 287/287/287 269/269/269 280/280/280
f 287/287/287 280/280/280 288/288/288
f 288/288/288 280/280/280 281/281/281
f 288/288/288 281/281/281 289/289/289
f 289/289/289 281/281/281 282/282/282
f 289/289/289 282/282/282 290/290/290
f 290/290/290 282/282/282 283/283/283
f 290/290/290 283/283/283 291/291/291
f 291/291/291 283/283/283 284/284/284
f 291/291/291 284/284/284 292/292/292
f 292/292/292 284/284/284 285/285/285
f 292/292/292 285/285/285 184/184/184
f 184/184/184 285/285/285 182/182/182
f 214/214/214 286/286/286 212/212/212
f 212/212/212 286/286/286 293/293/293
f 212/212/212 293/293/293 210/210/210
f 210/210/210 293/293/293 294/294/294
f 210/210/210 294/294/294 208/208/208
f 208/208/208 294/294/294 295/295/295
f 208/208/208 295/295/295 206/206/206
f 206/206/206 295/295/295 296/296/296
f 206/206/206 296/296/296 204/204/204
f 204/204/204 296/296/296 202/202/202
f 286/286/286 278/278/278 297/297/297
f 297/297/297 278/278/278 287/287/287
f 297/297/297 287/287/287 298/298/298
f 298/298/298 287/287/287 288/288/288
f 298/298/298 288/288/288 299/299/299
f 299/299/299 288/288/288 289/289/289
f 299/299/299 289/289/289 300/300/300
f 300/300/300 289/289/289 290/290/290
f 300/300/300 290/290/290 301/301/301
f 301/301/301 290/290/290 291/291/291
f 301/301/301 291/291/291 302/302/302
f 302/302/302 291/291/291 292/292/292
f 302/302/302 292/292/292 186/186/186
f 186/186/186 292/292/292 184/184/184
f 224/224/224 303/303/303 304/304/304
f 304/304/304 303/303/303 305/305/305
f 304/304/304 305/305/305 306/306/306
f 306/306/306 305/305/305 235/235/235
f 306/306/306 235/235/235 237/237/237
f 303/303/303 231/231/231 305/305/305
f 305/305/305 231/231/231 233/233/233
f 305/305/305 233/233/233 235/235/235
f 224/224/224 223/223/223 303/303/303
f 303/303/303 223/223/223 229/229/229
f 303/303/303 229/229/229 231/231/231
f 224/224/224 304/304/304 225/225/225
f 225/225/225 304/304/304 307/307/307
f 225/225/225 307/307/307 226/226/226
f 226/226/226 307/307/307 308/308/308
f 226/226/226 308/308/308 227/227/227
f 227/227/227 308/308/308 263/263/263
f 227/227/227 263/263/263 228/228/228
f 307/307/307 304/304/304 306/306/306
f 299/299/299 309/309/309 298/298/298
f 298/298/298 309/309/309 310/310/310
f 298/298/298 310/310/310 297/297/297
f 297/297/297 310/310/310 293/293/293
f 297/297/297 293/293/293 286/286/286
f 309/309/309 311/311/311 310/310/310
f 310/310/310 311/311/311 294/294/294
f 310/310/310 294/294/294 293/293/293
f 309/309/309 299/299/299 312/312/312
f 312/312/312 299/299/299 300/300/300
f 312/312/312 300/300/300 313/313/313
f 313/313/313 300/300/300 301/301/301
f 313/313/313 301/301/301 314/314/314
f 314/314/314 301/301/301 302/302/302
f 314/314/314 302/302/302 188/188/188
f 188/188/188 302/302/302 186/186/186
f 294/294/294 311/311/311 295/295/295
f 295/295/295 311/311/311 315/315/315
f 295/295/295 315/315/315 296/296/296
f 296/296/296 315/315/315 316/316/316
f 296/296/296 316/316/316 202/202/202
f 202/202/202 316/316/316 200/200/200
f 311/311/311 309/309/309 317/317/317
f 317/317/317 309/309/309 312/312/312
f 317/317/317 312/312/312 318/318/318
f 318/318/318 312/312/312 313/313/313
f 318/318/318 313/313/313 319/319/319
f 319/319/319 313/313/313 314/314/314
f 319/319/319 314/314/314 190/190/190
f 190/190/190 314/314/314 188/188/188
f 223/223/223 222/222/222 229/229/229
f 118/118/118 116/116/116 320/320/320
f 320/320/320 116/116/116 114/114/114
f 320/320/320 114/114/114 110/110/110
f 110/110/110 114/114/114 112/112/112
f 103/103/103 118/118/118 105/105/105
f 105/105/105 118/118/118 320/320/320
f 105/105/105 320/320/320 107/107/107
f 107/107/107 320/320/320 110/110/110
f 319/319/319 321/321/321 318/318/318
f 318/318/318 321/321/321 322/322/322
f 318/318/318 322/322/322 317/317/317
f 317/317/317 322/322/322 315/315/315
f 317/317/317 315/315/315 311/311/311
f 321/321/321 323/323/323 322/322/322
f 322/322/322 323/323/323 316/316/316
f 322/322/322 316/316/316 315/315/315
f 190/190/190 192/192/192 319/319/319
f 319/319/319 192/192/192 321/321/321
f 196/196/196 200/200/200 323/323/323
f 323/323/323 200/200/200 316/316/316
f 192/192/192 194/194/194 321/321/321
f 321/321/321 194/194/194 323/323/323
f 194/194/194 196/196/196 323/323/323
f 307/307/307 306/306/306 324/324/324
f 324/324/324 306/306/306 237/237/237
f 324/324/324 237/237/237 239/239/239
f 239/239/239 264/264/264 324/324/324
f 324/324/324 264/264/264 308/308/308
f 324/324/324 308/308/308 307/307/307
f 264/264/264 263/263/263 308/308/308
f 325/325/325 326/326/326 327/327/327
f 327/327/327 326/326/326 328/328/328
f 328/328/328 326/326/326 329/329/329
f 328/328/328 329/329/329 330/330/330
f 330/330/330 329/329/329 331/331/331
f 330/330/330 331/331/331 332/332/332
f 332/332/332 331/331/331 333/333/333
f 332/332/332 333/333/333 334/334/334
f 334/334/334 333/333/333 335/335/335
f 334/334/334 335/335/335 336/336/336
f 336/336/336 335/335/335 337/337/337
f 336/336/336 337/337/337 338/338/338
f 338/338/338 337/337/337 339/339/339
f 338/338/338 339/339/339 340/340/340
f 340/340/340 339/339/339 341/341/341
f 340/340/340 341/341/341 342/342/342
f 342/342/342 341/341/341 343/343/343
f 342/342/342 343/343/343 344/344/344
f 344/344/344 343/343/343 345/345/345
f 344/344/344 345/345/345 346/346/346
f 346/346/346 345/345/345 347/347/347
f 346/346/346 347/347/347 348/348/348
f 348/348/348 347/347/347 349/349/349
f 348/348/348 349/349/349 350/350/350
f 350/350/350 349/349/349 351/351/351
f 351/351/351 349/349/349 352/352/352
f 353/353/353 354/354/354 355/355/355
f 355/355/355 354/354/354 356/356/356
f 356/356/356 354/354/354 357/357/357
f 356/356/356 357/357/357 358/358/358
f 358/358/358 357/357/357 359/359/359
f 358/358/358 359/359/359 360/360/360
f 360/360/360 359/359/359 361/361/361
f 360/360/360 361/361/361 362/362/362
f 362/362/362 361/361/361 363/363/363
f 362/362/362 363/363/363 364/364/364
f 364/364/364 363/363/363 365/365/365
f 364/364/364 365/365/365 366/366/366
f 366/366/366 365/365/365 367/367/367
f 366/366/366 367/367/367 368/368/368
f 368/368/368 367/367/367 369/369/369
f 368/368/368 369/369/369 370/370/370
f 370/370/370 369/369/369 371/371/371
f 370/370/370 371/371/371 372/372/372
f 372/372/372 371/371/371 373/373/373
f 372/372/372 373/373/373 374/374/374
f 374/374/374 373/373/373 375/375/375
f 375/375/375 373/373/373 376/376/376
f 377/377/377 378/378/378 379/379/379
f 379/379/379 378/378/378 380/380/380
f 379/379/379 380/380/380 381/381/381
f 379/379/379 381/381/381 382/382/382
f 382/382/382 381/381/381 383/383/383
f 382/382/382 383/383/383 384/384/384
f 384/384/384 383/383/383 385/385/385
f 384/384/384 385/385/385 386/386/386
f 386/386/386 385/385/385 387/387/387
f 386/386/386 387/387/387 388/388/388
f 388/388/388 387/387/387 389/389/389
f 388/388/388 389/389/389 390/390/390
f 390/390/390 389/389/389 391/391/391
f 390/390/390 391/391/391 392/392/392
f 392/392/392 391/391/391 393/393/393
f 392/392/392 393/393/393 394/394/394
f 394/394/394 393/393/393 395/395/395
f 394/394/394 395/395/395 396/396/396
f 396/396/396 395/395/395 397/397/397
f 396/396/396 397/397/397 398/398/398
f 398/398/398 397/397/397 353/353/353
f 398/398/398 353/353/353 355/355/355
f 399/399/399 400/400/400 401/401/401
f 401/401/401 400/400/400 402/402/402
f 401/401/401 402/402/402 403/403/403
f 400/400/400 399/399/399 404/404/404
f 404/404/404 399/399/399 405/405/405
f 404/404/404 405/405/405 406/406/406
f 406/406/406 405/405/405 407/407/407
f 406/406/406 407/407/407 408/408/408
f 408/408/408 407/407/407 409/409/409
f 408/408/408 409/409/409 410/410/410
f 410/410/410 409/409/409 411/411/411
f 410/410/410 411/411/411 412/412/412
f 410/410/410 412/412/412 413/413/413
f 413/413/413 412/412/412 414/414/414
f 413/413/413 414/414/414 415/415/415
f 415/415/415 414/414/414 416/416/416
f 415/415/415 416/416/416 417/417/417
f 417/417/417 416/416/416 418/418/418
f 417/417/417 418/418/418 419/419/419
f 419/419/419 418/418/418 420/420/420
f 419/419/419 420/420/420 421/421/421
f 421/421/421 420/420/420 422/422/422
f 421/421/421 422/422/422 423/423/423
f 423/423/423 422/422/422 424/424/424
f 424/424/424 422/422/422 425/425/425
f 424/424/424 425/425/425 426/426/426
f 426/426/426 425/425/425 427/427/427
f 426/426/426 427/427/427 428/428/428
f 428/428/428 427/427/427 429/429/429
f 428/428/428 429/429/429 430/430/430
f 430/430/430 429/429/429 431/431/431
f 430/430/430 431/431/431 432/432/432
f 432/432/432 431/431/431 433/433/433
f 432/432/432 433/433/433 434/434/434
f 432/432/432 434/434/434 435/435/435
f 435/435/435 434/434/434 436/436/436
f 435/435/435 436/436/436 437/437/437
f 437/437/437 436/436/436 438/438/438
f 437/437/437 438/438/438 439/439/439
f 439/439/439 438/438/438 440/440/440
f 439/439/439 440/440/440 441/441/441
f 441/441/441 440/440/440 442/442/442
f 441/441/441 442/442/442 403/403/403
f 403/403/403 442/442/442 401/401/401
f 443/443/443 444/444/444 445/445/445
f 445/445/445 444/444/444 446/446/446
f 445/445/445 446/446/446 447/447/447
f 447/447/447 446/446/446 448/448/448
f 448/448/448 446/446/446 449/449/449
f 448/448/448 449/449/449 450/450/450
f 450/450/450 449/449/449 451/451/451
f 450/450/450 451/451/451 452/452/452
f 450/450/450 452/452/452 453/453/453
f 453/453/453 452/452/452 454/454/454
f 453/453/453 454/454/454 455/455/455
f 455/455/455 454/454/454 456/456/456
f 455/455/455 456/456/456 457/457/457
f 457/457/457 456/456/456 458/458/458
f 457/457/457 458/458/458 459/459/459
f 459/459/459 458/458/458 460/460/460
f 459/459/459 460/460/460 461/461/461
f 461/461/461 460/460/460 462/462/462
f 462/462/462 460/460/460 463/463/463
f 462/462/462 463/463/463 464/464/464
f 464/464/464 463/463/463 465/465/465
f 464/464/464 465/465/465 466/466/466
f 466/466/466 465/465/465 467/467/467
f 466/466/466 467/467/467 468/468/468
f 468/468/468 467/467/467 469/469/469
f 468/468/468 469/469/469 470/470/470
f 470/470/470 469/469/469 471/471/471
f 470/470/470 471/471/471 472/472/472
f 470/470/470 472/472/472 473/473/473
f 473/473/473 472/472/472 474/474/474
f 473/473/473 474/474/474 475/475/475
f 475/475/475 474/474/474 476/476/476
f 476/476/476 474/474/474 477/477/477
f 476/476/476 477/477/477 478/478/478
f 479/479/479 480/480/480 478/478/478
f 478/478/478 480/480/480 481/481/481
f 478/478/478 481/481/481 476/476/476
f 480/480/480 479/479/479 482/482/482
f 482/482/482 479/479/479 483/483/483
f 482/482/482 483/483/483 484/484/484
f 482/482/482 484/484/484 485/485/485
f 485/485/485 484/484/484 486/486/486
f 485/485/485 486/486/486 487/487/487
f 487/487/487 486/486/486 488/488/488
f 487/487/487 488/488/488 489/489/489
f 489/489/489 488/488/488 490/490/490
f 489/489/489 490/490/490 491/491/491
f 491/491/491 490/490/490 492/492/492
f 491/491/491 492/492/492 493/493/493
f 493/493/493 492/492/492 494/494/494
f 494/494/494 492/492/492 495/495/495
f 494/494/494 495/495/495 496/496/496
f 496/496/496 495/495/495 497/497/497
f 496/496/496 497/497/497 498/498/498
f 498/498/498 497/497/497 499/499/499
f 498/498/498 499/499/499 500/500/500
f 500/500/500 499/499/499 501/501/501
f 500/500/500 501/501/501 502/502/502
f 502/502/502 501/501/501 503/503/503
f 502/502/502 503/503/503 504/504/504
f 502/502/502 504/504/504 505/505/505
f 505/505/505 504/504/504 443/443/443
f 505/505/505 443/443/443 506/506/506
f 506/506/506 443/443/443 445/445/445
f 507/507/507 508/508/508 509/509/509
f 509/509/509 508/508/508 510/510/510
f 509/509/509 510/510/510 511/511/511
f 511/511/511 510/510/510 512/512/512
f 511/511/511 512/512/512 513/513/513
f 513/513/513 512/512/512 514/514/514
f 513/513/513 514/514/514 515/515/515
f 515/515/515 514/514/514 516/516/516
f 515/515/515 516/516/516 517/517/517
f 517/517/517 516/516/516 518/518/518
f 517/517/517 518/518/518 519/519/519
f 519/519/519 518/518/518 520/520/520
f 519/519/519 520/520/520 521/521/521
f 521/521/521 520/520/520 522/522/522
f 508/508/508 507/507/507 523/523/523
f 523/523/523 507/507/507 524/524/524
f 523/523/523 524/524/524 525/525/525
f 525/525/525 524/524/524 526/526/526
f 525/525/525 526/526/526 527/527/527
f 527/527/527 526/526/526 528/528/528
f 527/527/527 528/528/528 529/529/529
f 529/529/529 528/528/528 530/530/530
f 529/529/529 530/530/530 531/531/531
f 531/531/531 530/530/530 532/532/532
f 533/533/533 534/534/534 535/535/535
f 535/535/535 534/534/534 536/536/536
f 535/535/535 536/536/536 537/537/537
f 535/535/535 537/537/537 538/538/538
f 538/538/538 537/537/537 539/539/539
f 538/538/538 539/539/539 540/540/540
f 540/540/540 539/539/539 541/541/541
f 540/540/540 541/541/541 542/542/542
f 542/542/542 541/541/541 543/543/543
f 542/542/542 543/543/543 544/544/544
f 544/544/544 543/543/543 545/545/545
f 544/544/544 545/545/545 546/546/546
f 546/546/546 545/545/545 547/547/547
f 546/546/546 547/547/547 548/548/548
f 548/548/548 547/547/547 549/549/549
f 548/548/548 549/549/549 550/550/550
f 550/550/550 549/549/549 551/551/551
f 550/550/550 551/551/551 552/552/552
f 552/552/552 551/551/551 553/553/553
f 552/552/552 553/553/553 554/554/554
f 554/554/554 553/553/553 555/555/555
f 554/554/554 555/555/555 556/556/556
f 556/556/556 555/555/555 557/557/557
f 556/556/556 557/557/557 558/558/558
f 558/558/558 557/557/557 325/325/325
f 558/558/558 325/325/325 327/327/327
f 559/559/559 560/560/560 561/561/561
f 561/561/561 560/560/560 562/562/562
f 561/561/561 562/562/562 563/563/563
f 563/563/563 562/562/562 564/564/564
f 563/563/563 564/564/564 565/565/565
f 565/565/565 564/564/564 566/566/566
f 565/565/565 566/566/566 567/567/567
f 567/567/567 566/566/566 568/568/568
f 568/568/568 566/566/566 569/569/569
f 568/568/568 569/569/569 570/570/570
f 570/570/570 569/569/569 571/571/571
f 570/570/570 571/571/571 572/572/572
f 572/572/572 571/571/571 573/573/573
f 572/572/572 573/573/573 574/574/574
f 574/574/574 573/573/573 575/575/575
f 574/574/574 575/575/575 576/576/576
f 576/576/576 575/575/575 577/577/577
f 577/577/577 575/575/575 578/578/578
f 577/577/577 578/578/578 579/579/579
f 579/579/579 578/578/578 580/580/580
f 579/579/579 580/580/580 581/581/581
f 581/581/581 580/580/580 582/582/582
f 581/581/581 582/582/582 583/583/583
f 583/583/583 582/582/582 584/584/584
f 583/583/583 584/584/584 585/585/585
f 585/585/585 584/584/584 586/586/586
f 586/586/586 584/584/584 587/587/587
f 586/586/586 587/587/587 588/588/588
f 588/588/588 587/587/587 589/589/589
f 588/588/588 589/589/589 590/590/590
f 590/590/590 589/589/589 591/591/591
f 590/590/590 591/591/591 592/592/592
f 592/592/592 591/591/591 593/593/593
f 592/592/592 593/593/593 594/594/594
f 594/594/594 593/593/593 595/595/595
f 594/594/594 595/595/595 596/596/596
f 596/596/596 595/595/595 597/597/597
f 597/597/597 595/595/595 598/598/598
f 597/597/597 598/598/598 599/599/599
f 599/599/599 598/598/598 600/600/600
f 599/599/599 600/600/600 601/601/601
f 601/601/601 600/600/600 602/602/602
f 601/601/601 602/602/602 603/603/603
f 603/603/603 602/602/602 604/604/604
f 603/603/603 604/604/604 605/605/605
f 605/605/605 604/604/604 606/606/606
f 606/606/606 604/604/604 607/607/607
f 606/606/606 607/607/607 608/608/608
f 608/608/608 607/607/607 609/609/609
f 608/608/608 609/609/609 610/610/610
f 610/610/610 609/609/609 611/611/611
f 610/610/610 611/611/611 612/612/612
f 612/612/612 611/611/611 613/613/613
f 612/612/612 613/613/613 614/614/614
f 614/614/614 613/613/613 615/615/615
f 615/615/615 613/613/613 616/616/616
f 615/615/615 616/616/616 559/559/559
f 559/559/559 616/616/616 560/560/560
f 617/617/617 113/113/113 618/618/618
f 618/618/618 113/113/113 115/115/115
f 618/618/618 115/115/115 619/619/619
f 619/619/619 115/115/115 620/620/620
f 619/619/619 620/620/620 621/621/621
f 621/621/621 620/620/620 622/622/622
f 621/621/621 622/622/622 623/623/623
f 623/623/623 622/622/622 624/624/624
f 623/623/623 624/624/624 625/625/625
f 625/625/625 624/624/624 626/626/626
f 625/625/625 626/626/626 627/627/627
f 627/627/627 626/626/626 628/628/628
f 627/627/627 628/628/628 629/629/629
f 629/629/629 628/628/628 630/630/630
f 629/629/629 630/630/630 631/631/631
f 631/631/631 630/630/630 632/632/632
f 631/631/631 632/632/632 633/633/633
f 633/633/633 632/632/632 634/634/634
f 633/633/633 634/634/634 635/635/635
f 635/635/635 634/634/634 636/636/636
f 635/635/635 636/636/636 637/637/637
f 637/637/637 636/636/636 638/638/638
f 637/637/637 638/638/638 639/639/639
f 115/115/115 149/149/149 620/620/620
f 620/620/620 149/149/149 640/640/640
f 620/620/620 640/640/640 622/622/622
f 622/622/622 640/640/640 641/641/641
f 622/622/622 641/641/641 624/624/624
f 624/624/624 641/641/641 642/642/642
f 624/624/624 642/642/642 626/626/626
f 626/626/626 642/642/642 643/643/643
f 626/626/626 643/643/643 628/628/628
f 628/628/628 643/643/643 644/644/644
f 628/628/628 644/644/644 630/630/630
f 630/630/630 644/644/644 645/645/645
f 630/630/630 645/645/645 632/632/632
f 632/632/632 645/645/645 646/646/646
f 632/632/632 646/646/646 634/634/634
f 634/634/634 646/646/646 647/647/647
f 634/634/634 647/647/647 636/636/636
f 636/636/636 647/647/647 648/648/648
f 636/636/636 648/648/648 638/638/638
f 144/144/144 649/649/649 149/149/149
f 149/149/149 649/649/649 650/650/650
f 149/149/149 650/650/650 651/651/651
f 651/651/651 650/650/650 652/652/652
f 651/651/651 652/652/652 641/641/641
f 641/641/641 652/652/652 642/642/642
f 148/148/148 653/653/653 144/144/144
f 144/144/144 653/653/653 654/654/654
f 144/144/144 654/654/654 655/655/655
f 655/655/655 654/654/654 656/656/656
f 655/655/655 656/656/656 657/657/657
f 657/657/657 656/656/656 658/658/658
f 657/657/657 658/658/658 659/659/659
f 659/659/659 658/658/658 660/660/660
f 659/659/659 660/660/660 661/661/661
f 661/661/661 660/660/660 662/662/662
f 661/661/661 662/662/662 644/644/644
f 644/644/644 662/662/662 645/645/645
f 653/653/653 148/148/148 663/663/663
f 663/663/663 148/148/148 664/664/664
f 663/663/663 664/664/664 665/665/665
f 665/665/665 664/664/664 666/666/666
f 665/665/665 666/666/666 667/667/667
f 667/667/667 666/666/666 668/668/668
f 667/667/667 668/668/668 669/669/669
f 669/669/669 668/668/668 670/670/670
f 669/669/669 670/670/670 671/671/671
f 671/671/671 670/670/670 672/672/672
f 671/671/671 672/672/672 673/673/673
f 673/673/673 672/672/672 674/674/674
f 673/673/673 674/674/674 675/675/675
f 675/675/675 674/674/674 648/648/648
f 675/675/675 648/648/648 647/647/647
f 637/637/637 639/639/639 676/676/676
f 676/676/676 639/639/639 677/677/677
f 676/676/676 677/677/677 678/678/678
f 678/678/678 677/677/677 679/679/679
f 678/678/678 679/679/679 680/680/680
f 680/680/680 679/679/679 681/681/681
f 680/680/680 681/681/681 682/682/682
f 682/682/682 681/681/681 683/683/683
f 682/682/682 683/683/683 684/684/684
f 684/684/684 683/683/683 685/685/685
f 684/684/684 685/685/685 686/686/686
f 686/686/686 685/685/685 687/687/687
f 686/686/686 687/687/687 688/688/688
f 688/688/688 687/687/687 689/689/689
f 688/688/688 689/689/689 690/690/690
f 687/687/687 691/691/691 689/689/689
f 688/688/688 690/690/690 692/692/692
f 692/692/692 690/690/690 693/693/693
f 692/692/692 693/693/693 694/694/694
f 694/694/694 693/693/693 695/695/695
f 694/694/694 695/695/695 696/696/696
f 696/696/696 695/695/695 697/697/697
f 696/696/696 697/697/697 698/698/698
f 698/698/698 697/697/697 699/699/699
f 698/698/698 699/699/699 700/700/700
f 700/700/700 699/699/699 701/701/701
f 700/700/700 701/701/701 702/702/702
f 702/702/702 701/701/701 703/703/703
f 702/702/702 703/703/703 704/704/704
f 704/704/704 703/703/703 705/705/705
f 704/704/704 705/705/705 706/706/706
f 706/706/706 705/705/705 707/707/707
f 706/706/706 707/707/707 708/708/708
f 708/708/708 707/707/707 709/709/709
f 708/708/708 709/709/709 710/710/710
f 710/710/710 709/709/709 711/711/711
f 710/710/710 711/711/711 712/712/712
f 693/693/693 713/713/713 695/695/695
f 695/695/695 713/713/713 714/714/714
f 695/695/695 714/714/714 697/697/697
f 697/697/697 714/714/714 715/715/715
f 697/697/697 715/715/715 699/699/699
f 699/699/699 715/715/715 716/716/716
f 699/699/699 716/716/716 701/701/701
f 701/701/701 716/716/716 717/717/717
f 701/701/701 717/717/717 703/703/703
f 703/703/703 717/717/717 718/718/718
f 703/703/703 718/718/718 705/705/705
f 705/705/705 718/718/718 719/719/719
f 705/705/705 719/719/719 707/707/707
f 707/707/707 719/719/719 720/720/720
f 707/707/707 720/720/720 709/709/709
f 709/709/709 720/720/720 721/721/721
f 709/709/709 721/721/721 711/711/711
f 713/713/713 722/722/722 714/714/714
f 714/714/714 722/722/722 723/723/723
f 714/714/714 723/723/723 715/715/715
f 715/715/715 723/723/723 724/724/724
f 715/715/715 724/724/724 716/716/716
f 716/716/716 724/724/724 725/725/725
f 716/716/716 725/725/725 717/717/717
f 717/717/717 725/725/725 726/726/726
f 717/717/717 726/726/726 718/718/718
f 718/718/718 726/726/726 727/727/727
f 718/718/718 727/727/727 719/719/719
f 719/719/719 727/727/727 728/728/728
f 719/719/719 728/728/728 720/720/720
f 720/720/720 728/728/728 729/729/729
f 720/720/720 729/729/729 721/721/721
f 723/723/723 722/722/722 730/730/730
f 730/730/730 722/722/722 731/731/731
f 730/730/730 731/731/731 732/732/732
f 732/732/732 731/731/731 733/733/733
f 732/732/732 733/733/733 734/734/734
f 734/734/734 733/733/733 735/735/735
f 734/734/734 735/735/735 736/736/736
f 736/736/736 735/735/735 737/737/737
f 736/736/736 737/737/737 738/738/738
f 738/738/738 737/737/737 739/739/739
f 738/738/738 739/739/739 740/740/740
f 731/731/731 741/741/741 733/733/733
f 733/733/733 741/741/741 742/742/742
f 733/733/733 742/742/742 735/735/735
f 735/735/735 742/742/742 743/743/743
f 735/735/735 743/743/743 737/737/737
f 737/737/737 743/743/743 744/744/744
f 737/737/737 744/744/744 739/739/739
f 741/741/741 745/745/745 742/742/742
f 742/742/742 745/745/745 746/746/746
f 742/742/742 746/746/746 743/743/743
f 743/743/743 746/746/746 744/744/744
f 745/745/745 747/747/747 746/746/746
f 746/746/746 747/747/747 748/748/748
f 746/746/746 748/748/748 744/744/744
f 747/747/747 749/749/749 748/748/748
f 738/738/738 740/740/740 750/750/750
f 750/750/750 740/740/740 751/751/751
f 750/750/750 751/751/751 728/728/728
f 728/728/728 751/751/751 729/729/729
f 710/710/710 712/712/712 752/752/752
f 752/752/752 712/712/712 753/753/753
f 752/752/752 753/753/753 754/754/754
f 754/754/754 753/753/753 755/755/755
f 754/754/754 755/755/755 756/756/756
f 756/756/756 755/755/755 757/757/757
f 756/756/756 757/757/757 758/758/758
f 758/758/758 757/757/757 759/759/759
f 758/758/758 759/759/759 760/760/760
f 760/760/760 759/759/759 761/761/761
f 760/760/760 761/761/761 762/762/762
f 762/762/762 761/761/761 763/763/763
f 762/762/762 763/763/763 764/764/764
f 764/764/764 763/763/763 765/765/765
f 764/764/764 765/765/765 766/766/766
f 766/766/766 765/765/765 627/627/627
f 766/766/766 627/627/627 629/629/629
f 755/755/755 767/767/767 757/757/757
f 757/757/757 767/767/767 768/768/768
f 757/757/757 768/768/768 759/759/759
f 759/759/759 768/768/768 769/769/769
f 759/759/759 769/769/769 761/761/761
f 761/761/761 769/769/769 770/770/770
f 761/761/761 770/770/770 763/763/763
f 763/763/763 770/770/770 771/771/771
f 763/763/763 771/771/771 765/765/765
f 765/765/765 771/771/771 625/625/625
f 765/765/765 625/625/625 627/627/627
f 767/767/767 772/772/772 768/768/768
f 768/768/768 772/772/772 773/773/773
f 768/768/768 773/773/773 769/769/769
f 769/769/769 773/773/773 774/774/774
f 769/769/769 774/774/774 770/770/770
f 770/770/770 774/774/774 775/775/775
f 770/770/770 775/775/775 771/771/771
f 771/771/771 775/775/775 623/623/623
f 771/771/771 623/623/623 625/625/625
f 772/772/772 776/776/776 773/773/773
f 773/773/773 776/776/776 777/777/777
f 773/773/773 777/777/777 774/774/774
f 774/774/774 777/777/777 778/778/778
f 774/774/774 778/778/778 775/775/775
f 775/775/775 778/778/778 621/621/621
f 775/775/775 621/621/621 623/623/623
f 776/776/776 617/617/617 777/777/777
f 777/777/777 617/617/617 618/618/618
f 777/777/777 618/618/618 778/778/778
f 778/778/778 618/618/618 619/619/619
f 778/778/778 619/619/619 621/621/621
f 649/649/649 144/144/144 655/655/655
f 640/640/640 149/149/149 651/651/651
f 641/641/641 640/640/640 651/651/651
f 754/754/754 756/756/756 779/779/779
f 779/779/779 756/756/756 758/758/758
f 779/779/779 758/758/758 780/780/780
f 780/780/780 758/758/758 760/760/760
f 780/780/780 760/760/760 781/781/781
f 781/781/781 760/760/760 762/762/762
f 781/781/781 762/762/762 782/782/782
f 782/782/782 762/762/762 764/764/764
f 782/782/782 764/764/764 783/783/783
f 783/783/783 764/764/764 766/766/766
f 783/783/783 766/766/766 784/784/784
f 784/784/784 766/766/766 629/629/629
f 784/784/784 629/629/629 631/631/631
f 752/752/752 754/754/754 785/785/785
f 785/785/785 754/754/754 779/779/779
f 785/785/785 779/779/779 786/786/786
f 786/786/786 779/779/779 780/780/780
f 786/786/786 780/780/780 787/787/787
f 787/787/787 780/780/780 781/781/781
f 787/787/787 781/781/781 788/788/788
f 788/788/788 781/781/781 782/782/782
f 788/788/788 782/782/782 789/789/789
f 789/789/789 782/782/782 783/783/783
f 789/789/789 783/783/783 790/790/790
f 790/790/790 783/783/783 784/784/784
f 790/790/790 784/784/784 791/791/791
f 791/791/791 784/784/784 631/631/631
f 791/791/791 631/631/631 633/633/633
f 710/710/710 752/752/752 792/792/792
f 792/792/792 752/752/752 785/785/785
f 792/792/792 785/785/785 793/793/793
f 793/793/793 785/785/785 786/786/786
f 793/793/793 786/786/786 794/794/794
f 794/794/794 786/786/786 787/787/787
f 794/794/794 787/787/787 795/795/795
f 795/795/795 787/787/787 788/788/788
f 795/795/795 788/788/788 796/796/796
f 796/796/796 788/788/788 789/789/789
f 796/796/796 789/789/789 797/797/797
f 797/797/797 789/789/789 790/790/790
f 797/797/797 790/790/790 798/798/798
f 798/798/798 790/790/790 791/791/791
f 798/798/798 791/791/791 799/799/799
f 799/799/799 791/791/791 633/633/633
f 799/799/799 633/633/633 635/635/635
f 728/728/728 727/727/727 750/750/750
f 750/750/750 727/727/727 800/800/800
f 750/750/750 800/800/800 738/738/738
f 738/738/738 800/800/800 736/736/736
f 793/793/793 801/801/801 792/792/792
f 792/792/792 801/801/801 708/708/708
f 792/792/792 708/708/708 710/710/710
f 708/708/708 801/801/801 706/706/706
f 706/706/706 801/801/801 802/802/802
f 706/706/706 802/802/802 704/704/704
f 704/704/704 802/802/802 803/803/803
f 704/704/704 803/803/803 702/702/702
f 702/702/702 803/803/803 804/804/804
f 702/702/702 804/804/804 700/700/700
f 700/700/700 804/804/804 805/805/805
f 700/700/700 805/805/805 698/698/698
f 698/698/698 805/805/805 806/806/806
f 698/698/698 806/806/806 696/696/696
f 696/696/696 806/806/806 807/807/807
f 696/696/696 807/807/807 694/694/694
f 694/694/694 807/807/807 692/692/692
f 801/801/801 793/793/793 808/808/808
f 808/808/808 793/793/793 794/794/794
f 808/808/808 794/794/794 809/809/809
f 809/809/809 794/794/794 795/795/795
f 809/809/809 795/795/795 810/810/810
f 810/810/810 795/795/795 796/796/796
f 810/810/810 796/796/796 811/811/811
f 811/811/811 796/796/796 797/797/797
f 811/811/811 797/797/797 812/812/812
f 812/812/812 797/797/797 798/798/798
f 812/812/812 798/798/798 813/813/813
f 813/813/813 798/798/798 799/799/799
f 813/813/813 799/799/799 814/814/814
f 814/814/814 799/799/799 635/635/635
f 814/814/814 635/635/635 637/637/637
f 800/800/800 727/727/727 726/726/726
f 736/736/736 800/800/800 815/815/815
f 815/815/815 800/800/800 726/726/726
f 815/815/815 726/726/726 725/725/725
f 736/736/736 815/815/815 734/734/734
f 734/734/734 815/815/815 816/816/816
f 734/734/734 816/816/816 732/732/732
f 732/732/732 816/816/816 730/730/730
f 816/816/816 815/815/815 725/725/725
f 652/652/652 650/650/650 817/817/817
f 817/817/817 650/650/650 649/649/649
f 817/817/817 649/649/649 657/657/657
f 657/657/657 649/649/649 655/655/655
f 642/642/642 652/652/652 818/818/818
f 818/818/818 652/652/652 817/817/817
f 818/818/818 817/817/817 659/659/659
f 659/659/659 817/817/817 657/657/657
f 642/642/642 818/818/818 643/643/643
f 643/643/643 818/818/818 661/661/661
f 643/643/643 661/661/661 644/644/644
f 661/661/661 818/818/818 659/659/659
f 811/811/811 819/819/819 810/810/810
f 810/810/810 819/819/819 820/820/820
f 810/810/810 820/820/820 809/809/809
f 809/809/809 820/820/820 821/821/821
f 809/809/809 821/821/821 808/808/808
f 808/808/808 821/821/821 802/802/802
f 808/808/808 802/802/802 801/801/801
f 819/819/819 822/822/822 820/820/820
f 820/820/820 822/822/822 823/823/823
f 820/820/820 823/823/823 821/821/821
f 821/821/821 823/823/823 803/803/803
f 821/821/821 803/803/803 802/802/802
f 819/819/819 811/811/811 824/824/824
f 824/824/824 811/811/811 812/812/812
f 824/824/824 812/812/812 825/825/825
f 825/825/825 812/812/812 813/813/813
f 825/825/825 813/813/813 826/826/826
f 826/826/826 813/813/813 814/814/814
f 826/826/826 814/814/814 676/676/676
f 676/676/676 814/814/814 637/637/637
f 822/822/822 827/827/827 823/823/823
f 823/823/823 827/827/827 804/804/804
f 823/823/823 804/804/804 803/803/803
f 822/822/822 819/819/819 828/828/828
f 828/828/828 819/819/819 824/824/824
f 828/828/828 824/824/824 829/829/829
f 829/829/829 824/824/824 825/825/825
f 829/829/829 825/825/825 830/830/830
f 830/830/830 825/825/825 826/826/826
f 830/830/830 826/826/826 678/678/678
f 678/678/678 826/826/826 676/676/676
f 804/804/804 827/827/827 805/805/805
f 805/805/805 827/827/827 831/831/831
f 805/805/805 831/831/831 806/806/806
f 806/806/806 831/831/831 832/832/832
f 806/806/806 832/832/832 807/807/807
f 807/807/807 832/832/832 833/833/833
f 807/807/807 833/833/833 692/692/692
f 692/692/692 833/833/833 688/688/688
f 827/827/827 822/822/822 834/834/834
f 834/834/834 822/822/822 828/828/828
f 834/834/834 828/828/828 835/835/835
f 835/835/835 828/828/828 829/829/829
f 835/835/835 829/829/829 836/836/836
f 836/836/836 829/829/829 830/830/830
f 836/836/836 830/830/830 680/680/680
f 680/680/680 830/830/830 678/678/678
f 724/724/724 723/723/723 730/730/730
f 656/656/656 654/654/654 837/837/837
f 837/837/837 654/654/654 653/653/653
f 837/837/837 653/653/653 665/665/665
f 665/665/665 653/653/653 663/663/663
f 658/658/658 656/656/656 838/838/838
f 838/838/838 656/656/656 837/837/837
f 838/838/838 837/837/837 667/667/667
f 667/667/667 837/837/837 665/665/665
f 660/660/660 658/658/658 839/839/839
f 839/839/839 658/658/658 838/838/838
f 839/839/839 838/838/838 669/669/669
f 669/669/669 838/838/838 667/667/667
f 662/662/662 660/660/660 840/840/840
f 840/840/840 660/660/660 839/839/839
f 840/840/840 839/839/839 671/671/671
f 671/671/671 839/839/839 669/669/669
f 645/645/645 662/662/662 841/841/841
f 841/841/841 662/662/662 840/840/840
f 841/841/841 840/840/840 673/673/673
f 673/673/673 840/840/840 671/671/671
f 645/645/645 841/841/841 646/646/646
f 646/646/646 841/841/841 675/675/675
f 646/646/646 675/675/675 647/647/647
f 675/675/675 841/841/841 673/673/673
f 836/836/836 842/842/842 835/835/835
f 835/835/835 842/842/842 843/843/843
f 835/835/835 843/843/843 834/834/834
f 834/834/834 843/843/843 831/831/831
f 834/834/834 831/831/831 827/827/827
f 842/842/842 844/844/844 843/843/843
f 843/843/843 844/844/844 832/832/832
f 843/843/843 832/832/832 831/831/831
f 680/680/680 682/682/682 836/836/836
f 836/836/836 682/682/682 842/842/842
f 832/832/832 844/844/844 833/833/833
f 833/833/833 844/844/844 686/686/686
f 833/833/833 686/686/686 688/688/688
f 682/682/682 684/684/684 842/842/842
f 842/842/842 684/684/684 844/844/844
f 684/684/684 686/686/686 844/844/844
f 725/725/725 724/724/724 816/816/816
f 816/816/816 724/724/724 730/730/730
f 845/845/845 846/846/846 847/847/847
f 847/847/847 846/846/846 848/848/848
f 847/847/847 848/848/848 849/849/849
f 846/846/846 845/845/845 850/850/850
f 850/850/850 845/845/845 851/851/851
f 850/850/850 851/851/851 852/852/852
f 852/852/852 851/851/851 853/853/853
f 852/852/852 853/853/853 854/854/854
f 854/854/854 853/853/853 855/855/855
f 854/854/854 855/855/855 856/856/856
f 856/856/856 855/855/855 857/857/857
f 856/856/856 857/857/857 858/858/858
f 856/856/856 858/858/858 859/859/859
f 859/859/859 858/858/858 860/860/860
f 859/859/859 860/860/860 861/861/861
f 861/861/861 860/860/860 862/862/862
f 861/861/861 862/862/862 863/863/863
f 863/863/863 862/862/862 864/864/864
f 863/863/863 864/864/864 865/865/865
f 865/865/865 864/864/864 866/866/866
f 865/865/865 866/866/866 867/867/867
f 867/867/867 866/866/866 868/868/868
f 867/867/867 868/868/868 869/869/869
f 869/869/869 868/868/868 870/870/870
f 870/870/870 868/868/868 871/871/871
f 870/870/870 871/871/871 872/872/872
f 872/872/872 871/871/871 873/873/873
f 872/872/872 873/873/873 874/874/874
f 874/874/874 873/873/873 875/875/875
f 874/874/874 875/875/875 876/876/876
f 876/876/876 875/875/875 877/877/877
f 876/876/876 877/877/877 878/878/878
f 878/878/878 877/877/877 879/879/879
f 878/878/878 879/879/879 880/880/880
f 878/878/878 880/880/880 881/881/881
f 881/881/881 880/880/880 882/882/882
f 881/881/881 882/882/882 883/883/883
f 883/883/883 882/882/882 884/884/884
f 883/883/883 884/884/884 885/885/885
f 885/885/885 884/884/884 886/886/886
f 885/885/885 886/886/886 887/887/887
f 887/887/887 886/886/886 888/888/888
f 887/887/887 888/888/888 849/849/849
f 849/849/849 888/888/888 847/847/847
f 889/889/889 890/890/890 891/891/891
f 891/891/891 890/890/890 892/892/892
f 891/891/891 892/892/892 893/893/893
f 890/890/890 889/889/889 894/894/894
f 894/894/894 889/889/889 895/895/895
f 894/894/894 895/895/895 896/896/896
f 896/896/896 895/895/895 897/897/897
f 896/896/896 897/897/897 898/898/898
f 898/898/898 897/897/897 899/899/899
f 898/898/898 899/899/899 900/900/900
f 900/900/900 899/899/899 901/901/901
f 900/900/900 901/901/901 902/902/902
f 900/900/900 902/902/902 903/903/903
f 903/903/903 902/902/902 904/904/904
f 903/903/903 904/904/904 905/905/905
f 905/905/905 904/904/904 906/906/906
f 905/905/905 906/906/906 907/907/907
f 907/907/907 906/906/906 908/908/908
f 907/907/907 908/908/908 909/909/909
f 909/909/909 908/908/908 910/910/910
f 909/909/909 910/910/910 911/911/911
f 911/911/911 910/910/910 912/912/912
f 911/911/911 912/912/912 913/913/913
f 913/913/913 912/912/912 914/914/914
f 914/914/914 912/912/912 915/915/915
f 914/914/914 915/915/915 916/916/916
f 916/916/916 915/915/915 917/917/917
f 916/916/916 917/917/917 918/918/918
f 918/918/918 917/917/917 919/919/919
f 918/918/918 919/919/919 920/920/920
f 920/920/920 919/919/919 921/921/921
f 920/920/920 921/921/921 922/922/922
f 922/922/922 921/921/921 923/923/923
f 922/922/922 923/923/923 924/924/924
f 922/922/922 924/924/924 925/925/925
f 925/925/925 924/924/924 926/926/926
f 925/925/925 926/926/926 927/927/927
f 927/927/927 926/926/926 928/928/928
f 927/927/927 928/928/928 929/929/929
f 929/929/929 928/928/928 930/930/930
f 929/929/929 930/930/930 931/931/931
f 931/931/931 930/930/930 932/932/932
f 931/931/931 932/932/932 893/893/893
f 893/893/893 932/932/932 891/891/891
f 933/933/933 934/934/934 935/935/935
f 935/935/935 934/934/934 936/936/936
f 935/935/935 936/936/936 937/937/937
f 937/937/937 936/936/936 938/938/938
f 937/937/937 938/938/938 939/939/939
f 939/939/939 938/938/938 940/940/940
f 939/939/939 940/940/940 941/941/941
f 941/941/941 940/940/940 942/942/942
f 941/941/941 942/942/942 943/943/943
f 943/943/943 942/942/942 944/944/944
f 943/943/943 944/944/944 945/945/945
f 945/945/945 944/944/944 946/946/946
f 945/945/945 946/946/946 947/947/947
f 947/947/947 946/946/946 948/948/948
f 948/948/948 946/946/946 949/949/949
f 948/948/948 949/949/949 950/950/950
f 950/950/950 949/949/949 951/951/951
f 950/950/950 951/951/951 952/952/952
f 952/952/952 951/951/951 953/953/953
f 952/952/952 953/953/953 954/954/954
f 954/954/954 953/953/953 955/955/955
f 954/954/954 955/955/955 956/956/956
f 956/956/956 955/955/955 957/957/957
f 956/956/956 957/957/957 958/958/958
f 956/956/956 958/958/958 959/959/959
f 959/959/959 958/958/958 960/960/960
f 959/959/959 960/960/960 961/961/961
f 961/961/961 960/960/960 962/962/962
f 961/961/961 962/962/962 963/963/963
f 963/963/963 962/962/962 964/964/964
f 963/963/963 964/964/964 965/965/965
f 965/965/965 964/964/964 966/966/966
f 965/965/965 966/966/966 967/967/967
f 967/967/967 966/966/966 968/968/968
f 968/968/968 966/966/966 969/969/969
f 968/968/968 969/969/969 970/970/970
f 970/970/970 969/969/969 971/971/971
f 970/970/970 971/971/971 972/972/972
f 972/972/972 971/971/971 973/973/973
f 972/972/972 973/973/973 974/974/974
f 974/974/974 973/973/973 975/975/975
f 974/974/974 975/975/975 976/976/976
f 976/976/976 975/975/975 933/933/933
f 976/976/976 933/933/933 935/935/935
f 977/977/977 978/978/978 979/979/979
f 979/979/979 978/978/978 980/980/980
f 979/979/979 980/980/980 981/981/981
f 978/978/978 977/977/977 982/982/982
f 982/982/982 977/977/977 983/983/983
f 982/982/982 983/983/983 984/984/984
f 984/984/984 983/983/983 985/985/985
f 984/984/984 985/985/985 986/986/986
f 986/986/986 985/985/985 987/987/987
f 986/986/986 987/987/987 988/988/988
f 988/988/988 987/987/987 989/989/989
f 988/988/988 989/989/989 990/990/990
f 988/988/988 990/990/990 991/991/991
f 991/991/991 990/990/990 992/992/992
f 991/991/991 992/992/992 993/993/993
f 993/993/993 992/992/992 994/994/994
f 993/993/993 994/994/994 995/995/995
f 995/995/995 994/994/994 996/996/996
f 995/995/995 996/996/996 997/997/997
f 997/997/997 996/996/996 998/998/998
f 997/997/997 998/998/998 999/999/999
f 999/999/999 998/998/998 1000/1000/1000
f 999/999/999 1000/1000/1000 1001/1001/1001
f 1001/1001/1001 1000/1000/1000 1002/1002/1002
f 1002/1002/1002 1000/1000/1000 1003/1003/1003
f 1002/1002/1002 1003/1003/1003 1004/1004/1004
f 1004/1004/1004 1003/1003/1003 1005/1005/1005
f 1004/1004/1004 1005/1005/1005 1006/1006/1006
f 1006/1006/1006 1005/1005/1005 1007/1007/1007
f 1006/1006/1006 1007/1007/1007 1008/1008/1008
f 1008/1008/1008 1007/1007/1007 1009/1009/1009
f 1008/1008/1008 1009/1009/1009 1010/1010/1010
f 1010/1010/1010 1009/1009/1009 1011/1011/1011
f 1010/1010/1010 1011/1011/1011 1012/1012/1012
f 1010/1010/1010 1012/1012/1012 1013/1013/1013
f 1013/1013/1013 1012/1012/1012 1014/1014/1014
f 1013/1013/1013 1014/1014/1014 1015/1015/1015
f 1015/1015/1015 1014/1014/1014 1016/1016/1016
f 1015/1015/1015 1016/1016/1016 1017/1017/1017
f 1017/1017/1017 1016/1016/1016 1018/1018/1018
f 1017/1017/1017 1018/1018/1018 1019/1019/1019
f 1019/1019/1019 1018/1018/1018 1020/1020/1020
f 1019/1019/1019 1020/1020/1020 981/981/981
f 981/981/981 1020/1020/1020 979/979/979
f 1021/1021/1021 1022/1022/1022 1023/1023/1023
f 1023/1023/1023 1022/1022/1022 1024/1024/1024
f 1023/1023/1023 1024/1024/1024 1025/1025/1025
f 1025/1025/1025 1024/1024/1024 1026/1026/1026
f 1025/1025/1025 1026/1026/1026 1027/1027/1027
f 1022/1022/1022 1021/1021/1021 1028/1028/1028
f 1028/1028/1028 1021/1021/1021 1029/1029/1029
f 1028/1028/1028 1029/1029/1029 1030/1030/1030
f 1030/1030/1030 1029/1029/1029 1031/1031/1031
f 1031/1031/1031 1029/1029/1029 1032/1032/1032
f 1032/1032/1032 1029/1029/1029 1033/1033/1033
f 1032/1032/1032 1033/1033/1033 1034/1034/1034
f 1034/1034/1034 1033/1033/1033 1035/1035/1035
f 1035/1035/1035 1033/1033/1033 1036/1036/1036
f 1035/1035/1035 1036/1036/1036 1037/1037/1037
f 1037/1037/1037 1036/1036/1036 1038/1038/1038
f 1037/1037/1037 1038/1038/1038 1039/1039/1039
f 1039/1039/1039 1038/1038/1038 1040/1040/1040
f 1040/1040/1040 1038/1038/1038 1041/1041/1041
f 1040/1040/1040 1041/1041/1041 1042/1042/1042
f 1042/1042/1042 1041/1041/1041 1043/1043/1043
f 1042/1042/1042 1043/1043/1043 1044/1044/1044
f 1044/1044/1044 1043/1043/1043 1045/1045/1045
f 1044/1044/1044 1045/1045/1045 1046/1046/1046
f 1046/1046/1046 1045/1045/1045 1047/1047/1047
f 1047/1047/1047 1045/1045/1045 1048/1048/1048
f 1047/1047/1047 1048/1048/1048 1049/1049/1049
f 1049/1049/1049 1048/1048/1048 1050/1050/1050
f 1049/1049/1049 1050/1050/1050 1051/1051/1051
f 1051/1051/1051 1050/1050/1050 1052/1052/1052
f 1052/1052/1052 1050/1050/1050 1053/1053/1053
f 1052/1052/1052 1053/1053/1053 1054/1054/1054
f 1054/1054/1054 1053/1053/1053 1055/1055/1055
f 1055/1055/1055 1053/1053/1053 1056/1056/1056
f 1056/1056/1056 1053/1053/1053 1057/1057/1057
f 1057/1057/1057 1053/1053/1053 34/34/34
f 1057/1057/1057 34/34/34 36/36/36
f 36/36/36 1058/1058/1058 1057/1057/1057
f 1057/1057/1057 1058/1058/1058 1059/1059/1059
f 1059/1059/1059 1058/1058/1058 1060/1060/1060
f 1060/1060/1060 1058/1058/1058 1061/1061/1061
f 1061/1061/1061 1058/1058/1058 1062/1062/1062
f 1062/1062/1062 1058/1058/1058 1063/1063/1063
f 1062/1062/1062 1063/1063/1063 1064/1064/1064
f 1064/1064/1064 1063/1063/1063 1065/1065/1065
f 1065/1065/1065 1063/1063/1063 1066/1066/1066
f 1065/1065/1065 1066/1066/1066 1067/1067/1067
f 1067/1067/1067 1066/1066/1066 1068/1068/1068
f 1067/1067/1067 1068/1068/1068 1069/1069/1069
f 1069/1069/1069 1068/1068/1068 1070/1070/1070
f 1070/1070/1070 1068/1068/1068 1071/1071/1071
f 1070/1070/1070 1071/1071/1071 1072/1072/1072
f 1072/1072/1072 1071/1071/1071 1073/1073/1073
f 1072/1072/1072 1073/1073/1073 1074/1074/1074
f 1074/1074/1074 1073/1073/1073 1075/1075/1075
f 1074/1074/1074 1075/1075/1075 1076/1076/1076
f 1076/1076/1076 1075/1075/1075 1077/1077/1077
f 1077/1077/1077 1075/1075/1075 1078/1078/1078
f 1077/1077/1077 1078/1078/1078 1079/1079/1079
f 1079/1079/1079 1078/1078/1078 1080/1080/1080
f 1079/1079/1079 1080/1080/1080 1081/1081/1081
f 1081/1081/1081 1080/1080/1080 1082/1082/1082
f 1082/1082/1082 1080/1080/1080 1025/1025/1025
f 1082/1082/1082 1025/1025/1025 1027/1027/1027
f 1083/1083/1083 1084/1084/1084 1085/1085/1085
f 1085/1085/1085 1084/1084/1084 1086/1086/1086
f 1086/1086/1086 1084/1084/1084 1087/1087/1087
f 1087/1087/1087 1084/1084/1084 1088/1088/1088
f 1087/1087/1087 1088/1088/1088 1089/1089/1089
f 1089/1089/1089 1088/1088/1088 1090/1090/1090
f 1089/1089/1089 1090/1090/1090 1091/1091/1091
f 1091/1091/1091 1090/1090/1090 1092/1092/1092
f 1092/1092/1092 1090/1090/1090 1093/1093/1093
f 1092/1092/1092 1093/1093/1093 1094/1094/1094
f 1094/1094/1094 1093/1093/1093 1095/1095/1095
f 1094/1094/1094 1095/1095/1095 1096/1096/1096
f 1096/1096/1096 1095/1095/1095 1097/1097/1097
f 1097/1097/1097 1095/1095/1095 1098/1098/1098
f 1097/1097/1097 1098/1098/1098 1099/1099/1099
f 1099/1099/1099 1098/1098/1098 1100/1100/1100
f 1099/1099/1099 1100/1100/1100 1101/1101/1101
f 1101/1101/1101 1100/1100/1100 1102/1102/1102
f 1101/1101/1101 1102/1102/1102 1103/1103/1103
f 1103/1103/1103 1102/1102/1102 1104/1104/1104
f 1104/1104/1104 1102/1102/1102 1105/1105/1105
f 1104/1104/1104 1105/1105/1105 1106/1106/1106
f 1106/1106/1106 1105/1105/1105 1107/1107/1107
f 1106/1106/1106 1107/1107/1107 1108/1108/1108
f 1108/1108/1108 1107/1107/1107 1109/1109/1109
f 1109/1109/1109 1107/1107/1107 1110/1110/1110
f 1109/1109/1109 1110/1110/1110 1111/1111/1111
f 1111/1111/1111 1110/1110/1110 3/3/3
f 1111/1111/1111 3/3/3 1112/1112/1112
f 1112/1112/1112 3/3/3 1113/1113/1113
f 1113/1113/1113 3/3/3 5/5/5

