mtllib material.mtl
usemtl mat0
v 0.36799992 0.05534500 0.10055518
v 0.36799992 0.05380000 0.10080018
v 0.38214892 0.05280500 0.10072420
v 0.38192392 0.05196700 0.10080020
v 0.39533392 0.04734400 0.10072421
v 0.39489992 0.04659200 0.10080021
v 0.40665592 0.03865600 0.10072422
v 0.40604192 0.03804200 0.10080022
v 0.41534392 0.02733400 0.10072423
v 0.41459192 0.02690000 0.10080023
v 0.42080492 0.01414900 0.10072424
v 0.41996692 0.01392400 0.10080024
v 0.42266792 0.00000000 0.10072424
v 0.42179992 0.00000000 0.10080024
v 0.42080492 -0.01414900 0.10072424
v 0.41996692 -0.01392400 0.10080024
v 0.41534392 -0.02733400 0.10072423
v 0.41459192 -0.02690000 0.10080023
v 0.40665592 -0.03865600 0.10072422
v 0.40604192 -0.03804200 0.10080022
v 0.39533392 -0.04734400 0.10072421
v 0.39489992 -0.04659200 0.10080021
v 0.38214892 -0.05280500 0.10072420
v 0.38192392 -0.05196700 0.10080020
v 0.36799992 -0.05380000 0.10080018
v 0.36799992 -0.05534500 0.10055518
v 0.38257192 -0.05438200 0.10013020
v 0.39614992 -0.04875700 0.10013021
v 0.40780992 -0.03981000 0.10013022
v 0.41675692 -0.02815000 0.10013023
v 0.42238192 -0.01457200 0.10013024
v 0.42429992 0.00000000 0.10013024
v 0.42238192 0.01457200 0.10013024
v 0.41675692 0.02815000 0.10013023
v 0.40780992 0.03981000 0.10013022
v 0.39614992 0.04875700 0.10013021
v 0.38257192 0.05438200 0.10013020
v 0.36799992 0.05673900 0.09984518
v 0.38291592 0.05566700 0.09901420
v 0.36799992 0.05784500 0.09873918
v 0.38314092 0.05650500 0.09751020
v 0.36799992 0.05855500 0.09734518
v 0.38321892 0.05679600 0.09580020
v 0.36799992 0.05880000 0.09580018
v 0.36799992 -0.05673900 0.09984518
v 0.38291592 -0.05566700 0.09901420
v 0.39681492 -0.04990900 0.09901421
v 0.40875092 -0.04075100 0.09901422
v 0.41790892 -0.02881500 0.09901423
v 0.42366692 -0.01491600 0.09901424
v 0.42562992 0.00000000 0.09901424
v 0.42366692 0.01491600 0.09901424
v 0.41790892 0.02881500 0.09901423
v 0.40875092 0.04075100 0.09901422
v 0.39681492 0.04990900 0.09901421
v 0.36799992 -0.05784500 0.09873918
v 0.38314092 -0.05650500 0.09751020
v 0.39724892 -0.05066100 0.09751021
v 0.40936492 -0.04136500 0.09751023
v 0.41866092 -0.02924900 0.09751023
v 0.42450492 -0.01514100 0.09751024
v 0.42649792 0.00000000 0.09751024
v 0.42450492 0.01514100 0.09751024
v 0.41866092 0.02924900 0.09751023
v 0.40936492 0.04136500 0.09751023
v 0.39724892 0.05066100 0.09751021
v 0.36799992 -0.05855500 0.09734518
v 0.38321892 -0.05679600 0.09580020
v 0.39739992 -0.05092200 0.09580021
v 0.40957792 -0.04157800 0.09580023
v 0.41892192 -0.02940000 0.09580023
v 0.42479592 -0.01521900 0.09580024
v 0.42679992 0.00000000 0.09580024
v 0.42479592 0.01521900 0.09580024
v 0.41892192 0.02940000 0.09580023
v 0.40957792 0.04157800 0.09580023
v 0.39739992 0.05092200 0.09580021
v 0.36799992 -0.05880000 0.09580018
v 0.36799992 -0.05880000 0.09580018
v 0.36799995 -0.05880000 0.06456518
v 0.38321892 -0.05679600 0.09580020
v 0.38321896 -0.05679600 0.06048820
v 0.39739992 -0.05092200 0.09580021
v 0.39739996 -0.05092200 0.05668821
v 0.40957792 -0.04157800 0.09580023
v 0.40957797 -0.04157800 0.05342523
v 0.41892192 -0.02940000 0.09580023
v 0.41892197 -0.02940000 0.05092123
v 0.42479592 -0.01521900 0.09580024
v 0.42479597 -0.01521900 0.04934724
v 0.42679992 0.00000000 0.09580024
v 0.42679997 0.00000000 0.04881024
v 0.42479597 0.01521900 0.04934724
v 0.42479592 0.01521900 0.09580024
v 0.41892197 0.02940000 0.05092123
v 0.41892192 0.02940000 0.09580023
v 0.40957797 0.04157800 0.05342523
v 0.40957792 0.04157800 0.09580023
v 0.39739996 0.05092200 0.05668821
v 0.39739992 0.05092200 0.09580021
v 0.38321896 0.05679600 0.06048820
v 0.38321892 0.05679600 0.09580020
v 0.36799995 0.05880000 0.06456518
v 0.36799992 0.05880000 0.09580018
v -0.00000008 0.05534500 0.10055482
v -0.00000008 0.05380000 0.10079982
v 0.01414892 0.05280500 0.10072383
v 0.01392392 0.05196700 0.10079983
v 0.02733392 0.04734400 0.10072384
v 0.02689992 0.04659200 0.10079984
v 0.03865592 0.03865600 0.10072385
v 0.03804192 0.03804200 0.10079985
v 0.04734392 0.02733400 0.10072386
v 0.04659192 0.02690000 0.10079986
v 0.05280492 0.01414900 0.10072387
v 0.05196692 0.01392400 0.10079987
v 0.05466792 0.00000000 0.10072387
v 0.05379992 0.00000000 0.10079987
v 0.05280492 -0.01414900 0.10072387
v 0.05196692 -0.01392400 0.10079987
v 0.04734392 -0.02733400 0.10072386
v 0.04659192 -0.02690000 0.10079986
v 0.03865592 -0.03865600 0.10072385
v 0.03804192 -0.03804200 0.10079985
v 0.02733392 -0.04734400 0.10072384
v 0.02689992 -0.04659200 0.10079984
v 0.01414892 -0.05280500 0.10072383
v 0.01392392 -0.05196700 0.10079983
v -0.00000008 -0.05380000 0.10079982
v -0.00000008 -0.05534500 0.10055482
v 0.01457192 -0.05438200 0.10012983
v 0.02814992 -0.04875700 0.10012984
v 0.03980992 -0.03981000 0.10012986
v 0.04875692 -0.02815000 0.10012986
v 0.05438192 -0.01457200 0.10012987
v 0.05629992 0.00000000 0.10012987
v 0.05438192 0.01457200 0.10012987
v 0.04875692 0.02815000 0.10012986
v 0.03980992 0.03981000 0.10012986
v 0.02814992 0.04875700 0.10012984
v 0.01457192 0.05438200 0.10012983
v -0.00000008 0.05673900 0.09984482
v 0.01491592 0.05566700 0.09901383
v -0.00000008 0.05784500 0.09873882
v 0.01514092 0.05650500 0.09750983
v -0.00000008 0.05855500 0.09734482
v 0.01521892 0.05679600 0.09579983
v -0.00000008 0.05880000 0.09579982
v -0.00000008 -0.05673900 0.09984482
v 0.01491592 -0.05566700 0.09901383
v 0.02881492 -0.04990900 0.09901384
v 0.04075092 -0.04075100 0.09901386
v 0.04990892 -0.02881500 0.09901387
v 0.05566692 -0.01491600 0.09901387
v 0.05762992 0.00000000 0.09901387
v 0.05566692 0.01491600 0.09901387
v 0.04990892 0.02881500 0.09901387
v 0.04075092 0.04075100 0.09901386
v 0.02881492 0.04990900 0.09901384
v -0.00000008 -0.05784500 0.09873882
v 0.01514092 -0.05650500 0.09750983
v 0.02924892 -0.05066100 0.09750985
v 0.04136492 -0.04136500 0.09750986
v 0.05066092 -0.02924900 0.09750987
v 0.05650492 -0.01514100 0.09750987
v 0.05849792 0.00000000 0.09750987
v 0.05650492 0.01514100 0.09750987
v 0.05066092 0.02924900 0.09750987
v 0.04136492 0.04136500 0.09750986
v 0.02924892 0.05066100 0.09750985
v -0.00000008 -0.05855500 0.09734482
v 0.01521892 -0.05679600 0.09579983
v 0.02939992 -0.05092200 0.09579985
v 0.04157792 -0.04157800 0.09579986
v 0.05092192 -0.02940000 0.09579987
v 0.05679592 -0.01521900 0.09579987
v 0.05879992 0.00000000 0.09579987
v 0.05679592 0.01521900 0.09579987
v 0.05092192 0.02940000 0.09579987
v 0.04157792 0.04157800 0.09579986
v 0.02939992 0.05092200 0.09579985
v -0.00000008 -0.05880000 0.09579982
v -0.00000006 -0.05880000 0.07491782
v 0.01521894 -0.05679600 0.07899583
v -0.00000008 -0.05880000 0.09579982
v 0.01521892 -0.05679600 0.09579983
v 0.02939994 -0.05092200 0.08279585
v 0.02939992 -0.05092200 0.09579985
v 0.04157793 -0.04157800 0.08605886
v 0.04157792 -0.04157800 0.09579986
v 0.05092193 -0.02940000 0.08856287
v 0.05092192 -0.02940000 0.09579987
v 0.05679593 -0.01521900 0.09013687
v 0.05679592 -0.01521900 0.09579987
v 0.05879993 0.00000000 0.09067387
v 0.05879992 0.00000000 0.09579987
v 0.05679592 0.01521900 0.09579987
v 0.05679593 0.01521900 0.09013687
v 0.05092192 0.02940000 0.09579987
v 0.05092193 0.02940000 0.08856287
v 0.04157792 0.04157800 0.09579986
v 0.04157793 0.04157800 0.08605886
v 0.02939992 0.05092200 0.09579985
v 0.02939994 0.05092200 0.08279585
v 0.01521892 0.05679600 0.09579983
v 0.01521894 0.05679600 0.07899583
v -0.00000008 0.05880000 0.09579982
v -0.00000006 0.05880000 0.07491782
v 0.00000007 0.05600000 -0.05230018
v 0.01449407 0.05409200 -0.05230017
v 0.00000008 0.05600000 -0.05950018
v 0.01449408 0.05409200 -0.05950017
v 0.02800007 0.04849700 -0.05230016
v 0.02800008 0.04849700 -0.05950016
v 0.03959807 0.03959800 -0.05230014
v 0.03959808 0.03959800 -0.05950014
v 0.04849707 0.02800000 -0.05230014
v 0.04849708 0.02800000 -0.05950014
v 0.05409207 0.01449400 -0.05230013
v 0.05409208 0.01449400 -0.05950013
v 0.05600007 0.00000000 -0.05230013
v 0.05600008 0.00000000 -0.05950013
v 0.05409207 -0.01449400 -0.05230013
v 0.05409208 -0.01449400 -0.05950013
v 0.04849707 -0.02800000 -0.05230014
v 0.04849708 -0.02800000 -0.05950014
v 0.03959807 -0.03959800 -0.05230014
v 0.03959808 -0.03959800 -0.05950014
v 0.02800007 -0.04849700 -0.05230016
v 0.02800008 -0.04849700 -0.05950016
v 0.01449407 -0.05409200 -0.05230017
v 0.01449408 -0.05409200 -0.05950017
v 0.00000008 -0.05600000 -0.05950018
v 0.00000007 -0.05600000 -0.05230018
v 0.36800007 0.05600000 -0.05229982
v 0.38249407 0.05409200 -0.05229980
v 0.36800008 0.05600000 -0.05949982
v 0.38249408 0.05409200 -0.05949980
v 0.39600007 0.04849700 -0.05229979
v 0.39600008 0.04849700 -0.05949979
v 0.40759807 0.03959800 -0.05229978
v 0.40759808 0.03959800 -0.05949978
v 0.41649707 0.02800000 -0.05229977
v 0.41649708 0.02800000 -0.05949977
v 0.42209207 0.01449400 -0.05229976
v 0.42209208 0.01449400 -0.05949976
v 0.42400007 0.00000000 -0.05229976
v 0.42400008 0.00000000 -0.05949976
v 0.42209207 -0.01449400 -0.05229976
v 0.42209208 -0.01449400 -0.05949976
v 0.41649707 -0.02800000 -0.05229977
v 0.41649708 -0.02800000 -0.05949977
v 0.40759807 -0.03959800 -0.05229978
v 0.40759808 -0.03959800 -0.05949978
v 0.39600007 -0.04849700 -0.05229979
v 0.39600008 -0.04849700 -0.05949979
v 0.38249407 -0.05409200 -0.05229980
v 0.38249408 -0.05409200 -0.05949980
v 0.36800008 -0.05600000 -0.05949982
v 0.36800007 -0.05600000 -0.05229982
v 0.00000007 0.05880000 -0.05230018
v 0.00000006 0.05880000 -0.04430018
v 0.01521907 0.05679600 -0.05230017
v 0.01521906 0.05679600 -0.04430017
v 0.02940007 0.05092200 -0.05230015
v 0.02940006 0.05092200 -0.04430015
v 0.04157807 0.04157800 -0.05230014
v 0.04157806 0.04157800 -0.04430014
v 0.05092207 0.02940000 -0.05230013
v 0.05092206 0.02940000 -0.04430013
v 0.05679607 0.01521900 -0.05230013
v 0.05679606 0.01521900 -0.04430013
v 0.05880007 0.00000000 -0.05230013
v 0.05880006 0.00000000 -0.04430013
v 0.05679607 -0.01521900 -0.05230013
v 0.05679606 -0.01521900 -0.04430013
v 0.05092207 -0.02940000 -0.05230013
v 0.05092206 -0.02940000 -0.04430013
v 0.04157807 -0.04157800 -0.05230014
v 0.04157806 -0.04157800 -0.04430014
v 0.02940007 -0.05092200 -0.05230015
v 0.02940006 -0.05092200 -0.04430015
v 0.01521907 -0.05679600 -0.05230017
v 0.01521906 -0.05679600 -0.04430017
v 0.00000007 -0.05880000 -0.05230018
v 0.00000006 -0.05880000 -0.04430018
v 0.36800007 0.05880000 -0.05229982
v 0.36800006 0.05880000 -0.04429982
v 0.38321907 0.05679600 -0.05229980
v 0.38321906 0.05679600 -0.04429980
v 0.39740007 0.05092200 -0.05229979
v 0.39740006 0.05092200 -0.04429979
v 0.40957807 0.04157800 -0.05229977
v 0.40957806 0.04157800 -0.04429977
v 0.41892207 0.02940000 -0.05229977
v 0.41892206 0.02940000 -0.04429977
v 0.42479607 0.01521900 -0.05229976
v 0.42479606 0.01521900 -0.04429976
v 0.42680007 0.00000000 -0.05229976
v 0.42680006 0.00000000 -0.04429976
v 0.42479607 -0.01521900 -0.05229976
v 0.42479606 -0.01521900 -0.04429976
v 0.41892207 -0.02940000 -0.05229977
v 0.41892206 -0.02940000 -0.04429977
v 0.40957807 -0.04157800 -0.05229977
v 0.40957806 -0.04157800 -0.04429977
v 0.39740007 -0.05092200 -0.05229979
v 0.39740006 -0.05092200 -0.04429979
v 0.38321907 -0.05679600 -0.05229980
v 0.38321906 -0.05679600 -0.04429980
v 0.36800007 -0.05880000 -0.05229982
v 0.36800006 -0.05880000 -0.04429982
v 0.29400006 0.00000000 -0.03999989
v 0.27950004 0.00000000 -0.02549990
v 0.29400006 0.01527000 -0.03798989
v 0.27950004 0.01253700 -0.02369690
v 0.29400005 0.02950000 -0.03209589
v 0.27950004 0.02405900 -0.01843590
v 0.29400004 0.04171900 -0.02271889
v 0.27950003 0.03363100 -0.01014090
v 0.29400003 0.05109600 -0.01049989
v 0.27950002 0.04047900 0.00051410
v 0.29400002 0.05699000 0.00373011
v 0.27950001 0.04404700 0.01266710
v 0.29400000 0.05900000 0.01900011
v 0.27949999 0.04404700 0.02533310
v 0.29399998 0.05699000 0.03427011
v 0.27949998 0.04047900 0.03748610
v 0.29399997 0.05109600 0.04850011
v 0.27949997 0.03363100 0.04814110
v 0.29399996 0.04171900 0.06071911
v 0.27949996 0.02405900 0.05643610
v 0.29399995 0.02950000 0.07009611
v 0.27949996 0.01253700 0.06169710
v 0.29399994 0.01527000 0.07599011
v 0.27949996 0.00000000 0.06350010
v 0.29399994 0.00000000 0.07800011
v 0.07399994 0.00000000 0.07799989
v 0.08849996 0.00000000 0.06349990
v 0.07399994 0.01527000 0.07598989
v 0.08849996 0.01253700 0.06169690
v 0.07399995 0.02950000 0.07009589
v 0.08849996 0.02405900 0.05643590
v 0.07399996 0.04171900 0.06071889
v 0.08849997 0.03363100 0.04814090
v 0.07399997 0.05109600 0.04849989
v 0.08849998 0.04047900 0.03748590
v 0.07399998 0.05699000 0.03426989
v 0.08849999 0.04404700 0.02533290
v 0.07400000 0.05900000 0.01899989
v 0.08850001 0.04404700 0.01266690
v 0.07400002 0.05699000 0.00372989
v 0.08850002 0.04047900 0.00051390
v 0.07400003 0.05109600 -0.01050011
v 0.08850003 0.03363100 -0.01014110
v 0.07400004 0.04171900 -0.02271911
v 0.08850004 0.02405900 -0.01843610
v 0.07400005 0.02950000 -0.03209611
v 0.08850004 0.01253700 -0.02369710
v 0.07400006 0.01527000 -0.03799011
v 0.08850004 0.00000000 -0.02550010
v 0.07400006 0.00000000 -0.04000011
v 0.07400006 0.00000000 -0.04000011
v 0.08850004 0.00000000 -0.02550010
v 0.07400006 -0.01527000 -0.03799011
v 0.08850004 -0.01253700 -0.02369710
v 0.07400005 -0.02950000 -0.03209611
v 0.08850004 -0.02405900 -0.01843610
v 0.07400004 -0.04171900 -0.02271911
v 0.08850003 -0.03363100 -0.01014110
v 0.07400003 -0.05109600 -0.01050011
v 0.08850002 -0.04047900 0.00051390
v 0.07400002 -0.05699000 0.00372989
v 0.08850001 -0.04404700 0.01266690
v 0.07400000 -0.05900000 0.01899989
v 0.08849999 -0.04404700 0.02533290
v 0.07399998 -0.05699000 0.03426989
v 0.08849998 -0.04047900 0.03748590
v 0.07399997 -0.05109600 0.04849989
v 0.08849997 -0.03363100 0.04814090
v 0.07399996 -0.04171900 0.06071889
v 0.08849996 -0.02405900 0.05643590
v 0.07399995 -0.02950000 0.07009589
v 0.08849996 -0.01253700 0.06169690
v 0.07399994 -0.01527000 0.07598989
v 0.29399994 0.00000000 0.07800011
v 0.27949996 0.00000000 0.06350010
v 0.29399994 -0.01527000 0.07599011
v 0.27949996 -0.01253700 0.06169710
v 0.29399995 -0.02950000 0.07009611
v 0.27949996 -0.02405900 0.05643610
v 0.29399996 -0.04171900 0.06071911
v 0.27949997 -0.03363100 0.04814110
v 0.29399997 -0.05109600 0.04850011
v 0.27949998 -0.04047900 0.03748610
v 0.29399998 -0.05699000 0.03427011
v 0.27949999 -0.04404700 0.02533310
v 0.29400000 -0.05900000 0.01900011
v 0.27950001 -0.04404700 0.01266710
v 0.29400002 -0.05699000 0.00373011
v 0.27950002 -0.04047900 0.00051410
v 0.29400003 -0.05109600 -0.01049989
v 0.27950003 -0.03363100 -0.01014090
v 0.29400004 -0.04171900 -0.02271889
v 0.27950004 -0.02405900 -0.01843590
v 0.29400005 -0.02950000 -0.03209589
v 0.27950004 -0.01253700 -0.02369690
v 0.29400006 -0.01527000 -0.03798989
v 0.36800007 -0.05880000 -0.05229982
v 0.36800006 -0.05880000 -0.04429982
v 0.35278107 -0.05679600 -0.05229983
v 0.35278106 -0.05679600 -0.04429983
v 0.33860007 -0.05092200 -0.05229985
v 0.33860006 -0.05092200 -0.04429985
v 0.32642207 -0.04157800 -0.05229986
v 0.32642206 -0.04157800 -0.04429986
v 0.31707807 -0.02940000 -0.05229987
v 0.31707806 -0.02940000 -0.04429987
v 0.31120407 -0.01521900 -0.05229987
v 0.31120406 -0.01521900 -0.04429987
v 0.30920007 0.00000000 -0.05229987
v 0.30920006 0.00000000 -0.04429987
v 0.31120407 0.01521900 -0.05229987
v 0.31120406 0.01521900 -0.04429987
v 0.31707807 0.02940000 -0.05229987
v 0.31707806 0.02940000 -0.04429987
v 0.32642207 0.04157800 -0.05229986
v 0.32642206 0.04157800 -0.04429986
v 0.33860007 0.05092200 -0.05229985
v 0.33860006 0.05092200 -0.04429985
v 0.35278107 0.05679600 -0.05229983
v 0.35278106 0.05679600 -0.04429983
v 0.00000007 -0.05880000 -0.05230018
v 0.00000006 -0.05880000 -0.04430018
v -0.01521893 -0.05679600 -0.05230020
v -0.01521894 -0.05679600 -0.04430020
v -0.02939993 -0.05092200 -0.05230021
v -0.02939994 -0.05092200 -0.04430021
v -0.04157793 -0.04157800 -0.05230023
v -0.04157794 -0.04157800 -0.04430023
v -0.05092193 -0.02940000 -0.05230023
v -0.05092194 -0.02940000 -0.04430023
v -0.05679593 -0.01521900 -0.05230024
v -0.05679594 -0.01521900 -0.04430024
v -0.05879993 0.00000000 -0.05230024
v -0.05879994 0.00000000 -0.04430024
v -0.05679593 0.01521900 -0.05230024
v -0.05679594 0.01521900 -0.04430024
v -0.05092193 0.02940000 -0.05230023
v -0.05092194 0.02940000 -0.04430023
v -0.04157793 0.04157800 -0.05230023
v -0.04157794 0.04157800 -0.04430023
v -0.02939993 0.05092200 -0.05230021
v -0.02939994 0.05092200 -0.04430021
v -0.01521893 0.05679600 -0.05230020
v -0.01521894 0.05679600 -0.04430020
v 0.38249408 0.05409200 -0.05949980
v 0.38249408 -0.05409200 -0.05949980
v 0.36800008 0.05600000 -0.05949982
v 0.36800008 -0.05600000 -0.05949982
v 0.35350608 0.05409200 -0.05949983
v 0.35350608 -0.05409200 -0.05949983
v 0.34000008 0.04849700 -0.05949984
v 0.34000008 -0.04849700 -0.05949984
v 0.32840208 0.03959800 -0.05949986
v 0.32840208 -0.03959800 -0.05949986
v 0.31950308 0.02800000 -0.05949986
v 0.31950308 -0.02800000 -0.05949986
v 0.31390808 0.01449400 -0.05949987
v 0.31390808 -0.01449400 -0.05949987
v 0.31200008 0.00000000 -0.05949987
v 0.39600008 -0.04849700 -0.05949979
v 0.39600008 0.04849700 -0.05949979
v 0.40759808 -0.03959800 -0.05949978
v 0.40759808 0.03959800 -0.05949978
v 0.41649708 -0.02800000 -0.05949977
v 0.41649708 0.02800000 -0.05949977
v 0.42209208 -0.01449400 -0.05949976
v 0.42209208 0.01449400 -0.05949976
v 0.42400008 0.00000000 -0.05949976
v 0.36800008 -0.05600000 -0.05949982
v 0.36800007 -0.05600000 -0.05229982
v 0.35350608 -0.05409200 -0.05949983
v 0.35350607 -0.05409200 -0.05229983
v 0.34000007 -0.04849700 -0.05229984
v 0.34000008 -0.04849700 -0.05949984
v 0.32840207 -0.03959800 -0.05229986
v 0.32840208 -0.03959800 -0.05949986
v 0.31950307 -0.02800000 -0.05229986
v 0.31950308 -0.02800000 -0.05949986
v 0.31390807 -0.01449400 -0.05229987
v 0.31390808 -0.01449400 -0.05949987
v 0.31200007 0.00000000 -0.05229987
v 0.31200008 0.00000000 -0.05949987
v 0.31390807 0.01449400 -0.05229987
v 0.31390808 0.01449400 -0.05949987
v 0.31950307 0.02800000 -0.05229986
v 0.31950308 0.02800000 -0.05949986
v 0.32840207 0.03959800 -0.05229986
v 0.32840208 0.03959800 -0.05949986
v 0.34000007 0.04849700 -0.05229984
v 0.34000008 0.04849700 -0.05949984
v 0.35350607 0.05409200 -0.05229983
v 0.35350608 0.05409200 -0.05949983
v 0.35278107 0.05679600 -0.05229983
v 0.36800007 0.05880000 -0.05229982
v 0.36800007 0.05600000 -0.05229982
v 0.38321907 0.05679600 -0.05229980
v 0.38249407 0.05409200 -0.05229980
v 0.39740007 0.05092200 -0.05229979
v 0.39600007 0.04849700 -0.05229979
v 0.40957807 0.04157800 -0.05229977
v 0.40759807 0.03959800 -0.05229978
v 0.41892207 0.02940000 -0.05229977
v 0.41649707 0.02800000 -0.05229977
v 0.42479607 0.01521900 -0.05229976
v 0.42209207 0.01449400 -0.05229976
v 0.42680007 0.00000000 -0.05229976
v 0.42400007 0.00000000 -0.05229976
v 0.42209207 -0.01449400 -0.05229976
v 0.42479607 -0.01521900 -0.05229976
v 0.41649707 -0.02800000 -0.05229977
v 0.41892207 -0.02940000 -0.05229977
v 0.40759807 -0.03959800 -0.05229978
v 0.40957807 -0.04157800 -0.05229977
v 0.39600007 -0.04849700 -0.05229979
v 0.39740007 -0.05092200 -0.05229979
v 0.38249407 -0.05409200 -0.05229980
v 0.38321907 -0.05679600 -0.05229980
v 0.36800007 -0.05600000 -0.05229982
v 0.36800007 -0.05880000 -0.05229982
v 0.35278107 -0.05679600 -0.05229983
v 0.35350607 -0.05409200 -0.05229983
v 0.33860007 -0.05092200 -0.05229985
v 0.34000007 -0.04849700 -0.05229984
v 0.32642207 -0.04157800 -0.05229986
v 0.32840207 -0.03959800 -0.05229986
v 0.31707807 -0.02940000 -0.05229987
v 0.31950307 -0.02800000 -0.05229986
v 0.31120407 -0.01521900 -0.05229987
v 0.31390807 -0.01449400 -0.05229987
v 0.30920007 0.00000000 -0.05229987
v 0.31200007 0.00000000 -0.05229987
v 0.31390807 0.01449400 -0.05229987
v 0.31120407 0.01521900 -0.05229987
v 0.31950307 0.02800000 -0.05229986
v 0.31707807 0.02940000 -0.05229987
v 0.32840207 0.03959800 -0.05229986
v 0.32642207 0.04157800 -0.05229986
v 0.34000007 0.04849700 -0.05229984
v 0.33860007 0.05092200 -0.05229985
v 0.35350607 0.05409200 -0.05229983
v 0.01449408 0.05409200 -0.05950017
v 0.01449408 -0.05409200 -0.05950017
v 0.00000008 0.05600000 -0.05950018
v 0.00000008 -0.05600000 -0.05950018
v -0.01449392 0.05409200 -0.05950020
v -0.01449392 -0.05409200 -0.05950020
v -0.02799992 0.04849700 -0.05950021
v -0.02799992 -0.04849700 -0.05950021
v -0.03959792 0.03959800 -0.05950022
v -0.03959792 -0.03959800 -0.05950022
v -0.04849692 0.02800000 -0.05950023
v -0.04849692 -0.02800000 -0.05950023
v -0.05409192 0.01449400 -0.05950024
v -0.05409192 -0.01449400 -0.05950024
v -0.05599992 0.00000000 -0.05950024
v 0.02800008 -0.04849700 -0.05950016
v 0.02800008 0.04849700 -0.05950016
v 0.03959808 -0.03959800 -0.05950014
v 0.03959808 0.03959800 -0.05950014
v 0.04849708 -0.02800000 -0.05950014
v 0.04849708 0.02800000 -0.05950014
v 0.05409208 -0.01449400 -0.05950013
v 0.05409208 0.01449400 -0.05950013
v 0.05600008 0.00000000 -0.05950013
v 0.00000008 -0.05600000 -0.05950018
v 0.00000007 -0.05600000 -0.05230018
v -0.01449392 -0.05409200 -0.05950020
v -0.01449393 -0.05409200 -0.05230020
v -0.02799993 -0.04849700 -0.05230021
v -0.02799992 -0.04849700 -0.05950021
v -0.03959793 -0.03959800 -0.05230022
v -0.03959792 -0.03959800 -0.05950022
v -0.04849693 -0.02800000 -0.05230023
v -0.04849692 -0.02800000 -0.05950023
v -0.05409193 -0.01449400 -0.05230024
v -0.05409192 -0.01449400 -0.05950024
v -0.05599993 0.00000000 -0.05230024
v -0.05599992 0.00000000 -0.05950024
v -0.05409193 0.01449400 -0.05230024
v -0.05409192 0.01449400 -0.05950024
v -0.04849693 0.02800000 -0.05230023
v -0.04849692 0.02800000 -0.05950023
v -0.03959793 0.03959800 -0.05230022
v -0.03959792 0.03959800 -0.05950022
v -0.02799993 0.04849700 -0.05230021
v -0.02799992 0.04849700 -0.05950021
v -0.01449393 0.05409200 -0.05230020
v -0.01449392 0.05409200 -0.05950020
v -0.01521893 0.05679600 -0.05230020
v 0.00000007 0.05880000 -0.05230018
v 0.00000007 0.05600000 -0.05230018
v 0.01521907 0.05679600 -0.05230017
v 0.01449407 0.05409200 -0.05230017
v 0.02940007 0.05092200 -0.05230015
v 0.02800007 0.04849700 -0.05230016
v 0.04157807 0.04157800 -0.05230014
v 0.03959807 0.03959800 -0.05230014
v 0.05092207 0.02940000 -0.05230013
v 0.04849707 0.02800000 -0.05230014
v 0.05679607 0.01521900 -0.05230013
v 0.05409207 0.01449400 -0.05230013
v 0.05880007 0.00000000 -0.05230013
v 0.05600007 0.00000000 -0.05230013
v 0.05409207 -0.01449400 -0.05230013
v 0.05679607 -0.01521900 -0.05230013
v 0.04849707 -0.02800000 -0.05230014
v 0.05092207 -0.02940000 -0.05230013
v 0.03959807 -0.03959800 -0.05230014
v 0.04157807 -0.04157800 -0.05230014
v 0.02800007 -0.04849700 -0.05230016
v 0.02940007 -0.05092200 -0.05230015
v 0.01449407 -0.05409200 -0.05230017
v 0.01521907 -0.05679600 -0.05230017
v 0.00000007 -0.05600000 -0.05230018
v 0.00000007 -0.05880000 -0.05230018
v -0.01521893 -0.05679600 -0.05230020
v -0.01449393 -0.05409200 -0.05230020
v -0.02939993 -0.05092200 -0.05230021
v -0.02799993 -0.04849700 -0.05230021
v -0.04157793 -0.04157800 -0.05230023
v -0.03959793 -0.03959800 -0.05230022
v -0.05092193 -0.02940000 -0.05230023
v -0.04849693 -0.02800000 -0.05230023
v -0.05679593 -0.01521900 -0.05230024
v -0.05409193 -0.01449400 -0.05230024
v -0.05879993 0.00000000 -0.05230024
v -0.05599993 0.00000000 -0.05230024
v -0.05409193 0.01449400 -0.05230024
v -0.05679593 0.01521900 -0.05230024
v -0.04849693 0.02800000 -0.05230023
v -0.05092193 0.02940000 -0.05230023
v -0.03959793 0.03959800 -0.05230022
v -0.04157793 0.04157800 -0.05230023
v -0.02799993 0.04849700 -0.05230021
v -0.02939993 0.05092200 -0.05230021
v -0.01449393 0.05409200 -0.05230020
v -0.00000008 0.05880000 0.09579982
v -0.00000006 0.05880000 0.07491782
v -0.01521908 0.05679600 0.09579980
v -0.01521905 0.05679600 0.07083980
v -0.02940008 0.05092200 0.09579979
v -0.02940005 0.05092200 0.06703979
v -0.04157808 0.04157800 0.09579977
v -0.04157804 0.04157800 0.06377677
v -0.05092208 0.02940000 0.09579977
v -0.05092204 0.02940000 0.06127377
v -0.05679608 0.01521900 0.09579976
v -0.05679604 0.01521900 0.05969976
v -0.05880008 0.00000000 0.09579976
v -0.05880004 0.00000000 0.05916276
v -0.05679604 -0.01521900 0.05969976
v -0.05679608 -0.01521900 0.09579976
v -0.05092204 -0.02940000 0.06127377
v -0.05092208 -0.02940000 0.09579977
v -0.04157804 -0.04157800 0.06377677
v -0.04157808 -0.04157800 0.09579977
v -0.02940005 -0.05092200 0.06703979
v -0.02940008 -0.05092200 0.09579979
v -0.01521905 -0.05679600 0.07083980
v -0.01521908 -0.05679600 0.09579980
v -0.01527005 -0.05699000 0.07082580
v -0.00000006 -0.05900000 0.07491782
v -0.00000006 -0.05880000 0.07491782
v 0.01526994 -0.05699000 0.07900983
v 0.01521894 -0.05679600 0.07899583
v 0.02949994 -0.05109600 0.08282285
v 0.02939994 -0.05092200 0.08279585
v 0.04171893 -0.04171900 0.08609686
v 0.04157793 -0.04157800 0.08605886
v 0.05109593 -0.02950000 0.08860887
v 0.05092193 -0.02940000 0.08856287
v 0.05698993 -0.01527000 0.09018787
v 0.05679593 -0.01521900 0.09013687
v 0.05899993 0.00000000 0.09072688
v 0.05879993 0.00000000 0.09067387
v 0.05679593 0.01521900 0.09013687
v 0.05698993 0.01527000 0.09018787
v 0.05092193 0.02940000 0.08856287
v 0.05109593 0.02950000 0.08860887
v 0.04157793 0.04157800 0.08605886
v 0.04171893 0.04171900 0.08609686
v 0.02939994 0.05092200 0.08279585
v 0.02949994 0.05109600 0.08282285
v 0.01521894 0.05679600 0.07899583
v 0.01526994 0.05699000 0.07900983
v -0.00000006 0.05880000 0.07491782
v -0.00000006 0.05900000 0.07491782
v -0.01527005 0.05699000 0.07082580
v -0.01521905 0.05679600 0.07083980
v -0.02950005 0.05109600 0.06701379
v -0.02940005 0.05092200 0.06703979
v -0.04171904 0.04171900 0.06373877
v -0.04157804 0.04157800 0.06377677
v -0.05109604 0.02950000 0.06122676
v -0.05092204 0.02940000 0.06127377
v -0.05699004 0.01527000 0.05964776
v -0.05679604 0.01521900 0.05969976
v -0.05900004 0.00000000 0.05910876
v -0.05880004 0.00000000 0.05916276
v -0.05679604 -0.01521900 0.05969976
v -0.05699004 -0.01527000 0.05964776
v -0.05092204 -0.02940000 0.06127377
v -0.05109604 -0.02950000 0.06122676
v -0.04157804 -0.04157800 0.06377677
v -0.04171904 -0.04171900 0.06373877
v -0.02940005 -0.05092200 0.06703979
v -0.02950005 -0.05109600 0.06701379
v -0.01521905 -0.05679600 0.07083980
v -0.01392408 0.05196700 0.10079980
v -0.01392408 -0.05196700 0.10079980
v -0.00000008 0.05380000 0.10079982
v -0.00000008 -0.05380000 0.10079982
v 0.01392392 0.05196700 0.10079983
v 0.01392392 -0.05196700 0.10079983
v 0.02689992 0.04659200 0.10079984
v 0.02689992 -0.04659200 0.10079984
v 0.03804192 0.03804200 0.10079985
v 0.03804192 -0.03804200 0.10079985
v 0.04659192 0.02690000 0.10079986
v 0.04659192 -0.02690000 0.10079986
v 0.05196692 0.01392400 0.10079987
v 0.05196692 -0.01392400 0.10079987
v 0.05379992 0.00000000 0.10079987
v -0.02690008 -0.04659200 0.10079979
v -0.02690008 0.04659200 0.10079979
v -0.03804208 -0.03804200 0.10079978
v -0.03804208 0.03804200 0.10079978
v -0.04659208 -0.02690000 0.10079977
v -0.04659208 0.02690000 0.10079977
v -0.05196708 -0.01392400 0.10079976
v -0.05196708 0.01392400 0.10079976
v -0.05380008 0.00000000 0.10079976
v -0.00000008 -0.05880000 0.09579982
v -0.00000008 -0.05855500 0.09734482
v -0.01521908 -0.05679600 0.09579980
v -0.01514108 -0.05650500 0.09750980
v -0.02940008 -0.05092200 0.09579979
v -0.02924908 -0.05066100 0.09750979
v -0.04157808 -0.04157800 0.09579977
v -0.04136508 -0.04136500 0.09750977
v -0.05092208 -0.02940000 0.09579977
v -0.05066108 -0.02924900 0.09750977
v -0.05679608 -0.01521900 0.09579976
v -0.05650508 -0.01514100 0.09750976
v -0.05880008 0.00000000 0.09579976
v -0.05849808 0.00000000 0.09750976
v -0.05679608 0.01521900 0.09579976
v -0.05650508 0.01514100 0.09750976
v -0.05092208 0.02940000 0.09579977
v -0.05066108 0.02924900 0.09750977
v -0.04157808 0.04157800 0.09579977
v -0.04136508 0.04136500 0.09750977
v -0.02940008 0.05092200 0.09579979
v -0.02924908 0.05066100 0.09750979
v -0.01521908 0.05679600 0.09579980
v -0.01514108 0.05650500 0.09750980
v -0.01491608 0.05566700 0.09901380
v -0.01457208 0.05438200 0.10012980
v -0.01414908 0.05280500 0.10072380
v -0.01392408 0.05196700 0.10079980
v -0.02690008 0.04659200 0.10079979
v -0.02733408 0.04734400 0.10072379
v -0.03804208 0.03804200 0.10079978
v -0.03865608 0.03865600 0.10072378
v -0.04659208 0.02690000 0.10079977
v -0.04734408 0.02733400 0.10072377
v -0.05196708 0.01392400 0.10079976
v -0.05280508 0.01414900 0.10072376
v -0.05380008 0.00000000 0.10079976
v -0.05466808 0.00000000 0.10072376
v -0.05196708 -0.01392400 0.10079976
v -0.05280508 -0.01414900 0.10072376
v -0.04659208 -0.02690000 0.10079977
v -0.04734408 -0.02733400 0.10072377
v -0.03804208 -0.03804200 0.10079978
v -0.03865608 -0.03865600 0.10072378
v -0.02690008 -0.04659200 0.10079979
v -0.02733408 -0.04734400 0.10072379
v -0.01392408 -0.05196700 0.10079980
v -0.01414908 -0.05280500 0.10072380
v -0.00000008 -0.05380000 0.10079982
v -0.00000008 -0.05534500 0.10055482
v -0.01457208 -0.05438200 0.10012980
v -0.00000008 -0.05673900 0.09984482
v -0.01491608 -0.05566700 0.09901380
v -0.00000008 -0.05784500 0.09873882
v -0.02815008 -0.04875700 0.10012979
v -0.03981008 -0.03981000 0.10012978
v -0.04875708 -0.02815000 0.10012977
v -0.05438208 -0.01457200 0.10012976
v -0.05630008 0.00000000 0.10012976
v -0.05438208 0.01457200 0.10012976
v -0.04875708 0.02815000 0.10012977
v -0.03981008 0.03981000 0.10012978
v -0.02815008 0.04875700 0.10012979
v -0.02881508 -0.04990900 0.09901379
v -0.04075108 -0.04075100 0.09901378
v -0.04990908 -0.02881500 0.09901377
v -0.05566708 -0.01491600 0.09901376
v -0.05763008 0.00000000 0.09901376
v -0.05566708 0.01491600 0.09901376
v -0.04990908 0.02881500 0.09901377
v -0.04075108 0.04075100 0.09901378
v -0.02881508 0.04990900 0.09901379
v 0.36799995 0.05880000 0.06456518
v 0.35278095 0.05679600 0.06864317
v 0.36799992 0.05880000 0.09580018
v 0.35278092 0.05679600 0.09580017
v 0.33859995 0.05092200 0.07244315
v 0.33859992 0.05092200 0.09580015
v 0.32642194 0.04157800 0.07570614
v 0.32642192 0.04157800 0.09580014
v 0.31707794 0.02940000 0.07821013
v 0.31707792 0.02940000 0.09580013
v 0.31120394 0.01521900 0.07978413
v 0.31120392 0.01521900 0.09580013
v 0.30919994 0.00000000 0.08032113
v 0.30919992 0.00000000 0.09580013
v 0.31120392 -0.01521900 0.09580013
v 0.31120394 -0.01521900 0.07978413
v 0.31707792 -0.02940000 0.09580013
v 0.31707794 -0.02940000 0.07821013
v 0.32642192 -0.04157800 0.09580014
v 0.32642194 -0.04157800 0.07570614
v 0.33859992 -0.05092200 0.09580015
v 0.33859995 -0.05092200 0.07244315
v 0.35278092 -0.05679600 0.09580017
v 0.35278095 -0.05679600 0.06864317
v 0.35407592 0.05196700 0.10080017
v 0.35407592 -0.05196700 0.10080017
v 0.36799992 0.05380000 0.10080018
v 0.36799992 -0.05380000 0.10080018
v 0.38192392 0.05196700 0.10080020
v 0.38192392 -0.05196700 0.10080020
v 0.39489992 0.04659200 0.10080021
v 0.39489992 -0.04659200 0.10080021
v 0.40604192 0.03804200 0.10080022
v 0.40604192 -0.03804200 0.10080022
v 0.41459192 0.02690000 0.10080023
v 0.41459192 -0.02690000 0.10080023
v 0.41996692 0.01392400 0.10080024
v 0.41996692 -0.01392400 0.10080024
v 0.42179992 0.00000000 0.10080024
v 0.34109992 -0.04659200 0.10080016
v 0.34109992 0.04659200 0.10080016
v 0.32995792 -0.03804200 0.10080015
v 0.32995792 0.03804200 0.10080015
v 0.32140792 -0.02690000 0.10080014
v 0.32140792 0.02690000 0.10080014
v 0.31603292 -0.01392400 0.10080013
v 0.31603292 0.01392400 0.10080013
v 0.31419992 0.00000000 0.10080013
v 0.36799992 -0.05880000 0.09580018
v 0.36799992 -0.05855500 0.09734518
v 0.35278092 -0.05679600 0.09580017
v 0.35285892 -0.05650500 0.09751017
v 0.33859992 -0.05092200 0.09580015
v 0.33875092 -0.05066100 0.09751015
v 0.32642192 -0.04157800 0.09580014
v 0.32663492 -0.04136500 0.09751014
v 0.31707792 -0.02940000 0.09580013
v 0.31733892 -0.02924900 0.09751013
v 0.31120392 -0.01521900 0.09580013
v 0.31149492 -0.01514100 0.09751013
v 0.30919992 0.00000000 0.09580013
v 0.30950192 0.00000000 0.09751013
v 0.31120392 0.01521900 0.09580013
v 0.31149492 0.01514100 0.09751013
v 0.31707792 0.02940000 0.09580013
v 0.31733892 0.02924900 0.09751013
v 0.32642192 0.04157800 0.09580014
v 0.32663492 0.04136500 0.09751014
v 0.33859992 0.05092200 0.09580015
v 0.33875092 0.05066100 0.09751015
v 0.35278092 0.05679600 0.09580017
v 0.35285892 0.05650500 0.09751017
v 0.35308392 0.05566700 0.09901417
v 0.35342792 0.05438200 0.10013017
v 0.35385092 0.05280500 0.10072417
v 0.35407592 0.05196700 0.10080017
v 0.34109992 0.04659200 0.10080016
v 0.34066592 0.04734400 0.10072416
v 0.32995792 0.03804200 0.10080015
v 0.32934392 0.03865600 0.10072415
v 0.32140792 0.02690000 0.10080014
v 0.32065592 0.02733400 0.10072414
v 0.31603292 0.01392400 0.10080013
v 0.31519492 0.01414900 0.10072413
v 0.31419992 0.00000000 0.10080013
v 0.31333192 0.00000000 0.10072413
v 0.31603292 -0.01392400 0.10080013
v 0.31519492 -0.01414900 0.10072413
v 0.32140792 -0.02690000 0.10080014
v 0.32065592 -0.02733400 0.10072414
v 0.32995792 -0.03804200 0.10080015
v 0.32934392 -0.03865600 0.10072415
v 0.34109992 -0.04659200 0.10080016
v 0.34066592 -0.04734400 0.10072416
v 0.35407592 -0.05196700 0.10080017
v 0.35385092 -0.05280500 0.10072417
v 0.36799992 -0.05380000 0.10080018
v 0.36799992 -0.05534500 0.10055518
v 0.35342792 -0.05438200 0.10013017
v 0.36799992 -0.05673900 0.09984518
v 0.35308392 -0.05566700 0.09901417
v 0.36799992 -0.05784500 0.09873918
v 0.33984992 -0.04875700 0.10013016
v 0.32818992 -0.03981000 0.10013014
v 0.31924292 -0.02815000 0.10013014
v 0.31361792 -0.01457200 0.10013013
v 0.31169992 0.00000000 0.10013013
v 0.31361792 0.01457200 0.10013013
v 0.31924292 0.02815000 0.10013014
v 0.32818992 0.03981000 0.10013014
v 0.33984992 0.04875700 0.10013016
v 0.33918492 -0.04990900 0.09901416
v 0.32724892 -0.04075100 0.09901414
v 0.31809092 -0.02881500 0.09901413
v 0.31233292 -0.01491600 0.09901413
v 0.31036992 0.00000000 0.09901413
v 0.31233292 0.01491600 0.09901413
v 0.31809092 0.02881500 0.09901413
v 0.32724892 0.04075100 0.09901414
v 0.33918492 0.04990900 0.09901416
vn 30.90170000 0.00000000 -95.10565000
vn 0.00000000 0.00000000 -100.00000000
vn 16.77313000 4.49435000 -98.48077000
vn 0.00000000 0.00000000 -100.00000000
vn 15.03837000 8.68241000 -98.48077000
vn 0.00000000 0.00000000 -100.00000000
vn 12.27878000 12.27878000 -98.48077000
vn 0.00000000 0.00000000 -100.00000000
vn 8.68241000 15.03837000 -98.48077000
vn 0.00000000 0.00000000 -100.00000000
vn 4.49435000 16.77313000 -98.48077000
vn 0.00000000 0.00000000 -100.00000000
vn 0.00000000 17.36482000 -98.48077000
vn 0.00000000 0.00000000 -100.00000000
vn -4.49435000 16.77313000 -98.48077000
vn 0.00000000 0.00000000 -100.00000000
vn -8.68241000 15.03837000 -98.48077000
vn 0.00000000 0.00000000 -100.00000000
vn -12.27878000 12.27878000 -98.48077000
vn 0.00000000 0.00000000 -100.00000000
vn -15.03837000 8.68241000 -98.48077000
vn 0.00000000 0.00000000 -100.00000000
vn -16.77313000 4.49435000 -98.48077000
vn 0.00000000 0.00000000 -100.00000000
vn 0.00000000 0.00000000 -100.00000000
vn -30.90170000 0.00000000 -95.10565000
vn -48.29629000 12.94095000 -86.60254000
vn -43.30127000 25.00000000 -86.60254000
vn -35.35534000 35.35534000 -86.60254000
vn -25.00000000 43.30127000 -86.60254000
vn -12.94095000 48.29629000 -86.60254000
vn 0.00000000 50.00000000 -86.60254000
vn 12.94095000 48.29629000 -86.60254000
vn 25.00000000 43.30127000 -86.60254000
vn 35.35534000 35.35534000 -86.60254000
vn 43.30127000 25.00000000 -86.60254000
vn 48.29629000 12.94095000 -86.60254000
vn 58.77853000 0.00000000 -80.90170000
vn 73.99421000 19.82669000 -64.27876000
vn 80.90170000 0.00000000 -58.77853000
vn 90.76733000 24.32104000 -34.20202000
vn 95.10565000 0.00000000 -30.90170000
vn 96.59258000 25.88190000 0.00000000
vn 100.00000000 0.00000000 0.00000000
vn -58.77853000 0.00000000 -80.90170000
vn -73.99421000 19.82669000 -64.27876000
vn -66.34139000 38.30222000 -64.27876000
vn -54.16752000 54.16752000 -64.27876000
vn -38.30222000 66.34139000 -64.27876000
vn -19.82669000 73.99421000 -64.27876000
vn 0.00000000 76.60445000 -64.27876000
vn 19.82669000 73.99421000 -64.27876000
vn 38.30222000 66.34139000 -64.27876000
vn 54.16752000 54.16752000 -64.27876000
vn 66.34139000 38.30222000 -64.27876000
vn -80.90170000 0.00000000 -58.77853000
vn -90.76733000 24.32104000 -34.20202000
vn -81.37977000 46.98463000 -34.20202000
vn -66.44630000 66.44630000 -34.20202000
vn -46.98463000 81.37977000 -34.20202000
vn -24.32104000 90.76733000 -34.20202000
vn 0.00000000 93.96926000 -34.20202000
vn 24.32104000 90.76733000 -34.20202000
vn 46.98463000 81.37977000 -34.20202000
vn 66.44630000 66.44630000 -34.20202000
vn 81.37977000 46.98463000 -34.20202000
vn -95.10565000 0.00000000 -30.90170000
vn -96.59258000 25.88190000 0.00000000
vn -86.60254000 50.00000000 0.00000000
vn -70.71068000 70.71068000 0.00000000
vn -50.00000000 86.60254000 0.00000000
vn -25.88190000 96.59258000 0.00000000
vn 0.00000000 100.00000000 0.00000000
vn 25.88190000 96.59258000 0.00000000
vn 50.00000000 86.60254000 0.00000000
vn 70.71068000 70.71068000 0.00000000
vn 86.60254000 50.00000000 0.00000000
vn -100.00000000 0.00000000 0.00000000
vn -100.00000000 0.00000000 0.00000000
vn -100.00000000 0.00000000 0.00000000
vn -96.59258000 25.88190000 0.00000000
vn -96.59258000 25.88190000 0.00000000
vn -86.60254000 50.00000000 0.00000000
vn -86.60254000 50.00000000 0.00000000
vn -70.71068000 70.71068000 0.00000000
vn -70.71068000 70.71068000 0.00000000
vn -50.00000000 86.60254000 0.00000000
vn -50.00000000 86.60254000 0.00000000
vn -25.88190000 96.59258000 0.00000000
vn -25.88190000 96.59258000 0.00000000
vn 0.00000000 100.00000000 0.00000000
vn 0.00000000 100.00000000 0.00000000
vn 25.88190000 96.59258000 0.00000000
vn 25.88190000 96.59258000 0.00000000
vn 50.00000000 86.60254000 0.00000000
vn 50.00000000 86.60254000 0.00000000
vn 70.71068000 70.71068000 0.00000000
vn 70.71068000 70.71068000 0.00000000
vn 86.60254000 50.00000000 0.00000000
vn 86.60254000 50.00000000 0.00000000
vn 96.59258000 25.88190000 0.00000000
vn 96.59258000 25.88190000 0.00000000
vn 100.00000000 0.00000000 0.00000000
vn 100.00000000 0.00000000 0.00000000
vn 30.90170000 0.00000000 -95.10565000
vn 0.00000000 0.00000000 -100.00000000
vn 16.77313000 4.49435000 -98.48077000
vn 0.00000000 0.00000000 -100.00000000
vn 15.03837000 8.68241000 -98.48077000
vn 0.00000000 0.00000000 -100.00000000
vn 12.27878000 12.27878000 -98.48077000
vn 0.00000000 0.00000000 -100.00000000
vn 8.68241000 15.03837000 -98.48077000
vn 0.00000000 0.00000000 -100.00000000
vn 4.49435000 16.77313000 -98.48077000
vn 0.00000000 0.00000000 -100.00000000
vn 0.00000000 17.36482000 -98.48077000
vn 0.00000000 0.00000000 -100.00000000
vn -4.49435000 16.77313000 -98.48077000
vn 0.00000000 0.00000000 -100.00000000
vn -8.68241000 15.03837000 -98.48077000
vn 0.00000000 0.00000000 -100.00000000
vn -12.27878000 12.27878000 -98.48077000
vn 0.00000000 0.00000000 -100.00000000
vn -15.03837000 8.68241000 -98.48077000
vn 0.00000000 0.00000000 -100.00000000
vn -16.77313000 4.49435000 -98.48077000
vn 0.00000000 0.00000000 -100.00000000
vn 0.00000000 0.00000000 -100.00000000
vn -30.90170000 0.00000000 -95.10565000
vn -48.29629000 12.94095000 -86.60254000
vn -43.30127000 25.00000000 -86.60254000
vn -35.35534000 35.35534000 -86.60254000
vn -25.00000000 43.30127000 -86.60254000
vn -12.94095000 48.29629000 -86.60254000
vn 0.00000000 50.00000000 -86.60254000
vn 12.94095000 48.29629000 -86.60254000
vn 25.00000000 43.30127000 -86.60254000
vn 35.35534000 35.35534000 -86.60254000
vn 43.30127000 25.00000000 -86.60254000
vn 48.29629000 12.94095000 -86.60254000
vn 58.77853000 0.00000000 -80.90170000
vn 73.99421000 19.82669000 -64.27876000
vn 80.90170000 0.00000000 -58.77853000
vn 90.76733000 24.32104000 -34.20202000
vn 95.10565000 0.00000000 -30.90170000
vn 96.59258000 25.88190000 0.00000000
vn 100.00000000 0.00000000 0.00000000
vn -58.77853000 0.00000000 -80.90170000
vn -73.99421000 19.82669000 -64.27876000
vn -66.34139000 38.30222000 -64.27876000
vn -54.16752000 54.16752000 -64.27876000
vn -38.30222000 66.34139000 -64.27876000
vn -19.82669000 73.99421000 -64.27876000
vn 0.00000000 76.60445000 -64.27876000
vn 19.82669000 73.99421000 -64.27876000
vn 38.30222000 66.34139000 -64.27876000
vn 54.16752000 54.16752000 -64.27876000
vn 66.34139000 38.30222000 -64.27876000
vn -80.90170000 0.00000000 -58.77853000
vn -90.76733000 24.32104000 -34.20202000
vn -81.37977000 46.98463000 -34.20202000
vn -66.44630000 66.44630000 -34.20202000
vn -46.98463000 81.37977000 -34.20202000
vn -24.32104000 90.76733000 -34.20202000
vn 0.00000000 93.96926000 -34.20202000
vn 24.32104000 90.76733000 -34.20202000
vn 46.98463000 81.37977000 -34.20202000
vn 66.44630000 66.44630000 -34.20202000
vn 81.37977000 46.98463000 -34.20202000
vn -95.10565000 0.00000000 -30.90170000
vn -96.59258000 25.88190000 0.00000000
vn -86.60254000 50.00000000 0.00000000
vn -70.71068000 70.71068000 0.00000000
vn -50.00000000 86.60254000 0.00000000
vn -25.88190000 96.59258000 0.00000000
vn 0.00000000 100.00000000 0.00000000
vn 25.88190000 96.59258000 0.00000000
vn 50.00000000 86.60254000 0.00000000
vn 70.71068000 70.71068000 0.00000000
vn 86.60254000 50.00000000 0.00000000
vn -100.00000000 0.00000000 0.00000000
vn -100.00000000 0.00000000 0.00000000
vn -96.59258000 25.88190000 0.00000000
vn -100.00000000 0.00000000 0.00000000
vn -96.59258000 25.88190000 0.00000000
vn -86.60254000 50.00000000 0.00000000
vn -86.60254000 50.00000000 0.00000000
vn -70.71068000 70.71068000 0.00000000
vn -70.71068000 70.71068000 0.00000000
vn -50.00000000 86.60254000 0.00000000
vn -50.00000000 86.60254000 0.00000000
vn -25.88190000 96.59258000 0.00000000
vn -25.88190000 96.59258000 0.00000000
vn 0.00000000 100.00000000 0.00000000
vn 0.00000000 100.00000000 0.00000000
vn 25.88190000 96.59258000 0.00000000
vn 25.88190000 96.59258000 0.00000000
vn 50.00000000 86.60254000 0.00000000
vn 50.00000000 86.60254000 0.00000000
vn 70.71068000 70.71068000 0.00000000
vn 70.71068000 70.71068000 0.00000000
vn 86.60254000 50.00000000 0.00000000
vn 86.60254000 50.00000000 0.00000000
vn 96.59258000 25.88190000 0.00000000
vn 96.59258000 25.88190000 0.00000000
vn 100.00000000 0.00000000 0.00000000
vn 100.00000000 0.00000000 0.00000000
vn 100.00000000 0.00000000 0.00000000
vn 96.59258000 25.88190000 0.00000000
vn 100.00000000 0.00000000 0.00000000
vn 96.59258000 25.88190000 0.00000000
vn 86.60254000 50.00000000 0.00000000
vn 86.60254000 50.00000000 0.00000000
vn 70.71068000 70.71068000 0.00000000
vn 70.71068000 70.71068000 0.00000000
vn 50.00000000 86.60254000 0.00000000
vn 50.00000000 86.60254000 0.00000000
vn 25.88190000 96.59258000 0.00000000
vn 25.88190000 96.59258000 0.00000000
vn 0.00000000 100.00000000 0.00000000
vn 0.00000000 100.00000000 0.00000000
vn -25.88190000 96.59258000 0.00000000
vn -25.88190000 96.59258000 0.00000000
vn -50.00000000 86.60254000 0.00000000
vn -50.00000000 86.60254000 0.00000000
vn -70.71068000 70.71068000 0.00000000
vn -70.71068000 70.71068000 0.00000000
vn -86.60254000 50.00000000 0.00000000
vn -86.60254000 50.00000000 0.00000000
vn -96.59258000 25.88190000 0.00000000
vn -96.59258000 25.88190000 0.00000000
vn -100.00000000 0.00000000 0.00000000
vn -100.00000000 0.00000000 0.00000000
vn 100.00000000 0.00000000 0.00000000
vn 96.59258000 25.88190000 0.00000000
vn 100.00000000 0.00000000 0.00000000
vn 96.59258000 25.88190000 0.00000000
vn 86.60254000 50.00000000 0.00000000
vn 86.60254000 50.00000000 0.00000000
vn 70.71068000 70.71068000 0.00000000
vn 70.71068000 70.71068000 0.00000000
vn 50.00000000 86.60254000 0.00000000
vn 50.00000000 86.60254000 0.00000000
vn 25.88190000 96.59258000 0.00000000
vn 25.88190000 96.59258000 0.00000000
vn 0.00000000 100.00000000 0.00000000
vn 0.00000000 100.00000000 0.00000000
vn -25.88190000 96.59258000 0.00000000
vn -25.88190000 96.59258000 0.00000000
vn -50.00000000 86.60254000 0.00000000
vn -50.00000000 86.60254000 0.00000000
vn -70.71068000 70.71068000 0.00000000
vn -70.71068000 70.71068000 0.00000000
vn -86.60254000 50.00000000 0.00000000
vn -86.60254000 50.00000000 0.00000000
vn -96.59258000 25.88190000 0.00000000
vn -96.59258000 25.88190000 0.00000000
vn -100.00000000 0.00000000 0.00000000
vn -100.00000000 0.00000000 0.00000000
vn 100.00000000 0.00000000 0.00000000
vn 100.00000000 0.00000000 0.00000000
vn 96.59258000 25.88190000 0.00000000
vn 96.59258000 25.88190000 0.00000000
vn 86.60254000 50.00000000 0.00000000
vn 86.60254000 50.00000000 0.00000000
vn 70.71068000 70.71068000 0.00000000
vn 70.71068000 70.71068000 0.00000000
vn 50.00000000 86.60254000 0.00000000
vn 50.00000000 86.60254000 0.00000000
vn 25.88190000 96.59258000 0.00000000
vn 25.88190000 96.59258000 0.00000000
vn 0.00000000 100.00000000 0.00000000
vn 0.00000000 100.00000000 0.00000000
vn -25.88190000 96.59258000 0.00000000
vn -25.88190000 96.59258000 0.00000000
vn -50.00000000 86.60254000 0.00000000
vn -50.00000000 86.60254000 0.00000000
vn -70.71068000 70.71068000 0.00000000
vn -70.71068000 70.71068000 0.00000000
vn -86.60254000 50.00000000 0.00000000
vn -86.60254000 50.00000000 0.00000000
vn -96.59258000 25.88190000 0.00000000
vn -96.59258000 25.88190000 0.00000000
vn -100.00000000 0.00000000 0.00000000
vn -100.00000000 0.00000000 0.00000000
vn 100.00000000 0.00000000 0.00000000
vn 100.00000000 0.00000000 0.00000000
vn 96.59258000 25.88190000 0.00000000
vn 96.59258000 25.88190000 0.00000000
vn 86.60254000 50.00000000 0.00000000
vn 86.60254000 50.00000000 0.00000000
vn 70.71068000 70.71068000 0.00000000
vn 70.71068000 70.71068000 0.00000000
vn 50.00000000 86.60254000 0.00000000
vn 50.00000000 86.60254000 0.00000000
vn 25.88190000 96.59258000 0.00000000
vn 25.88190000 96.59258000 0.00000000
vn 0.00000000 100.00000000 0.00000000
vn 0.00000000 100.00000000 0.00000000
vn -25.88190000 96.59258000 0.00000000
vn -25.88190000 96.59258000 0.00000000
vn -50.00000000 86.60254000 0.00000000
vn -50.00000000 86.60254000 0.00000000
vn -70.71068000 70.71068000 0.00000000
vn -70.71068000 70.71068000 0.00000000
vn -86.60254000 50.00000000 0.00000000
vn -86.60254000 50.00000000 0.00000000
vn -96.59258000 25.88190000 0.00000000
vn -96.59258000 25.88190000 0.00000000
vn -100.00000000 0.00000000 0.00000000
vn -100.00000000 0.00000000 0.00000000
vn 0.00000000 -70.71068000 70.71068000
vn 0.00000000 -70.71068000 70.71068000
vn 18.30127000 -70.71068000 68.30127000
vn 19.92150000 -70.71068000 67.84640000
vn 35.35534000 -70.71068000 61.23724000
vn 38.22908000 -70.71068000 59.48561000
vn 50.00000000 -70.71068000 50.00000000
vn 53.43956000 -70.71068000 46.30564000
vn 61.23724000 -70.71068000 35.35534000
vn 64.32069000 -70.71068000 29.37428000
vn 68.30127000 -70.71068000 18.30127000
vn 69.99094000 -70.71068000 10.06318000
vn 70.71068000 -70.71068000 -0.00000000
vn 69.99094000 -70.71068000 -10.06318000
vn 68.30127000 -70.71068000 -18.30127000
vn 64.32069000 -70.71068000 -29.37428000
vn 61.23724000 -70.71068000 -35.35534000
vn 53.43956000 -70.71068000 -46.30564000
vn 50.00000000 -70.71068000 -50.00000000
vn 38.22908000 -70.71068000 -59.48561000
vn 35.35534000 -70.71068000 -61.23724000
vn 19.92150000 -70.71068000 -67.84640000
vn 18.30127000 -70.71068000 -68.30127000
vn 0.00000000 -70.71068000 -70.71068000
vn 0.00000000 -70.71068000 -70.71068000
vn 0.00000000 70.71068000 -70.71068000
vn 0.00000000 70.71068000 -70.71068000
vn 18.30127000 70.71068000 -68.30127000
vn 19.92150000 70.71068000 -67.84640000
vn 35.35534000 70.71068000 -61.23724000
vn 38.22908000 70.71068000 -59.48561000
vn 50.00000000 70.71068000 -50.00000000
vn 53.43956000 70.71068000 -46.30564000
vn 61.23724000 70.71068000 -35.35534000
vn 64.32069000 70.71068000 -29.37428000
vn 68.30127000 70.71068000 -18.30127000
vn 69.99094000 70.71068000 -10.06318000
vn 70.71068000 70.71068000 0.00000000
vn 69.99094000 70.71068000 10.06318000
vn 68.30127000 70.71068000 18.30127000
vn 64.32069000 70.71068000 29.37428000
vn 61.23724000 70.71068000 35.35534000
vn 53.43956000 70.71068000 46.30564000
vn 50.00000000 70.71068000 50.00000000
vn 38.22908000 70.71068000 59.48561000
vn 35.35534000 70.71068000 61.23724000
vn 19.92150000 70.71068000 67.84640000
vn 18.30127000 70.71068000 68.30127000
vn 0.00000000 70.71068000 70.71068000
vn 0.00000000 70.71068000 70.71068000
vn 0.00000000 70.71068000 70.71068000
vn 0.00000000 70.71068000 70.71068000
vn -18.30127000 70.71068000 68.30127000
vn -19.92150000 70.71068000 67.84640000
vn -35.35534000 70.71068000 61.23724000
vn -38.22908000 70.71068000 59.48561000
vn -50.00000000 70.71068000 50.00000000
vn -53.43956000 70.71068000 46.30564000
vn -61.23724000 70.71068000 35.35534000
vn -64.32069000 70.71068000 29.37428000
vn -68.30127000 70.71068000 18.30127000
vn -69.99094000 70.71068000 10.06318000
vn -70.71068000 70.71068000 0.00000000
vn -69.99094000 70.71068000 -10.06318000
vn -68.30127000 70.71068000 -18.30127000
vn -64.32069000 70.71068000 -29.37428000
vn -61.23724000 70.71068000 -35.35534000
vn -53.43956000 70.71068000 -46.30564000
vn -50.00000000 70.71068000 -50.00000000
vn -38.22908000 70.71068000 -59.48561000
vn -35.35534000 70.71068000 -61.23724000
vn -19.92150000 70.71068000 -67.84640000
vn -18.30127000 70.71068000 -68.30127000
vn 0.00000000 -70.71068000 -70.71068000
vn 0.00000000 -70.71068000 -70.71068000
vn -18.30127000 -70.71068000 -68.30127000
vn -19.92150000 -70.71068000 -67.84640000
vn -35.35534000 -70.71068000 -61.23724000
vn -38.22908000 -70.71068000 -59.48561000
vn -50.00000000 -70.71068000 -50.00000000
vn -53.43956000 -70.71068000 -46.30564000
vn -61.23724000 -70.71068000 -35.35534000
vn -64.32069000 -70.71068000 -29.37428000
vn -68.30127000 -70.71068000 -18.30127000
vn -69.99094000 -70.71068000 -10.06318000
vn -70.71068000 -70.71068000 0.00000000
vn -69.99094000 -70.71068000 10.06318000
vn -68.30127000 -70.71068000 18.30127000
vn -64.32069000 -70.71068000 29.37428000
vn -61.23724000 -70.71068000 35.35534000
vn -53.43956000 -70.71068000 46.30564000
vn -50.00000000 -70.71068000 50.00000000
vn -38.22908000 -70.71068000 59.48561000
vn -35.35534000 -70.71068000 61.23724000
vn -19.92150000 -70.71068000 67.84640000
vn -18.30127000 -70.71068000 68.30127000
vn -100.00000000 0.00000000 0.00000000
vn -100.00000000 0.00000000 0.00000000
vn -96.59258000 -25.88190000 0.00000000
vn -96.59258000 -25.88190000 0.00000000
vn -86.60254000 -50.00000000 0.00000000
vn -86.60254000 -50.00000000 0.00000000
vn -70.71068000 -70.71068000 0.00000000
vn -70.71068000 -70.71068000 0.00000000
vn -50.00000000 -86.60254000 0.00000000
vn -50.00000000 -86.60254000 0.00000000
vn -25.88190000 -96.59258000 0.00000000
vn -25.88190000 -96.59258000 0.00000000
vn 0.00000000 -100.00000000 0.00000000
vn 0.00000000 -100.00000000 0.00000000
vn 25.88190000 -96.59258000 0.00000000
vn 25.88190000 -96.59258000 0.00000000
vn 50.00000000 -86.60254000 0.00000000
vn 50.00000000 -86.60254000 0.00000000
vn 70.71068000 -70.71068000 -0.00000000
vn 70.71068000 -70.71068000 -0.00000000
vn 86.60254000 -50.00000000 0.00000000
vn 86.60254000 -50.00000000 0.00000000
vn 96.59258000 -25.88190000 0.00000000
vn 96.59258000 -25.88190000 0.00000000
vn -100.00000000 0.00000000 0.00000000
vn -100.00000000 0.00000000 0.00000000
vn -96.59258000 -25.88190000 0.00000000
vn -96.59258000 -25.88190000 0.00000000
vn -86.60254000 -50.00000000 0.00000000
vn -86.60254000 -50.00000000 0.00000000
vn -70.71068000 -70.71068000 0.00000000
vn -70.71068000 -70.71068000 0.00000000
vn -50.00000000 -86.60254000 0.00000000
vn -50.00000000 -86.60254000 0.00000000
vn -25.88190000 -96.59258000 0.00000000
vn -25.88190000 -96.59258000 0.00000000
vn 0.00000000 -100.00000000 0.00000000
vn 0.00000000 -100.00000000 0.00000000
vn 25.88190000 -96.59258000 0.00000000
vn 25.88190000 -96.59258000 0.00000000
vn 50.00000000 -86.60254000 0.00000000
vn 50.00000000 -86.60254000 0.00000000
vn 70.71068000 -70.71068000 -0.00000000
vn 70.71068000 -70.71068000 -0.00000000
vn 86.60254000 -50.00000000 0.00000000
vn 86.60254000 -50.00000000 0.00000000
vn 96.59258000 -25.88190000 0.00000000
vn 96.59258000 -25.88190000 0.00000000
vn 0.00000000 0.00000000 100.00000000
vn 0.00000000 0.00000000 100.00000000
vn 0.00000000 0.00000000 100.00000000
vn 0.00000000 0.00000000 100.00000000
vn 0.00000000 0.00000000 100.00000000
vn 0.00000000 0.00000000 100.00000000
vn 0.00000000 0.00000000 100.00000000
vn 0.00000000 0.00000000 100.00000000
vn 0.00000000 0.00000000 100.00000000
vn 0.00000000 0.00000000 100.00000000
vn 0.00000000 0.00000000 100.00000000
vn 0.00000000 0.00000000 100.00000000
vn 0.00000000 0.00000000 100.00000000
vn 0.00000000 0.00000000 100.00000000
vn 0.00000000 0.00000000 100.00000000
vn 0.00000000 0.00000000 100.00000000
vn 0.00000000 0.00000000 100.00000000
vn 0.00000000 0.00000000 100.00000000
vn 0.00000000 0.00000000 100.00000000
vn 0.00000000 0.00000000 100.00000000
vn 0.00000000 0.00000000 100.00000000
vn 0.00000000 0.00000000 100.00000000
vn 0.00000000 0.00000000 100.00000000
vn 0.00000000 0.00000000 100.00000000
vn -100.00000000 0.00000000 0.00000000
vn -100.00000000 0.00000000 0.00000000
vn -96.59258000 -25.88190000 0.00000000
vn -96.59258000 -25.88190000 0.00000000
vn -86.60254000 -50.00000000 0.00000000
vn -86.60254000 -50.00000000 0.00000000
vn -70.71068000 -70.71068000 0.00000000
vn -70.71068000 -70.71068000 0.00000000
vn -50.00000000 -86.60254000 0.00000000
vn -50.00000000 -86.60254000 0.00000000
vn -25.88190000 -96.59258000 0.00000000
vn -25.88190000 -96.59258000 0.00000000
vn 0.00000000 -100.00000000 0.00000000
vn 0.00000000 -100.00000000 0.00000000
vn 25.88190000 -96.59258000 0.00000000
vn 25.88190000 -96.59258000 0.00000000
vn 50.00000000 -86.60254000 0.00000000
vn 50.00000000 -86.60254000 0.00000000
vn 70.71068000 -70.71068000 -0.00000000
vn 70.71068000 -70.71068000 -0.00000000
vn 86.60254000 -50.00000000 0.00000000
vn 86.60254000 -50.00000000 0.00000000
vn 96.59258000 -25.88190000 0.00000000
vn 96.59258000 -25.88190000 0.00000000
vn 0.00000000 0.00000000 100.00000000
vn 0.00000000 0.00000000 100.00000000
vn 0.00000000 0.00000000 100.00000000
vn 0.00000000 0.00000000 100.00000000
vn 0.00000000 0.00000000 100.00000000
vn 0.00000000 0.00000000 100.00000000
vn 0.00000000 0.00000000 100.00000000
vn 0.00000000 0.00000000 100.00000000
vn 0.00000000 0.00000000 100.00000000
vn 0.00000000 0.00000000 100.00000000
vn 0.00000000 0.00000000 100.00000000
vn 0.00000000 0.00000000 100.00000000
vn 0.00000000 0.00000000 100.00000000
vn 0.00000000 0.00000000 100.00000000
vn 0.00000000 0.00000000 100.00000000
vn 0.00000000 0.00000000 100.00000000
vn 0.00000000 0.00000000 100.00000000
vn 0.00000000 0.00000000 100.00000000
vn 0.00000000 0.00000000 100.00000000
vn 0.00000000 0.00000000 100.00000000
vn 0.00000000 0.00000000 100.00000000
vn 0.00000000 0.00000000 100.00000000
vn 0.00000000 0.00000000 100.00000000
vn 0.00000000 0.00000000 100.00000000
vn 0.00000000 0.00000000 100.00000000
vn 0.00000000 0.00000000 100.00000000
vn 0.00000000 0.00000000 100.00000000
vn 0.00000000 0.00000000 100.00000000
vn 0.00000000 0.00000000 100.00000000
vn 0.00000000 0.00000000 100.00000000
vn 0.00000000 0.00000000 100.00000000
vn 0.00000000 0.00000000 100.00000000
vn 0.00000000 0.00000000 100.00000000
vn 0.00000000 0.00000000 100.00000000
vn 0.00000000 0.00000000 100.00000000
vn 0.00000000 0.00000000 100.00000000
vn 0.00000000 0.00000000 100.00000000
vn 0.00000000 0.00000000 100.00000000
vn 0.00000000 0.00000000 100.00000000
vn 0.00000000 0.00000000 100.00000000
vn 0.00000000 0.00000000 100.00000000
vn 0.00000000 0.00000000 100.00000000
vn 0.00000000 0.00000000 100.00000000
vn 0.00000000 0.00000000 100.00000000
vn 0.00000000 0.00000000 100.00000000
vn 0.00000000 0.00000000 100.00000000
vn 0.00000000 0.00000000 100.00000000
vn 0.00000000 0.00000000 100.00000000
vn 0.00000000 0.00000000 100.00000000
vn 0.00000000 0.00000000 100.00000000
vn 0.00000000 0.00000000 100.00000000
vn 0.00000000 0.00000000 100.00000000
vn 0.00000000 0.00000000 100.00000000
vn 0.00000000 0.00000000 100.00000000
vn 0.00000000 0.00000000 100.00000000
vn 0.00000000 0.00000000 100.00000000
vn 0.00000000 0.00000000 100.00000000
vn 0.00000000 0.00000000 100.00000000
vn 0.00000000 0.00000000 100.00000000
vn 0.00000000 0.00000000 100.00000000
vn 0.00000000 0.00000000 100.00000000
vn 0.00000000 0.00000000 100.00000000
vn 0.00000000 0.00000000 100.00000000
vn 0.00000000 0.00000000 100.00000000
vn 0.00000000 0.00000000 100.00000000
vn 0.00000000 0.00000000 100.00000000
vn 0.00000000 0.00000000 100.00000000
vn 0.00000000 0.00000000 100.00000000
vn 0.00000000 0.00000000 100.00000000
vn 0.00000000 0.00000000 100.00000000
vn 0.00000000 0.00000000 100.00000000
vn 0.00000000 0.00000000 100.00000000
vn -100.00000000 0.00000000 0.00000000
vn -100.00000000 0.00000000 0.00000000
vn -96.59258000 -25.88190000 0.00000000
vn -96.59258000 -25.88190000 0.00000000
vn -86.60254000 -50.00000000 0.00000000
vn -86.60254000 -50.00000000 0.00000000
vn -70.71068000 -70.71068000 0.00000000
vn -70.71068000 -70.71068000 0.00000000
vn -50.00000000 -86.60254000 0.00000000
vn -50.00000000 -86.60254000 0.00000000
vn -25.88190000 -96.59258000 0.00000000
vn -25.88190000 -96.59258000 0.00000000
vn 0.00000000 -100.00000000 0.00000000
vn 0.00000000 -100.00000000 0.00000000
vn 25.88190000 -96.59258000 0.00000000
vn 25.88190000 -96.59258000 0.00000000
vn 50.00000000 -86.60254000 0.00000000
vn 50.00000000 -86.60254000 0.00000000
vn 70.71068000 -70.71068000 -0.00000000
vn 70.71068000 -70.71068000 -0.00000000
vn 86.60254000 -50.00000000 0.00000000
vn 86.60254000 -50.00000000 0.00000000
vn 96.59258000 -25.88190000 0.00000000
vn 96.59258000 -25.88190000 0.00000000
vn 0.00000000 0.00000000 100.00000000
vn 0.00000000 0.00000000 100.00000000
vn 0.00000000 0.00000000 100.00000000
vn 0.00000000 0.00000000 100.00000000
vn 0.00000000 0.00000000 100.00000000
vn 0.00000000 0.00000000 100.00000000
vn 0.00000000 0.00000000 100.00000000
vn 0.00000000 0.00000000 100.00000000
vn 0.00000000 0.00000000 100.00000000
vn 0.00000000 0.00000000 100.00000000
vn 0.00000000 0.00000000 100.00000000
vn 0.00000000 0.00000000 100.00000000
vn 0.00000000 0.00000000 100.00000000
vn 0.00000000 0.00000000 100.00000000
vn 0.00000000 0.00000000 100.00000000
vn 0.00000000 0.00000000 100.00000000
vn 0.00000000 0.00000000 100.00000000
vn 0.00000000 0.00000000 100.00000000
vn 0.00000000 0.00000000 100.00000000
vn 0.00000000 0.00000000 100.00000000
vn 0.00000000 0.00000000 100.00000000
vn 0.00000000 0.00000000 100.00000000
vn 0.00000000 0.00000000 100.00000000
vn 0.00000000 0.00000000 100.00000000
vn 0.00000000 0.00000000 100.00000000
vn 0.00000000 0.00000000 100.00000000
vn 0.00000000 0.00000000 100.00000000
vn 0.00000000 0.00000000 100.00000000
vn 0.00000000 0.00000000 100.00000000
vn 0.00000000 0.00000000 100.00000000
vn 0.00000000 0.00000000 100.00000000
vn 0.00000000 0.00000000 100.00000000
vn 0.00000000 0.00000000 100.00000000
vn 0.00000000 0.00000000 100.00000000
vn 0.00000000 0.00000000 100.00000000
vn 0.00000000 0.00000000 100.00000000
vn 0.00000000 0.00000000 100.00000000
vn 0.00000000 0.00000000 100.00000000
vn 0.00000000 0.00000000 100.00000000
vn 0.00000000 0.00000000 100.00000000
vn 0.00000000 0.00000000 100.00000000
vn 0.00000000 0.00000000 100.00000000
vn 0.00000000 0.00000000 100.00000000
vn 0.00000000 0.00000000 100.00000000
vn 0.00000000 0.00000000 100.00000000
vn 0.00000000 0.00000000 100.00000000
vn 0.00000000 0.00000000 100.00000000
vn 0.00000000 0.00000000 100.00000000
vn 100.00000000 0.00000000 0.00000000
vn 100.00000000 0.00000000 0.00000000
vn 96.59258000 -25.88190000 0.00000000
vn 96.59258000 -25.88190000 0.00000000
vn 86.60254000 -50.00000000 0.00000000
vn 86.60254000 -50.00000000 0.00000000
vn 70.71068000 -70.71068000 -0.00000000
vn 70.71068000 -70.71068000 -0.00000000
vn 50.00000000 -86.60254000 0.00000000
vn 50.00000000 -86.60254000 0.00000000
vn 25.88190000 -96.59258000 0.00000000
vn 25.88190000 -96.59258000 0.00000000
vn 0.00000000 -100.00000000 0.00000000
vn 0.00000000 -100.00000000 0.00000000
vn -25.88190000 -96.59258000 0.00000000
vn -25.88190000 -96.59258000 0.00000000
vn -50.00000000 -86.60254000 0.00000000
vn -50.00000000 -86.60254000 0.00000000
vn -70.71068000 -70.71068000 0.00000000
vn -70.71068000 -70.71068000 0.00000000
vn -86.60254000 -50.00000000 0.00000000
vn -86.60254000 -50.00000000 0.00000000
vn -96.59258000 -25.88190000 0.00000000
vn -96.59258000 -25.88190000 0.00000000
vn 0.00000000 -25.88190000 -96.59258000
vn 0.00000000 -25.88190000 -96.59258000
vn 0.00000000 -25.88190000 -96.59258000
vn 0.00000000 -25.88190000 -96.59258000
vn 0.00000000 -25.88190000 -96.59258000
vn 0.00000000 -25.88190000 -96.59258000
vn 0.00000000 -25.88190000 -96.59258000
vn 0.00000000 -25.88190000 -96.59258000
vn 0.00000000 -25.88190000 -96.59258000
vn 0.00000000 -25.88190000 -96.59258000
vn 0.00000000 -25.88190000 -96.59258000
vn 0.00000000 -25.88190000 -96.59258000
vn 0.00000000 -25.88190000 -96.59258000
vn 0.00000000 -25.88190000 -96.59258000
vn 0.00000000 -25.88190000 -96.59258000
vn 0.00000000 -25.88190000 -96.59258000
vn 0.00000000 -25.88190000 -96.59258000
vn 0.00000000 -25.88190000 -96.59258000
vn 0.00000000 -25.88190000 -96.59258000
vn 0.00000000 -25.88190000 -96.59258000
vn 0.00000000 -25.88190000 -96.59258000
vn 0.00000000 -25.88190000 -96.59258000
vn 0.00000000 -25.88190000 -96.59258000
vn 0.00000000 -25.88190000 -96.59258000
vn 0.00000000 -25.88190000 -96.59258000
vn 0.00000000 -25.88190000 -96.59258000
vn 0.00000000 -25.88190000 -96.59258000
vn 0.00000000 -25.88190000 -96.59258000
vn 0.00000000 -25.88190000 -96.59258000
vn 0.00000000 -25.88190000 -96.59258000
vn 0.00000000 -25.88190000 -96.59258000
vn 0.00000000 -25.88190000 -96.59258000
vn 0.00000000 -25.88190000 -96.59258000
vn 0.00000000 -25.88190000 -96.59258000
vn 0.00000000 -25.88190000 -96.59258000
vn 0.00000000 -25.88190000 -96.59258000
vn 0.00000000 -25.88190000 -96.59258000
vn 0.00000000 -25.88190000 -96.59258000
vn 0.00000000 -25.88190000 -96.59258000
vn 0.00000000 -25.88190000 -96.59258000
vn 0.00000000 -25.88190000 -96.59258000
vn 0.00000000 -25.88190000 -96.59258000
vn 0.00000000 -25.88190000 -96.59258000
vn 0.00000000 -25.88190000 -96.59258000
vn 0.00000000 -25.88190000 -96.59258000
vn 0.00000000 -25.88190000 -96.59258000
vn 0.00000000 -25.88190000 -96.59258000
vn 0.00000000 -25.88190000 -96.59258000
vn 0.00000000 0.00000000 -100.00000000
vn 0.00000000 0.00000000 -100.00000000
vn 0.00000000 0.00000000 -100.00000000
vn 0.00000000 0.00000000 -100.00000000
vn 0.00000000 0.00000000 -100.00000000
vn 0.00000000 0.00000000 -100.00000000
vn 0.00000000 0.00000000 -100.00000000
vn 0.00000000 0.00000000 -100.00000000
vn 0.00000000 0.00000000 -100.00000000
vn 0.00000000 0.00000000 -100.00000000
vn 0.00000000 0.00000000 -100.00000000
vn 0.00000000 0.00000000 -100.00000000
vn 0.00000000 0.00000000 -100.00000000
vn 0.00000000 0.00000000 -100.00000000
vn 0.00000000 0.00000000 -100.00000000
vn 0.00000000 0.00000000 -100.00000000
vn 0.00000000 0.00000000 -100.00000000
vn 0.00000000 0.00000000 -100.00000000
vn 0.00000000 0.00000000 -100.00000000
vn 0.00000000 0.00000000 -100.00000000
vn 0.00000000 0.00000000 -100.00000000
vn 0.00000000 0.00000000 -100.00000000
vn 0.00000000 0.00000000 -100.00000000
vn 0.00000000 0.00000000 -100.00000000
vn -100.00000000 0.00000000 0.00000000
vn -95.10565000 0.00000000 -30.90170000
vn -96.59258000 -25.88190000 0.00000000
vn -90.76733000 -24.32104000 -34.20202000
vn -86.60254000 -50.00000000 0.00000000
vn -81.37977000 -46.98463000 -34.20202000
vn -70.71068000 -70.71068000 0.00000000
vn -66.44630000 -66.44630000 -34.20202000
vn -50.00000000 -86.60254000 0.00000000
vn -46.98463000 -81.37977000 -34.20202000
vn -25.88190000 -96.59258000 0.00000000
vn -24.32104000 -90.76733000 -34.20202000
vn 0.00000000 -100.00000000 0.00000000
vn 0.00000000 -93.96926000 -34.20202000
vn 25.88190000 -96.59258000 0.00000000
vn 24.32104000 -90.76733000 -34.20202000
vn 50.00000000 -86.60254000 0.00000000
vn 46.98463000 -81.37977000 -34.20202000
vn 70.71068000 -70.71068000 -0.00000000
vn 66.44630000 -66.44630000 -34.20202000
vn 86.60254000 -50.00000000 0.00000000
vn 81.37977000 -46.98463000 -34.20202000
vn 96.59258000 -25.88190000 0.00000000
vn 90.76733000 -24.32104000 -34.20202000
vn 73.99421000 -19.82669000 -64.27876000
vn 48.29629000 -12.94095000 -86.60254000
vn 16.77313000 -4.49435000 -98.48077000
vn 0.00000000 0.00000000 -100.00000000
vn 0.00000000 0.00000000 -100.00000000
vn 15.03837000 -8.68241000 -98.48077000
vn 0.00000000 0.00000000 -100.00000000
vn 12.27878000 -12.27878000 -98.48077000
vn 0.00000000 0.00000000 -100.00000000
vn 8.68241000 -15.03837000 -98.48077000
vn 0.00000000 0.00000000 -100.00000000
vn 4.49435000 -16.77313000 -98.48077000
vn 0.00000000 0.00000000 -100.00000000
vn 0.00000000 -17.36482000 -98.48077000
vn 0.00000000 0.00000000 -100.00000000
vn -4.49435000 -16.77313000 -98.48077000
vn 0.00000000 0.00000000 -100.00000000
vn -8.68241000 -15.03837000 -98.48077000
vn 0.00000000 0.00000000 -100.00000000
vn -12.27878000 -12.27878000 -98.48077000
vn 0.00000000 0.00000000 -100.00000000
vn -15.03837000 -8.68241000 -98.48077000
vn 0.00000000 0.00000000 -100.00000000
vn -16.77313000 -4.49435000 -98.48077000
vn 0.00000000 0.00000000 -100.00000000
vn -30.90170000 0.00000000 -95.10565000
vn -48.29629000 -12.94095000 -86.60254000
vn -58.77853000 0.00000000 -80.90170000
vn -73.99421000 -19.82669000 -64.27876000
vn -80.90170000 0.00000000 -58.77853000
vn -43.30127000 -25.00000000 -86.60254000
vn -35.35534000 -35.35534000 -86.60254000
vn -25.00000000 -43.30127000 -86.60254000
vn -12.94095000 -48.29629000 -86.60254000
vn 0.00000000 -50.00000000 -86.60254000
vn 12.94095000 -48.29629000 -86.60254000
vn 25.00000000 -43.30127000 -86.60254000
vn 35.35534000 -35.35534000 -86.60254000
vn 43.30127000 -25.00000000 -86.60254000
vn -66.34139000 -38.30222000 -64.27876000
vn -54.16752000 -54.16752000 -64.27876000
vn -38.30222000 -66.34139000 -64.27876000
vn -19.82669000 -73.99421000 -64.27876000
vn 0.00000000 -76.60445000 -64.27876000
vn 19.82669000 -73.99421000 -64.27876000
vn 38.30222000 -66.34139000 -64.27876000
vn 54.16752000 -54.16752000 -64.27876000
vn 66.34139000 -38.30222000 -64.27876000
vn 100.00000000 0.00000000 0.00000000
vn 96.59258000 -25.88190000 0.00000000
vn 100.00000000 0.00000000 0.00000000
vn 96.59258000 -25.88190000 0.00000000
vn 86.60254000 -50.00000000 0.00000000
vn 86.60254000 -50.00000000 0.00000000
vn 70.71068000 -70.71068000 -0.00000000
vn 70.71068000 -70.71068000 -0.00000000
vn 50.00000000 -86.60254000 0.00000000
vn 50.00000000 -86.60254000 0.00000000
vn 25.88190000 -96.59258000 0.00000000
vn 25.88190000 -96.59258000 0.00000000
vn 0.00000000 -100.00000000 0.00000000
vn 0.00000000 -100.00000000 0.00000000
vn -25.88190000 -96.59258000 0.00000000
vn -25.88190000 -96.59258000 0.00000000
vn -50.00000000 -86.60254000 0.00000000
vn -50.00000000 -86.60254000 0.00000000
vn -70.71068000 -70.71068000 0.00000000
vn -70.71068000 -70.71068000 0.00000000
vn -86.60254000 -50.00000000 0.00000000
vn -86.60254000 -50.00000000 0.00000000
vn -96.59258000 -25.88190000 0.00000000
vn -96.59258000 -25.88190000 0.00000000
vn 0.00000000 0.00000000 -100.00000000
vn 0.00000000 0.00000000 -100.00000000
vn 0.00000000 0.00000000 -100.00000000
vn 0.00000000 0.00000000 -100.00000000
vn 0.00000000 0.00000000 -100.00000000
vn 0.00000000 0.00000000 -100.00000000
vn 0.00000000 0.00000000 -100.00000000
vn 0.00000000 0.00000000 -100.00000000
vn 0.00000000 0.00000000 -100.00000000
vn 0.00000000 0.00000000 -100.00000000
vn 0.00000000 0.00000000 -100.00000000
vn 0.00000000 0.00000000 -100.00000000
vn 0.00000000 0.00000000 -100.00000000
vn 0.00000000 0.00000000 -100.00000000
vn 0.00000000 0.00000000 -100.00000000
vn 0.00000000 0.00000000 -100.00000000
vn 0.00000000 0.00000000 -100.00000000
vn 0.00000000 0.00000000 -100.00000000
vn 0.00000000 0.00000000 -100.00000000
vn 0.00000000 0.00000000 -100.00000000
vn 0.00000000 0.00000000 -100.00000000
vn 0.00000000 0.00000000 -100.00000000
vn 0.00000000 0.00000000 -100.00000000
vn 0.00000000 0.00000000 -100.00000000
vn -100.00000000 0.00000000 0.00000000
vn -95.10565000 0.00000000 -30.90170000
vn -96.59258000 -25.88190000 0.00000000
vn -90.76733000 -24.32104000 -34.20202000
vn -86.60254000 -50.00000000 0.00000000
vn -81.37977000 -46.98463000 -34.20202000
vn -70.71068000 -70.71068000 0.00000000
vn -66.44630000 -66.44630000 -34.20202000
vn -50.00000000 -86.60254000 0.00000000
vn -46.98463000 -81.37977000 -34.20202000
vn -25.88190000 -96.59258000 0.00000000
vn -24.32104000 -90.76733000 -34.20202000
vn 0.00000000 -100.00000000 0.00000000
vn 0.00000000 -93.96926000 -34.20202000
vn 25.88190000 -96.59258000 0.00000000
vn 24.32104000 -90.76733000 -34.20202000
vn 50.00000000 -86.60254000 0.00000000
vn 46.98463000 -81.37977000 -34.20202000
vn 70.71068000 -70.71068000 -0.00000000
vn 66.44630000 -66.44630000 -34.20202000
vn 86.60254000 -50.00000000 0.00000000
vn 81.37977000 -46.98463000 -34.20202000
vn 96.59258000 -25.88190000 0.00000000
vn 90.76733000 -24.32104000 -34.20202000
vn 73.99421000 -19.82669000 -64.27876000
vn 48.29629000 -12.94095000 -86.60254000
vn 16.77313000 -4.49435000 -98.48077000
vn 0.00000000 0.00000000 -100.00000000
vn 0.00000000 0.00000000 -100.00000000
vn 15.03837000 -8.68241000 -98.48077000
vn 0.00000000 0.00000000 -100.00000000
vn 12.27878000 -12.27878000 -98.48077000
vn 0.00000000 0.00000000 -100.00000000
vn 8.68241000 -15.03837000 -98.48077000
vn 0.00000000 0.00000000 -100.00000000
vn 4.49435000 -16.77313000 -98.48077000
vn 0.00000000 0.00000000 -100.00000000
vn 0.00000000 -17.36482000 -98.48077000
vn 0.00000000 0.00000000 -100.00000000
vn -4.49435000 -16.77313000 -98.48077000
vn 0.00000000 0.00000000 -100.00000000
vn -8.68241000 -15.03837000 -98.48077000
vn 0.00000000 0.00000000 -100.00000000
vn -12.27878000 -12.27878000 -98.48077000
vn 0.00000000 0.00000000 -100.00000000
vn -15.03837000 -8.68241000 -98.48077000
vn 0.00000000 0.00000000 -100.00000000
vn -16.77313000 -4.49435000 -98.48077000
vn 0.00000000 0.00000000 -100.00000000
vn -30.90170000 0.00000000 -95.10565000
vn -48.29629000 -12.94095000 -86.60254000
vn -58.77853000 0.00000000 -80.90170000
vn -73.99421000 -19.82669000 -64.27876000
vn -80.90170000 0.00000000 -58.77853000
vn -43.30127000 -25.00000000 -86.60254000
vn -35.35534000 -35.35534000 -86.60254000
vn -25.00000000 -43.30127000 -86.60254000
vn -12.94095000 -48.29629000 -86.60254000
vn 0.00000000 -50.00000000 -86.60254000
vn 12.94095000 -48.29629000 -86.60254000
vn 25.00000000 -43.30127000 -86.60254000
vn 35.35534000 -35.35534000 -86.60254000
vn 43.30127000 -25.00000000 -86.60254000
vn -66.34139000 -38.30222000 -64.27876000
vn -54.16752000 -54.16752000 -64.27876000
vn -38.30222000 -66.34139000 -64.27876000
vn -19.82669000 -73.99421000 -64.27876000
vn 0.00000000 -76.60445000 -64.27876000
vn 19.82669000 -73.99421000 -64.27876000
vn 38.30222000 -66.34139000 -64.27876000
vn 54.16752000 -54.16752000 -64.27876000
vn 66.34139000 -38.30222000 -64.27876000
vt 0.62832000 0.00000000
vt 0.78540000 0.00000000
vt 0.69813000 1.50104000
vt 0.78540000 1.50104000
vt 0.69813000 3.00208000
vt 0.78540000 3.00208000
vt 0.69813000 4.50312000
vt 0.78540000 4.50312000
vt 0.69813000 6.00416000
vt 0.78540000 6.00416000
vt 0.69813000 7.50520000
vt 0.78540000 7.50520000
vt 0.69813000 9.00624000
vt 0.78540000 9.00624000
vt 0.69813000 10.50728000
vt 0.78540000 10.50728000
vt 0.69813000 12.00833000
vt 0.78540000 12.00833000
vt 0.69813000 13.50937000
vt 0.78540000 13.50937000
vt 0.69813000 15.01041000
vt 0.78540000 15.01041000
vt 0.69813000 16.51145000
vt 0.78540000 16.51145000
vt 0.78540000 18.01249000
vt 0.62832000 18.01249000
vt 0.52360000 16.51145000
vt 0.52360000 15.01041000
vt 0.52360000 13.50937000
vt 0.52360000 12.00833000
vt 0.52360000 10.50728000
vt 0.52360000 9.00624000
vt 0.52360000 7.50520000
vt 0.52360000 6.00416000
vt 0.52360000 4.50312000
vt 0.52360000 3.00208000
vt 0.52360000 1.50104000
vt 0.47124000 0.00000000
vt 0.34907000 1.50104000
vt 0.31416000 0.00000000
vt 0.17453000 1.50104000
vt 0.15708000 0.00000000
vt -0.00000000 1.50104000
vt -0.00000000 0.00000000
vt 0.47124000 18.01249000
vt 0.34907000 16.51145000
vt 0.34907000 15.01041000
vt 0.34907000 13.50937000
vt 0.34907000 12.00833000
vt 0.34907000 10.50728000
vt 0.34907000 9.00624000
vt 0.34907000 7.50520000
vt 0.34907000 6.00416000
vt 0.34907000 4.50312000
vt 0.34907000 3.00208000
vt 0.31416000 18.01249000
vt 0.17453000 16.51145000
vt 0.17453000 15.01041000
vt 0.17453000 13.50937000
vt 0.17453000 12.00833000
vt 0.17453000 10.50728000
vt 0.17453000 9.00624000
vt 0.17453000 7.50520000
vt 0.17453000 6.00416000
vt 0.17453000 4.50312000
vt 0.17453000 3.00208000
vt 0.15708000 18.01249000
vt -0.00000000 16.51145000
vt -0.00000000 15.01041000
vt -0.00000000 13.50937000
vt -0.00000000 12.00833000
vt -0.00000000 10.50728000
vt -0.00000000 9.00624000
vt -0.00000000 7.50520000
vt -0.00000000 6.00416000
vt -0.00000000 4.50312000
vt -0.00000000 3.00208000
vt -0.00000000 18.01249000
vt -24.42300000 0.00000000
vt -21.29953000 0.00000000
vt -24.42300000 1.53938000
vt -20.89175000 1.53938000
vt -24.42300000 3.07876000
vt -20.51176000 3.07876000
vt -24.42300000 4.61814000
vt -20.18546000 4.61814000
vt -24.42300000 6.15752000
vt -19.93507000 6.15752000
vt -24.42300000 7.69690000
vt -19.77768000 7.69690000
vt -24.42300000 9.23628000
vt -19.72399000 9.23628000
vt -19.77768000 10.77566000
vt -24.42300000 10.77566000
vt -19.93507000 12.31504000
vt -24.42300000 12.31504000
vt -20.18546000 13.85442000
vt -24.42300000 13.85442000
vt -20.51176000 15.39380000
vt -24.42300000 15.39380000
vt -20.89175000 16.93318000
vt -24.42300000 16.93318000
vt -21.29953000 18.47256000
vt -24.42300000 18.47256000
vt 0.62832000 0.00000000
vt 0.78540000 0.00000000
vt 0.69813000 1.50104000
vt 0.78540000 1.50104000
vt 0.69813000 3.00208000
vt 0.78540000 3.00208000
vt 0.69813000 4.50312000
vt 0.78540000 4.50312000
vt 0.69813000 6.00416000
vt 0.78540000 6.00416000
vt 0.69813000 7.50520000
vt 0.78540000 7.50520000
vt 0.69813000 9.00624000
vt 0.78540000 9.00624000
vt 0.69813000 10.50728000
vt 0.78540000 10.50728000
vt 0.69813000 12.00833000
vt 0.78540000 12.00833000
vt 0.69813000 13.50937000
vt 0.78540000 13.50937000
vt 0.69813000 15.01041000
vt 0.78540000 15.01041000
vt 0.69813000 16.51145000
vt 0.78540000 16.51145000
vt 0.78540000 18.01249000
vt 0.62832000 18.01249000
vt 0.52360000 16.51145000
vt 0.52360000 15.01041000
vt 0.52360000 13.50937000
vt 0.52360000 12.00833000
vt 0.52360000 10.50728000
vt 0.52360000 9.00624000
vt 0.52360000 7.50520000
vt 0.52360000 6.00416000
vt 0.52360000 4.50312000
vt 0.52360000 3.00208000
vt 0.52360000 1.50104000
vt 0.47124000 0.00000000
vt 0.34907000 1.50104000
vt 0.31416000 0.00000000
vt 0.17453000 1.50104000
vt 0.15708000 0.00000000
vt -0.00000000 1.50104000
vt -0.00000000 0.00000000
vt 0.47124000 18.01249000
vt 0.34907000 16.51145000
vt 0.34907000 15.01041000
vt 0.34907000 13.50937000
vt 0.34907000 12.00833000
vt 0.34907000 10.50728000
vt 0.34907000 9.00624000
vt 0.34907000 7.50520000
vt 0.34907000 6.00416000
vt 0.34907000 4.50312000
vt 0.34907000 3.00208000
vt 0.31416000 18.01249000
vt 0.17453000 16.51145000
vt 0.17453000 15.01041000
vt 0.17453000 13.50937000
vt 0.17453000 12.00833000
vt 0.17453000 10.50728000
vt 0.17453000 9.00624000
vt 0.17453000 7.50520000
vt 0.17453000 6.00416000
vt 0.17453000 4.50312000
vt 0.17453000 3.00208000
vt 0.15708000 18.01249000
vt -0.00000000 16.51145000
vt -0.00000000 15.01041000
vt -0.00000000 13.50937000
vt -0.00000000 12.00833000
vt -0.00000000 10.50728000
vt -0.00000000 9.00624000
vt -0.00000000 7.50520000
vt -0.00000000 6.00416000
vt -0.00000000 4.50312000
vt -0.00000000 3.00208000
vt -0.00000000 18.01249000
vt -21.26593000 0.00000000
vt -21.67371000 1.53938000
vt -23.35412000 0.00000000
vt -23.35412000 1.53938000
vt -22.05370000 3.07876000
vt -23.35412000 3.07876000
vt -22.38001000 4.61814000
vt -23.35412000 4.61814000
vt -22.63039000 6.15752000
vt -23.35412000 6.15752000
vt -22.78779000 7.69690000
vt -23.35412000 7.69690000
vt -22.84148000 9.23628000
vt -23.35412000 9.23628000
vt -23.35412000 10.77566000
vt -22.78779000 10.77566000
vt -23.35412000 12.31504000
vt -22.63039000 12.31504000
vt -23.35412000 13.85442000
vt -22.38001000 13.85442000
vt -23.35412000 15.39380000
vt -22.05370000 15.39380000
vt -23.35412000 16.93318000
vt -21.67371000 16.93318000
vt -23.35412000 18.47256000
vt -21.26593000 18.47256000
vt -0.00000000 0.00000000
vt -0.00000000 1.46608000
vt -0.72000000 0.00000000
vt -0.72000000 1.46608000
vt -0.00000000 2.93215000
vt -0.72000000 2.93215000
vt -0.00000000 4.39823000
vt -0.72000000 4.39823000
vt -0.00000000 5.86431000
vt -0.72000000 5.86431000
vt -0.00000000 7.33038000
vt -0.72000000 7.33038000
vt -0.00000000 8.79646000
vt -0.72000000 8.79646000
vt -0.00000000 10.26254000
vt -0.72000000 10.26254000
vt -0.00000000 11.72861000
vt -0.72000000 11.72861000
vt -0.00000000 13.19469000
vt -0.72000000 13.19469000
vt -0.00000000 14.66077000
vt -0.72000000 14.66077000
vt -0.00000000 16.12684000
vt -0.72000000 16.12684000
vt -0.72000000 17.59292000
vt -0.00000000 17.59292000
vt -0.00000000 0.00000000
vt -0.00000000 1.46608000
vt -0.72000000 0.00000000
vt -0.72000000 1.46608000
vt -0.00000000 2.93215000
vt -0.72000000 2.93215000
vt -0.00000000 4.39823000
vt -0.72000000 4.39823000
vt -0.00000000 5.86431000
vt -0.72000000 5.86431000
vt -0.00000000 7.33038000
vt -0.72000000 7.33038000
vt -0.00000000 8.79646000
vt -0.72000000 8.79646000
vt -0.00000000 10.26254000
vt -0.72000000 10.26254000
vt -0.00000000 11.72861000
vt -0.72000000 11.72861000
vt -0.00000000 13.19469000
vt -0.72000000 13.19469000
vt -0.00000000 14.66077000
vt -0.72000000 14.66077000
vt -0.00000000 16.12684000
vt -0.72000000 16.12684000
vt -0.72000000 17.59292000
vt -0.00000000 17.59292000
vt -0.80000000 0.00000000
vt -0.00000000 0.00000000
vt -0.80000000 1.53938000
vt -0.00000000 1.53938000
vt -0.80000000 3.07876000
vt -0.00000000 3.07876000
vt -0.80000000 4.61814000
vt -0.00000000 4.61814000
vt -0.80000000 6.15752000
vt -0.00000000 6.15752000
vt -0.80000000 7.69690000
vt -0.00000000 7.69690000
vt -0.80000000 9.23628000
vt -0.00000000 9.23628000
vt -0.80000000 10.77566000
vt -0.00000000 10.77566000
vt -0.80000000 12.31504000
vt -0.00000000 12.31504000
vt -0.80000000 13.85442000
vt -0.00000000 13.85442000
vt -0.80000000 15.39380000
vt -0.00000000 15.39380000
vt -0.80000000 16.93318000
vt -0.00000000 16.93318000
vt -0.80000000 18.47256000
vt -0.00000000 18.47256000
vt -0.80000000 0.00000000
vt -0.00000000 0.00000000
vt -0.80000000 1.53938000
vt -0.00000000 1.53938000
vt -0.80000000 3.07876000
vt -0.00000000 3.07876000
vt -0.80000000 4.61814000
vt -0.00000000 4.61814000
vt -0.80000000 6.15752000
vt -0.00000000 6.15752000
vt -0.80000000 7.69690000
vt -0.00000000 7.69690000
vt -0.80000000 9.23628000
vt -0.00000000 9.23628000
vt -0.80000000 10.77566000
vt -0.00000000 10.77566000
vt -0.80000000 12.31504000
vt -0.00000000 12.31504000
vt -0.80000000 13.85442000
vt -0.00000000 13.85442000
vt -0.80000000 15.39380000
vt -0.00000000 15.39380000
vt -0.80000000 16.93318000
vt -0.00000000 16.93318000
vt -0.80000000 18.47256000
vt -0.00000000 18.47256000
vt -0.00000000 0.00000000
vt 2.05061000 0.00000000
vt -0.00000000 1.35481000
vt 2.05061000 1.47798000
vt -0.00000000 2.70962000
vt 2.05061000 2.95595000
vt -0.00000000 4.06443000
vt 2.05061000 4.43393000
vt -0.00000000 5.41925000
vt 2.05061000 5.91191000
vt -0.00000000 6.77406000
vt 2.05061000 7.38988000
vt -0.00000000 8.12887000
vt 2.05061000 8.86786000
vt -0.00000000 9.48368000
vt 2.05061000 10.34584000
vt -0.00000000 10.83849000
vt 2.05061000 11.82381000
vt -0.00000000 12.19331000
vt 2.05061000 13.30179000
vt -0.00000000 13.54812000
vt 2.05061000 14.77976000
vt -0.00000000 14.90293000
vt 2.05061000 16.25774000
vt -0.00000000 16.25774000
vt -2.05061000 0.00000000
vt -0.00000000 0.00000000
vt -2.05061000 1.35481000
vt 0.00000000 1.47798000
vt -2.05061000 2.70962000
vt -0.00000000 2.95595000
vt -2.05061000 4.06443000
vt -0.00000000 4.43393000
vt -2.05061000 5.41925000
vt -0.00000000 5.91191000
vt -2.05061000 6.77406000
vt -0.00000000 7.38988000
vt -2.05061000 8.12887000
vt -0.00000000 8.86786000
vt -2.05061000 9.48368000
vt -0.00000000 10.34584000
vt -2.05061000 10.83849000
vt -0.00000000 11.82381000
vt -2.05061000 12.19331000
vt -0.00000000 13.30179000
vt -2.05061000 13.54812000
vt -0.00000000 14.77976000
vt -2.05061000 14.90293000
vt -0.00000000 16.25774000
vt -2.05061000 16.25774000
vt -2.05061000 -16.25774000
vt -0.00000000 -16.25774000
vt -2.05061000 -14.90293000
vt -0.00000000 -14.77976000
vt -2.05061000 -13.54812000
vt -0.00000000 -13.30179000
vt -2.05061000 -12.19331000
vt -0.00000000 -11.82381000
vt -2.05061000 -10.83849000
vt -0.00000000 -10.34584000
vt -2.05061000 -9.48368000
vt -0.00000000 -8.86786000
vt -2.05061000 -8.12887000
vt 0.00000000 -7.38988000
vt -2.05061000 -6.77406000
vt 0.00000000 -5.91191000
vt -2.05061000 -5.41925000
vt 0.00000000 -4.43393000
vt -2.05061000 -4.06443000
vt 0.00000000 -2.95595000
vt -2.05061000 -2.70962000
vt 0.00000000 -1.47798000
vt -2.05061000 -1.35481000
vt -0.00000000 -16.25774000
vt 2.05061000 -16.25774000
vt -0.00000000 -14.90293000
vt 2.05061000 -14.77976000
vt -0.00000000 -13.54812000
vt 2.05061000 -13.30179000
vt -0.00000000 -12.19331000
vt 2.05061000 -11.82381000
vt -0.00000000 -10.83849000
vt 2.05061000 -10.34584000
vt -0.00000000 -9.48368000
vt 2.05061000 -8.86786000
vt -0.00000000 -8.12887000
vt 2.05061000 -7.38988000
vt -0.00000000 -6.77406000
vt 2.05061000 -5.91191000
vt -0.00000000 -5.41925000
vt 2.05061000 -4.43393000
vt -0.00000000 -4.06443000
vt 2.05061000 -2.95595000
vt -0.00000000 -2.70962000
vt 2.05061000 -1.47798000
vt -0.00000000 -1.35481000
vt -0.80000000 -18.47256000
vt -0.00000000 -18.47256000
vt -0.80000000 -16.93318000
vt -0.00000000 -16.93318000
vt -0.80000000 -15.39380000
vt -0.00000000 -15.39380000
vt -0.80000000 -13.85442000
vt -0.00000000 -13.85442000
vt -0.80000000 -12.31504000
vt -0.00000000 -12.31504000
vt -0.80000000 -10.77566000
vt -0.00000000 -10.77566000
vt -0.80000000 -9.23628000
vt -0.00000000 -9.23628000
vt -0.80000000 -7.69690000
vt -0.00000000 -7.69690000
vt -0.80000000 -6.15752000
vt -0.00000000 -6.15752000
vt -0.80000000 -4.61814000
vt -0.00000000 -4.61814000
vt -0.80000000 -3.07876000
vt -0.00000000 -3.07876000
vt -0.80000000 -1.53938000
vt -0.00000000 -1.53938000
vt -0.80000000 -18.47256000
vt -0.00000000 -18.47256000
vt -0.80000000 -16.93318000
vt -0.00000000 -16.93318000
vt -0.80000000 -15.39380000
vt -0.00000000 -15.39380000
vt -0.80000000 -13.85442000
vt -0.00000000 -13.85442000
vt -0.80000000 -12.31504000
vt -0.00000000 -12.31504000
vt -0.80000000 -10.77566000
vt -0.00000000 -10.77566000
vt -0.80000000 -9.23628000
vt -0.00000000 -9.23628000
vt -0.80000000 -7.69690000
vt -0.00000000 -7.69690000
vt -0.80000000 -6.15752000
vt -0.00000000 -6.15752000
vt -0.80000000 -4.61814000
vt -0.00000000 -4.61814000
vt -0.80000000 -3.07876000
vt -0.00000000 -3.07876000
vt -0.80000000 -1.53938000
vt -0.00000000 -1.53938000
vt 5.40918000 1.44939000
vt -5.40918000 1.44939000
vt 5.60000000 0.00000000
vt -5.60000000 0.00000000
vt 5.40918000 -1.44939000
vt -5.40918000 -1.44939000
vt 4.84974000 -2.80000000
vt -4.84974000 -2.80000000
vt 3.95980000 -3.95980000
vt -3.95980000 -3.95980000
vt 2.80000000 -4.84974000
vt -2.80000000 -4.84974000
vt 1.44939000 -5.40918000
vt -1.44939000 -5.40918000
vt 0.00000000 -5.60000000
vt -4.84974000 2.80000000
vt 4.84974000 2.80000000
vt -3.95980000 3.95980000
vt 3.95980000 3.95980000
vt -2.80000000 4.84974000
vt 2.80000000 4.84974000
vt -1.44939000 5.40918000
vt 1.44939000 5.40918000
vt 0.00000000 5.60000000
vt -0.72000000 -17.59292000
vt -0.00000000 -17.59292000
vt -0.72000000 -16.12684000
vt -0.00000000 -16.12684000
vt -0.00000000 -14.66077000
vt -0.72000000 -14.66077000
vt -0.00000000 -13.19469000
vt -0.72000000 -13.19469000
vt -0.00000000 -11.72861000
vt -0.72000000 -11.72861000
vt -0.00000000 -10.26254000
vt -0.72000000 -10.26254000
vt -0.00000000 -8.79646000
vt -0.72000000 -8.79646000
vt -0.00000000 -7.33038000
vt -0.72000000 -7.33038000
vt -0.00000000 -5.86431000
vt -0.72000000 -5.86431000
vt -0.00000000 -4.39823000
vt -0.72000000 -4.39823000
vt -0.00000000 -2.93215000
vt -0.72000000 -2.93215000
vt -0.00000000 -1.46608000
vt -0.72000000 -1.46608000
vt 5.67964000 16.87814000
vt 5.88000000 18.40000000
vt 5.60000000 18.40000000
vt 5.67964000 19.92186000
vt 5.40918000 19.84939000
vt 5.09223000 21.34000000
vt 4.84974000 21.20000000
vt 4.15779000 22.55779000
vt 3.95980000 22.35980000
vt 2.94000000 23.49223000
vt 2.80000000 23.24974000
vt 1.52186000 24.07964000
vt 1.44939000 23.80918000
vt 0.00000000 24.28000000
vt 0.00000000 24.00000000
vt -1.44939000 23.80918000
vt -1.52186000 24.07964000
vt -2.80000000 23.24974000
vt -2.94000000 23.49223000
vt -3.95980000 22.35980000
vt -4.15779000 22.55779000
vt -4.84974000 21.20000000
vt -5.09223000 21.34000000
vt -5.40918000 19.84939000
vt -5.67964000 19.92186000
vt -5.60000000 18.40000000
vt -5.88000000 18.40000000
vt -5.67964000 16.87814000
vt -5.40918000 16.95061000
vt -5.09223000 15.46000000
vt -4.84974000 15.60000000
vt -4.15779000 14.24221000
vt -3.95980000 14.44020000
vt -2.94000000 13.30777000
vt -2.80000000 13.55026000
vt -1.52186000 12.72036000
vt -1.44939000 12.99082000
vt 0.00000000 12.52000000
vt 0.00000000 12.80000000
vt 1.44939000 12.99082000
vt 1.52186000 12.72036000
vt 2.80000000 13.55026000
vt 2.94000000 13.30777000
vt 3.95980000 14.44020000
vt 4.15779000 14.24221000
vt 4.84974000 15.60000000
vt 5.09223000 15.46000000
vt 5.40918000 16.95061000
vt 5.40918000 1.44939000
vt -5.40918000 1.44939000
vt 5.60000000 0.00000000
vt -5.60000000 0.00000000
vt 5.40918000 -1.44939000
vt -5.40918000 -1.44939000
vt 4.84974000 -2.80000000
vt -4.84974000 -2.80000000
vt 3.95980000 -3.95980000
vt -3.95980000 -3.95980000
vt 2.80000000 -4.84974000
vt -2.80000000 -4.84974000
vt 1.44939000 -5.40918000
vt -1.44939000 -5.40918000
vt 0.00000000 -5.60000000
vt -4.84974000 2.80000000
vt 4.84974000 2.80000000
vt -3.95980000 3.95980000
vt 3.95980000 3.95980000
vt -2.80000000 4.84974000
vt 2.80000000 4.84974000
vt -1.44939000 5.40918000
vt 1.44939000 5.40918000
vt 0.00000000 5.60000000
vt -0.72000000 -17.59292000
vt -0.00000000 -17.59292000
vt -0.72000000 -16.12684000
vt -0.00000000 -16.12684000
vt -0.00000000 -14.66077000
vt -0.72000000 -14.66077000
vt -0.00000000 -13.19469000
vt -0.72000000 -13.19469000
vt -0.00000000 -11.72861000
vt -0.72000000 -11.72861000
vt -0.00000000 -10.26254000
vt -0.72000000 -10.26254000
vt -0.00000000 -8.79646000
vt -0.72000000 -8.79646000
vt -0.00000000 -7.33038000
vt -0.72000000 -7.33038000
vt -0.00000000 -5.86431000
vt -0.72000000 -5.86431000
vt -0.00000000 -4.39823000
vt -0.72000000 -4.39823000
vt -0.00000000 -2.93215000
vt -0.72000000 -2.93215000
vt -0.00000000 -1.46608000
vt -0.72000000 -1.46608000
vt 5.67964000 -19.92186000
vt 5.88000000 -18.40000000
vt 5.60000000 -18.40000000
vt 5.67964000 -16.87814000
vt 5.40918000 -16.95061000
vt 5.09223000 -15.46000000
vt 4.84974000 -15.60000000
vt 4.15779000 -14.24221000
vt 3.95980000 -14.44020000
vt 2.94000000 -13.30777000
vt 2.80000000 -13.55026000
vt 1.52186000 -12.72036000
vt 1.44939000 -12.99082000
vt 0.00000000 -12.52000000
vt 0.00000000 -12.80000000
vt -1.44939000 -12.99082000
vt -1.52186000 -12.72036000
vt -2.80000000 -13.55026000
vt -2.94000000 -13.30777000
vt -3.95980000 -14.44020000
vt -4.15779000 -14.24221000
vt -4.84974000 -15.60000000
vt -5.09223000 -15.46000000
vt -5.40918000 -16.95061000
vt -5.67964000 -16.87814000
vt -5.60000000 -18.40000000
vt -5.88000000 -18.40000000
vt -5.67964000 -19.92186000
vt -5.40918000 -19.84939000
vt -5.09223000 -21.34000000
vt -4.84974000 -21.20000000
vt -4.15779000 -22.55779000
vt -3.95980000 -22.35980000
vt -2.94000000 -23.49223000
vt -2.80000000 -23.24974000
vt -1.52186000 -24.07964000
vt -1.44939000 -23.80918000
vt 0.00000000 -24.28000000
vt 0.00000000 -24.00000000
vt 1.44939000 -23.80918000
vt 1.52186000 -24.07964000
vt 2.80000000 -23.24974000
vt 2.94000000 -23.49223000
vt 3.95980000 -22.35980000
vt 4.15779000 -22.55779000
vt 4.84974000 -21.20000000
vt 5.09223000 -21.34000000
vt 5.40918000 -19.84939000
vt -23.35412000 -18.47256000
vt -21.26593000 -18.47256000
vt -23.35412000 -16.93318000
vt -20.85815000 -16.93318000
vt -23.35412000 -15.39380000
vt -20.47816000 -15.39380000
vt -23.35412000 -13.85442000
vt -20.15186000 -13.85442000
vt -23.35412000 -12.31504000
vt -19.90148000 -12.31504000
vt -23.35412000 -10.77566000
vt -19.74408000 -10.77566000
vt -23.35412000 -9.23628000
vt -19.69039000 -9.23628000
vt -19.74408000 -7.69690000
vt -23.35412000 -7.69690000
vt -19.90148000 -6.15752000
vt -23.35412000 -6.15752000
vt -20.15186000 -4.61814000
vt -23.35412000 -4.61814000
vt -20.47816000 -3.07876000
vt -23.35412000 -3.07876000
vt -20.85815000 -1.53938000
vt -23.35412000 -1.53938000
vt 17.90667000 5.69896000
vt 16.32577000 5.90000000
vt 16.32577000 5.88000000
vt 14.74487000 5.69896000
vt 14.75023000 5.67964000
vt 13.27170000 5.10955000
vt 13.28206000 5.09223000
vt 12.00667000 4.17193000
vt 12.02131000 4.15779000
vt 11.03597000 2.95000000
vt 11.05390000 2.94000000
vt 10.42577000 1.52703000
vt 10.44577000 1.52186000
vt 10.21764000 -0.00000000
vt 10.23834000 -0.00000000
vt 10.44577000 -1.52186000
vt 10.42577000 -1.52703000
vt 11.05390000 -2.94000000
vt 11.03597000 -2.95000000
vt 12.02131000 -4.15779000
vt 12.00667000 -4.17193000
vt 13.28206000 -5.09223000
vt 13.27170000 -5.10955000
vt 14.75023000 -5.67964000
vt 14.74487000 -5.69896000
vt 16.32577000 -5.88000000
vt 16.32577000 -5.90000000
vt 17.90667000 -5.69896000
vt 17.90131000 -5.67964000
vt 19.37983000 -5.10955000
vt 19.36948000 -5.09223000
vt 20.64487000 -4.17193000
vt 20.63023000 -4.15779000
vt 21.61556000 -2.95000000
vt 21.59763000 -2.94000000
vt 22.22577000 -1.52703000
vt 22.20577000 -1.52186000
vt 22.43390000 0.00000000
vt 22.41319000 0.00000000
vt 22.20577000 1.52186000
vt 22.22577000 1.52703000
vt 21.59763000 2.94000000
vt 21.61556000 2.95000000
vt 20.63023000 4.15779000
vt 20.64487000 4.17193000
vt 19.36948000 5.09223000
vt 19.37983000 5.10955000
vt 17.90131000 5.67964000
vt -5.19668000 -1.39245000
vt 5.19668000 -1.39245000
vt -5.38000000 0.00000000
vt 5.38000000 0.00000000
vt -5.19668000 1.39245000
vt 5.19668000 1.39245000
vt -4.65922000 2.69000000
vt 4.65922000 2.69000000
vt -3.80424000 3.80424000
vt 3.80424000 3.80424000
vt -2.69000000 4.65922000
vt 2.69000000 4.65922000
vt -1.39245000 5.19668000
vt 1.39245000 5.19668000
vt -0.00000000 5.38000000
vt 4.65922000 -2.69000000
vt -4.65922000 -2.69000000
vt 3.80424000 -3.80424000
vt -3.80424000 -3.80424000
vt 2.69000000 -4.65922000
vt -2.69000000 -4.65922000
vt 1.39245000 -5.19668000
vt -1.39245000 -5.19668000
vt -0.00000000 -5.38000000
vt -0.00000000 -18.01249000
vt 0.15708000 -18.01249000
vt -0.00000000 -16.51145000
vt 0.17453000 -16.51145000
vt -0.00000000 -15.01041000
vt 0.17453000 -15.01041000
vt -0.00000000 -13.50937000
vt 0.17453000 -13.50937000
vt -0.00000000 -12.00833000
vt 0.17453000 -12.00833000
vt -0.00000000 -10.50728000
vt 0.17453000 -10.50728000
vt -0.00000000 -9.00624000
vt 0.17453000 -9.00624000
vt -0.00000000 -7.50520000
vt 0.17453000 -7.50520000
vt -0.00000000 -6.00416000
vt 0.17453000 -6.00416000
vt -0.00000000 -4.50312000
vt 0.17453000 -4.50312000
vt -0.00000000 -3.00208000
vt 0.17453000 -3.00208000
vt -0.00000000 -1.50104000
vt 0.17453000 -1.50104000
vt 0.34907000 -1.50104000
vt 0.52360000 -1.50104000
vt 0.69813000 -1.50104000
vt 0.78540000 -1.50104000
vt 0.78540000 -3.00208000
vt 0.69813000 -3.00208000
vt 0.78540000 -4.50312000
vt 0.69813000 -4.50312000
vt 0.78540000 -6.00416000
vt 0.69813000 -6.00416000
vt 0.78540000 -7.50520000
vt 0.69813000 -7.50520000
vt 0.78540000 -9.00624000
vt 0.69813000 -9.00624000
vt 0.78540000 -10.50728000
vt 0.69813000 -10.50728000
vt 0.78540000 -12.00833000
vt 0.69813000 -12.00833000
vt 0.78540000 -13.50937000
vt 0.69813000 -13.50937000
vt 0.78540000 -15.01041000
vt 0.69813000 -15.01041000
vt 0.78540000 -16.51145000
vt 0.69813000 -16.51145000
vt 0.78540000 -18.01249000
vt 0.62832000 -18.01249000
vt 0.52360000 -16.51145000
vt 0.47124000 -18.01249000
vt 0.34907000 -16.51145000
vt 0.31416000 -18.01249000
vt 0.52360000 -15.01041000
vt 0.52360000 -13.50937000
vt 0.52360000 -12.00833000
vt 0.52360000 -10.50728000
vt 0.52360000 -9.00624000
vt 0.52360000 -7.50520000
vt 0.52360000 -6.00416000
vt 0.52360000 -4.50312000
vt 0.52360000 -3.00208000
vt 0.34907000 -15.01041000
vt 0.34907000 -13.50937000
vt 0.34907000 -12.00833000
vt 0.34907000 -10.50728000
vt 0.34907000 -9.00624000
vt 0.34907000 -7.50520000
vt 0.34907000 -6.00416000
vt 0.34907000 -4.50312000
vt 0.34907000 -3.00208000
vt -21.29953000 -18.47256000
vt -21.70731000 -16.93318000
vt -24.42300000 -18.47256000
vt -24.42300000 -16.93318000
vt -22.08730000 -15.39380000
vt -24.42300000 -15.39380000
vt -22.41361000 -13.85442000
vt -24.42300000 -13.85442000
vt -22.66399000 -12.31504000
vt -24.42300000 -12.31504000
vt -22.82139000 -10.77566000
vt -24.42300000 -10.77566000
vt -22.87507000 -9.23628000
vt -24.42300000 -9.23628000
vt -24.42300000 -7.69690000
vt -22.82139000 -7.69690000
vt -24.42300000 -6.15752000
vt -22.66399000 -6.15752000
vt -24.42300000 -4.61814000
vt -22.41361000 -4.61814000
vt -24.42300000 -3.07876000
vt -22.08730000 -3.07876000
vt -24.42300000 -1.53938000
vt -21.70731000 -1.53938000
vt -5.19668000 -1.39245000
vt 5.19668000 -1.39245000
vt -5.38000000 0.00000000
vt 5.38000000 0.00000000
vt -5.19668000 1.39245000
vt 5.19668000 1.39245000
vt -4.65922000 2.69000000
vt 4.65922000 2.69000000
vt -3.80424000 3.80424000
vt 3.80424000 3.80424000
vt -2.69000000 4.65922000
vt 2.69000000 4.65922000
vt -1.39245000 5.19668000
vt 1.39245000 5.19668000
vt -0.00000000 5.38000000
vt 4.65922000 -2.69000000
vt -4.65922000 -2.69000000
vt 3.80424000 -3.80424000
vt -3.80424000 -3.80424000
vt 2.69000000 -4.65922000
vt -2.69000000 -4.65922000
vt 1.39245000 -5.19668000
vt -1.39245000 -5.19668000
vt -0.00000000 -5.38000000
vt -0.00000000 -18.01249000
vt 0.15708000 -18.01249000
vt -0.00000000 -16.51145000
vt 0.17453000 -16.51145000
vt -0.00000000 -15.01041000
vt 0.17453000 -15.01041000
vt -0.00000000 -13.50937000
vt 0.17453000 -13.50937000
vt -0.00000000 -12.00833000
vt 0.17453000 -12.00833000
vt -0.00000000 -10.50728000
vt 0.17453000 -10.50728000
vt -0.00000000 -9.00624000
vt 0.17453000 -9.00624000
vt -0.00000000 -7.50520000
vt 0.17453000 -7.50520000
vt -0.00000000 -6.00416000
vt 0.17453000 -6.00416000
vt -0.00000000 -4.50312000
vt 0.17453000 -4.50312000
vt -0.00000000 -3.00208000
vt 0.17453000 -3.00208000
vt -0.00000000 -1.50104000
vt 0.17453000 -1.50104000
vt 0.34907000 -1.50104000
vt 0.52360000 -1.50104000
vt 0.69813000 -1.50104000
vt 0.78540000 -1.50104000
vt 0.78540000 -3.00208000
vt 0.69813000 -3.00208000
vt 0.78540000 -4.50312000
vt 0.69813000 -4.50312000
vt 0.78540000 -6.00416000
vt 0.69813000 -6.00416000
vt 0.78540000 -7.50520000
vt 0.69813000 -7.50520000
vt 0.78540000 -9.00624000
vt 0.69813000 -9.00624000
vt 0.78540000 -10.50728000
vt 0.69813000 -10.50728000
vt 0.78540000 -12.00833000
vt 0.69813000 -12.00833000
vt 0.78540000 -13.50937000
vt 0.69813000 -13.50937000
vt 0.78540000 -15.01041000
vt 0.69813000 -15.01041000
vt 0.78540000 -16.51145000
vt 0.69813000 -16.51145000
vt 0.78540000 -18.01249000
vt 0.62832000 -18.01249000
vt 0.52360000 -16.51145000
vt 0.47124000 -18.01249000
vt 0.34907000 -16.51145000
vt 0.31416000 -18.01249000
vt 0.52360000 -15.01041000
vt 0.52360000 -13.50937000
vt 0.52360000 -12.00833000
vt 0.52360000 -10.50728000
vt 0.52360000 -9.00624000
vt 0.52360000 -7.50520000
vt 0.52360000 -6.00416000
vt 0.52360000 -4.50312000
vt 0.52360000 -3.00208000
vt 0.34907000 -15.01041000
vt 0.34907000 -13.50937000
vt 0.34907000 -12.00833000
vt 0.34907000 -10.50728000
vt 0.34907000 -9.00624000
vt 0.34907000 -7.50520000
vt 0.34907000 -6.00416000
vt 0.34907000 -4.50312000
vt 0.34907000 -3.00208000
f 1/1/1 2/2/2 3/3/3
f 3/3/3 2/2/2 4/4/4
f 3/3/3 4/4/4 5/5/5
f 5/5/5 4/4/4 6/6/6
f 5/5/5 6/6/6 7/7/7
f 7/7/7 6/6/6 8/8/8
f 7/7/7 8/8/8 9/9/9
f 9/9/9 8/8/8 10/10/10
f 9/9/9 10/10/10 11/11/11
f 11/11/11 10/10/10 12/12/12
f 11/11/11 12/12/12 13/13/13
f 13/13/13 12/12/12 14/14/14
f 13/13/13 14/14/14 15/15/15
f 15/15/15 14/14/14 16/16/16
f 15/15/15 16/16/16 17/17/17
f 17/17/17 16/16/16 18/18/18
f 17/17/17 18/18/18 19/19/19
f 19/19/19 18/18/18 20/20/20
f 19/19/19 20/20/20 21/21/21
f 21/21/21 20/20/20 22/22/22
f 21/21/21 22/22/22 23/23/23
f 23/23/23 22/22/22 24/24/24
f 23/23/23 24/24/24 25/25/25
f 25/25/25 26/26/26 23/23/23
f 23/23/23 26/26/26 27/27/27
f 23/23/23 27/27/27 21/21/21
f 21/21/21 27/27/27 28/28/28
f 21/21/21 28/28/28 19/19/19
f 19/19/19 28/28/28 29/29/29
f 19/19/19 29/29/29 17/17/17
f 17/17/17 29/29/29 30/30/30
f 17/17/17 30/30/30 15/15/15
f 15/15/15 30/30/30 31/31/31
f 15/15/15 31/31/31 13/13/13
f 13/13/13 31/31/31 32/32/32
f 13/13/13 32/32/32 11/11/11
f 11/11/11 32/32/32 33/33/33
f 11/11/11 33/33/33 9/9/9
f 9/9/9 33/33/33 34/34/34
f 9/9/9 34/34/34 7/7/7
f 7/7/7 34/34/34 35/35/35
f 7/7/7 35/35/35 5/5/5
f 5/5/5 35/35/35 36/36/36
f 5/5/5 36/36/36 3/3/3
f 3/3/3 36/36/36 37/37/37
f 3/3/3 37/37/37 1/1/1
f 1/1/1 37/37/37 38/38/38
f 38/38/38 37/37/37 39/39/39
f 38/38/38 39/39/39 40/40/40
f 40/40/40 39/39/39 41/41/41
f 40/40/40 41/41/41 42/42/42
f 42/42/42 41/41/41 43/43/43
f 42/42/42 43/43/43 44/44/44
f 26/26/26 45/45/45 27/27/27
f 27/27/27 45/45/45 46/46/46
f 27/27/27 46/46/46 28/28/28
f 28/28/28 46/46/46 47/47/47
f 28/28/28 47/47/47 29/29/29
f 29/29/29 47/47/47 48/48/48
f 29/29/29 48/48/48 30/30/30
f 30/30/30 48/48/48 49/49/49
f 30/30/30 49/49/49 31/31/31
f 31/31/31 49/49/49 50/50/50
f 31/31/31 50/50/50 32/32/32
f 32/32/32 50/50/50 51/51/51
f 32/32/32 51/51/51 33/33/33
f 33/33/33 51/51/51 52/52/52
f 33/33/33 52/52/52 34/34/34
f 34/34/34 52/52/52 53/53/53
f 34/34/34 53/53/53 35/35/35
f 35/35/35 53/53/53 54/54/54
f 35/35/35 54/54/54 36/36/36
f 36/36/36 54/54/54 55/55/55
f 36/36/36 55/55/55 37/37/37
f 37/37/37 55/55/55 39/39/39
f 45/45/45 56/56/56 46/46/46
f 46/46/46 56/56/56 57/57/57
f 46/46/46 57/57/57 47/47/47
f 47/47/47 57/57/57 58/58/58
f 47/47/47 58/58/58 48/48/48
f 48/48/48 58/58/58 59/59/59
f 48/48/48 59/59/59 49/49/49
f 49/49/49 59/59/59 60/60/60
f 49/49/49 60/60/60 50/50/50
f 50/50/50 60/60/60 61/61/61
f 50/50/50 61/61/61 51/51/51
f 51/51/51 61/61/61 62/62/62
f 51/51/51 62/62/62 52/52/52
f 52/52/52 62/62/62 63/63/63
f 52/52/52 63/63/63 53/53/53
f 53/53/53 63/63/63 64/64/64
f 53/53/53 64/64/64 54/54/54
f 54/54/54 64/64/64 65/65/65
f 54/54/54 65/65/65 55/55/55
f 55/55/55 65/65/65 66/66/66
f 55/55/55 66/66/66 39/39/39
f 39/39/39 66/66/66 41/41/41
f 56/56/56 67/67/67 57/57/57
f 57/57/57 67/67/67 68/68/68
f 57/57/57 68/68/68 58/58/58
f 58/58/58 68/68/68 69/69/69
f 58/58/58 69/69/69 59/59/59
f 59/59/59 69/69/69 70/70/70
f 59/59/59 70/70/70 60/60/60
f 60/60/60 70/70/70 71/71/71
f 60/60/60 71/71/71 61/61/61
f 61/61/61 71/71/71 72/72/72
f 61/61/61 72/72/72 62/62/62
f 62/62/62 72/72/72 73/73/73
f 62/62/62 73/73/73 63/63/63
f 63/63/63 73/73/73 74/74/74
f 63/63/63 74/74/74 64/64/64
f 64/64/64 74/74/74 75/75/75
f 64/64/64 75/75/75 65/65/65
f 65/65/65 75/75/75 76/76/76
f 65/65/65 76/76/76 66/66/66
f 66/66/66 76/76/76 77/77/77
f 66/66/66 77/77/77 41/41/41
f 41/41/41 77/77/77 43/43/43
f 67/67/67 78/78/78 68/68/68
f 79/79/79 80/80/80 81/81/81
f 81/81/81 80/80/80 82/82/82
f 81/81/81 82/82/82 83/83/83
f 83/83/83 82/82/82 84/84/84
f 83/83/83 84/84/84 85/85/85
f 85/85/85 84/84/84 86/86/86
f 85/85/85 86/86/86 87/87/87
f 87/87/87 86/86/86 88/88/88
f 87/87/87 88/88/88 89/89/89
f 89/89/89 88/88/88 90/90/90
f 89/89/89 90/90/90 91/91/91
f 91/91/91 90/90/90 92/92/92
f 91/91/91 92/92/92 93/93/93
f 91/91/91 93/93/93 94/94/94
f 94/94/94 93/93/93 95/95/95
f 94/94/94 95/95/95 96/96/96
f 96/96/96 95/95/95 97/97/97
f 96/96/96 97/97/97 98/98/98
f 98/98/98 97/97/97 99/99/99
f 98/98/98 99/99/99 100/100/100
f 100/100/100 99/99/99 101/101/101
f 100/100/100 101/101/101 102/102/102
f 102/102/102 101/101/101 103/103/103
f 102/102/102 103/103/103 104/104/104
f 105/105/105 106/106/106 107/107/107
f 107/107/107 106/106/106 108/108/108
f 107/107/107 108/108/108 109/109/109
f 109/109/109 108/108/108 110/110/110
f 109/109/109 110/110/110 111/111/111
f 111/111/111 110/110/110 112/112/112
f 111/111/111 112/112/112 113/113/113
f 113/113/113 112/112/112 114/114/114
f 113/113/113 114/114/114 115/115/115
f 115/115/115 114/114/114 116/116/116
f 115/115/115 116/116/116 117/117/117
f 117/117/117 116/116/116 118/118/118
f 117/117/117 118/118/118 119/119/119
f 119/119/119 118/118/118 120/120/120
f 119/119/119 120/120/120 121/121/121
f 121/121/121 120/120/120 122/122/122
f 121/121/121 122/122/122 123/123/123
f 123/123/123 122/122/122 124/124/124
f 123/123/123 124/124/124 125/125/125
f 125/125/125 124/124/124 126/126/126
f 125/125/125 126/126/126 127/127/127
f 127/127/127 126/126/126 128/128/128
f 127/127/127 128/128/128 129/129/129
f 129/129/129 130/130/130 127/127/127
f 127/127/127 130/130/130 131/131/131
f 127/127/127 131/131/131 125/125/125
f 125/125/125 131/131/131 132/132/132
f 125/125/125 132/132/132 123/123/123
f 123/123/123 132/132/132 133/133/133
f 123/123/123 133/133/133 121/121/121
f 121/121/121 133/133/133 134/134/134
f 121/121/121 134/134/134 119/119/119
f 119/119/119 134/134/134 135/135/135
f 119/119/119 135/135/135 117/117/117
f 117/117/117 135/135/135 136/136/136
f 117/117/117 136/136/136 115/115/115
f 115/115/115 136/136/136 137/137/137
f 115/115/115 137/137/137 113/113/113
f 113/113/113 137/137/137 138/138/138
f 113/113/113 138/138/138 111/111/111
f 111/111/111 138/138/138 139/139/139
f 111/111/111 139/139/139 109/109/109
f 109/109/109 139/139/139 140/140/140
f 109/109/109 140/140/140 107/107/107
f 107/107/107 140/140/140 141/141/141
f 107/107/107 141/141/141 105/105/105
f 105/105/105 141/141/141 142/142/142
f 142/142/142 141/141/141 143/143/143
f 142/142/142 143/143/143 144/144/144
f 144/144/144 143/143/143 145/145/145
f 144/144/144 145/145/145 146/146/146
f 146/146/146 145/145/145 147/147/147
f 146/146/146 147/147/147 148/148/148
f 130/130/130 149/149/149 131/131/131
f 131/131/131 149/149/149 150/150/150
f 131/131/131 150/150/150 132/132/132
f 132/132/132 150/150/150 151/151/151
f 132/132/132 151/151/151 133/133/133
f 133/133/133 151/151/151 152/152/152
f 133/133/133 152/152/152 134/134/134
f 134/134/134 152/152/152 153/153/153
f 134/134/134 153/153/153 135/135/135
f 135/135/135 153/153/153 154/154/154
f 135/135/135 154/154/154 136/136/136
f 136/136/136 154/154/154 155/155/155
f 136/136/136 155/155/155 137/137/137
f 137/137/137 155/155/155 156/156/156
f 137/137/137 156/156/156 138/138/138
f 138/138/138 156/156/156 157/157/157
f 138/138/138 157/157/157 139/139/139
f 139/139/139 157/157/157 158/158/158
f 139/139/139 158/158/158 140/140/140
f 140/140/140 158/158/158 159/159/159
f 140/140/140 159/159/159 141/141/141
f 141/141/141 159/159/159 143/143/143
f 149/149/149 160/160/160 150/150/150
f 150/150/150 160/160/160 161/161/161
f 150/150/150 161/161/161 151/151/151
f 151/151/151 161/161/161 162/162/162
f 151/151/151 162/162/162 152/152/152
f 152/152/152 162/162/162 163/163/163
f 152/152/152 163/163/163 153/153/153
f 153/153/153 163/163/163 164/164/164
f 153/153/153 164/164/164 154/154/154
f 154/154/154 164/164/164 165/165/165
f 154/154/154 165/165/165 155/155/155
f 155/155/155 165/165/165 166/166/166
f 155/155/155 166/166/166 156/156/156
f 156/156/156 166/166/166 167/167/167
f 156/156/156 167/167/167 157/157/157
f 157/157/157 167/167/167 168/168/168
f 157/157/157 168/168/168 158/158/158
f 158/158/158 168/168/168 169/169/169
f 158/158/158 169/169/169 159/159/159
f 159/159/159 169/169/169 170/170/170
f 159/159/159 170/170/170 143/143/143
f 143/143/143 170/170/170 145/145/145
f 160/160/160 171/171/171 161/161/161
f 161/161/161 171/171/171 172/172/172
f 161/161/161 172/172/172 162/162/162
f 162/162/162 172/172/172 173/173/173
f 162/162/162 173/173/173 163/163/163
f 163/163/163 173/173/173 174/174/174
f 163/163/163 174/174/174 164/164/164
f 164/164/164 174/174/174 175/175/175
f 164/164/164 175/175/175 165/165/165
f 165/165/165 175/175/175 176/176/176
f 165/165/165 176/176/176 166/166/166
f 166/166/166 176/176/176 177/177/177
f 166/166/166 177/177/177 167/167/167
f 167/167/167 177/177/177 178/178/178
f 167/167/167 178/178/178 168/168/168
f 168/168/168 178/178/178 179/179/179
f 168/168/168 179/179/179 169/169/169
f 169/169/169 179/179/179 180/180/180
f 169/169/169 180/180/180 170/170/170
f 170/170/170 180/180/180 181/181/181
f 170/170/170 181/181/181 145/145/145
f 145/145/145 181/181/181 147/147/147
f 171/171/171 182/182/182 172/172/172
f 183/183/183 184/184/184 185/185/185
f 185/185/185 184/184/184 186/186/186
f 186/186/186 184/184/184 187/187/187
f 186/186/186 187/187/187 188/188/188
f 188/188/188 187/187/187 189/189/189
f 188/188/188 189/189/189 190/190/190
f 190/190/190 189/189/189 191/191/191
f 190/190/190 191/191/191 192/192/192
f 192/192/192 191/191/191 193/193/193
f 192/192/192 193/193/193 194/194/194
f 194/194/194 193/193/193 195/195/195
f 194/194/194 195/195/195 196/196/196
f 196/196/196 195/195/195 197/197/197
f 197/197/197 195/195/195 198/198/198
f 197/197/197 198/198/198 199/199/199
f 199/199/199 198/198/198 200/200/200
f 199/199/199 200/200/200 201/201/201
f 201/201/201 200/200/200 202/202/202
f 201/201/201 202/202/202 203/203/203
f 203/203/203 202/202/202 204/204/204
f 203/203/203 204/204/204 205/205/205
f 205/205/205 204/204/204 206/206/206
f 205/205/205 206/206/206 207/207/207
f 207/207/207 206/206/206 208/208/208
f 209/209/209 210/210/210 211/211/211
f 211/211/211 210/210/210 212/212/212
f 212/212/212 210/210/210 213/213/213
f 212/212/212 213/213/213 214/214/214
f 214/214/214 213/213/213 215/215/215
f 214/214/214 215/215/215 216/216/216
f 216/216/216 215/215/215 217/217/217
f 216/216/216 217/217/217 218/218/218
f 218/218/218 217/217/217 219/219/219
f 218/218/218 219/219/219 220/220/220
f 220/220/220 219/219/219 221/221/221
f 220/220/220 221/221/221 222/222/222
f 222/222/222 221/221/221 223/223/223
f 222/222/222 223/223/223 224/224/224
f 224/224/224 223/223/223 225/225/225
f 224/224/224 225/225/225 226/226/226
f 226/226/226 225/225/225 227/227/227
f 226/226/226 227/227/227 228/228/228
f 228/228/228 227/227/227 229/229/229
f 228/228/228 229/229/229 230/230/230
f 230/230/230 229/229/229 231/231/231
f 230/230/230 231/231/231 232/232/232
f 232/232/232 231/231/231 233/233/233
f 233/233/233 231/231/231 234/234/234
f 235/235/235 236/236/236 237/237/237
f 237/237/237 236/236/236 238/238/238
f 238/238/238 236/236/236 239/239/239
f 238/238/238 239/239/239 240/240/240
f 240/240/240 239/239/239 241/241/241
f 240/240/240 241/241/241 242/242/242
f 242/242/242 241/241/241 243/243/243
f 242/242/242 243/243/243 244/244/244
f 244/244/244 243/243/243 245/245/245
f 244/244/244 245/245/245 246/246/246
f 246/246/246 245/245/245 247/247/247
f 246/246/246 247/247/247 248/248/248
f 248/248/248 247/247/247 249/249/249
f 248/248/248 249/249/249 250/250/250
f 250/250/250 249/249/249 251/251/251
f 250/250/250 251/251/251 252/252/252
f 252/252/252 251/251/251 253/253/253
f 252/252/252 253/253/253 254/254/254
f 254/254/254 253/253/253 255/255/255
f 254/254/254 255/255/255 256/256/256
f 256/256/256 255/255/255 257/257/257
f 256/256/256 257/257/257 258/258/258
f 258/258/258 257/257/257 259/259/259
f 259/259/259 257/257/257 260/260/260
f 261/261/261 262/262/262 263/263/263
f 263/263/263 262/262/262 264/264/264
f 263/263/263 264/264/264 265/265/265
f 265/265/265 264/264/264 266/266/266
f 265/265/265 266/266/266 267/267/267
f 267/267/267 266/266/266 268/268/268
f 267/267/267 268/268/268 269/269/269
f 269/269/269 268/268/268 270/270/270
f 269/269/269 270/270/270 271/271/271
f 271/271/271 270/270/270 272/272/272
f 271/271/271 272/272/272 273/273/273
f 273/273/273 272/272/272 274/274/274
f 273/273/273 274/274/274 275/275/275
f 275/275/275 274/274/274 276/276/276
f 275/275/275 276/276/276 277/277/277
f 277/277/277 276/276/276 278/278/278
f 277/277/277 278/278/278 279/279/279
f 279/279/279 278/278/278 280/280/280
f 279/279/279 280/280/280 281/281/281
f 281/281/281 280/280/280 282/282/282
f 281/281/281 282/282/282 283/283/283
f 283/283/283 282/282/282 284/284/284
f 283/283/283 284/284/284 285/285/285
f 285/285/285 284/284/284 286/286/286
f 287/287/287 288/288/288 289/289/289
f 289/289/289 288/288/288 290/290/290
f 289/289/289 290/290/290 291/291/291
f 291/291/291 290/290/290 292/292/292
f 291/291/291 292/292/292 293/293/293
f 293/293/293 292/292/292 294/294/294
f 293/293/293 294/294/294 295/295/295
f 295/295/295 294/294/294 296/296/296
f 295/295/295 296/296/296 297/297/297
f 297/297/297 296/296/296 298/298/298
f 297/297/297 298/298/298 299/299/299
f 299/299/299 298/298/298 300/300/300
f 299/299/299 300/300/300 301/301/301
f 301/301/301 300/300/300 302/302/302
f 301/301/301 302/302/302 303/303/303
f 303/303/303 302/302/302 304/304/304
f 303/303/303 304/304/304 305/305/305
f 305/305/305 304/304/304 306/306/306
f 305/305/305 306/306/306 307/307/307
f 307/307/307 306/306/306 308/308/308
f 307/307/307 308/308/308 309/309/309
f 309/309/309 308/308/308 310/310/310
f 309/309/309 310/310/310 311/311/311
f 311/311/311 310/310/310 312/312/312
f 313/313/313 314/314/314 315/315/315
f 315/315/315 314/314/314 316/316/316
f 315/315/315 316/316/316 317/317/317
f 317/317/317 316/316/316 318/318/318
f 317/317/317 318/318/318 319/319/319
f 319/319/319 318/318/318 320/320/320
f 319/319/319 320/320/320 321/321/321
f 321/321/321 320/320/320 322/322/322
f 321/321/321 322/322/322 323/323/323
f 323/323/323 322/322/322 324/324/324
f 323/323/323 324/324/324 325/325/325
f 325/325/325 324/324/324 326/326/326
f 325/325/325 326/326/326 327/327/327
f 327/327/327 326/326/326 328/328/328
f 327/327/327 328/328/328 329/329/329
f 329/329/329 328/328/328 330/330/330
f 329/329/329 330/330/330 331/331/331
f 331/331/331 330/330/330 332/332/332
f 331/331/331 332/332/332 333/333/333
f 333/333/333 332/332/332 334/334/334
f 333/333/333 334/334/334 335/335/335
f 335/335/335 334/334/334 336/336/336
f 335/335/335 336/336/336 337/337/337
f 338/338/338 339/339/339 340/340/340
f 340/340/340 339/339/339 341/341/341
f 340/340/340 341/341/341 342/342/342
f 342/342/342 341/341/341 343/343/343
f 342/342/342 343/343/343 344/344/344
f 344/344/344 343/343/343 345/345/345
f 344/344/344 345/345/345 346/346/346
f 346/346/346 345/345/345 347/347/347
f 346/346/346 347/347/347 348/348/348
f 348/348/348 347/347/347 349/349/349
f 348/348/348 349/349/349 350/350/350
f 350/350/350 349/349/349 351/351/351
f 350/350/350 351/351/351 352/352/352
f 352/352/352 351/351/351 353/353/353
f 352/352/352 353/353/353 354/354/354
f 354/354/354 353/353/353 355/355/355
f 354/354/354 355/355/355 356/356/356
f 356/356/356 355/355/355 357/357/357
f 356/356/356 357/357/357 358/358/358
f 358/358/358 357/357/357 359/359/359
f 358/358/358 359/359/359 360/360/360
f 360/360/360 359/359/359 361/361/361
f 360/360/360 361/361/361 362/362/362
f 363/363/363 364/364/364 365/365/365
f 365/365/365 364/364/364 366/366/366
f 365/365/365 366/366/366 367/367/367
f 367/367/367 366/366/366 368/368/368
f 367/367/367 368/368/368 369/369/369
f 369/369/369 368/368/368 370/370/370
f 369/369/369 370/370/370 371/371/371
f 371/371/371 370/370/370 372/372/372
f 371/371/371 372/372/372 373/373/373
f 373/373/373 372/372/372 374/374/374
f 373/373/373 374/374/374 375/375/375
f 375/375/375 374/374/374 376/376/376
f 375/375/375 376/376/376 377/377/377
f 377/377/377 376/376/376 378/378/378
f 377/377/377 378/378/378 379/379/379
f 379/379/379 378/378/378 380/380/380
f 379/379/379 380/380/380 381/381/381
f 381/381/381 380/380/380 382/382/382
f 381/381/381 382/382/382 383/383/383
f 383/383/383 382/382/382 384/384/384
f 383/383/383 384/384/384 385/385/385
f 385/385/385 384/384/384 339/339/339
f 385/385/385 339/339/339 338/338/338
f 386/386/386 387/387/387 388/388/388
f 388/388/388 387/387/387 389/389/389
f 388/388/388 389/389/389 390/390/390
f 390/390/390 389/389/389 391/391/391
f 390/390/390 391/391/391 392/392/392
f 392/392/392 391/391/391 393/393/393
f 392/392/392 393/393/393 394/394/394
f 394/394/394 393/393/393 395/395/395
f 394/394/394 395/395/395 396/396/396
f 396/396/396 395/395/395 397/397/397
f 396/396/396 397/397/397 398/398/398
f 398/398/398 397/397/397 399/399/399
f 398/398/398 399/399/399 400/400/400
f 400/400/400 399/399/399 401/401/401
f 400/400/400 401/401/401 402/402/402
f 402/402/402 401/401/401 403/403/403
f 402/402/402 403/403/403 404/404/404
f 404/404/404 403/403/403 405/405/405
f 404/404/404 405/405/405 406/406/406
f 406/406/406 405/405/405 407/407/407
f 406/406/406 407/407/407 408/408/408
f 408/408/408 407/407/407 314/314/314
f 408/408/408 314/314/314 313/313/313
f 409/409/409 410/410/410 411/411/411
f 411/411/411 410/410/410 412/412/412
f 411/411/411 412/412/412 413/413/413
f 413/413/413 412/412/412 414/414/414
f 413/413/413 414/414/414 415/415/415
f 415/415/415 414/414/414 416/416/416
f 415/415/415 416/416/416 417/417/417
f 417/417/417 416/416/416 418/418/418
f 417/417/417 418/418/418 419/419/419
f 419/419/419 418/418/418 420/420/420
f 419/419/419 420/420/420 421/421/421
f 421/421/421 420/420/420 422/422/422
f 421/421/421 422/422/422 423/423/423
f 423/423/423 422/422/422 424/424/424
f 423/423/423 424/424/424 425/425/425
f 425/425/425 424/424/424 426/426/426
f 425/425/425 426/426/426 427/427/427
f 427/427/427 426/426/426 428/428/428
f 427/427/427 428/428/428 429/429/429
f 429/429/429 428/428/428 430/430/430
f 429/429/429 430/430/430 431/431/431
f 431/431/431 430/430/430 432/432/432
f 431/431/431 432/432/432 287/287/287
f 287/287/287 432/432/432 288/288/288
f 433/433/433 434/434/434 435/435/435
f 435/435/435 434/434/434 436/436/436
f 435/435/435 436/436/436 437/437/437
f 437/437/437 436/436/436 438/438/438
f 437/437/437 438/438/438 439/439/439
f 439/439/439 438/438/438 440/440/440
f 439/439/439 440/440/440 441/441/441
f 441/441/441 440/440/440 442/442/442
f 441/441/441 442/442/442 443/443/443
f 443/443/443 442/442/442 444/444/444
f 443/443/443 444/444/444 445/445/445
f 445/445/445 444/444/444 446/446/446
f 445/445/445 446/446/446 447/447/447
f 447/447/447 446/446/446 448/448/448
f 447/447/447 448/448/448 449/449/449
f 449/449/449 448/448/448 450/450/450
f 449/449/449 450/450/450 451/451/451
f 451/451/451 450/450/450 452/452/452
f 451/451/451 452/452/452 453/453/453
f 453/453/453 452/452/452 454/454/454
f 453/453/453 454/454/454 455/455/455
f 455/455/455 454/454/454 456/456/456
f 455/455/455 456/456/456 261/261/261
f 261/261/261 456/456/456 262/262/262
f 457/457/457 458/458/458 459/459/459
f 459/459/459 458/458/458 460/460/460
f 459/459/459 460/460/460 461/461/461
f 461/461/461 460/460/460 462/462/462
f 461/461/461 462/462/462 463/463/463
f 463/463/463 462/462/462 464/464/464
f 463/463/463 464/464/464 465/465/465
f 465/465/465 464/464/464 466/466/466
f 465/465/465 466/466/466 467/467/467
f 467/467/467 466/466/466 468/468/468
f 467/467/467 468/468/468 469/469/469
f 469/469/469 468/468/468 470/470/470
f 469/469/469 470/470/470 471/471/471
f 458/458/458 457/457/457 472/472/472
f 472/472/472 457/457/457 473/473/473
f 472/472/472 473/473/473 474/474/474
f 474/474/474 473/473/473 475/475/475
f 474/474/474 475/475/475 476/476/476
f 476/476/476 475/475/475 477/477/477
f 476/476/476 477/477/477 478/478/478
f 478/478/478 477/477/477 479/479/479
f 478/478/478 479/479/479 480/480/480
f 481/481/481 482/482/482 483/483/483
f 483/483/483 482/482/482 484/484/484
f 483/483/483 484/484/484 485/485/485
f 483/483/483 485/485/485 486/486/486
f 486/486/486 485/485/485 487/487/487
f 486/486/486 487/487/487 488/488/488
f 488/488/488 487/487/487 489/489/489
f 488/488/488 489/489/489 490/490/490
f 490/490/490 489/489/489 491/491/491
f 490/490/490 491/491/491 492/492/492
f 492/492/492 491/491/491 493/493/493
f 492/492/492 493/493/493 494/494/494
f 494/494/494 493/493/493 495/495/495
f 494/494/494 495/495/495 496/496/496
f 496/496/496 495/495/495 497/497/497
f 496/496/496 497/497/497 498/498/498
f 498/498/498 497/497/497 499/499/499
f 498/498/498 499/499/499 500/500/500
f 500/500/500 499/499/499 501/501/501
f 500/500/500 501/501/501 502/502/502
f 502/502/502 501/501/501 503/503/503
f 502/502/502 503/503/503 504/504/504
f 504/504/504 503/503/503 235/235/235
f 504/504/504 235/235/235 237/237/237
f 505/505/505 506/506/506 507/507/507
f 507/507/507 506/506/506 508/508/508
f 507/507/507 508/508/508 509/509/509
f 509/509/509 508/508/508 510/510/510
f 509/509/509 510/510/510 511/511/511
f 511/511/511 510/510/510 512/512/512
f 511/511/511 512/512/512 513/513/513
f 513/513/513 512/512/512 514/514/514
f 513/513/513 514/514/514 515/515/515
f 515/515/515 514/514/514 516/516/516
f 515/515/515 516/516/516 517/517/517
f 517/517/517 516/516/516 518/518/518
f 517/517/517 518/518/518 519/519/519
f 519/519/519 518/518/518 520/520/520
f 520/520/520 518/518/518 521/521/521
f 520/520/520 521/521/521 522/522/522
f 522/522/522 521/521/521 523/523/523
f 522/522/522 523/523/523 524/524/524
f 524/524/524 523/523/523 525/525/525
f 524/524/524 525/525/525 526/526/526
f 526/526/526 525/525/525 527/527/527
f 526/526/526 527/527/527 528/528/528
f 528/528/528 527/527/527 529/529/529
f 528/528/528 529/529/529 530/530/530
f 530/530/530 529/529/529 531/531/531
f 530/530/530 531/531/531 532/532/532
f 530/530/530 532/532/532 533/533/533
f 533/533/533 532/532/532 534/534/534
f 533/533/533 534/534/534 535/535/535
f 535/535/535 534/534/534 536/536/536
f 535/535/535 536/536/536 537/537/537
f 537/537/537 536/536/536 538/538/538
f 537/537/537 538/538/538 539/539/539
f 539/539/539 538/538/538 540/540/540
f 539/539/539 540/540/540 541/541/541
f 541/541/541 540/540/540 542/542/542
f 541/541/541 542/542/542 543/543/543
f 543/543/543 542/542/542 544/544/544
f 544/544/544 542/542/542 545/545/545
f 544/544/544 545/545/545 546/546/546
f 546/546/546 545/545/545 547/547/547
f 546/546/546 547/547/547 548/548/548
f 548/548/548 547/547/547 549/549/549
f 548/548/548 549/549/549 550/550/550
f 550/550/550 549/549/549 551/551/551
f 550/550/550 551/551/551 552/552/552
f 552/552/552 551/551/551 505/505/505
f 552/552/552 505/505/505 507/507/507
f 553/553/553 554/554/554 555/555/555
f 555/555/555 554/554/554 556/556/556
f 555/555/555 556/556/556 557/557/557
f 557/557/557 556/556/556 558/558/558
f 557/557/557 558/558/558 559/559/559
f 559/559/559 558/558/558 560/560/560
f 559/559/559 560/560/560 561/561/561
f 561/561/561 560/560/560 562/562/562
f 561/561/561 562/562/562 563/563/563
f 563/563/563 562/562/562 564/564/564
f 563/563/563 564/564/564 565/565/565
f 565/565/565 564/564/564 566/566/566
f 565/565/565 566/566/566 567/567/567
f 554/554/554 553/553/553 568/568/568
f 568/568/568 553/553/553 569/569/569
f 568/568/568 569/569/569 570/570/570
f 570/570/570 569/569/569 571/571/571
f 570/570/570 571/571/571 572/572/572
f 572/572/572 571/571/571 573/573/573
f 572/572/572 573/573/573 574/574/574
f 574/574/574 573/573/573 575/575/575
f 574/574/574 575/575/575 576/576/576
f 577/577/577 578/578/578 579/579/579
f 579/579/579 578/578/578 580/580/580
f 579/579/579 580/580/580 581/581/581
f 579/579/579 581/581/581 582/582/582
f 582/582/582 581/581/581 583/583/583
f 582/582/582 583/583/583 584/584/584
f 584/584/584 583/583/583 585/585/585
f 584/584/584 585/585/585 586/586/586
f 586/586/586 585/585/585 587/587/587
f 586/586/586 587/587/587 588/588/588
f 588/588/588 587/587/587 589/589/589
f 588/588/588 589/589/589 590/590/590
f 590/590/590 589/589/589 591/591/591
f 590/590/590 591/591/591 592/592/592
f 592/592/592 591/591/591 593/593/593
f 592/592/592 593/593/593 594/594/594
f 594/594/594 593/593/593 595/595/595
f 594/594/594 595/595/595 596/596/596
f 596/596/596 595/595/595 597/597/597
f 596/596/596 597/597/597 598/598/598
f 598/598/598 597/597/597 599/599/599
f 598/598/598 599/599/599 600/600/600
f 600/600/600 599/599/599 209/209/209
f 600/600/600 209/209/209 211/211/211
f 601/601/601 602/602/602 603/603/603
f 603/603/603 602/602/602 604/604/604
f 603/603/603 604/604/604 605/605/605
f 605/605/605 604/604/604 606/606/606
f 605/605/605 606/606/606 607/607/607
f 607/607/607 606/606/606 608/608/608
f 607/607/607 608/608/608 609/609/609
f 609/609/609 608/608/608 610/610/610
f 609/609/609 610/610/610 611/611/611
f 611/611/611 610/610/610 612/612/612
f 611/611/611 612/612/612 613/613/613
f 613/613/613 612/612/612 614/614/614
f 613/613/613 614/614/614 615/615/615
f 615/615/615 614/614/614 616/616/616
f 616/616/616 614/614/614 617/617/617
f 616/616/616 617/617/617 618/618/618
f 618/618/618 617/617/617 619/619/619
f 618/618/618 619/619/619 620/620/620
f 620/620/620 619/619/619 621/621/621
f 620/620/620 621/621/621 622/622/622
f 622/622/622 621/621/621 623/623/623
f 622/622/622 623/623/623 624/624/624
f 624/624/624 623/623/623 625/625/625
f 624/624/624 625/625/625 626/626/626
f 626/626/626 625/625/625 627/627/627
f 626/626/626 627/627/627 628/628/628
f 626/626/626 628/628/628 629/629/629
f 629/629/629 628/628/628 630/630/630
f 629/629/629 630/630/630 631/631/631
f 631/631/631 630/630/630 632/632/632
f 631/631/631 632/632/632 633/633/633
f 633/633/633 632/632/632 634/634/634
f 633/633/633 634/634/634 635/635/635
f 635/635/635 634/634/634 636/636/636
f 635/635/635 636/636/636 637/637/637
f 637/637/637 636/636/636 638/638/638
f 637/637/637 638/638/638 639/639/639
f 639/639/639 638/638/638 640/640/640
f 640/640/640 638/638/638 641/641/641
f 640/640/640 641/641/641 642/642/642
f 642/642/642 641/641/641 643/643/643
f 642/642/642 643/643/643 644/644/644
f 644/644/644 643/643/643 645/645/645
f 644/644/644 645/645/645 646/646/646
f 646/646/646 645/645/645 647/647/647
f 646/646/646 647/647/647 648/648/648
f 648/648/648 647/647/647 601/601/601
f 648/648/648 601/601/601 603/603/603
f 649/649/649 650/650/650 651/651/651
f 651/651/651 650/650/650 652/652/652
f 651/651/651 652/652/652 653/653/653
f 653/653/653 652/652/652 654/654/654
f 653/653/653 654/654/654 655/655/655
f 655/655/655 654/654/654 656/656/656
f 655/655/655 656/656/656 657/657/657
f 657/657/657 656/656/656 658/658/658
f 657/657/657 658/658/658 659/659/659
f 659/659/659 658/658/658 660/660/660
f 659/659/659 660/660/660 661/661/661
f 661/661/661 660/660/660 662/662/662
f 661/661/661 662/662/662 663/663/663
f 661/661/661 663/663/663 664/664/664
f 664/664/664 663/663/663 665/665/665
f 664/664/664 665/665/665 666/666/666
f 666/666/666 665/665/665 667/667/667
f 666/666/666 667/667/667 668/668/668
f 668/668/668 667/667/667 669/669/669
f 668/668/668 669/669/669 670/670/670
f 670/670/670 669/669/669 671/671/671
f 670/670/670 671/671/671 672/672/672
f 672/672/672 671/671/671 183/183/183
f 672/672/672 183/183/183 185/185/185
f 673/673/673 674/674/674 675/675/675
f 675/675/675 674/674/674 676/676/676
f 675/675/675 676/676/676 677/677/677
f 677/677/677 676/676/676 678/678/678
f 677/677/677 678/678/678 679/679/679
f 679/679/679 678/678/678 680/680/680
f 679/679/679 680/680/680 681/681/681
f 681/681/681 680/680/680 682/682/682
f 681/681/681 682/682/682 683/683/683
f 683/683/683 682/682/682 684/684/684
f 683/683/683 684/684/684 685/685/685
f 685/685/685 684/684/684 686/686/686
f 685/685/685 686/686/686 687/687/687
f 687/687/687 686/686/686 688/688/688
f 688/688/688 686/686/686 689/689/689
f 688/688/688 689/689/689 690/690/690
f 690/690/690 689/689/689 691/691/691
f 690/690/690 691/691/691 692/692/692
f 692/692/692 691/691/691 693/693/693
f 692/692/692 693/693/693 694/694/694
f 694/694/694 693/693/693 695/695/695
f 694/694/694 695/695/695 696/696/696
f 696/696/696 695/695/695 697/697/697
f 696/696/696 697/697/697 698/698/698
f 698/698/698 697/697/697 699/699/699
f 698/698/698 699/699/699 700/700/700
f 698/698/698 700/700/700 701/701/701
f 701/701/701 700/700/700 702/702/702
f 701/701/701 702/702/702 703/703/703
f 703/703/703 702/702/702 704/704/704
f 703/703/703 704/704/704 705/705/705
f 705/705/705 704/704/704 706/706/706
f 705/705/705 706/706/706 707/707/707
f 707/707/707 706/706/706 708/708/708
f 707/707/707 708/708/708 709/709/709
f 709/709/709 708/708/708 710/710/710
f 709/709/709 710/710/710 711/711/711
f 711/711/711 710/710/710 712/712/712
f 712/712/712 710/710/710 713/713/713
f 712/712/712 713/713/713 714/714/714
f 714/714/714 713/713/713 715/715/715
f 714/714/714 715/715/715 716/716/716
f 716/716/716 715/715/715 717/717/717
f 716/716/716 717/717/717 718/718/718
f 718/718/718 717/717/717 719/719/719
f 718/718/718 719/719/719 720/720/720
f 720/720/720 719/719/719 673/673/673
f 720/720/720 673/673/673 675/675/675
f 721/721/721 722/722/722 723/723/723
f 723/723/723 722/722/722 724/724/724
f 723/723/723 724/724/724 725/725/725
f 725/725/725 724/724/724 726/726/726
f 725/725/725 726/726/726 727/727/727
f 727/727/727 726/726/726 728/728/728
f 727/727/727 728/728/728 729/729/729
f 729/729/729 728/728/728 730/730/730
f 729/729/729 730/730/730 731/731/731
f 731/731/731 730/730/730 732/732/732
f 731/731/731 732/732/732 733/733/733
f 733/733/733 732/732/732 734/734/734
f 733/733/733 734/734/734 735/735/735
f 722/722/722 721/721/721 736/736/736
f 736/736/736 721/721/721 737/737/737
f 736/736/736 737/737/737 738/738/738
f 738/738/738 737/737/737 739/739/739
f 738/738/738 739/739/739 740/740/740
f 740/740/740 739/739/739 741/741/741
f 740/740/740 741/741/741 742/742/742
f 742/742/742 741/741/741 743/743/743
f 742/742/742 743/743/743 744/744/744
f 745/745/745 746/746/746 747/747/747
f 747/747/747 746/746/746 748/748/748
f 747/747/747 748/748/748 749/749/749
f 749/749/749 748/748/748 750/750/750
f 749/749/749 750/750/750 751/751/751
f 751/751/751 750/750/750 752/752/752
f 751/751/751 752/752/752 753/753/753
f 753/753/753 752/752/752 754/754/754
f 753/753/753 754/754/754 755/755/755
f 755/755/755 754/754/754 756/756/756
f 755/755/755 756/756/756 757/757/757
f 757/757/757 756/756/756 758/758/758
f 757/757/757 758/758/758 759/759/759
f 759/759/759 758/758/758 760/760/760
f 759/759/759 760/760/760 761/761/761
f 761/761/761 760/760/760 762/762/762
f 761/761/761 762/762/762 763/763/763
f 763/763/763 762/762/762 764/764/764
f 763/763/763 764/764/764 765/765/765
f 765/765/765 764/764/764 766/766/766
f 765/765/765 766/766/766 767/767/767
f 767/767/767 766/766/766 768/768/768
f 767/767/767 768/768/768 146/146/146
f 146/146/146 768/768/768 144/144/144
f 144/144/144 768/768/768 769/769/769
f 144/144/144 769/769/769 142/142/142
f 142/142/142 769/769/769 770/770/770
f 142/142/142 770/770/770 105/105/105
f 105/105/105 770/770/770 771/771/771
f 105/105/105 771/771/771 106/106/106
f 106/106/106 771/771/771 772/772/772
f 772/772/772 771/771/771 773/773/773
f 773/773/773 771/771/771 774/774/774
f 773/773/773 774/774/774 775/775/775
f 775/775/775 774/774/774 776/776/776
f 775/775/775 776/776/776 777/777/777
f 777/777/777 776/776/776 778/778/778
f 777/777/777 778/778/778 779/779/779
f 779/779/779 778/778/778 780/780/780
f 779/779/779 780/780/780 781/781/781
f 781/781/781 780/780/780 782/782/782
f 781/781/781 782/782/782 783/783/783
f 783/783/783 782/782/782 784/784/784
f 783/783/783 784/784/784 785/785/785
f 785/785/785 784/784/784 786/786/786
f 785/785/785 786/786/786 787/787/787
f 787/787/787 786/786/786 788/788/788
f 787/787/787 788/788/788 789/789/789
f 789/789/789 788/788/788 790/790/790
f 789/789/789 790/790/790 791/791/791
f 791/791/791 790/790/790 792/792/792
f 791/791/791 792/792/792 793/793/793
f 793/793/793 792/792/792 794/794/794
f 794/794/794 792/792/792 795/795/795
f 794/794/794 795/795/795 796/796/796
f 796/796/796 795/795/795 797/797/797
f 796/796/796 797/797/797 798/798/798
f 798/798/798 797/797/797 748/748/748
f 798/798/798 748/748/748 746/746/746
f 146/146/146 148/148/148 767/767/767
f 795/795/795 792/792/792 799/799/799
f 799/799/799 792/792/792 790/790/790
f 799/799/799 790/790/790 800/800/800
f 800/800/800 790/790/790 788/788/788
f 800/800/800 788/788/788 801/801/801
f 801/801/801 788/788/788 786/786/786
f 801/801/801 786/786/786 802/802/802
f 802/802/802 786/786/786 784/784/784
f 802/802/802 784/784/784 803/803/803
f 803/803/803 784/784/784 782/782/782
f 803/803/803 782/782/782 804/804/804
f 804/804/804 782/782/782 780/780/780
f 804/804/804 780/780/780 805/805/805
f 805/805/805 780/780/780 778/778/778
f 805/805/805 778/778/778 806/806/806
f 806/806/806 778/778/778 776/776/776
f 806/806/806 776/776/776 807/807/807
f 807/807/807 776/776/776 774/774/774
f 807/807/807 774/774/774 770/770/770
f 770/770/770 774/774/774 771/771/771
f 750/750/750 748/748/748 797/797/797
f 797/797/797 795/795/795 808/808/808
f 808/808/808 795/795/795 799/799/799
f 808/808/808 799/799/799 809/809/809
f 809/809/809 799/799/799 800/800/800
f 809/809/809 800/800/800 810/810/810
f 810/810/810 800/800/800 801/801/801
f 810/810/810 801/801/801 811/811/811
f 811/811/811 801/801/801 802/802/802
f 811/811/811 802/802/802 812/812/812
f 812/812/812 802/802/802 803/803/803
f 812/812/812 803/803/803 813/813/813
f 813/813/813 803/803/803 804/804/804
f 813/813/813 804/804/804 814/814/814
f 814/814/814 804/804/804 805/805/805
f 814/814/814 805/805/805 815/815/815
f 815/815/815 805/805/805 806/806/806
f 815/815/815 806/806/806 816/816/816
f 816/816/816 806/806/806 807/807/807
f 816/816/816 807/807/807 769/769/769
f 769/769/769 807/807/807 770/770/770
f 752/752/752 750/750/750 808/808/808
f 808/808/808 750/750/750 797/797/797
f 752/752/752 808/808/808 809/809/809
f 754/754/754 752/752/752 809/809/809
f 754/754/754 809/809/809 810/810/810
f 756/756/756 754/754/754 810/810/810
f 756/756/756 810/810/810 811/811/811
f 758/758/758 756/756/756 811/811/811
f 758/758/758 811/811/811 812/812/812
f 760/760/760 758/758/758 812/812/812
f 760/760/760 812/812/812 813/813/813
f 762/762/762 760/760/760 813/813/813
f 762/762/762 813/813/813 814/814/814
f 764/764/764 762/762/762 814/814/814
f 764/764/764 814/814/814 815/815/815
f 766/766/766 764/764/764 815/815/815
f 766/766/766 815/815/815 816/816/816
f 768/768/768 766/766/766 816/816/816
f 768/768/768 816/816/816 769/769/769
f 817/817/817 818/818/818 819/819/819
f 819/819/819 818/818/818 820/820/820
f 820/820/820 818/818/818 821/821/821
f 820/820/820 821/821/821 822/822/822
f 822/822/822 821/821/821 823/823/823
f 822/822/822 823/823/823 824/824/824
f 824/824/824 823/823/823 825/825/825
f 824/824/824 825/825/825 826/826/826
f 826/826/826 825/825/825 827/827/827
f 826/826/826 827/827/827 828/828/828
f 828/828/828 827/827/827 829/829/829
f 828/828/828 829/829/829 830/830/830
f 830/830/830 829/829/829 831/831/831
f 831/831/831 829/829/829 832/832/832
f 831/831/831 832/832/832 833/833/833
f 833/833/833 832/832/832 834/834/834
f 833/833/833 834/834/834 835/835/835
f 835/835/835 834/834/834 836/836/836
f 835/835/835 836/836/836 837/837/837
f 837/837/837 836/836/836 838/838/838
f 837/837/837 838/838/838 839/839/839
f 839/839/839 838/838/838 840/840/840
f 839/839/839 840/840/840 79/79/79
f 79/79/79 840/840/840 80/80/80
f 841/841/841 842/842/842 843/843/843
f 843/843/843 842/842/842 844/844/844
f 843/843/843 844/844/844 845/845/845
f 845/845/845 844/844/844 846/846/846
f 845/845/845 846/846/846 847/847/847
f 847/847/847 846/846/846 848/848/848
f 847/847/847 848/848/848 849/849/849
f 849/849/849 848/848/848 850/850/850
f 849/849/849 850/850/850 851/851/851
f 851/851/851 850/850/850 852/852/852
f 851/851/851 852/852/852 853/853/853
f 853/853/853 852/852/852 854/854/854
f 853/853/853 854/854/854 855/855/855
f 842/842/842 841/841/841 856/856/856
f 856/856/856 841/841/841 857/857/857
f 856/856/856 857/857/857 858/858/858
f 858/858/858 857/857/857 859/859/859
f 858/858/858 859/859/859 860/860/860
f 860/860/860 859/859/859 861/861/861
f 860/860/860 861/861/861 862/862/862
f 862/862/862 861/861/861 863/863/863
f 862/862/862 863/863/863 864/864/864
f 865/865/865 866/866/866 867/867/867
f 867/867/867 866/866/866 868/868/868
f 867/867/867 868/868/868 869/869/869
f 869/869/869 868/868/868 870/870/870
f 869/869/869 870/870/870 871/871/871
f 871/871/871 870/870/870 872/872/872
f 871/871/871 872/872/872 873/873/873
f 873/873/873 872/872/872 874/874/874
f 873/873/873 874/874/874 875/875/875
f 875/875/875 874/874/874 876/876/876
f 875/875/875 876/876/876 877/877/877
f 877/877/877 876/876/876 878/878/878
f 877/877/877 878/878/878 879/879/879
f 879/879/879 878/878/878 880/880/880
f 879/879/879 880/880/880 881/881/881
f 881/881/881 880/880/880 882/882/882
f 881/881/881 882/882/882 883/883/883
f 883/883/883 882/882/882 884/884/884
f 883/883/883 884/884/884 885/885/885
f 885/885/885 884/884/884 886/886/886
f 885/885/885 886/886/886 887/887/887
f 887/887/887 886/886/886 888/888/888
f 887/887/887 888/888/888 42/42/42
f 42/42/42 888/888/888 40/40/40
f 40/40/40 888/888/888 889/889/889
f 40/40/40 889/889/889 38/38/38
f 38/38/38 889/889/889 890/890/890
f 38/38/38 890/890/890 1/1/1
f 1/1/1 890/890/890 891/891/891
f 1/1/1 891/891/891 2/2/2
f 2/2/2 891/891/891 892/892/892
f 892/892/892 891/891/891 893/893/893
f 893/893/893 891/891/891 894/894/894
f 893/893/893 894/894/894 895/895/895
f 895/895/895 894/894/894 896/896/896
f 895/895/895 896/896/896 897/897/897
f 897/897/897 896/896/896 898/898/898
f 897/897/897 898/898/898 899/899/899
f 899/899/899 898/898/898 900/900/900
f 899/899/899 900/900/900 901/901/901
f 901/901/901 900/900/900 902/902/902
f 901/901/901 902/902/902 903/903/903
f 903/903/903 902/902/902 904/904/904
f 903/903/903 904/904/904 905/905/905
f 905/905/905 904/904/904 906/906/906
f 905/905/905 906/906/906 907/907/907
f 907/907/907 906/906/906 908/908/908
f 907/907/907 908/908/908 909/909/909
f 909/909/909 908/908/908 910/910/910
f 909/909/909 910/910/910 911/911/911
f 911/911/911 910/910/910 912/912/912
f 911/911/911 912/912/912 913/913/913
f 913/913/913 912/912/912 914/914/914
f 914/914/914 912/912/912 915/915/915
f 914/914/914 915/915/915 916/916/916
f 916/916/916 915/915/915 917/917/917
f 916/916/916 917/917/917 918/918/918
f 918/918/918 917/917/917 868/868/868
f 918/918/918 868/868/868 866/866/866
f 42/42/42 44/44/44 887/887/887
f 915/915/915 912/912/912 919/919/919
f 919/919/919 912/912/912 910/910/910
f 919/919/919 910/910/910 920/920/920
f 920/920/920 910/910/910 908/908/908
f 920/920/920 908/908/908 921/921/921
f 921/921/921 908/908/908 906/906/906
f 921/921/921 906/906/906 922/922/922
f 922/922/922 906/906/906 904/904/904
f 922/922/922 904/904/904 923/923/923
f 923/923/923 904/904/904 902/902/902
f 923/923/923 902/902/902 924/924/924
f 924/924/924 902/902/902 900/900/900
f 924/924/924 900/900/900 925/925/925
f 925/925/925 900/900/900 898/898/898
f 925/925/925 898/898/898 926/926/926
f 926/926/926 898/898/898 896/896/896
f 926/926/926 896/896/896 927/927/927
f 927/927/927 896/896/896 894/894/894
f 927/927/927 894/894/894 890/890/890
f 890/890/890 894/894/894 891/891/891
f 870/870/870 868/868/868 917/917/917
f 917/917/917 915/915/915 928/928/928
f 928/928/928 915/915/915 919/919/919
f 928/928/928 919/919/919 929/929/929
f 929/929/929 919/919/919 920/920/920
f 929/929/929 920/920/920 930/930/930
f 930/930/930 920/920/920 921/921/921
f 930/930/930 921/921/921 931/931/931
f 931/931/931 921/921/921 922/922/922
f 931/931/931 922/922/922 932/932/932
f 932/932/932 922/922/922 923/923/923
f 932/932/932 923/923/923 933/933/933
f 933/933/933 923/923/923 924/924/924
f 933/933/933 924/924/924 934/934/934
f 934/934/934 924/924/924 925/925/925
f 934/934/934 925/925/925 935/935/935
f 935/935/935 925/925/925 926/926/926
f 935/935/935 926/926/926 936/936/936
f 936/936/936 926/926/926 927/927/927
f 936/936/936 927/927/927 889/889/889
f 889/889/889 927/927/927 890/890/890
f 872/872/872 870/870/870 928/928/928
f 928/928/928 870/870/870 917/917/917
f 872/872/872 928/928/928 929/929/929
f 874/874/874 872/872/872 929/929/929
f 874/874/874 929/929/929 930/930/930
f 876/876/876 874/874/874 930/930/930
f 876/876/876 930/930/930 931/931/931
f 878/878/878 876/876/876 931/931/931
f 878/878/878 931/931/931 932/932/932
f 880/880/880 878/878/878 932/932/932
f 880/880/880 932/932/932 933/933/933
f 882/882/882 880/880/880 933/933/933
f 882/882/882 933/933/933 934/934/934
f 884/884/884 882/882/882 934/934/934
f 884/884/884 934/934/934 935/935/935
f 886/886/886 884/884/884 935/935/935
f 886/886/886 935/935/935 936/936/936
f 888/888/888 886/886/886 936/936/936
f 888/888/888 936/936/936 889/889/889

