# File generated by ImageToStl.com - Free Image and 3D model conversion tools

mtllib link6.mtl

o obj1
v -0.0355 0 -0.0335
v -0.035063 -0.005553 -0.0335
v -0.0355 0 -0.0395
v -0.035063 -0.005553 -0.0395
v -0.033763 -0.01097 -0.0335
v -0.033763 -0.01097 -0.0395
v -0.031631 -0.016117 -0.0335
v -0.031631 -0.016117 -0.0395
v -0.02872 -0.020866 -0.0335
v -0.02872 -0.020866 -0.0395
v -0.025102 -0.025102 -0.0335
v -0.025102 -0.025102 -0.0395
v -0.020866 -0.02872 -0.0335
v -0.020866 -0.02872 -0.0395
v -0.016117 -0.031631 -0.0335
v -0.016117 -0.031631 -0.0395
v -0.01097 -0.033763 -0.0335
v -0.01097 -0.033763 -0.0395
v -0.005553 -0.035063 -0.0335
v -0.005553 -0.035063 -0.0395
v 0 -0.0355 -0.0335
v 0 -0.0355 -0.0395
v 0.005553 -0.035063 -0.0335
v 0.005553 -0.035063 -0.0395
v 0.01097 -0.033763 -0.0335
v 0.01097 -0.033763 -0.0395
v 0.016117 -0.031631 -0.0335
v 0.016117 -0.031631 -0.0395
v 0.020866 -0.02872 -0.0335
v 0.020866 -0.02872 -0.0395
v 0.025102 -0.025102 -0.0335
v 0.025102 -0.025102 -0.0395
v 0.02872 -0.020866 -0.0335
v 0.02872 -0.020866 -0.0395
v 0.031631 -0.016117 -0.0335
v 0.031631 -0.016117 -0.0395
v 0.033763 -0.01097 -0.0335
v 0.033763 -0.01097 -0.0395
v 0.035063 -0.005553 -0.0335
v 0.035063 -0.005553 -0.0395
v 0.0355 0 -0.0395
v 0.0355 0 -0.0335
v -0.014178 0.017678 0
v -0.014678 0.017678 -0.0005
v -0.014389 0.016481 0
v -0.014859 0.016652 -0.0005
v -0.014997 0.015428 0
v -0.01538 0.015749 -0.0005
v -0.015928 0.014647 0
v -0.016178 0.01508 -0.0005
v -0.01707 0.014231 0
v -0.017157 0.014723 -0.0005
v -0.018285 0.014231 0
v -0.018199 0.014723 -0.0005
v -0.019428 0.014647 0
v -0.019178 0.01508 -0.0005
v -0.020359 0.015428 0
v -0.019976 0.015749 -0.0005
v -0.020967 0.016481 0
v -0.020497 0.016652 -0.0005
v -0.021178 0.017678 0
v -0.020678 0.017678 -0.0005
v 0.0035 0.025 0
v 0.003 0.025 -0.0005
v 0.003289 0.023803 0
v 0.002819 0.023974 -0.0005
v 0.002681 0.02275 0
v 0.002298 0.023072 -0.0005
v 0.00175 0.021969 0
v 0.0015 0.022402 -0.0005
v 0.000608 0.021553 0
v 0.000521 0.022046 -0.0005
v -0.000608 0.021553 0
v -0.000521 0.022046 -0.0005
v -0.00175 0.021969 0
v -0.0015 0.022402 -0.0005
v -0.002681 0.02275 0
v -0.002298 0.023072 -0.0005
v -0.003289 0.023803 0
v -0.002819 0.023974 -0.0005
v -0.0035 0.025 0
v -0.003 0.025 -0.0005
v -0.014178 -0.017678 0
v -0.014678 -0.017678 -0.0005
v -0.014389 -0.018875 0
v -0.014859 -0.018704 -0.0005
v -0.014997 -0.019927 0
v -0.01538 -0.019606 -0.0005
v -0.015928 -0.020709 0
v -0.016178 -0.020276 -0.0005
v -0.01707 -0.021124 0
v -0.017157 -0.020632 -0.0005
v -0.018285 -0.021124 0
v -0.018199 -0.020632 -0.0005
v -0.019428 -0.020709 0
v -0.019178 -0.020276 -0.0005
v -0.020359 -0.019927 0
v -0.019976 -0.019606 -0.0005
v -0.020967 -0.018875 0
v -0.020497 -0.018704 -0.0005
v -0.021178 -0.017678 0
v -0.020678 -0.017678 -0.0005
v 0.021178 0.017678 0
v 0.020678 0.017678 -0.0005
v 0.020967 0.016481 0
v 0.020497 0.016652 -0.0005
v 0.020359 0.015428 0
v 0.019976 0.015749 -0.0005
v 0.019428 0.014647 0
v 0.019178 0.01508 -0.0005
v 0.018285 0.014231 0
v 0.018199 0.014723 -0.0005
v 0.01707 0.014231 0
v 0.017157 0.014723 -0.0005
v 0.015928 0.014647 0
v 0.016178 0.01508 -0.0005
v 0.014997 0.015428 0
v 0.01538 0.015749 -0.0005
v 0.014389 0.016481 0
v 0.014859 0.016652 -0.0005
v 0.014178 0.017678 0
v 0.014678 0.017678 -0.0005
v 0.021178 -0.017678 0
v 0.020678 -0.017678 -0.0005
v 0.020967 -0.018875 0
v 0.020497 -0.018704 -0.0005
v 0.020359 -0.019927 0
v 0.019976 -0.019606 -0.0005
v 0.019428 -0.020709 0
v 0.019178 -0.020276 -0.0005
v 0.018285 -0.021124 0
v 0.018199 -0.020632 -0.0005
v 0.01707 -0.021124 0
v 0.017157 -0.020632 -0.0005
v 0.015928 -0.020709 0
v 0.016178 -0.020276 -0.0005
v 0.014997 -0.019927 0
v 0.01538 -0.019606 -0.0005
v 0.014389 -0.018875 0
v 0.014859 -0.018704 -0.0005
v 0.014178 -0.017678 0
v 0.014678 -0.017678 -0.0005
v -0.014678 0.017678 -0.0005
v -0.014678 0.017678 -0.006
v -0.014859 0.016652 -0.0005
v -0.014859 0.016652 -0.006
v -0.01538 0.015749 -0.0005
v -0.01538 0.015749 -0.006
v -0.016178 0.01508 -0.0005
v -0.016178 0.01508 -0.006
v -0.017157 0.014723 -0.0005
v -0.017157 0.014723 -0.006
v -0.018199 0.014723 -0.0005
v -0.018199 0.014723 -0.006
v -0.019178 0.01508 -0.0005
v -0.019178 0.01508 -0.006
v -0.019976 0.015749 -0.0005
v -0.019976 0.015749 -0.006
v -0.020497 0.016652 -0.0005
v -0.020497 0.016652 -0.006
v -0.020678 0.017678 -0.0005
v -0.020678 0.017678 -0.006
v -0.014678 -0.017678 -0.0005
v -0.014678 -0.017678 -0.006
v -0.014859 -0.018704 -0.0005
v -0.014859 -0.018704 -0.006
v -0.01538 -0.019606 -0.0005
v -0.01538 -0.019606 -0.006
v -0.016178 -0.020276 -0.0005
v -0.016178 -0.020276 -0.006
v -0.017157 -0.020632 -0.0005
v -0.017157 -0.020632 -0.006
v -0.018199 -0.020632 -0.0005
v -0.018199 -0.020632 -0.006
v -0.019178 -0.020276 -0.0005
v -0.019178 -0.020276 -0.006
v -0.019976 -0.019606 -0.0005
v -0.019976 -0.019606 -0.006
v -0.020497 -0.018704 -0.0005
v -0.020497 -0.018704 -0.006
v -0.020678 -0.017678 -0.0005
v -0.020678 -0.017678 -0.006
v 0.020678 -0.017678 -0.0005
v 0.020678 -0.017678 -0.006
v 0.020497 -0.018704 -0.0005
v 0.020497 -0.018704 -0.006
v 0.019976 -0.019606 -0.0005
v 0.019976 -0.019606 -0.006
v 0.019178 -0.020276 -0.0005
v 0.019178 -0.020276 -0.006
v 0.018199 -0.020632 -0.0005
v 0.018199 -0.020632 -0.006
v 0.017157 -0.020632 -0.0005
v 0.017157 -0.020632 -0.006
v 0.016178 -0.020276 -0.0005
v 0.016178 -0.020276 -0.006
v 0.01538 -0.019606 -0.0005
v 0.01538 -0.019606 -0.006
v 0.014859 -0.018704 -0.0005
v 0.014859 -0.018704 -0.006
v 0.014678 -0.017678 -0.0005
v 0.014678 -0.017678 -0.006
v 0.020678 0.017678 -0.0005
v 0.020678 0.017678 -0.006
v 0.020497 0.016652 -0.0005
v 0.020497 0.016652 -0.006
v 0.019976 0.015749 -0.0005
v 0.019976 0.015749 -0.006
v 0.019178 0.01508 -0.0005
v 0.019178 0.01508 -0.006
v 0.018199 0.014723 -0.0005
v 0.018199 0.014723 -0.006
v 0.017157 0.014723 -0.0005
v 0.017157 0.014723 -0.006
v 0.016178 0.01508 -0.0005
v 0.016178 0.01508 -0.006
v 0.01538 0.015749 -0.0005
v 0.01538 0.015749 -0.006
v 0.014859 0.016652 -0.0005
v 0.014859 0.016652 -0.006
v 0.014678 0.017678 -0.0005
v 0.014678 0.017678 -0.006
v 0.003 0.025 -0.0005
v 0.003 0.025 -0.006
v 0.002819 0.023974 -0.0005
v 0.002819 0.023974 -0.006
v 0.002298 0.023072 -0.0005
v 0.002298 0.023072 -0.006
v 0.0015 0.022402 -0.0005
v 0.0015 0.022402 -0.006
v 0.000521 0.022046 -0.0005
v 0.000521 0.022046 -0.006
v -0.000521 0.022046 -0.0005
v -0.000521 0.022046 -0.006
v -0.0015 0.022402 -0.0005
v -0.0015 0.022402 -0.006
v -0.002298 0.023072 -0.0005
v -0.002298 0.023072 -0.006
v -0.002819 0.023974 -0.0005
v -0.002819 0.023974 -0.006
v -0.003 0.025 -0.0005
v -0.003 0.025 -0.006
v 0.01675 0 0
v 0.01575 0 -0.001
v 0.01633 -0.003727 0
v 0.015292 -0.003769 -0.001
v 0.015091 -0.007268 0
v 0.013946 -0.007319 -0.001
v 0.013096 -0.010443 0
v 0.011789 -0.010444 -0.001
v 0.010443 -0.013096 0
v 0.008947 -0.012962 -0.001
v 0.007268 -0.015091 0
v 0.005585 -0.014727 -0.001
v 0.003727 -0.01633 0
v 0.001898 -0.015635 -0.001
v 0 -0.01675 0
v -0.001898 -0.015635 -0.001
v -0.003727 -0.01633 0
v -0.005585 -0.014727 -0.001
v -0.007268 -0.015091 0
v -0.008947 -0.012962 -0.001
v -0.010443 -0.013096 0
v -0.011789 -0.010444 -0.001
v -0.013096 -0.010443 0
v -0.013946 -0.007319 -0.001
v -0.015091 -0.007268 0
v -0.015292 -0.003769 -0.001
v -0.01633 -0.003727 0
v -0.01575 0 -0.001
v -0.01675 0 0
v 0.01575 0 -0.001
v 0.01575 0 -0.006
v 0.015292 -0.003769 -0.001
v 0.015292 -0.003769 -0.006
v 0.013946 -0.007319 -0.001
v 0.013946 -0.007319 -0.006
v 0.011789 -0.010444 -0.001
v 0.011789 -0.010444 -0.006
v 0.008947 -0.012962 -0.001
v 0.008947 -0.012962 -0.006
v 0.005585 -0.014727 -0.001
v 0.005585 -0.014727 -0.006
v 0.001898 -0.015635 -0.001
v 0.001898 -0.015635 -0.006
v -0.001898 -0.015635 -0.001
v -0.001898 -0.015635 -0.006
v -0.005585 -0.014727 -0.001
v -0.005585 -0.014727 -0.006
v -0.008947 -0.012962 -0.001
v -0.008947 -0.012962 -0.006
v -0.011789 -0.010444 -0.001
v -0.011789 -0.010444 -0.006
v -0.013946 -0.007319 -0.001
v -0.013946 -0.007319 -0.006
v -0.015292 -0.003769 -0.001
v -0.015292 -0.003769 -0.006
v -0.01575 0 -0.001
v -0.01575 0 -0.006
v -0.006881 0.045 -0.028595
v -0.006466 0.045 -0.026241
v -0.006832 0.045309 -0.028595
v -0.00641 0.045342 -0.026262
v -0.00669 0.045588 -0.028595
v -0.006247 0.045643 -0.026321
v -0.006469 0.045809 -0.028595
v -0.005997 0.045866 -0.026412
v -0.00619 0.045951 -0.028595
v -0.00569 0.045985 -0.026524
v -0.005881 0.046 -0.028595
v -0.005527 0.046 -0.026583
v -0.004505 0.046 -0.024814
v -0.004638 0.045985 -0.024703
v -0.002941 0.046 -0.023501
v -0.003028 0.045985 -0.023351
v -0.001021 0.046 -0.022803
v -0.001051 0.045985 -0.022632
v 0.001021 0.046 -0.022803
v 0.001051 0.045985 -0.022632
v 0.002941 0.046 -0.023501
v 0.003028 0.045985 -0.023351
v 0.004505 0.046 -0.024814
v 0.004638 0.045985 -0.024703
v 0.005527 0.046 -0.026583
v 0.00569 0.045985 -0.026524
v 0.005881 0.046 -0.028595
v 0.00619 0.045951 -0.028595
v 0.005997 0.045866 -0.026412
v 0.006469 0.045809 -0.028595
v 0.006247 0.045643 -0.026321
v 0.00669 0.045588 -0.028595
v 0.00641 0.045342 -0.026262
v 0.006832 0.045309 -0.028595
v 0.006466 0.045 -0.026241
v 0.006881 0.045 -0.028595
v -0.005225 0.045342 -0.02421
v -0.005271 0.045 -0.024171
v -0.003411 0.045342 -0.022687
v -0.003441 0.045 -0.022635
v -0.001184 0.045342 -0.021877
v -0.001195 0.045 -0.021818
v 0.001184 0.045342 -0.021877
v 0.001195 0.045 -0.021818
v 0.003411 0.045342 -0.022687
v 0.003441 0.045 -0.022635
v 0.005225 0.045342 -0.02421
v 0.005271 0.045 -0.024171
v -0.005092 0.045643 -0.024322
v -0.003324 0.045643 -0.022838
v -0.001154 0.045643 -0.022048
v 0.001154 0.045643 -0.022048
v 0.003324 0.045643 -0.022838
v 0.005092 0.045643 -0.024322
v -0.004888 0.045866 -0.024493
v -0.003191 0.045866 -0.023068
v -0.001108 0.045866 -0.02231
v 0.001108 0.045866 -0.02231
v 0.003191 0.045866 -0.023068
v 0.004888 0.045866 -0.024493
v 0.006881 0.036863 -0.028595
v 0.006881 0.045 -0.028595
v 0.006751 0.036888 -0.02727
v 0.006466 0.045 -0.026241
v 0.006356 0.036957 -0.025959
v 0.005708 0.037063 -0.024755
v 0.005271 0.045 -0.024171
v 0.004866 0.037183 -0.023729
v 0.003441 0.045 -0.022635
v 0.00384 0.037303 -0.022887
v 0.002636 0.037407 -0.022238
v 0.001195 0.045 -0.021818
v 0.001325 0.037476 -0.021844
v 0 0.0375 -0.021713
v -0.001195 0.045 -0.021818
v -0.001325 0.037476 -0.021844
v -0.002636 0.037407 -0.022238
v -0.003441 0.045 -0.022635
v -0.00384 0.037303 -0.022887
v -0.004866 0.037183 -0.023729
v -0.005271 0.045 -0.024171
v -0.005708 0.037063 -0.024755
v -0.006466 0.045 -0.026241
v -0.006356 0.036957 -0.025959
v -0.006751 0.036888 -0.02727
v -0.006881 0.045 -0.028595
v -0.006881 0.036863 -0.028595
v -0.0315 0 -0.001
v -0.0305 0 0
v -0.03107 0.005185 -0.001
v -0.030037 0.005296 0
v -0.029793 0.010228 -0.001
v -0.028661 0.010432 0
v -0.027703 0.014992 -0.001
v -0.026414 0.01525 0
v -0.024858 0.019348 -0.001
v -0.023364 0.019605 0
v -0.021334 0.023175 -0.001
v -0.019605 0.023364 0
v -0.017229 0.026371 -0.001
v -0.01525 0.026414 0
v -0.012653 0.028847 -0.001
v -0.010432 0.028661 0
v -0.007733 0.030536 -0.001
v -0.005296 0.030037 0
v -0.002601 0.031392 -0.001
v 0 0.0305 0
v 0.002601 0.031392 -0.001
v 0.005296 0.030037 0
v 0.007733 0.030536 -0.001
v 0.010432 0.028661 0
v 0.012653 0.028847 -0.001
v 0.01525 0.026414 0
v 0.017229 0.026371 -0.001
v 0.019605 0.023364 0
v 0.021334 0.023175 -0.001
v 0.023364 0.019605 0
v 0.024858 0.019348 -0.001
v 0.026414 0.01525 0
v 0.027703 0.014992 -0.001
v 0.028661 0.010432 0
v 0.029793 0.010228 -0.001
v 0.030037 0.005296 0
v 0.03107 0.005185 -0.001
v 0.0305 0 0
v 0.0315 0 -0.001
v -0.0375 0 -0.008
v -0.0365 0 -0.007
v -0.037038 0.005866 -0.008
v -0.036051 0.00571 -0.007
v -0.035665 0.011588 -0.008
v -0.034714 0.011279 -0.007
v -0.033413 0.017025 -0.008
v -0.032522 0.016571 -0.007
v -0.030338 0.022042 -0.008
v -0.029529 0.021454 -0.007
v -0.026517 0.026517 -0.008
v -0.025809 0.025809 -0.007
v -0.022042 0.030338 -0.008
v -0.021454 0.029529 -0.007
v -0.017025 0.033413 -0.008
v -0.016571 0.032522 -0.007
v -0.011588 0.035665 -0.008
v -0.011279 0.034714 -0.007
v -0.005866 0.037038 -0.008
v -0.00571 0.036051 -0.007
v 0 0.0375 -0.008
v 0 0.0365 -0.007
v 0.005866 0.037038 -0.008
v 0.00571 0.036051 -0.007
v 0.011588 0.035665 -0.008
v 0.011279 0.034714 -0.007
v 0.017025 0.033413 -0.008
v 0.016571 0.032522 -0.007
v 0.022042 0.030338 -0.008
v 0.021454 0.029529 -0.007
v 0.026517 0.026517 -0.008
v 0.025809 0.025809 -0.007
v 0.030338 0.022042 -0.008
v 0.029529 0.021454 -0.007
v 0.033413 0.017025 -0.008
v 0.032522 0.016571 -0.007
v 0.035665 0.011588 -0.008
v 0.034714 0.011279 -0.007
v 0.037038 0.005866 -0.008
v 0.036051 0.00571 -0.007
v 0.0375 0 -0.008
v 0.0365 0 -0.007
v -0.0315 0 -0.001
v -0.03107 0.005185 -0.001
v -0.0315 0 -0.007
v -0.03107 0.005185 -0.007
v -0.029793 0.010228 -0.001
v -0.029793 0.010228 -0.007
v -0.027703 0.014992 -0.001
v -0.027703 0.014992 -0.007
v -0.024858 0.019348 -0.001
v -0.024858 0.019348 -0.007
v -0.021334 0.023175 -0.001
v -0.021334 0.023175 -0.007
v -0.017229 0.026371 -0.001
v -0.017229 0.026371 -0.007
v -0.012653 0.028847 -0.001
v -0.012653 0.028847 -0.007
v -0.007733 0.030536 -0.001
v -0.007733 0.030536 -0.007
v -0.002601 0.031392 -0.001
v -0.002601 0.031392 -0.007
v 0.002601 0.031392 -0.001
v 0.002601 0.031392 -0.007
v 0.007733 0.030536 -0.001
v 0.007733 0.030536 -0.007
v 0.012653 0.028847 -0.001
v 0.012653 0.028847 -0.007
v 0.017229 0.026371 -0.001
v 0.017229 0.026371 -0.007
v 0.021334 0.023175 -0.001
v 0.021334 0.023175 -0.007
v 0.024858 0.019348 -0.001
v 0.024858 0.019348 -0.007
v 0.027703 0.014992 -0.001
v 0.027703 0.014992 -0.007
v 0.029793 0.010228 -0.001
v 0.029793 0.010228 -0.007
v 0.03107 0.005185 -0.001
v 0.03107 0.005185 -0.007
v 0.0315 0 -0.007
v 0.0315 0 -0.001
v -0.0375 0 -0.0395
v -0.0375 0 -0.008
v -0.037038 0.005866 -0.0395
v -0.037038 0.005866 -0.008
v -0.035665 0.011588 -0.0395
v -0.035665 0.011588 -0.008
v -0.033413 0.017025 -0.0395
v -0.033413 0.017025 -0.008
v -0.030338 0.022042 -0.0395
v -0.030338 0.022042 -0.008
v -0.026517 0.026517 -0.0395
v -0.026517 0.026517 -0.008
v -0.022042 0.030338 -0.0395
v -0.022042 0.030338 -0.008
v -0.017025 0.033413 -0.0395
v -0.017025 0.033413 -0.008
v -0.011588 0.035665 -0.0395
v -0.011588 0.035665 -0.008
v -0.006881 0.036863 -0.028595
v -0.006751 0.036888 -0.02727
v -0.005866 0.037038 -0.008
v -0.006356 0.036957 -0.025959
v -0.005708 0.037063 -0.024755
v -0.004866 0.037183 -0.023729
v -0.00384 0.037303 -0.022887
v -0.002636 0.037407 -0.022238
v 0 0.0375 -0.008
v -0.001325 0.037476 -0.021844
v 0 0.0375 -0.021713
v 0.001325 0.037476 -0.021844
v 0.002636 0.037407 -0.022238
v 0.005866 0.037038 -0.008
v 0.00384 0.037303 -0.022887
v 0.004866 0.037183 -0.023729
v 0.005708 0.037063 -0.024755
v 0.006356 0.036957 -0.025959
v 0.006751 0.036888 -0.02727
v 0.006881 0.036863 -0.028595
v 0.011588 0.035665 -0.008
v 0.011588 0.035665 -0.0395
v 0.017025 0.033413 -0.0395
v 0.017025 0.033413 -0.008
v 0.022042 0.030338 -0.0395
v 0.022042 0.030338 -0.008
v 0.026517 0.026517 -0.0395
v 0.026517 0.026517 -0.008
v 0.030338 0.022042 -0.0395
v 0.030338 0.022042 -0.008
v 0.033413 0.017025 -0.0395
v 0.033413 0.017025 -0.008
v 0.035665 0.011588 -0.0395
v 0.035665 0.011588 -0.008
v 0.037038 0.005866 -0.0395
v 0.037038 0.005866 -0.008
v 0.0375 0 -0.0395
v 0.0375 0 -0.008
v 0.005866 0.037038 -0.0395
v 0.006751 0.036888 -0.02992
v 0.006356 0.036957 -0.031231
v 0.005708 0.037063 -0.032435
v 0.004866 0.037183 -0.03346
v 0.00384 0.037303 -0.034303
v 0.002636 0.037407 -0.034951
v 0 0.0375 -0.0395
v 0.001325 0.037476 -0.035345
v 0 0.0375 -0.035476
v -0.001325 0.037476 -0.035345
v -0.002636 0.037407 -0.034951
v -0.005866 0.037038 -0.0395
v -0.00384 0.037303 -0.034303
v -0.004866 0.037183 -0.03346
v -0.005708 0.037063 -0.032435
v -0.006356 0.036957 -0.031231
v -0.006751 0.036888 -0.02992
v 0.0375 0 -0.0395
v 0.0375 0 -0.008
v 0.037038 -0.005866 -0.0395
v 0.037038 -0.005866 -0.008
v 0.035665 -0.011588 -0.0395
v 0.035665 -0.011588 -0.008
v 0.033413 -0.017025 -0.0395
v 0.033413 -0.017025 -0.008
v 0.030338 -0.022042 -0.0395
v 0.030338 -0.022042 -0.008
v 0.026517 -0.026517 -0.0395
v 0.026517 -0.026517 -0.008
v 0.022042 -0.030338 -0.0395
v 0.022042 -0.030338 -0.008
v 0.017025 -0.033413 -0.0395
v 0.017025 -0.033413 -0.008
v 0.011588 -0.035665 -0.0395
v 0.011588 -0.035665 -0.008
v 0.005866 -0.037038 -0.0395
v 0.005866 -0.037038 -0.008
v 0 -0.0375 -0.0395
v 0 -0.0375 -0.008
v -0.005866 -0.037038 -0.0395
v -0.005866 -0.037038 -0.008
v -0.011588 -0.035665 -0.0395
v -0.011588 -0.035665 -0.008
v -0.017025 -0.033413 -0.0395
v -0.017025 -0.033413 -0.008
v -0.022042 -0.030338 -0.0395
v -0.022042 -0.030338 -0.008
v -0.026517 -0.026517 -0.0395
v -0.026517 -0.026517 -0.008
v -0.030338 -0.022042 -0.0395
v -0.030338 -0.022042 -0.008
v -0.033413 -0.017025 -0.0395
v -0.033413 -0.017025 -0.008
v -0.035665 -0.011588 -0.0395
v -0.035665 -0.011588 -0.008
v -0.037038 -0.005866 -0.0395
v -0.037038 -0.005866 -0.008
v -0.030037 0.005296 0
v -0.0305 0 0
v -0.01675 0 0
v -0.030037 -0.005296 0
v -0.01633 -0.003727 0
v -0.028661 -0.010432 0
v -0.015091 -0.007268 0
v -0.019428 -0.014647 0
v -0.018285 -0.014231 0
v -0.020359 -0.015428 0
v -0.026414 -0.01525 0
v -0.020967 -0.016481 0
v -0.021178 -0.017678 0
v -0.023364 -0.019605 0
v -0.020967 -0.018875 0
v -0.020359 -0.019927 0
v -0.019605 -0.023364 0
v -0.019428 -0.020709 0
v -0.018285 -0.021124 0
v -0.01707 -0.021124 0
v -0.01525 -0.026414 0
v -0.015928 -0.020709 0
v -0.014997 -0.019927 0
v -0.010432 -0.028661 0
v -0.014389 -0.018875 0
v -0.007268 -0.015091 0
v -0.014178 -0.017678 0
v -0.010443 -0.013096 0
v -0.014389 -0.016481 0
v -0.014997 -0.015428 0
v -0.013096 -0.010443 0
v -0.015928 -0.014647 0
v -0.01707 -0.014231 0
v -0.003727 -0.01633 0
v -0.005296 -0.030037 0
v 0 -0.01675 0
v 0 -0.0305 0
v 0.005296 -0.030037 0
v 0.003727 -0.01633 0
v 0.010432 -0.028661 0
v 0.007268 -0.015091 0
v 0.014389 -0.018875 0
v 0.014178 -0.017678 0
v 0.014997 -0.019927 0
v 0.01525 -0.026414 0
v 0.015928 -0.020709 0
v 0.01707 -0.021124 0
v 0.019605 -0.023364 0
v 0.018285 -0.021124 0
v 0.019428 -0.020709 0
v 0.020359 -0.019927 0
v 0.023364 -0.019605 0
v 0.020967 -0.018875 0
v 0.021178 -0.017678 0
v 0.026414 -0.01525 0
v 0.020967 -0.016481 0
v 0.020359 -0.015428 0
v 0.028661 -0.010432 0
v 0.019428 -0.014647 0
v 0.015091 -0.007268 0
v 0.018285 -0.014231 0
v 0.01707 -0.014231 0
v 0.013096 -0.010443 0
v 0.015928 -0.014647 0
v 0.014997 -0.015428 0
v 0.010443 -0.013096 0
v 0.014389 -0.016481 0
v 0.01633 -0.003727 0
v 0.030037 -0.005296 0
v 0.01675 0 0
v 0.0305 0 0
v 0.030037 0.005296 0
v 0.01633 0.003727 0
v 0.028661 0.010432 0
v 0.015091 0.007268 0
v 0.019428 0.014647 0
v 0.018285 0.014231 0
v 0.020359 0.015428 0
v 0.026414 0.01525 0
v 0.020967 0.016481 0
v 0.021178 0.017678 0
v 0.023364 0.019605 0
v 0.020967 0.018875 0
v 0.020359 0.019927 0
v 0.019605 0.023364 0
v 0.019428 0.020709 0
v 0.018285 0.021124 0
v 0.01707 0.021124 0
v 0.01525 0.026414 0
v 0.015928 0.020709 0
v 0.014997 0.019927 0
v 0.010432 0.028661 0
v 0.003289 0.023803 0
v 0.0035 0.025 0
v 0.003289 0.026197 0
v 0.005296 0.030037 0
v 0.002681 0.02725 0
v 0.00175 0.028031 0
v 0 0.0305 0
v 0.000608 0.028447 0
v -0.000608 0.028447 0
v -0.00175 0.028031 0
v -0.005296 0.030037 0
v -0.002681 0.02725 0
v -0.003289 0.026197 0
v -0.010432 0.028661 0
v -0.0035 0.025 0
v -0.003289 0.023803 0
v -0.014997 0.019927 0
v -0.014389 0.018875 0
v -0.01525 0.026414 0
v -0.015928 0.020709 0
v -0.01707 0.021124 0
v -0.019605 0.023364 0
v -0.018285 0.021124 0
v -0.019428 0.020709 0
v -0.020359 0.019927 0
v -0.023364 0.019605 0
v -0.020967 0.018875 0
v -0.021178 0.017678 0
v -0.026414 0.01525 0
v -0.020967 0.016481 0
v -0.020359 0.015428 0
v -0.028661 0.010432 0
v -0.019428 0.014647 0
v -0.015091 0.007268 0
v -0.018285 0.014231 0
v -0.01707 0.014231 0
v -0.013096 0.010443 0
v -0.015928 0.014647 0
v -0.014997 0.015428 0
v -0.010443 0.013096 0
v -0.014389 0.016481 0
v -0.014178 0.017678 0
v -0.007268 0.015091 0
v -0.01633 0.003727 0
v 0.01707 0.014231 0
v 0.013096 0.010443 0
v 0.015928 0.014647 0
v 0.014997 0.015428 0
v 0.010443 0.013096 0
v 0.014389 0.016481 0
v 0.014178 0.017678 0
v 0.007268 0.015091 0
v 0.014389 0.018875 0
v 0.002681 0.02275 0
v 0.003727 0.01633 0
v 0.00175 0.021969 0
v 0.000608 0.021553 0
v 0 0.01675 0
v -0.000608 0.021553 0
v -0.003727 0.01633 0
v -0.00175 0.021969 0
v -0.002681 0.02275 0
v 0.0315 0 -0.007
v 0.0315 0 -0.001
v 0.03107 -0.005185 -0.007
v 0.03107 -0.005185 -0.001
v 0.029793 -0.010228 -0.001
v 0.029793 -0.010228 -0.007
v 0.027703 -0.014992 -0.001
v 0.027703 -0.014992 -0.007
v 0.024858 -0.019348 -0.001
v 0.024858 -0.019348 -0.007
v 0.021334 -0.023175 -0.001
v 0.021334 -0.023175 -0.007
v 0.017229 -0.026371 -0.001
v 0.017229 -0.026371 -0.007
v 0.012653 -0.028847 -0.001
v 0.012653 -0.028847 -0.007
v 0.007733 -0.030536 -0.001
v 0.007733 -0.030536 -0.007
v 0.002601 -0.031392 -0.001
v 0.002601 -0.031392 -0.007
v -0.002601 -0.031392 -0.001
v -0.002601 -0.031392 -0.007
v -0.007733 -0.030536 -0.001
v -0.007733 -0.030536 -0.007
v -0.012653 -0.028847 -0.001
v -0.012653 -0.028847 -0.007
v -0.017229 -0.026371 -0.001
v -0.017229 -0.026371 -0.007
v -0.021334 -0.023175 -0.001
v -0.021334 -0.023175 -0.007
v -0.024858 -0.019348 -0.001
v -0.024858 -0.019348 -0.007
v -0.027703 -0.014992 -0.001
v -0.027703 -0.014992 -0.007
v -0.029793 -0.010228 -0.001
v -0.029793 -0.010228 -0.007
v -0.03107 -0.005185 -0.001
v -0.03107 -0.005185 -0.007
v -0.036051 0.00571 -0.007
v -0.0365 0 -0.007
v -0.0315 0 -0.007
v -0.036051 -0.00571 -0.007
v -0.03107 -0.005185 -0.007
v -0.034714 -0.011279 -0.007
v -0.029793 -0.010228 -0.007
v -0.032522 -0.016571 -0.007
v -0.027703 -0.014992 -0.007
v -0.029529 -0.021454 -0.007
v -0.024858 -0.019348 -0.007
v -0.025809 -0.025809 -0.007
v -0.021334 -0.023175 -0.007
v -0.021454 -0.029529 -0.007
v -0.017229 -0.026371 -0.007
v -0.016571 -0.032522 -0.007
v -0.012653 -0.028847 -0.007
v -0.011279 -0.034714 -0.007
v -0.007733 -0.030536 -0.007
v -0.00571 -0.036051 -0.007
v -0.002601 -0.031392 -0.007
v 0 -0.0365 -0.007
v 0.002601 -0.031392 -0.007
v 0.00571 -0.036051 -0.007
v 0.007733 -0.030536 -0.007
v 0.011279 -0.034714 -0.007
v 0.012653 -0.028847 -0.007
v 0.016571 -0.032522 -0.007
v 0.017229 -0.026371 -0.007
v 0.021454 -0.029529 -0.007
v 0.021334 -0.023175 -0.007
v 0.025809 -0.025809 -0.007
v 0.024858 -0.019348 -0.007
v 0.029529 -0.021454 -0.007
v 0.027703 -0.014992 -0.007
v 0.032522 -0.016571 -0.007
v 0.029793 -0.010228 -0.007
v 0.034714 -0.011279 -0.007
v 0.03107 -0.005185 -0.007
v 0.036051 -0.00571 -0.007
v 0.0315 0 -0.007
v 0.0365 0 -0.007
v 0.036051 0.00571 -0.007
v 0.03107 0.005185 -0.007
v 0.034714 0.011279 -0.007
v 0.029793 0.010228 -0.007
v 0.032522 0.016571 -0.007
v 0.027703 0.014992 -0.007
v 0.029529 0.021454 -0.007
v 0.024858 0.019348 -0.007
v 0.025809 0.025809 -0.007
v 0.021334 0.023175 -0.007
v 0.021454 0.029529 -0.007
v 0.017229 0.026371 -0.007
v 0.016571 0.032522 -0.007
v 0.012653 0.028847 -0.007
v 0.011279 0.034714 -0.007
v 0.007733 0.030536 -0.007
v 0.00571 0.036051 -0.007
v 0.002601 0.031392 -0.007
v 0 0.0365 -0.007
v -0.002601 0.031392 -0.007
v -0.00571 0.036051 -0.007
v -0.007733 0.030536 -0.007
v -0.011279 0.034714 -0.007
v -0.012653 0.028847 -0.007
v -0.016571 0.032522 -0.007
v -0.017229 0.026371 -0.007
v -0.021454 0.029529 -0.007
v -0.021334 0.023175 -0.007
v -0.025809 0.025809 -0.007
v -0.024858 0.019348 -0.007
v -0.029529 0.021454 -0.007
v -0.027703 0.014992 -0.007
v -0.032522 0.016571 -0.007
v -0.029793 0.010228 -0.007
v -0.034714 0.011279 -0.007
v -0.03107 0.005185 -0.007
v -0.037038 -0.005866 -0.0395
v -0.0375 0 -0.0395
v -0.0355 0 -0.0395
v -0.037038 0.005866 -0.0395
v -0.035063 0.005553 -0.0395
v -0.035665 0.011588 -0.0395
v -0.033763 0.01097 -0.0395
v -0.033413 0.017025 -0.0395
v -0.031631 0.016117 -0.0395
v -0.030338 0.022042 -0.0395
v -0.02872 0.020866 -0.0395
v -0.026517 0.026517 -0.0395
v -0.025102 0.025102 -0.0395
v -0.022042 0.030338 -0.0395
v -0.020866 0.02872 -0.0395
v -0.017025 0.033413 -0.0395
v -0.016117 0.031631 -0.0395
v -0.011588 0.035665 -0.0395
v -0.01097 0.033763 -0.0395
v -0.005866 0.037038 -0.0395
v -0.005553 0.035063 -0.0395
v 0 0.0375 -0.0395
v 0 0.0355 -0.0395
v 0.005553 0.035063 -0.0395
v 0.005866 0.037038 -0.0395
v 0.01097 0.033763 -0.0395
v 0.011588 0.035665 -0.0395
v 0.016117 0.031631 -0.0395
v 0.017025 0.033413 -0.0395
v 0.020866 0.02872 -0.0395
v 0.022042 0.030338 -0.0395
v 0.025102 0.025102 -0.0395
v 0.026517 0.026517 -0.0395
v 0.02872 0.020866 -0.0395
v 0.030338 0.022042 -0.0395
v 0.031631 0.016117 -0.0395
v 0.033413 0.017025 -0.0395
v 0.033763 0.01097 -0.0395
v 0.035665 0.011588 -0.0395
v 0.035063 0.005553 -0.0395
v 0.037038 0.005866 -0.0395
v 0.0355 0 -0.0395
v 0.0375 0 -0.0395
v 0.037038 -0.005866 -0.0395
v 0.035063 -0.005553 -0.0395
v 0.035665 -0.011588 -0.0395
v 0.033763 -0.01097 -0.0395
v 0.033413 -0.017025 -0.0395
v 0.031631 -0.016117 -0.0395
v 0.030338 -0.022042 -0.0395
v 0.02872 -0.020866 -0.0395
v 0.026517 -0.026517 -0.0395
v 0.025102 -0.025102 -0.0395
v 0.022042 -0.030338 -0.0395
v 0.020866 -0.02872 -0.0395
v 0.017025 -0.033413 -0.0395
v 0.016117 -0.031631 -0.0395
v 0.011588 -0.035665 -0.0395
v 0.01097 -0.033763 -0.0395
v 0.005866 -0.037038 -0.0395
v 0.005553 -0.035063 -0.0395
v 0 -0.0375 -0.0395
v 0 -0.0355 -0.0395
v -0.005553 -0.035063 -0.0395
v -0.005866 -0.037038 -0.0395
v -0.01097 -0.033763 -0.0395
v -0.011588 -0.035665 -0.0395
v -0.016117 -0.031631 -0.0395
v -0.017025 -0.033413 -0.0395
v -0.020866 -0.02872 -0.0395
v -0.022042 -0.030338 -0.0395
v -0.025102 -0.025102 -0.0395
v -0.026517 -0.026517 -0.0395
v -0.02872 -0.020866 -0.0395
v -0.030338 -0.022042 -0.0395
v -0.031631 -0.016117 -0.0395
v -0.033413 -0.017025 -0.0395
v -0.033763 -0.01097 -0.0395
v -0.035665 -0.011588 -0.0395
v -0.035063 -0.005553 -0.0395
v 0.0375 0 -0.008
v 0.0365 0 -0.007
v 0.037038 -0.005866 -0.008
v 0.036051 -0.00571 -0.007
v 0.035665 -0.011588 -0.008
v 0.034714 -0.011279 -0.007
v 0.033413 -0.017025 -0.008
v 0.032522 -0.016571 -0.007
v 0.030338 -0.022042 -0.008
v 0.029529 -0.021454 -0.007
v 0.026517 -0.026517 -0.008
v 0.025809 -0.025809 -0.007
v 0.022042 -0.030338 -0.008
v 0.021454 -0.029529 -0.007
v 0.017025 -0.033413 -0.008
v 0.016571 -0.032522 -0.007
v 0.011588 -0.035665 -0.008
v 0.011279 -0.034714 -0.007
v 0.005866 -0.037038 -0.008
v 0.00571 -0.036051 -0.007
v 0 -0.0375 -0.008
v 0 -0.0365 -0.007
v -0.005866 -0.037038 -0.008
v -0.00571 -0.036051 -0.007
v -0.011588 -0.035665 -0.008
v -0.011279 -0.034714 -0.007
v -0.017025 -0.033413 -0.008
v -0.016571 -0.032522 -0.007
v -0.022042 -0.030338 -0.008
v -0.021454 -0.029529 -0.007
v -0.026517 -0.026517 -0.008
v -0.025809 -0.025809 -0.007
v -0.030338 -0.022042 -0.008
v -0.029529 -0.021454 -0.007
v -0.033413 -0.017025 -0.008
v -0.032522 -0.016571 -0.007
v -0.035665 -0.011588 -0.008
v -0.034714 -0.011279 -0.007
v -0.037038 -0.005866 -0.008
v -0.036051 -0.00571 -0.007
v 0.0315 0 -0.001
v 0.0305 0 0
v 0.03107 -0.005185 -0.001
v 0.030037 -0.005296 0
v 0.029793 -0.010228 -0.001
v 0.028661 -0.010432 0
v 0.027703 -0.014992 -0.001
v 0.026414 -0.01525 0
v 0.024858 -0.019348 -0.001
v 0.023364 -0.019605 0
v 0.021334 -0.023175 -0.001
v 0.019605 -0.023364 0
v 0.017229 -0.026371 -0.001
v 0.01525 -0.026414 0
v 0.012653 -0.028847 -0.001
v 0.010432 -0.028661 0
v 0.007733 -0.030536 -0.001
v 0.005296 -0.030037 0
v 0.002601 -0.031392 -0.001
v 0 -0.0305 0
v -0.002601 -0.031392 -0.001
v -0.005296 -0.030037 0
v -0.007733 -0.030536 -0.001
v -0.010432 -0.028661 0
v -0.012653 -0.028847 -0.001
v -0.01525 -0.026414 0
v -0.017229 -0.026371 -0.001
v -0.019605 -0.023364 0
v -0.021334 -0.023175 -0.001
v -0.023364 -0.019605 0
v -0.024858 -0.019348 -0.001
v -0.026414 -0.01525 0
v -0.027703 -0.014992 -0.001
v -0.028661 -0.010432 0
v -0.029793 -0.010228 -0.001
v -0.030037 -0.005296 0
v -0.03107 -0.005185 -0.001
v -0.006881 0.036863 -0.028595
v -0.006881 0.045 -0.028595
v -0.006751 0.036888 -0.02992
v -0.006466 0.045 -0.030948
v -0.006356 0.036957 -0.031231
v -0.005708 0.037063 -0.032435
v -0.005271 0.045 -0.033018
v -0.004866 0.037183 -0.03346
v -0.003441 0.045 -0.034554
v -0.00384 0.037303 -0.034303
v -0.002636 0.037407 -0.034951
v -0.001195 0.045 -0.035372
v -0.001325 0.037476 -0.035345
v 0 0.0375 -0.035476
v 0.001195 0.045 -0.035372
v 0.001325 0.037476 -0.035345
v 0.002636 0.037407 -0.034951
v 0.003441 0.045 -0.034554
v 0.00384 0.037303 -0.034303
v 0.004866 0.037183 -0.03346
v 0.005271 0.045 -0.033018
v 0.005708 0.037063 -0.032435
v 0.006466 0.045 -0.030948
v 0.006356 0.036957 -0.031231
v 0.006751 0.036888 -0.02992
v -0.005527 0.046 -0.026583
v 0.005881 0.046 -0.028595
v -0.005881 0.046 -0.028595
v 0.005527 0.046 -0.030606
v -0.005527 0.046 -0.030606
v 0.004505 0.046 -0.032375
v -0.004505 0.046 -0.032375
v 0.002941 0.046 -0.033688
v 0.001021 0.046 -0.034387
v 0.005527 0.046 -0.026583
v -0.004505 0.046 -0.024814
v 0.004505 0.046 -0.024814
v -0.002941 0.046 -0.023501
v 0.002941 0.046 -0.023501
v -0.001021 0.046 -0.022803
v 0.001021 0.046 -0.022803
v -0.001021 0.046 -0.034387
v -0.002941 0.046 -0.033688
v 0.005527 0.046 -0.030606
v 0.005881 0.046 -0.028595
v 0.00569 0.045985 -0.030666
v 0.00619 0.045951 -0.028595
v 0.005997 0.045866 -0.030777
v 0.006469 0.045809 -0.028595
v 0.006247 0.045643 -0.030868
v 0.00669 0.045588 -0.028595
v 0.00641 0.045342 -0.030928
v 0.006832 0.045309 -0.028595
v 0.006466 0.045 -0.030948
v 0.006881 0.045 -0.028595
v 0.005225 0.045342 -0.032979
v 0.005271 0.045 -0.033018
v 0.003411 0.045342 -0.034502
v 0.003441 0.045 -0.034554
v 0.001184 0.045342 -0.035312
v 0.001195 0.045 -0.035372
v -0.001184 0.045342 -0.035312
v -0.001195 0.045 -0.035372
v -0.003411 0.045342 -0.034502
v -0.003441 0.045 -0.034554
v -0.005225 0.045342 -0.032979
v -0.005271 0.045 -0.033018
v -0.00641 0.045342 -0.030928
v -0.006466 0.045 -0.030948
v -0.006247 0.045643 -0.030868
v -0.005092 0.045643 -0.032868
v -0.003324 0.045643 -0.034352
v -0.001154 0.045643 -0.035141
v 0.001154 0.045643 -0.035141
v 0.003324 0.045643 -0.034352
v 0.005092 0.045643 -0.032868
v -0.005997 0.045866 -0.030777
v -0.004888 0.045866 -0.032697
v -0.003191 0.045866 -0.034121
v -0.001108 0.045866 -0.034879
v 0.001108 0.045866 -0.034879
v 0.003191 0.045866 -0.034121
v 0.004888 0.045866 -0.032697
v -0.00569 0.045985 -0.030666
v -0.004638 0.045985 -0.032487
v -0.003028 0.045985 -0.033838
v -0.001051 0.045985 -0.034558
v 0.001051 0.045985 -0.034558
v 0.003028 0.045985 -0.033838
v 0.004638 0.045985 -0.032487
v -0.005527 0.046 -0.030606
v -0.004505 0.046 -0.032375
v -0.002941 0.046 -0.033688
v -0.001021 0.046 -0.034387
v 0.001021 0.046 -0.034387
v 0.002941 0.046 -0.033688
v 0.004505 0.046 -0.032375
v -0.01575 0 -0.001
v -0.01575 0 -0.006
v -0.015292 0.003769 -0.001
v -0.015292 0.003769 -0.006
v -0.013946 0.007319 -0.001
v -0.013946 0.007319 -0.006
v -0.011789 0.010444 -0.001
v -0.011789 0.010444 -0.006
v -0.008947 0.012962 -0.001
v -0.008947 0.012962 -0.006
v -0.005585 0.014727 -0.001
v -0.005585 0.014727 -0.006
v -0.001898 0.015635 -0.001
v -0.001898 0.015635 -0.006
v 0.001898 0.015635 -0.001
v 0.001898 0.015635 -0.006
v 0.005585 0.014727 -0.001
v 0.005585 0.014727 -0.006
v 0.008947 0.012962 -0.001
v 0.008947 0.012962 -0.006
v 0.011789 0.010444 -0.001
v 0.011789 0.010444 -0.006
v 0.013946 0.007319 -0.001
v 0.013946 0.007319 -0.006
v 0.015292 0.003769 -0.001
v 0.015292 0.003769 -0.006
v 0.01575 0 -0.006
v 0.015292 0.003769 -0.006
v 0.015292 -0.003769 -0.006
v 0.013946 -0.007319 -0.006
v 0.011789 -0.010444 -0.006
v 0.008947 -0.012962 -0.006
v 0.005585 -0.014727 -0.006
v 0.013946 0.007319 -0.006
v 0.001898 -0.015635 -0.006
v -0.001898 -0.015635 -0.006
v -0.005585 -0.014727 -0.006
v -0.008947 -0.012962 -0.006
v -0.011789 -0.010444 -0.006
v -0.013946 -0.007319 -0.006
v -0.015292 -0.003769 -0.006
v -0.01575 0 -0.006
v -0.015292 0.003769 -0.006
v -0.013946 0.007319 -0.006
v 0.011789 0.010444 -0.006
v -0.011789 0.010444 -0.006
v 0.008947 0.012962 -0.006
v -0.008947 0.012962 -0.006
v 0.005585 0.014727 -0.006
v -0.005585 0.014727 -0.006
v 0.001898 0.015635 -0.006
v -0.001898 0.015635 -0.006
v -0.01675 0 0
v -0.01575 0 -0.001
v -0.01633 0.003727 0
v -0.015292 0.003769 -0.001
v -0.015091 0.007268 0
v -0.013946 0.007319 -0.001
v -0.013096 0.010443 0
v -0.011789 0.010444 -0.001
v -0.010443 0.013096 0
v -0.008947 0.012962 -0.001
v -0.007268 0.015091 0
v -0.005585 0.014727 -0.001
v -0.003727 0.01633 0
v -0.001898 0.015635 -0.001
v 0 0.01675 0
v 0.001898 0.015635 -0.001
v 0.003727 0.01633 0
v 0.005585 0.014727 -0.001
v 0.007268 0.015091 0
v 0.008947 0.012962 -0.001
v 0.010443 0.013096 0
v 0.011789 0.010444 -0.001
v 0.013096 0.010443 0
v 0.013946 0.007319 -0.001
v 0.015091 0.007268 0
v 0.015292 0.003769 -0.001
v 0.01633 0.003727 0
v -0.003 0.025 -0.0005
v -0.003 0.025 -0.006
v -0.002819 0.026026 -0.0005
v -0.002819 0.026026 -0.006
v -0.002298 0.026928 -0.0005
v -0.002298 0.026928 -0.006
v -0.0015 0.027598 -0.0005
v -0.0015 0.027598 -0.006
v -0.000521 0.027954 -0.0005
v -0.000521 0.027954 -0.006
v 0.000521 0.027954 -0.0005
v 0.000521 0.027954 -0.006
v 0.0015 0.027598 -0.0005
v 0.0015 0.027598 -0.006
v 0.002298 0.026928 -0.0005
v 0.002298 0.026928 -0.006
v 0.002819 0.026026 -0.0005
v 0.002819 0.026026 -0.006
v 0.002819 0.026026 -0.006
v -0.003 0.025 -0.006
v 0.003 0.025 -0.006
v -0.002819 0.023974 -0.006
v 0.002819 0.023974 -0.006
v -0.002298 0.023072 -0.006
v 0.002298 0.023072 -0.006
v -0.0015 0.022402 -0.006
v -0.000521 0.022046 -0.006
v -0.002819 0.026026 -0.006
v 0.002298 0.026928 -0.006
v -0.002298 0.026928 -0.006
v 0.0015 0.027598 -0.006
v -0.0015 0.027598 -0.006
v 0.000521 0.027954 -0.006
v -0.000521 0.027954 -0.006
v 0.000521 0.022046 -0.006
v 0.0015 0.022402 -0.006
v 0.014678 0.017678 -0.0005
v 0.014678 0.017678 -0.006
v 0.014859 0.018704 -0.0005
v 0.014859 0.018704 -0.006
v 0.01538 0.019606 -0.0005
v 0.01538 0.019606 -0.006
v 0.016178 0.020276 -0.0005
v 0.016178 0.020276 -0.006
v 0.017157 0.020632 -0.0005
v 0.017157 0.020632 -0.006
v 0.018199 0.020632 -0.0005
v 0.018199 0.020632 -0.006
v 0.019178 0.020276 -0.0005
v 0.019178 0.020276 -0.006
v 0.019976 0.019606 -0.0005
v 0.019976 0.019606 -0.006
v 0.020497 0.018704 -0.0005
v 0.020497 0.018704 -0.006
v 0.020497 0.018704 -0.006
v 0.014678 0.017678 -0.006
v 0.020678 0.017678 -0.006
v 0.014859 0.016652 -0.006
v 0.020497 0.016652 -0.006
v 0.01538 0.015749 -0.006
v 0.019976 0.015749 -0.006
v 0.016178 0.01508 -0.006
v 0.017157 0.014723 -0.006
v 0.014859 0.018704 -0.006
v 0.019976 0.019606 -0.006
v 0.01538 0.019606 -0.006
v 0.019178 0.020276 -0.006
v 0.016178 0.020276 -0.006
v 0.018199 0.020632 -0.006
v 0.017157 0.020632 -0.006
v 0.018199 0.014723 -0.006
v 0.019178 0.01508 -0.006
v 0.014678 -0.017678 -0.0005
v 0.014678 -0.017678 -0.006
v 0.014859 -0.016652 -0.0005
v 0.014859 -0.016652 -0.006
v 0.01538 -0.015749 -0.0005
v 0.01538 -0.015749 -0.006
v 0.016178 -0.01508 -0.0005
v 0.016178 -0.01508 -0.006
v 0.017157 -0.014723 -0.0005
v 0.017157 -0.014723 -0.006
v 0.018199 -0.014723 -0.0005
v 0.018199 -0.014723 -0.006
v 0.019178 -0.01508 -0.0005
v 0.019178 -0.01508 -0.006
v 0.019976 -0.015749 -0.0005
v 0.019976 -0.015749 -0.006
v 0.020497 -0.016652 -0.0005
v 0.020497 -0.016652 -0.006
v 0.020497 -0.016652 -0.006
v 0.014678 -0.017678 -0.006
v 0.020678 -0.017678 -0.006
v 0.014859 -0.018704 -0.006
v 0.020497 -0.018704 -0.006
v 0.01538 -0.019606 -0.006
v 0.019976 -0.019606 -0.006
v 0.016178 -0.020276 -0.006
v 0.017157 -0.020632 -0.006
v 0.014859 -0.016652 -0.006
v 0.019976 -0.015749 -0.006
v 0.01538 -0.015749 -0.006
v 0.019178 -0.01508 -0.006
v 0.016178 -0.01508 -0.006
v 0.018199 -0.014723 -0.006
v 0.017157 -0.014723 -0.006
v 0.018199 -0.020632 -0.006
v 0.019178 -0.020276 -0.006
v -0.020678 -0.017678 -0.0005
v -0.020678 -0.017678 -0.006
v -0.020497 -0.016652 -0.0005
v -0.020497 -0.016652 -0.006
v -0.019976 -0.015749 -0.0005
v -0.019976 -0.015749 -0.006
v -0.019178 -0.01508 -0.0005
v -0.019178 -0.01508 -0.006
v -0.018199 -0.014723 -0.0005
v -0.018199 -0.014723 -0.006
v -0.017157 -0.014723 -0.0005
v -0.017157 -0.014723 -0.006
v -0.016178 -0.01508 -0.0005
v -0.016178 -0.01508 -0.006
v -0.01538 -0.015749 -0.0005
v -0.01538 -0.015749 -0.006
v -0.014859 -0.016652 -0.0005
v -0.014859 -0.016652 -0.006
v -0.014859 -0.016652 -0.006
v -0.020678 -0.017678 -0.006
v -0.014678 -0.017678 -0.006
v -0.020497 -0.018704 -0.006
v -0.014859 -0.018704 -0.006
v -0.019976 -0.019606 -0.006
v -0.01538 -0.019606 -0.006
v -0.019178 -0.020276 -0.006
v -0.018199 -0.020632 -0.006
v -0.020497 -0.016652 -0.006
v -0.01538 -0.015749 -0.006
v -0.019976 -0.015749 -0.006
v -0.016178 -0.01508 -0.006
v -0.019178 -0.01508 -0.006
v -0.017157 -0.014723 -0.006
v -0.018199 -0.014723 -0.006
v -0.017157 -0.020632 -0.006
v -0.016178 -0.020276 -0.006
v -0.020678 0.017678 -0.0005
v -0.020678 0.017678 -0.006
v -0.020497 0.018704 -0.0005
v -0.020497 0.018704 -0.006
v -0.019976 0.019606 -0.0005
v -0.019976 0.019606 -0.006
v -0.019178 0.020276 -0.0005
v -0.019178 0.020276 -0.006
v -0.018199 0.020632 -0.0005
v -0.018199 0.020632 -0.006
v -0.017157 0.020632 -0.0005
v -0.017157 0.020632 -0.006
v -0.016178 0.020276 -0.0005
v -0.016178 0.020276 -0.006
v -0.01538 0.019606 -0.0005
v -0.01538 0.019606 -0.006
v -0.014859 0.018704 -0.0005
v -0.014859 0.018704 -0.006
v -0.014859 0.018704 -0.006
v -0.020678 0.017678 -0.006
v -0.014678 0.017678 -0.006
v -0.020497 0.016652 -0.006
v -0.014859 0.016652 -0.006
v -0.019976 0.015749 -0.006
v -0.01538 0.015749 -0.006
v -0.019178 0.01508 -0.006
v -0.018199 0.014723 -0.006
v -0.020497 0.018704 -0.006
v -0.01538 0.019606 -0.006
v -0.019976 0.019606 -0.006
v -0.016178 0.020276 -0.006
v -0.019178 0.020276 -0.006
v -0.017157 0.020632 -0.006
v -0.018199 0.020632 -0.006
v -0.017157 0.014723 -0.006
v -0.016178 0.01508 -0.006
v 0.014178 -0.017678 0
v 0.014678 -0.017678 -0.0005
v 0.014389 -0.016481 0
v 0.014859 -0.016652 -0.0005
v 0.014997 -0.015428 0
v 0.01538 -0.015749 -0.0005
v 0.015928 -0.014647 0
v 0.016178 -0.01508 -0.0005
v 0.01707 -0.014231 0
v 0.017157 -0.014723 -0.0005
v 0.018285 -0.014231 0
v 0.018199 -0.014723 -0.0005
v 0.019428 -0.014647 0
v 0.019178 -0.01508 -0.0005
v 0.020359 -0.015428 0
v 0.019976 -0.015749 -0.0005
v 0.020967 -0.016481 0
v 0.020497 -0.016652 -0.0005
v 0.014178 0.017678 0
v 0.014678 0.017678 -0.0005
v 0.014389 0.018875 0
v 0.014859 0.018704 -0.0005
v 0.014997 0.019927 0
v 0.01538 0.019606 -0.0005
v 0.015928 0.020709 0
v 0.016178 0.020276 -0.0005
v 0.01707 0.021124 0
v 0.017157 0.020632 -0.0005
v 0.018285 0.021124 0
v 0.018199 0.020632 -0.0005
v 0.019428 0.020709 0
v 0.019178 0.020276 -0.0005
v 0.020359 0.019927 0
v 0.019976 0.019606 -0.0005
v 0.020967 0.018875 0
v 0.020497 0.018704 -0.0005
v -0.021178 -0.017678 0
v -0.020678 -0.017678 -0.0005
v -0.020967 -0.016481 0
v -0.020497 -0.016652 -0.0005
v -0.020359 -0.015428 0
v -0.019976 -0.015749 -0.0005
v -0.019428 -0.014647 0
v -0.019178 -0.01508 -0.0005
v -0.018285 -0.014231 0
v -0.018199 -0.014723 -0.0005
v -0.01707 -0.014231 0
v -0.017157 -0.014723 -0.0005
v -0.015928 -0.014647 0
v -0.016178 -0.01508 -0.0005
v -0.014997 -0.015428 0
v -0.01538 -0.015749 -0.0005
v -0.014389 -0.016481 0
v -0.014859 -0.016652 -0.0005
v -0.0035 0.025 0
v -0.003 0.025 -0.0005
v -0.003289 0.026197 0
v -0.002819 0.026026 -0.0005
v -0.002681 0.02725 0
v -0.002298 0.026928 -0.0005
v -0.00175 0.028031 0
v -0.0015 0.027598 -0.0005
v -0.000608 0.028447 0
v -0.000521 0.027954 -0.0005
v 0.000608 0.028447 0
v 0.000521 0.027954 -0.0005
v 0.00175 0.028031 0
v 0.0015 0.027598 -0.0005
v 0.002681 0.02725 0
v 0.002298 0.026928 -0.0005
v 0.003289 0.026197 0
v 0.002819 0.026026 -0.0005
v -0.021178 0.017678 0
v -0.020678 0.017678 -0.0005
v -0.020967 0.018875 0
v -0.020497 0.018704 -0.0005
v -0.020359 0.019927 0
v -0.019976 0.019606 -0.0005
v -0.019428 0.020709 0
v -0.019178 0.020276 -0.0005
v -0.018285 0.021124 0
v -0.018199 0.020632 -0.0005
v -0.01707 0.021124 0
v -0.017157 0.020632 -0.0005
v -0.015928 0.020709 0
v -0.016178 0.020276 -0.0005
v -0.014997 0.019927 0
v -0.01538 0.019606 -0.0005
v -0.014389 0.018875 0
v -0.014859 0.018704 -0.0005
v 0.0355 0 -0.0395
v 0.0355 0 -0.0335
v 0.035063 0.005553 -0.0395
v 0.035063 0.005553 -0.0335
v 0.033763 0.01097 -0.0335
v 0.033763 0.01097 -0.0395
v 0.031631 0.016117 -0.0335
v 0.031631 0.016117 -0.0395
v 0.02872 0.020866 -0.0335
v 0.02872 0.020866 -0.0395
v 0.025102 0.025102 -0.0335
v 0.025102 0.025102 -0.0395
v 0.020866 0.02872 -0.0335
v 0.020866 0.02872 -0.0395
v 0.016117 0.031631 -0.0335
v 0.016117 0.031631 -0.0395
v 0.01097 0.033763 -0.0335
v 0.01097 0.033763 -0.0395
v 0.005553 0.035063 -0.0335
v 0.005553 0.035063 -0.0395
v 0 0.0355 -0.0335
v 0 0.0355 -0.0395
v -0.005553 0.035063 -0.0335
v -0.005553 0.035063 -0.0395
v -0.01097 0.033763 -0.0335
v -0.01097 0.033763 -0.0395
v -0.016117 0.031631 -0.0335
v -0.016117 0.031631 -0.0395
v -0.020866 0.02872 -0.0335
v -0.020866 0.02872 -0.0395
v -0.025102 0.025102 -0.0335
v -0.025102 0.025102 -0.0395
v -0.02872 0.020866 -0.0335
v -0.02872 0.020866 -0.0395
v -0.031631 0.016117 -0.0335
v -0.031631 0.016117 -0.0395
v -0.033763 0.01097 -0.0335
v -0.033763 0.01097 -0.0395
v -0.035063 0.005553 -0.0335
v -0.035063 0.005553 -0.0395
v -0.035063 0.005553 -0.0335
v 0.035063 0.005553 -0.0335
v -0.0355 0 -0.0335
v 0.0355 0 -0.0335
v -0.035063 -0.005553 -0.0335
v 0.035063 -0.005553 -0.0335
v -0.033763 -0.01097 -0.0335
v 0.033763 -0.01097 -0.0335
v -0.031631 -0.016117 -0.0335
v 0.031631 -0.016117 -0.0335
v -0.02872 -0.020866 -0.0335
v 0.02872 -0.020866 -0.0335
v -0.025102 -0.025102 -0.0335
v 0.025102 -0.025102 -0.0335
v -0.020866 -0.02872 -0.0335
v 0.020866 -0.02872 -0.0335
v -0.016117 -0.031631 -0.0335
v 0.016117 -0.031631 -0.0335
v -0.01097 -0.033763 -0.0335
v 0.01097 -0.033763 -0.0335
v -0.005553 -0.035063 -0.0335
v 0.005553 -0.035063 -0.0335
v 0 -0.0355 -0.0335
v 0.033763 0.01097 -0.0335
v -0.033763 0.01097 -0.0335
v 0.031631 0.016117 -0.0335
v -0.031631 0.016117 -0.0335
v 0.02872 0.020866 -0.0335
v -0.02872 0.020866 -0.0335
v 0.025102 0.025102 -0.0335
v -0.025102 0.025102 -0.0335
v 0.020866 0.02872 -0.0335
v -0.020866 0.02872 -0.0335
v 0.016117 0.031631 -0.0335
v -0.016117 0.031631 -0.0335
v 0.01097 0.033763 -0.0335
v -0.01097 0.033763 -0.0335
v 0.005553 0.035063 -0.0335
v -0.005553 0.035063 -0.0335
v 0 0.0355 -0.0335
vn 0 0 -100
vn 0 15.64345 -98.76884
vn 0 30.9017 -95.10565
vn 0 45.39905 -89.10066
vn 0 58.77853 -80.9017
vn 0 70.71068 -70.71068
vn 0 80.9017 -58.77853
vn 0 89.10066 -45.39905
vn 0 95.10565 -30.9017
vn 0 98.76884 -15.64345
vn 0 100 -0
vn 0 98.76884 15.64345
vn 0 95.10565 30.9017
vn 0 89.10066 45.39905
vn 0 80.9017 58.77853
vn 0 70.71068 70.71068
vn 0 58.77853 80.9017
vn 0 45.39905 89.10066
vn 0 30.9017 95.10565
vn 0 15.64345 98.76884
vn 0 0 100
vn 70.71068 0 70.71068
vn 70.71068 24.18448 66.4463
vn 70.71068 45.45195 54.16752
vn 70.71068 61.23724 35.35534
vn 70.71068 69.63642 12.27878
vn 70.71068 69.63642 -12.27878
vn 70.71068 61.23724 -35.35534
vn 70.71068 45.45195 -54.16752
vn 70.71068 24.18448 -66.4463
vn 70.71068 0 -70.71068
vn 0 34.20202 93.96926
vn 0 64.27876 76.60445
vn 0 86.60254 50
vn 0 98.48077 17.36482
vn 0 98.48077 -17.36482
vn 0 86.60254 -50
vn 0 64.27876 -76.60445
vn 0 34.20202 -93.96926
vn 70.71068 15.73461 68.93781
vn 70.71068 16.92217 68.65595
vn 70.71068 30.68021 63.70812
vn 70.71068 32.86089 62.6112
vn 70.71068 44.08739 55.28383
vn 70.71068 46.88985 52.9277
vn 70.71068 55.28383 44.08739
vn 70.71068 58.19375 40.16824
vn 70.71068 63.70812 30.68021
vn 70.71068 66.11563 25.07435
vn 70.71068 68.93781 15.73461
vn 70.71068 70.19511 8.52323
vn 70.71068 70.71068 -0
vn 70.71068 70.19511 -8.52323
vn 70.71068 68.93781 -15.73461
vn 70.71068 66.11563 -25.07435
vn 70.71068 63.70812 -30.68021
vn 70.71068 58.19375 -40.16824
vn 70.71068 55.28383 -44.08739
vn 70.71068 46.88985 -52.9277
vn 70.71068 44.08739 -55.28383
vn 70.71068 32.86089 -62.6112
vn 70.71068 30.68021 -63.70812
vn 70.71068 16.92217 -68.65595
vn 70.71068 15.73461 -68.93781
vn 0 23.93157 97.09418
vn 0 46.47232 88.5456
vn 0 66.31226 74.85107
vn 0 82.29839 56.80647
vn 0 93.50162 35.46049
vn 0 99.27089 12.05367
vn 0 99.27089 -12.05367
vn 0 93.50162 -35.46049
vn 0 82.29839 -56.80647
vn 0 66.31226 -74.85107
vn 0 46.47232 -88.5456
vn 0 23.93157 -97.09418
vn 34.20202 0 93.96926
vn 32.13938 34.20202 88.30222
vn 26.20026 64.27876 71.98463
vn 17.10101 86.60254 46.98463
vn 5.93912 98.48077 16.31759
vn 11.16189 98.48077 13.30222
vn 15.03837 98.48077 8.68241
vn 17.10101 98.48077 3.01537
vn 17.10101 98.48077 -3.01537
vn 15.03837 98.48077 -8.68241
vn 11.16189 98.48077 -13.30222
vn 5.93912 98.48077 -16.31759
vn 17.10101 86.60254 -46.98463
vn 26.20026 64.27876 -71.98463
vn 32.13938 34.20202 -88.30222
vn 34.20202 0 -93.96926
vn 60.40228 34.20202 71.98463
vn 64.27876 0 76.60445
vn 81.37977 34.20202 46.98463
vn 86.60254 0 50
vn 92.54166 34.20202 16.31759
vn 98.48077 0 17.36482
vn 92.54166 34.20202 -16.31759
vn 98.48077 0 -17.36482
vn 81.37977 34.20202 -46.98463
vn 86.60254 0 -50
vn 60.40228 34.20202 -71.98463
vn 64.27876 0 -76.60445
vn 49.24039 64.27876 58.68241
vn 66.34139 64.27876 38.30222
vn 75.44065 64.27876 13.30222
vn 75.44065 64.27876 -13.30222
vn 66.34139 64.27876 -38.30222
vn 49.24039 64.27876 -58.68241
vn 32.13938 86.60254 38.30222
vn 43.30127 86.60254 25
vn 49.24039 86.60254 8.68241
vn 49.24039 86.60254 -8.68241
vn 43.30127 86.60254 -25
vn 32.13938 86.60254 -38.30222
vn 19.26102 0 -98.12753
vn 38.30721 0 -92.37184
vn 55.81769 0 -82.9722
vn 70.70962 0 -70.71173
vn 82.97075 0 -55.81984
vn 92.37126 0 -38.30861
vn 98.12744 0 -19.26148
vn 100 0 0
vn 98.12744 0 19.26148
vn 92.37126 0 38.30861
vn 82.97075 0 55.81984
vn 70.70962 0 70.71173
vn 55.81769 0 82.9722
vn 38.30721 0 92.37184
vn 19.26102 0 98.12753
vn 70.71068 11.6386 69.74628
vn 70.71068 12.27878 69.63642
vn 70.71068 22.95972 66.87938
vn 70.71068 33.65456 62.18819
vn 70.71068 35.35534 61.23724
vn 70.71068 43.4314 55.80066
vn 70.71068 52.02354 47.89104
vn 70.71068 54.16752 45.45195
vn 70.71068 59.19661 38.67508
vn 70.71068 64.75495 28.40416
vn 70.71068 66.4463 24.18448
vn 70.71068 68.54695 17.35845
vn 70.71068 70.46916 5.83924
vn 70.71068 70.46916 -5.83924
vn 70.71068 68.54695 -17.35845
vn 70.71068 66.4463 -24.18448
vn 70.71068 64.75495 -28.40416
vn 70.71068 59.19661 -38.67508
vn 70.71068 54.16752 -45.45195
vn 70.71068 52.02354 -47.89104
vn 70.71068 43.4314 -55.80066
vn 70.71068 35.35534 -61.23724
vn 70.71068 33.65456 -62.18819
vn 70.71068 22.95972 -66.87938
vn 70.71068 12.27878 -69.63642
vn 70.71068 11.6386 -69.74628
vn 70.71068 11.06159 69.84011
vn 70.71068 21.8508 67.24985
vn 70.71068 32.10197 63.00368
vn 70.71068 41.5627 57.20614
vn 70.71068 50 50
vn 70.71068 57.20614 41.5627
vn 70.71068 63.00368 32.10197
vn 70.71068 67.24985 21.8508
vn 70.71068 69.84011 11.06159
vn 70.71068 69.84011 -11.06159
vn 70.71068 67.24985 -21.8508
vn 70.71068 63.00368 -32.10197
vn 70.71068 57.20614 -41.5627
vn 70.71068 50 -50
vn 70.71068 41.5627 -57.20614
vn 70.71068 32.10197 -63.00368
vn 70.71068 21.8508 -67.24985
vn 70.71068 11.06159 -69.84011
vn 0 16.45946 98.63613
vn 0 32.46995 94.58173
vn 0 47.59474 87.94737
vn 0 61.42127 78.91405
vn 0 73.57239 67.72816
vn 0 83.71664 54.69482
vn 0 91.57733 40.16954
vn 0 96.94002 24.54855
vn 0 99.65845 8.25794
vn 0 99.65845 -8.25794
vn 0 96.94002 -24.54855
vn 0 91.57733 -40.16954
vn 0 83.71664 -54.69482
vn 0 73.57239 -67.72816
vn 0 61.42127 -78.91405
vn 0 47.59474 -87.94737
vn 0 32.46995 -94.58173
vn 0 16.45946 -98.63613
vn 0 98.3019 18.35037
vn 0 98.36633 18.00178
vn 0 98.55292 16.95057
vn 0 98.83471 15.2217
vn 0 99.15456 12.97586
vn 0 99.47428 10.24048
vn 0 99.75261 7.02977
vn 0 99.93755 3.53365
vn 0 99.93755 -3.53365
vn 0 99.75261 -7.02977
vn 0 99.47428 -10.24048
vn 0 99.15456 -12.97586
vn 0 98.83471 -15.2217
vn 0 98.55292 -16.95057
vn 0 98.36633 -18.00178
vn 0 98.3019 -18.35037
vn 0 -15.64345 -98.76884
vn 0 -30.9017 -95.10565
vn 0 -45.39905 -89.10066
vn 0 -58.77853 -80.9017
vn 0 -70.71068 -70.71068
vn 0 -80.9017 -58.77853
vn 0 -89.10066 -45.39905
vn 0 -95.10565 -30.9017
vn 0 -98.76884 -15.64345
vn 0 -100 0
vn 0 -98.76884 15.64345
vn 0 -95.10565 30.9017
vn 0 -89.10066 45.39905
vn 0 -80.9017 58.77853
vn 0 -70.71068 70.71068
vn 0 -58.77853 80.9017
vn 0 -45.39905 89.10066
vn 0 -30.9017 95.10565
vn 0 -15.64345 98.76884
vn 0 -16.45946 -98.63613
vn 0 -32.46995 -94.58173
vn 0 -47.59474 -87.94737
vn 0 -61.42127 -78.91405
vn 0 -73.57239 -67.72816
vn 0 -83.71664 -54.69482
vn 0 -91.57733 -40.16954
vn 0 -96.94002 -24.54855
vn 0 -99.65845 -8.25794
vn 0 -99.65845 8.25794
vn 0 -96.94002 24.54855
vn 0 -91.57733 40.16954
vn 0 -83.71664 54.69482
vn 0 -73.57239 67.72816
vn 0 -61.42127 78.91405
vn 0 -47.59474 87.94737
vn 0 -32.46995 94.58173
vn 0 -16.45946 98.63613
vn -100 0 0
vn 70.71068 -11.06159 -69.84011
vn 70.71068 -21.8508 -67.24985
vn 70.71068 -32.10197 -63.00368
vn 70.71068 -41.5627 -57.20614
vn 70.71068 -50 -50
vn 70.71068 -57.20614 -41.5627
vn 70.71068 -63.00368 -32.10197
vn 70.71068 -67.24985 -21.8508
vn 70.71068 -69.84011 -11.06159
vn 70.71068 -70.71068 0
vn 70.71068 -69.84011 11.06159
vn 70.71068 -67.24985 21.8508
vn 70.71068 -63.00368 32.10197
vn 70.71068 -57.20614 41.5627
vn 70.71068 -50 50
vn 70.71068 -41.5627 57.20614
vn 70.71068 -32.10197 63.00368
vn 70.71068 -21.8508 67.24985
vn 70.71068 -11.06159 69.84011
vn 70.71068 -11.6386 -69.74628
vn 70.71068 -12.27878 -69.63642
vn 70.71068 -22.95972 -66.87938
vn 70.71068 -24.18448 -66.4463
vn 70.71068 -33.65456 -62.18819
vn 70.71068 -35.35534 -61.23724
vn 70.71068 -43.4314 -55.80066
vn 70.71068 -45.45195 -54.16752
vn 70.71068 -52.02354 -47.89104
vn 70.71068 -54.16752 -45.45195
vn 70.71068 -59.19661 -38.67508
vn 70.71068 -61.23724 -35.35534
vn 70.71068 -64.75495 -28.40416
vn 70.71068 -66.4463 -24.18448
vn 70.71068 -68.54695 -17.35845
vn 70.71068 -69.63642 -12.27878
vn 70.71068 -70.46916 -5.83924
vn 70.71068 -70.46916 5.83924
vn 70.71068 -69.63642 12.27878
vn 70.71068 -68.54695 17.35845
vn 70.71068 -66.4463 24.18448
vn 70.71068 -64.75495 28.40416
vn 70.71068 -61.23724 35.35534
vn 70.71068 -59.19661 38.67508
vn 70.71068 -54.16752 45.45195
vn 70.71068 -52.02354 47.89104
vn 70.71068 -45.45195 54.16752
vn 70.71068 -43.4314 55.80066
vn 70.71068 -35.35534 61.23724
vn 70.71068 -33.65456 62.18819
vn 70.71068 -24.18448 66.4463
vn 70.71068 -22.95972 66.87938
vn 70.71068 -12.27878 69.63642
vn 70.71068 -11.6386 69.74628
vn -19.26102 0 98.12753
vn -34.20202 0 93.96926
vn -38.30721 0 92.37184
vn -55.81769 0 82.9722
vn -64.27876 0 76.60445
vn -70.70962 0 70.71173
vn -86.60254 0 50
vn -82.97075 0 55.81984
vn -92.37126 0 38.30861
vn -98.48077 0 17.36482
vn -98.12744 0 19.26148
vn -98.48077 0 -17.36482
vn -98.12744 0 -19.26148
vn -92.37126 0 -38.30861
vn -86.60254 0 -50
vn -82.97075 0 -55.81984
vn -70.70962 0 -70.71173
vn -64.27876 0 -76.60445
vn -55.81769 0 -82.9722
vn -34.20202 0 -93.96926
vn -38.30721 0 -92.37184
vn -19.26102 0 -98.12753
vn -5.93912 98.48077 -16.31759
vn -17.10101 86.60254 -46.98463
vn -26.20026 64.27876 -71.98463
vn -32.13938 34.20202 -88.30222
vn -60.40228 34.20202 -71.98463
vn -81.37977 34.20202 -46.98463
vn -92.54166 34.20202 -16.31759
vn -92.54166 34.20202 16.31759
vn -81.37977 34.20202 46.98463
vn -60.40228 34.20202 71.98463
vn -32.13938 34.20202 88.30222
vn -26.20026 64.27876 71.98463
vn -49.24039 64.27876 58.68241
vn -66.34139 64.27876 38.30222
vn -75.44065 64.27876 13.30222
vn -75.44065 64.27876 -13.30222
vn -66.34139 64.27876 -38.30222
vn -49.24039 64.27876 -58.68241
vn -17.10101 86.60254 46.98463
vn -32.13938 86.60254 38.30222
vn -43.30127 86.60254 25
vn -49.24039 86.60254 8.68241
vn -49.24039 86.60254 -8.68241
vn -43.30127 86.60254 -25
vn -32.13938 86.60254 -38.30222
vn -5.93912 98.48077 16.31759
vn -11.16189 98.48077 13.30222
vn -15.03837 98.48077 8.68241
vn -17.10101 98.48077 3.01537
vn -17.10101 98.48077 -3.01537
vn -15.03837 98.48077 -8.68241
vn -11.16189 98.48077 -13.30222
vn 0 -23.93157 -97.09418
vn 0 -46.47232 -88.5456
vn 0 -66.31226 -74.85107
vn 0 -82.29839 -56.80647
vn 0 -93.50162 -35.46049
vn 0 -99.27089 -12.05367
vn 0 -99.27089 12.05367
vn 0 -93.50162 35.46049
vn 0 -82.29839 56.80647
vn 0 -66.31226 74.85107
vn 0 -46.47232 88.5456
vn 0 -23.93157 97.09418
vn 70.71068 -15.73461 -68.93781
vn 70.71068 -16.92217 -68.65595
vn 70.71068 -30.68021 -63.70812
vn 70.71068 -32.86089 -62.6112
vn 70.71068 -44.08739 -55.28383
vn 70.71068 -46.88985 -52.9277
vn 70.71068 -55.28383 -44.08739
vn 70.71068 -58.19375 -40.16824
vn 70.71068 -63.70812 -30.68021
vn 70.71068 -66.11563 -25.07435
vn 70.71068 -68.93781 -15.73461
vn 70.71068 -70.19511 -8.52323
vn 70.71068 -70.19511 8.52323
vn 70.71068 -68.93781 15.73461
vn 70.71068 -66.11563 25.07435
vn 70.71068 -63.70812 30.68021
vn 70.71068 -58.19375 40.16824
vn 70.71068 -55.28383 44.08739
vn 70.71068 -46.88985 52.9277
vn 70.71068 -44.08739 55.28383
vn 70.71068 -32.86089 62.6112
vn 70.71068 -30.68021 63.70812
vn 70.71068 -16.92217 68.65595
vn 70.71068 -15.73461 68.93781
vn 0 -34.20202 -93.96926
vn 0 -64.27876 -76.60445
vn 0 -86.60254 -50
vn 0 -98.48077 -17.36482
vn 0 -98.48077 17.36482
vn 0 -86.60254 50
vn 0 -64.27876 76.60445
vn 0 -34.20202 93.96926
vt 0 0
vt 0 -0.55763
vt 0.6 0
vt 0.6 -0.55763
vt 0 -1.11526
vt 0.6 -1.11526
vt 0 -1.6729
vt 0.6 -1.6729
vt 0 -2.23053
vt 0.6 -2.23053
vt 0 -2.78816
vt 0.6 -2.78816
vt 0 -3.3458
vt 0.6 -3.3458
vt 0 -3.90343
vt 0.6 -3.90343
vt 0 -4.46106
vt 0.6 -4.46106
vt 0 -5.01869
vt 0.6 -5.01869
vt 0 -5.57633
vt 0.6 -5.57633
vt -0 -6.13396
vt 0.6 -6.13396
vt 0 -6.69159
vt 0.6 -6.69159
vt -0 -7.24922
vt 0.6 -7.24922
vt -0 -7.80686
vt 0.6 -7.80686
vt -0 -8.36449
vt 0.6 -8.36449
vt -0 -8.92212
vt 0.6 -8.92212
vt -0 -9.47976
vt 0.6 -9.47976
vt -0 -10.03739
vt 0.6 -10.03739
vt -0 -10.59502
vt 0.6 -10.59502
vt 0.6 -11.15265
vt 0 -11.15265
vt 0.07071 0
vt 0.07071 -0.11345
vt 0 -0.11345
vt 0.07071 -0.22689
vt -0 -0.22689
vt 0.07071 -0.34034
vt -0 -0.34034
vt 0.07071 -0.45379
vt -0 -0.45379
vt 0.07071 -0.56723
vt -0 -0.56723
vt 0.07071 -0.68068
vt -0 -0.68068
vt 0.07071 -0.79412
vt -0 -0.79412
vt 0.07071 -0.90757
vt 0 -0.90757
vt 0.07071 -1.02102
vt 0 -1.02102
vt 0.55 0
vt 0.55 -0.10472
vt 0 -0.10472
vt 0.55 -0.20944
vt 0 -0.20944
vt 0.55 -0.31416
vt 0 -0.31416
vt 0.55 -0.41888
vt 0 -0.41888
vt 0.55 -0.5236
vt 0 -0.5236
vt 0.55 -0.62832
vt 0 -0.62832
vt 0.55 -0.73304
vt 0 -0.73304
vt 0.55 -0.83776
vt 0 -0.83776
vt 0.55 -0.94248
vt 0 -0.94248
vt 0.14142 0
vt 0.14142 -0.36465
vt 0 -0.3927
vt 0.14142 -0.7293
vt 0 -0.7854
vt 0.14142 -1.09395
vt 0 -1.1781
vt 0.14142 -1.4586
vt 0 -1.5708
vt 0.14142 -1.82325
vt 0 -1.9635
vt 0.14142 -2.1879
vt 0 -2.35619
vt 0.14142 -2.55254
vt 0 -2.74889
vt 0.14142 -2.91719
vt 0 -3.14159
vt 0.14142 -3.28184
vt -0 -3.53429
vt 0.14142 -3.64649
vt 0 -3.92699
vt 0.14142 -4.01114
vt 0 -4.31969
vt 0.14142 -4.37579
vt 0 -4.71239
vt 0.14142 -4.74044
vt 0 -5.10509
vt 0.14142 -5.10509
vt 0.5 0
vt 0.5 -0.38062
vt 0 -0.38062
vt 0.5 -0.76123
vt 0 -0.76123
vt 0.5 -1.14185
vt 0 -1.14185
vt 0.5 -1.52246
vt 0 -1.52246
vt 0.5 -1.90308
vt 0 -1.90308
vt 0.5 -2.2837
vt 0 -2.2837
vt 0.5 -2.66431
vt 0 -2.66431
vt 0.5 -3.04493
vt 0 -3.04493
vt 0.5 -3.42554
vt 0 -3.42554
vt 0.5 -3.80616
vt 0 -3.80616
vt 0.5 -4.18678
vt 0 -4.18678
vt 0.5 -4.56739
vt 0 -4.56739
vt 0.5 -4.94801
vt 0 -4.94801
vt -0 0.22998
vt -0.03142 0
vt -0.03491 0.22998
vt -0.06283 0
vt -0.06981 0.22998
vt -0.09425 0
vt -0.10472 0.22998
vt -0.12566 0
vt -0.13963 0.22998
vt -0.15708 0
vt -0.15708 0.22998
vt -0.15708 0.45996
vt -0.13963 0.45996
vt -0.15708 0.68995
vt -0.13963 0.68995
vt -0.15708 0.91993
vt -0.13963 0.91993
vt -0.15708 1.14991
vt -0.13963 1.14991
vt -0.15708 1.37989
vt -0.13963 1.37989
vt -0.15708 1.60987
vt -0.13963 1.60987
vt -0.15708 1.83986
vt -0.13963 1.83986
vt -0.15708 2.06984
vt -0.12566 2.06984
vt -0.10472 1.83986
vt -0.09425 2.06984
vt -0.06981 1.83986
vt -0.06283 2.06984
vt -0.03491 1.83986
vt -0.03142 2.06984
vt -0 1.83986
vt -0 2.06984
vt -0.03491 0.45996
vt -0 0.45996
vt -0.03491 0.68995
vt -0 0.68995
vt -0.03491 0.91993
vt -0 0.91993
vt -0.03491 1.14991
vt -0 1.14991
vt -0.03491 1.37989
vt -0 1.37989
vt -0.03491 1.60987
vt -0 1.60987
vt -0.06981 0.45996
vt -0.06981 0.68995
vt -0.06981 0.91993
vt -0.06981 1.14991
vt -0.06981 1.37989
vt -0.06981 1.60987
vt -0.10472 0.45996
vt -0.10472 0.68995
vt -0.10472 0.91993
vt -0.10472 1.14991
vt -0.10472 1.37989
vt -0.10472 1.60987
vt -0.91368 0
vt -0.1 0
vt -0.91124 0.13338
vt -0.1 0.24021
vt -0.90426 0.27052
vt -0.89371 0.40751
vt -0.1 0.48041
vt -0.8817 0.54045
vt -0.1 0.72062
vt -0.86974 0.6734
vt -0.85928 0.81039
vt -0.1 0.96082
vt -0.8524 0.94755
vt -0.85 1.08093
vt -0.1 1.20103
vt -0.8524 1.2143
vt -0.85928 1.35146
vt -0.1 1.44123
vt -0.86974 1.48845
vt -0.8817 1.6214
vt -0.1 1.68144
vt -0.89371 1.75434
vt -0.1 1.92165
vt -0.90426 1.89133
vt -0.91124 2.02848
vt -0.1 2.16185
vt -0.91368 2.16185
vt -0 0.51258
vt 0.14142 0.54105
vt -0 1.02515
vt 0.14142 1.0821
vt -0 1.53773
vt 0.14142 1.62316
vt -0 2.0503
vt 0.14142 2.16421
vt -0 2.56288
vt 0.14142 2.70526
vt -0 3.07545
vt 0.14142 3.24631
vt -0 3.58803
vt 0.14142 3.78736
vt -0 4.1006
vt 0.14142 4.32842
vt -0 4.61318
vt 0.14142 4.86947
vt -0 5.12576
vt 0.14142 5.41052
vt -0 5.63833
vt 0.14142 5.95157
vt -0 6.15091
vt 0.14142 6.49262
vt -0 6.66348
vt 0.14142 7.03368
vt -0 7.17606
vt 0.14142 7.57473
vt -0 7.68864
vt 0.14142 8.11578
vt 0 8.20121
vt 0.14142 8.65683
vt -0 8.71379
vt 0.14142 9.19789
vt -0 9.22636
vt 0.14142 9.73894
vt -0 9.73894
vt -0 0.5812
vt 0.14142 0.5812
vt 0 1.16239
vt 0.14142 1.16239
vt -0 1.74358
vt 0.14142 1.74358
vt -0 2.32478
vt 0.14142 2.32478
vt -0 2.90597
vt 0.14142 2.90597
vt -0 3.48717
vt 0.14142 3.48717
vt 0 4.06836
vt 0.14142 4.06836
vt 0 4.64956
vt 0.14142 4.64956
vt -0 5.23075
vt 0.14142 5.23075
vt -0 5.81195
vt 0.14142 5.81195
vt -0 6.39314
vt 0.14142 6.39314
vt -0 6.97434
vt 0.14142 6.97434
vt -0 7.55553
vt 0.14142 7.55553
vt -0 8.13672
vt 0.14142 8.13672
vt -0 8.71792
vt 0.14142 8.71792
vt -0 9.29911
vt 0.14142 9.29911
vt 0 9.88031
vt 0.14142 9.88031
vt -0 10.4615
vt 0.14142 10.4615
vt 0 11.0427
vt 0.14142 11.0427
vt -0 11.62389
vt 0.14142 11.62389
vt -0.1 0.52084
vt -0.7 0
vt -0.7 0.52084
vt -0.1 1.04169
vt -0.7 1.04169
vt -0.1 1.56253
vt -0.7 1.56253
vt -0.1 2.08337
vt -0.7 2.08337
vt -0.1 2.60422
vt -0.7 2.60422
vt -0.1 3.12506
vt -0.7 3.12506
vt -0.1 3.6459
vt -0.7 3.6459
vt -0.1 4.16674
vt -0.7 4.16674
vt -0.1 4.68759
vt -0.7 4.68759
vt -0.1 5.20843
vt -0.7 5.20843
vt -0.1 5.72927
vt -0.7 5.72927
vt -0.1 6.25012
vt -0.7 6.25012
vt -0.1 6.77096
vt -0.7 6.77096
vt -0.1 7.2918
vt -0.7 7.2918
vt -0.1 7.81264
vt -0.7 7.81264
vt -0.1 8.33349
vt -0.7 8.33349
vt -0.1 8.85433
vt -0.7 8.85433
vt -0.1 9.37517
vt -0.7 9.37517
vt -0.7 9.89602
vt -0.1 9.89602
vt -3.95 0
vt -0.8 0
vt -3.95 0.58905
vt -0.8 0.58905
vt -3.95 1.1781
vt -0.8 1.1781
vt -3.95 1.76715
vt -0.8 1.76715
vt -3.95 2.35619
vt -0.8 2.35619
vt -3.95 2.94524
vt -0.8 2.94524
vt -3.95 3.53429
vt -0.8 3.53429
vt -3.95 4.12334
vt -0.8 4.12334
vt -3.95 4.71239
vt -0.8 4.71239
vt -2.85947 5.19843
vt -2.72696 5.21172
vt -0.8 5.30144
vt -2.59586 5.25176
vt -2.47547 5.31744
vt -2.37289 5.40252
vt -2.28866 5.50579
vt -2.22382 5.62665
vt -0.8 5.89049
vt -2.1844 5.75795
vt -2.17133 5.89049
vt -2.1844 6.02303
vt -2.22382 6.15432
vt -0.8 6.47954
vt -2.28866 6.27518
vt -2.37289 6.37846
vt -2.47547 6.46353
vt -2.59586 6.52922
vt -2.72696 6.56925
vt -2.85947 6.58255
vt -0.8 7.06858
vt -3.95 7.06858
vt -3.95 7.65763
vt -0.8 7.65763
vt -3.95 8.24668
vt -0.8 8.24668
vt -3.95 8.83573
vt -0.8 8.83573
vt -3.95 9.42478
vt -0.8 9.42478
vt -3.95 10.01383
vt -0.8 10.01383
vt -3.95 10.60288
vt -0.8 10.60288
vt -3.95 11.19192
vt -0.8 11.19192
vt -3.95 11.78097
vt -0.8 11.78097
vt -3.95 6.47954
vt -2.99197 6.56925
vt -3.12307 6.52922
vt -3.24347 6.46353
vt -3.34605 6.37846
vt -3.43027 6.27518
vt -3.49511 6.15432
vt -3.95 5.89049
vt -3.53454 6.02303
vt -3.5476 5.89049
vt -3.53454 5.75795
vt -3.49511 5.62665
vt -3.95 5.30144
vt -3.43027 5.50579
vt -3.34605 5.40252
vt -3.24347 5.31744
vt -3.12307 5.25176
vt -2.99197 5.21172
vt -3.95 -11.78097
vt -0.8 -11.78097
vt -3.95 -11.19192
vt -0.8 -11.19192
vt -3.95 -10.60288
vt -0.8 -10.60288
vt -3.95 -10.01383
vt -0.8 -10.01383
vt -3.95 -9.42478
vt -0.8 -9.42478
vt -3.95 -8.83573
vt -0.8 -8.83573
vt -3.95 -8.24668
vt -0.8 -8.24668
vt -3.95 -7.65763
vt -0.8 -7.65763
vt -3.95 -7.06858
vt -0.8 -7.06858
vt -3.95 -6.47954
vt -0.8 -6.47954
vt -3.95 -5.89049
vt -0.8 -5.89049
vt -3.95 -5.30144
vt -0.8 -5.30144
vt -3.95 -4.71239
vt -0.8 -4.71239
vt -3.95 -4.12334
vt -0.8 -4.12334
vt -3.95 -3.53429
vt -0.8 -3.53429
vt -3.95 -2.94524
vt -0.8 -2.94524
vt -3.95 -2.35619
vt -0.8 -2.35619
vt -3.95 -1.76715
vt -0.8 -1.76715
vt -3.95 -1.1781
vt -0.8 -1.1781
vt -3.95 -0.58905
vt -0.8 -0.58905
vt -3.00366 0.52963
vt -3.05 0
vt -1.675 0
vt -3.00366 -0.52963
vt -1.633 -0.37272
vt -2.86606 -1.04316
vt -1.50912 -0.72676
vt -1.94277 -1.46466
vt -1.82854 -1.42308
vt -2.03588 -1.54279
vt -2.64138 -1.525
vt -2.09666 -1.64806
vt -2.11777 -1.76777
vt -2.33644 -1.9605
vt -2.09666 -1.88747
vt -2.03588 -1.99274
vt -1.9605 -2.33644
vt -1.94277 -2.07088
vt -1.82854 -2.11245
vt -1.70699 -2.11245
vt -1.525 -2.64138
vt -1.59277 -2.07088
vt -1.49965 -1.99274
vt -1.04316 -2.86606
vt -1.43887 -1.88747
vt -0.72676 -1.50912
vt -1.41777 -1.76777
vt -1.04435 -1.30957
vt -1.43887 -1.64806
vt -1.49965 -1.54279
vt -1.30957 -1.04435
vt -1.59277 -1.46466
vt -1.70699 -1.42308
vt -0.37272 -1.633
vt -0.52963 -3.00366
vt -0 -1.675
vt -0 -3.05
vt 0.52963 -3.00366
vt 0.37272 -1.633
vt 1.04316 -2.86606
vt 0.72676 -1.50912
vt 1.43887 -1.88747
vt 1.41777 -1.76777
vt 1.49965 -1.99274
vt 1.525 -2.64138
vt 1.59277 -2.07088
vt 1.70699 -2.11245
vt 1.9605 -2.33644
vt 1.82854 -2.11245
vt 1.94277 -2.07088
vt 2.03588 -1.99274
vt 2.33644 -1.9605
vt 2.09666 -1.88747
vt 2.11777 -1.76777
vt 2.64138 -1.525
vt 2.09666 -1.64806
vt 2.03588 -1.54279
vt 2.86606 -1.04316
vt 1.94277 -1.46466
vt 1.50912 -0.72676
vt 1.82854 -1.42308
vt 1.70699 -1.42308
vt 1.30957 -1.04435
vt 1.59277 -1.46466
vt 1.49965 -1.54279
vt 1.04435 -1.30957
vt 1.43887 -1.64806
vt 1.633 -0.37272
vt 3.00366 -0.52963
vt 1.675 0
vt 3.05 0
vt 3.00366 0.52963
vt 1.633 0.37272
vt 2.86606 1.04316
vt 1.50912 0.72676
vt 1.94277 1.46466
vt 1.82854 1.42308
vt 2.03588 1.54279
vt 2.64138 1.525
vt 2.09666 1.64806
vt 2.11777 1.76777
vt 2.33644 1.9605
vt 2.09666 1.88747
vt 2.03588 1.99274
vt 1.9605 2.33644
vt 1.94277 2.07088
vt 1.82854 2.11245
vt 1.70699 2.11245
vt 1.525 2.64138
vt 1.59277 2.07088
vt 1.49965 1.99274
vt 1.04316 2.86606
vt 0.32889 2.38029
vt 0.35 2.5
vt 0.32889 2.61971
vt 0.52963 3.00366
vt 0.26812 2.72498
vt 0.175 2.80311
vt -0 3.05
vt 0.06078 2.84468
vt -0.06078 2.84468
vt -0.175 2.80311
vt -0.52963 3.00366
vt -0.26812 2.72498
vt -0.32889 2.61971
vt -1.04316 2.86606
vt -0.35 2.5
vt -0.32889 2.38029
vt -1.49965 1.99274
vt -1.43887 1.88747
vt -1.525 2.64138
vt -1.59277 2.07088
vt -1.70699 2.11245
vt -1.9605 2.33644
vt -1.82854 2.11245
vt -1.94277 2.07088
vt -2.03588 1.99274
vt -2.33644 1.9605
vt -2.09666 1.88747
vt -2.11777 1.76777
vt -2.64138 1.525
vt -2.09666 1.64806
vt -2.03588 1.54279
vt -2.86606 1.04316
vt -1.94277 1.46466
vt -1.50912 0.72676
vt -1.82854 1.42308
vt -1.70699 1.42308
vt -1.30957 1.04435
vt -1.59277 1.46466
vt -1.49965 1.54279
vt -1.04435 1.30957
vt -1.43887 1.64806
vt -1.41777 1.76777
vt -0.72676 1.50912
vt -1.633 0.37272
vt 1.70699 1.42308
vt 1.30957 1.04435
vt 1.59277 1.46466
vt 1.49965 1.54279
vt 1.04435 1.30957
vt 1.43887 1.64806
vt 1.41777 1.76777
vt 0.72676 1.50912
vt 1.43887 1.88747
vt 0.26812 2.27502
vt 0.37272 1.633
vt 0.175 2.19689
vt 0.06078 2.15532
vt 0 1.675
vt -0.06078 2.15532
vt -0.37272 1.633
vt -0.175 2.19689
vt -0.26812 2.27502
vt -0.7 -9.89602
vt -0.1 -9.89602
vt -0.7 -9.37517
vt -0.1 -9.37517
vt -0.1 -8.85433
vt -0.7 -8.85433
vt -0.1 -8.33349
vt -0.7 -8.33349
vt -0.1 -7.81264
vt -0.7 -7.81264
vt -0.1 -7.2918
vt -0.7 -7.2918
vt -0.1 -6.77096
vt -0.7 -6.77096
vt -0.1 -6.25012
vt -0.7 -6.25012
vt -0.1 -5.72927
vt -0.7 -5.72927
vt -0.1 -5.20843
vt -0.7 -5.20843
vt -0.1 -4.68759
vt -0.7 -4.68759
vt -0.1 -4.16674
vt -0.7 -4.16674
vt -0.1 -3.6459
vt -0.7 -3.6459
vt -0.1 -3.12506
vt -0.7 -3.12506
vt -0.1 -2.60422
vt -0.7 -2.60422
vt -0.1 -2.08337
vt -0.7 -2.08337
vt -0.1 -1.56253
vt -0.7 -1.56253
vt -0.1 -1.04169
vt -0.7 -1.04169
vt -0.1 -0.52084
vt -0.7 -0.52084
vt -3.60506 -2.57901
vt -3.65 -3.15
vt -3.15 -3.15
vt -3.60506 -3.72099
vt -3.10704 -3.66847
vt -3.47136 -4.27791
vt -2.97932 -4.1728
vt -3.25217 -4.80706
vt -2.77034 -4.64923
vt -2.95291 -5.29542
vt -2.48579 -5.08477
vt -2.58094 -5.73094
vt -2.13344 -5.46753
vt -2.14542 -6.10291
vt -1.72289 -5.78708
vt -1.65706 -6.40217
vt -1.26534 -6.03469
vt -1.12791 -6.62136
vt -0.77328 -6.20361
vt -0.57099 -6.75506
vt -0.26012 -6.28924
vt -0 -6.8
vt 0.26012 -6.28924
vt 0.57099 -6.75506
vt 0.77328 -6.20361
vt 1.12791 -6.62136
vt 1.26534 -6.03469
vt 1.65706 -6.40217
vt 1.72289 -5.78708
vt 2.14542 -6.10291
vt 2.13344 -5.46753
vt 2.58094 -5.73094
vt 2.48579 -5.08477
vt 2.95291 -5.29542
vt 2.77034 -4.64923
vt 3.25217 -4.80706
vt 2.97932 -4.1728
vt 3.47136 -4.27791
vt 3.10704 -3.66847
vt 3.60506 -3.72099
vt 3.15 -3.15
vt 3.65 -3.15
vt 3.60506 -2.57901
vt 3.10704 -2.63153
vt 3.47136 -2.02209
vt 2.97932 -2.1272
vt 3.25217 -1.49294
vt 2.77034 -1.65077
vt 2.95291 -1.00458
vt 2.48579 -1.21523
vt 2.58094 -0.56906
vt 2.13344 -0.83247
vt 2.14542 -0.19709
vt 1.72289 -0.51293
vt 1.65706 0.10217
vt 1.26534 -0.26531
vt 1.12791 0.32136
vt 0.77328 -0.09639
vt 0.57099 0.45506
vt 0.26012 -0.01076
vt -0 0.5
vt -0.26012 -0.01076
vt -0.57099 0.45506
vt -0.77328 -0.09639
vt -1.12791 0.32136
vt -1.26534 -0.26531
vt -1.65706 0.10217
vt -1.72289 -0.51293
vt -2.14542 -0.19709
vt -2.13344 -0.83247
vt -2.58094 -0.56906
vt -2.48579 -1.21523
vt -2.95291 -1.00458
vt -2.77034 -1.65077
vt -3.25217 -1.49294
vt -2.97932 -2.1272
vt -3.47136 -2.02209
vt -3.10704 -2.63153
vt 4.33663 3.70383
vt 3.75 3.75
vt 3.75 3.55
vt 3.16337 3.70383
vt 3.19466 3.50629
vt 2.59119 3.56646
vt 2.65299 3.37625
vt 2.04754 3.34127
vt 2.13833 3.16307
vt 1.5458 3.03381
vt 1.66336 2.87201
vt 1.09835 2.65165
vt 1.23977 2.51023
vt 0.71619 2.2042
vt 0.87799 2.08664
vt 0.40873 1.70246
vt 0.58693 1.61167
vt 0.18354 1.15881
vt 0.37375 1.09701
vt 0.04617 0.58663
vt 0.24371 0.55534
vt 0.2 0
vt 0.24371 -0.55534
vt 0.04617 -0.58663
vt 0.37375 -1.09701
vt 0.18354 -1.15881
vt 0.58693 -1.61167
vt 0.40873 -1.70246
vt 0.87799 -2.08664
vt 0.71619 -2.2042
vt 1.23977 -2.51023
vt 1.09835 -2.65165
vt 1.66336 -2.87201
vt 1.5458 -3.03381
vt 2.13833 -3.16307
vt 2.04754 -3.34127
vt 2.65299 -3.37625
vt 2.59119 -3.56646
vt 3.19466 -3.50629
vt 3.16337 -3.70383
vt 3.75 -3.55
vt 3.75 -3.75
vt 4.33663 -3.70383
vt 4.30534 -3.50629
vt 4.90881 -3.56646
vt 4.84701 -3.37625
vt 5.45246 -3.34127
vt 5.36167 -3.16307
vt 5.9542 -3.03381
vt 5.83664 -2.87201
vt 6.40165 -2.65165
vt 6.26023 -2.51023
vt 6.78381 -2.2042
vt 6.62201 -2.08664
vt 7.09127 -1.70246
vt 6.91307 -1.61167
vt 7.31646 -1.15881
vt 7.12625 -1.09701
vt 7.45383 -0.58663
vt 7.25629 -0.55534
vt 7.5 0
vt 7.3 0
vt 7.25629 0.55534
vt 7.45383 0.58663
vt 7.12625 1.09701
vt 7.31646 1.15881
vt 6.91307 1.61167
vt 7.09127 1.70246
vt 6.62201 2.08664
vt 6.78381 2.2042
vt 6.26023 2.51023
vt 6.40165 2.65165
vt 5.83664 2.87201
vt 5.9542 3.03381
vt 5.36167 3.16307
vt 5.45246 3.34127
vt 4.84701 3.37625
vt 4.90881 3.56646
vt 4.30534 3.50629
vt -0 -11.62389
vt 0.14142 -11.62389
vt 0 -11.0427
vt 0.14142 -11.0427
vt 0 -10.4615
vt 0.14142 -10.4615
vt 0 -9.88031
vt 0.14142 -9.88031
vt 0 -9.29911
vt 0.14142 -9.29911
vt 0 -8.71792
vt 0.14142 -8.71792
vt 0 -8.13672
vt 0.14142 -8.13672
vt 0 -7.55553
vt 0.14142 -7.55553
vt -0 -6.97434
vt 0.14142 -6.97434
vt 0 -6.39314
vt 0.14142 -6.39314
vt -0 -5.81195
vt 0.14142 -5.81195
vt -0 -5.23075
vt 0.14142 -5.23075
vt 0 -4.64956
vt 0.14142 -4.64956
vt 0 -4.06836
vt 0.14142 -4.06836
vt -0 -3.48717
vt 0.14142 -3.48717
vt -0 -2.90597
vt 0.14142 -2.90597
vt -0 -2.32478
vt 0.14142 -2.32478
vt -0 -1.74358
vt 0.14142 -1.74358
vt 0 -1.16239
vt 0.14142 -1.16239
vt -0 -0.5812
vt 0.14142 -0.5812
vt -0 -9.73894
vt 0.14142 -9.73894
vt 0 -9.22636
vt 0.14142 -9.19789
vt 0 -8.71379
vt 0.14142 -8.65683
vt 0 -8.20121
vt 0.14142 -8.11578
vt 0 -7.68864
vt 0.14142 -7.57473
vt 0 -7.17606
vt 0.14142 -7.03368
vt 0 -6.66348
vt 0.14142 -6.49262
vt 0 -6.15091
vt 0.14142 -5.95157
vt 0 -5.63833
vt 0.14142 -5.41052
vt 0 -5.12576
vt 0.14142 -4.86947
vt -0 -4.61318
vt 0.14142 -4.32842
vt -0 -4.1006
vt 0.14142 -3.78736
vt -0 -3.58803
vt 0.14142 -3.24631
vt -0 -3.07545
vt 0.14142 -2.70526
vt -0 -2.56288
vt 0.14142 -2.16421
vt -0 -2.0503
vt 0.14142 -1.62316
vt -0 -1.53773
vt 0.14142 -1.0821
vt -0 -1.02515
vt 0.14142 -0.54105
vt -0 -0.51258
vt -0.91368 -2.16185
vt -0.1 -2.16185
vt -0.91124 -2.02848
vt -0.1 -1.92165
vt -0.90426 -1.89133
vt -0.89371 -1.75434
vt -0.1 -1.68144
vt -0.8817 -1.6214
vt -0.1 -1.44123
vt -0.86974 -1.48845
vt -0.85928 -1.35146
vt -0.1 -1.20103
vt -0.8524 -1.2143
vt -0.85 -1.08093
vt -0.1 -0.96082
vt -0.8524 -0.94755
vt -0.85928 -0.81039
vt -0.1 -0.72062
vt -0.86974 -0.6734
vt -0.8817 -0.54045
vt -0.1 -0.48041
vt -0.89371 -0.40751
vt -0.1 -0.24021
vt -0.90426 -0.27052
vt -0.91124 -0.13338
vt 0.20116 -0.55267
vt 0 0.58814
vt 0 -0.58814
vt -0.20116 0.55267
vt -0.20116 -0.55267
vt -0.37805 0.45054
vt -0.37805 -0.45054
vt -0.50934 0.29407
vt -0.5792 0.10213
vt 0.20116 0.55267
vt 0.37805 -0.45054
vt 0.37805 0.45054
vt 0.50934 -0.29407
vt 0.50934 0.29407
vt 0.5792 -0.10213
vt 0.5792 0.10213
vt -0.5792 -0.10213
vt -0.50934 -0.29407
vt -0.15708 -1.83986
vt -0.15708 -2.06984
vt -0.13963 -1.83986
vt -0.12566 -2.06984
vt -0.10472 -1.83986
vt -0.09425 -2.06984
vt -0.06981 -1.83986
vt -0.06283 -2.06984
vt -0.03491 -1.83986
vt -0.03142 -2.06984
vt -0 -1.83986
vt -0 -2.06984
vt -0.03491 -1.60987
vt -0 -1.60987
vt -0.03491 -1.37989
vt -0 -1.37989
vt -0.03491 -1.14991
vt -0 -1.14991
vt -0.03491 -0.91993
vt -0 -0.91993
vt -0.03491 -0.68995
vt -0 -0.68995
vt -0.03491 -0.45996
vt -0 -0.45996
vt -0.03491 -0.22998
vt -0 -0.22998
vt -0.06981 -0.22998
vt -0.06981 -0.45996
vt -0.06981 -0.68995
vt -0.06981 -0.91993
vt -0.06981 -1.14991
vt -0.06981 -1.37989
vt -0.06981 -1.60987
vt -0.10472 -0.22998
vt -0.10472 -0.45996
vt -0.10472 -0.68995
vt -0.10472 -0.91993
vt -0.10472 -1.14991
vt -0.10472 -1.37989
vt -0.10472 -1.60987
vt -0.13963 -0.22998
vt -0.13963 -0.45996
vt -0.13963 -0.68995
vt -0.13963 -0.91993
vt -0.13963 -1.14991
vt -0.13963 -1.37989
vt -0.13963 -1.60987
vt -0.15708 -0.22998
vt -0.15708 -0.45996
vt -0.15708 -0.68995
vt -0.15708 -0.91993
vt -0.15708 -1.14991
vt -0.15708 -1.37989
vt -0.15708 -1.60987
vt 0.5 4.94801
vt 0 4.94801
vt 0.5 4.56739
vt 0 4.56739
vt 0.5 4.18678
vt 0 4.18678
vt 0.5 3.80616
vt 0 3.80616
vt 0.5 3.42554
vt 0 3.42554
vt 0.5 3.04493
vt 0 3.04493
vt 0.5 2.66431
vt 0 2.66431
vt 0.5 2.2837
vt 0 2.2837
vt 0.5 1.90308
vt 0 1.90308
vt 0.5 1.52246
vt 0 1.52246
vt 0.5 1.14185
vt 0 1.14185
vt 0.5 0.76123
vt 0 0.76123
vt 0.5 0.38062
vt 0 0.38062
vt 0 -1.575
vt 0.37692 -1.52923
vt -0.37692 -1.52923
vt -0.73194 -1.39459
vt -1.04442 -1.1789
vt -1.2962 -0.8947
vt -1.47265 -0.5585
vt 0.73194 -1.39459
vt -1.56352 -0.18984
vt -1.56352 0.18984
vt -1.47265 0.5585
vt -1.2962 0.8947
vt -1.04442 1.1789
vt -0.73194 1.39459
vt -0.37692 1.52923
vt 0 1.575
vt 0.37692 1.52923
vt 0.73194 1.39459
vt 1.04442 -1.1789
vt 1.04442 1.1789
vt 1.2962 -0.8947
vt 1.2962 0.8947
vt 1.47265 -0.5585
vt 1.47265 0.5585
vt 1.56352 -0.18984
vt 1.56352 0.18984
vt 0.14142 5.10509
vt 0 5.10509
vt 0.14142 4.74044
vt 0 4.71239
vt 0.14142 4.37579
vt 0 4.31969
vt 0.14142 4.01114
vt 0 3.92699
vt 0.14142 3.64649
vt 0 3.53429
vt 0.14142 3.28184
vt 0 3.14159
vt 0.14142 2.91719
vt 0 2.74889
vt 0.14142 2.55254
vt 0 2.35619
vt 0.14142 2.1879
vt 0 1.9635
vt 0.14142 1.82325
vt 0 1.5708
vt 0.14142 1.4586
vt 0 1.1781
vt 0.14142 1.09395
vt 0 0.7854
vt 0.14142 0.7293
vt 0 0.3927
vt 0.14142 0.36465
vt 0.55 0.94248
vt 0 0.94248
vt 0.55 0.83776
vt 0 0.83776
vt 0.55 0.73304
vt 0 0.73304
vt 0.55 0.62832
vt 0 0.62832
vt 0.55 0.5236
vt 0 0.5236
vt 0.55 0.41888
vt 0 0.41888
vt 0.55 0.31416
vt 0 0.31416
vt 0.55 0.20944
vt 0 0.20944
vt 0.55 0.10472
vt 0 0.10472
vt 0.10261 -0.28191
vt 0 0.3
vt 0 -0.3
vt -0.10261 0.28191
vt -0.10261 -0.28191
vt -0.19284 0.22981
vt -0.19284 -0.22981
vt -0.25981 0.15
vt -0.29544 0.05209
vt 0.10261 0.28191
vt 0.19284 -0.22981
vt 0.19284 0.22981
vt 0.25981 -0.15
vt 0.25981 0.15
vt 0.29544 -0.05209
vt 0.29544 0.05209
vt -0.29544 -0.05209
vt -0.25981 -0.15
vt 0.07071 1.02102
vt -0 1.02102
vt 0.07071 0.90757
vt 0 0.90757
vt 0.07071 0.79412
vt -0 0.79412
vt 0.07071 0.68068
vt -0 0.68068
vt 0.07071 0.56723
vt -0 0.56723
vt 0.07071 0.45379
vt -0 0.45379
vt 0.07071 0.34034
vt -0 0.34034
vt 0.07071 0.22689
vt -0 0.22689
vt 0.07071 0.11345
vt 0 0.11345
vt 0.6 11.15265
vt 0 11.15265
vt 0.6 10.59502
vt 0 10.59502
vt 0 10.03739
vt 0.6 10.03739
vt 0 9.47976
vt 0.6 9.47976
vt 0 8.92212
vt 0.6 8.92212
vt 0 8.36449
vt 0.6 8.36449
vt 0 7.80686
vt 0.6 7.80686
vt 0 7.24922
vt 0.6 7.24922
vt 0 6.69159
vt 0.6 6.69159
vt 0 6.13396
vt 0.6 6.13396
vt 0 5.57633
vt 0.6 5.57633
vt 0 5.01869
vt 0.6 5.01869
vt 0 4.46106
vt 0.6 4.46106
vt 0 3.90343
vt 0.6 3.90343
vt 0 3.3458
vt 0.6 3.3458
vt 0 2.78816
vt 0.6 2.78816
vt 0 2.23053
vt 0.6 2.23053
vt 0 1.6729
vt 0.6 1.6729
vt 0 1.11526
vt 0.6 1.11526
vt 0 0.55763
vt 0.6 0.55763
vt 3.50629 0.55534
vt -3.50629 0.55534
vt 3.55 0
vt -3.55 0
vt 3.50629 -0.55534
vt -3.50629 -0.55534
vt 3.37625 -1.09701
vt -3.37625 -1.09701
vt 3.16307 -1.61167
vt -3.16307 -1.61167
vt 2.87201 -2.08664
vt -2.87201 -2.08664
vt 2.51023 -2.51023
vt -2.51023 -2.51023
vt 2.08664 -2.87201
vt -2.08664 -2.87201
vt 1.61167 -3.16307
vt -1.61167 -3.16307
vt 1.09701 -3.37625
vt -1.09701 -3.37625
vt 0.55534 -3.50629
vt -0.55534 -3.50629
vt 0 -3.55
vt -3.37625 1.09701
vt 3.37625 1.09701
vt -3.16307 1.61167
vt 3.16307 1.61167
vt -2.87201 2.08664
vt 2.87201 2.08664
vt -2.51023 2.51023
vt 2.51023 2.51023
vt -2.08664 2.87201
vt 2.08664 2.87201
vt -1.61167 3.16307
vt 1.61167 3.16307
vt -1.09701 3.37625
vt 1.09701 3.37625
vt -0.55534 3.50629
vt 0.55534 3.50629
vt 0 3.55
usemtl mat0
f 1/1/1 2/2/2 3/3/1
f 3/3/1 2/2/2 4/4/2
f 4/4/2 2/2/2 5/5/3
f 4/4/2 5/5/3 6/6/3
f 6/6/3 5/5/3 7/7/4
f 6/6/3 7/7/4 8/8/4
f 8/8/4 7/7/4 9/9/5
f 8/8/4 9/9/5 10/10/5
f 10/10/5 9/9/5 11/11/6
f 10/10/5 11/11/6 12/12/6
f 12/12/6 11/11/6 13/13/7
f 12/12/6 13/13/7 14/14/7
f 14/14/7 13/13/7 15/15/8
f 14/14/7 15/15/8 16/16/8
f 16/16/8 15/15/8 17/17/9
f 16/16/8 17/17/9 18/18/9
f 18/18/9 17/17/9 19/19/10
f 18/18/9 19/19/10 20/20/10
f 20/20/10 19/19/10 21/21/11
f 20/20/10 21/21/11 22/22/11
f 22/22/11 21/21/11 23/23/12
f 22/22/11 23/23/12 24/24/12
f 24/24/12 23/23/12 25/25/13
f 24/24/12 25/25/13 26/26/13
f 26/26/13 25/25/13 27/27/14
f 26/26/13 27/27/14 28/28/14
f 28/28/14 27/27/14 29/29/15
f 28/28/14 29/29/15 30/30/15
f 30/30/15 29/29/15 31/31/16
f 30/30/15 31/31/16 32/32/16
f 32/32/16 31/31/16 33/33/17
f 32/32/16 33/33/17 34/34/17
f 34/34/17 33/33/17 35/35/18
f 34/34/17 35/35/18 36/36/18
f 36/36/18 35/35/18 37/37/19
f 36/36/18 37/37/19 38/38/19
f 38/38/19 37/37/19 39/39/20
f 38/38/19 39/39/20 40/40/20
f 40/40/20 39/39/20 41/41/21
f 41/41/21 39/39/20 42/42/21
f 43/43/22 44/1/22 45/44/23
f 45/44/23 44/1/22 46/45/23
f 45/44/23 46/45/23 47/46/24
f 47/46/24 46/45/23 48/47/24
f 47/46/24 48/47/24 49/48/25
f 49/48/25 48/47/24 50/49/25
f 49/48/25 50/49/25 51/50/26
f 51/50/26 50/49/25 52/51/26
f 51/50/26 52/51/26 53/52/27
f 53/52/27 52/51/26 54/53/27
f 53/52/27 54/53/27 55/54/28
f 55/54/28 54/53/27 56/55/28
f 55/54/28 56/55/28 57/56/29
f 57/56/29 56/55/28 58/57/29
f 57/56/29 58/57/29 59/58/30
f 59/58/30 58/57/29 60/59/30
f 59/58/30 60/59/30 61/60/31
f 61/60/31 60/59/30 62/61/31
f 63/43/22 64/1/22 65/44/23
f 65/44/23 64/1/22 66/45/23
f 65/44/23 66/45/23 67/46/24
f 67/46/24 66/45/23 68/47/24
f 67/46/24 68/47/24 69/48/25
f 69/48/25 68/47/24 70/49/25
f 69/48/25 70/49/25 71/50/26
f 71/50/26 70/49/25 72/51/26
f 71/50/26 72/51/26 73/52/27
f 73/52/27 72/51/26 74/53/27
f 73/52/27 74/53/27 75/54/28
f 75/54/28 74/53/27 76/55/28
f 75/54/28 76/55/28 77/56/29
f 77/56/29 76/55/28 78/57/29
f 77/56/29 78/57/29 79/58/30
f 79/58/30 78/57/29 80/59/30
f 79/58/30 80/59/30 81/60/31
f 81/60/31 80/59/30 82/61/31
f 83/43/22 84/1/22 85/44/23
f 85/44/23 84/1/22 86/45/23
f 85/44/23 86/45/23 87/46/24
f 87/46/24 86/45/23 88/47/24
f 87/46/24 88/47/24 89/48/25
f 89/48/25 88/47/24 90/49/25
f 89/48/25 90/49/25 91/50/26
f 91/50/26 90/49/25 92/51/26
f 91/50/26 92/51/26 93/52/27
f 93/52/27 92/51/26 94/53/27
f 93/52/27 94/53/27 95/54/28
f 95/54/28 94/53/27 96/55/28
f 95/54/28 96/55/28 97/56/29
f 97/56/29 96/55/28 98/57/29
f 97/56/29 98/57/29 99/58/30
f 99/58/30 98/57/29 100/59/30
f 99/58/30 100/59/30 101/60/31
f 101/60/31 100/59/30 102/61/31
f 103/43/22 104/1/22 105/44/23
f 105/44/23 104/1/22 106/45/23
f 105/44/23 106/45/23 107/46/24
f 107/46/24 106/45/23 108/47/24
f 107/46/24 108/47/24 109/48/25
f 109/48/25 108/47/24 110/49/25
f 109/48/25 110/49/25 111/50/26
f 111/50/26 110/49/25 112/51/26
f 111/50/26 112/51/26 113/52/27
f 113/52/27 112/51/26 114/53/27
f 113/52/27 114/53/27 115/54/28
f 115/54/28 114/53/27 116/55/28
f 115/54/28 116/55/28 117/56/29
f 117/56/29 116/55/28 118/57/29
f 117/56/29 118/57/29 119/58/30
f 119/58/30 118/57/29 120/59/30
f 119/58/30 120/59/30 121/60/31
f 121/60/31 120/59/30 122/61/31
f 123/43/22 124/1/22 125/44/23
f 125/44/23 124/1/22 126/45/23
f 125/44/23 126/45/23 127/46/24
f 127/46/24 126/45/23 128/47/24
f 127/46/24 128/47/24 129/48/25
f 129/48/25 128/47/24 130/49/25
f 129/48/25 130/49/25 131/50/26
f 131/50/26 130/49/25 132/51/26
f 131/50/26 132/51/26 133/52/27
f 133/52/27 132/51/26 134/53/27
f 133/52/27 134/53/27 135/54/28
f 135/54/28 134/53/27 136/55/28
f 135/54/28 136/55/28 137/56/29
f 137/56/29 136/55/28 138/57/29
f 137/56/29 138/57/29 139/58/30
f 139/58/30 138/57/29 140/59/30
f 139/58/30 140/59/30 141/60/31
f 141/60/31 140/59/30 142/61/31
f 143/62/21 144/1/21 145/63/32
f 145/63/32 144/1/21 146/64/32
f 145/63/32 146/64/32 147/65/33
f 147/65/33 146/64/32 148/66/33
f 147/65/33 148/66/33 149/67/34
f 149/67/34 148/66/33 150/68/34
f 149/67/34 150/68/34 151/69/35
f 151/69/35 150/68/34 152/70/35
f 151/69/35 152/70/35 153/71/36
f 153/71/36 152/70/35 154/72/36
f 153/71/36 154/72/36 155/73/37
f 155/73/37 154/72/36 156/74/37
f 155/73/37 156/74/37 157/75/38
f 157/75/38 156/74/37 158/76/38
f 157/75/38 158/76/38 159/77/39
f 159/77/39 158/76/38 160/78/39
f 159/77/39 160/78/39 161/79/1
f 161/79/1 160/78/39 162/80/1
f 163/62/21 164/1/21 165/63/32
f 165/63/32 164/1/21 166/64/32
f 165/63/32 166/64/32 167/65/33
f 167/65/33 166/64/32 168/66/33
f 167/65/33 168/66/33 169/67/34
f 169/67/34 168/66/33 170/68/34
f 169/67/34 170/68/34 171/69/35
f 171/69/35 170/68/34 172/70/35
f 171/69/35 172/70/35 173/71/36
f 173/71/36 172/70/35 174/72/36
f 173/71/36 174/72/36 175/73/37
f 175/73/37 174/72/36 176/74/37
f 175/73/37 176/74/37 177/75/38
f 177/75/38 176/74/37 178/76/38
f 177/75/38 178/76/38 179/77/39
f 179/77/39 178/76/38 180/78/39
f 179/77/39 180/78/39 181/79/1
f 181/79/1 180/78/39 182/80/1
f 183/62/21 184/1/21 185/63/32
f 185/63/32 184/1/21 186/64/32
f 185/63/32 186/64/32 187/65/33
f 187/65/33 186/64/32 188/66/33
f 187/65/33 188/66/33 189/67/34
f 189/67/34 188/66/33 190/68/34
f 189/67/34 190/68/34 191/69/35
f 191/69/35 190/68/34 192/70/35
f 191/69/35 192/70/35 193/71/36
f 193/71/36 192/70/35 194/72/36
f 193/71/36 194/72/36 195/73/37
f 195/73/37 194/72/36 196/74/37
f 195/73/37 196/74/37 197/75/38
f 197/75/38 196/74/37 198/76/38
f 197/75/38 198/76/38 199/77/39
f 199/77/39 198/76/38 200/78/39
f 199/77/39 200/78/39 201/79/1
f 201/79/1 200/78/39 202/80/1
f 203/62/21 204/1/21 205/63/32
f 205/63/32 204/1/21 206/64/32
f 205/63/32 206/64/32 207/65/33
f 207/65/33 206/64/32 208/66/33
f 207/65/33 208/66/33 209/67/34
f 209/67/34 208/66/33 210/68/34
f 209/67/34 210/68/34 211/69/35
f 211/69/35 210/68/34 212/70/35
f 211/69/35 212/70/35 213/71/36
f 213/71/36 212/70/35 214/72/36
f 213/71/36 214/72/36 215/73/37
f 215/73/37 214/72/36 216/74/37
f 215/73/37 216/74/37 217/75/38
f 217/75/38 216/74/37 218/76/38
f 217/75/38 218/76/38 219/77/39
f 219/77/39 218/76/38 220/78/39
f 219/77/39 220/78/39 221/79/1
f 221/79/1 220/78/39 222/80/1
f 223/62/21 224/1/21 225/63/32
f 225/63/32 224/1/21 226/64/32
f 225/63/32 226/64/32 227/65/33
f 227/65/33 226/64/32 228/66/33
f 227/65/33 228/66/33 229/67/34
f 229/67/34 228/66/33 230/68/34
f 229/67/34 230/68/34 231/69/35
f 231/69/35 230/68/34 232/70/35
f 231/69/35 232/70/35 233/71/36
f 233/71/36 232/70/35 234/72/36
f 233/71/36 234/72/36 235/73/37
f 235/73/37 234/72/36 236/74/37
f 235/73/37 236/74/37 237/75/38
f 237/75/38 236/74/37 238/76/38
f 237/75/38 238/76/38 239/77/39
f 239/77/39 238/76/38 240/78/39
f 239/77/39 240/78/39 241/79/1
f 241/79/1 240/78/39 242/80/1
f 243/81/22 244/1/22 245/82/40
f 245/82/40 244/1/22 246/83/41
f 245/82/40 246/83/41 247/84/42
f 247/84/42 246/83/41 248/85/43
f 247/84/42 248/85/43 249/86/44
f 249/86/44 248/85/43 250/87/45
f 249/86/44 250/87/45 251/88/46
f 251/88/46 250/87/45 252/89/47
f 251/88/46 252/89/47 253/90/48
f 253/90/48 252/89/47 254/91/49
f 253/90/48 254/91/49 255/92/50
f 255/92/50 254/91/49 256/93/51
f 255/92/50 256/93/51 257/94/52
f 257/94/52 256/93/51 258/95/53
f 257/94/52 258/95/53 259/96/54
f 259/96/54 258/95/53 260/97/55
f 259/96/54 260/97/55 261/98/56
f 261/98/56 260/97/55 262/99/57
f 261/98/56 262/99/57 263/100/58
f 263/100/58 262/99/57 264/101/59
f 263/100/58 264/101/59 265/102/60
f 265/102/60 264/101/59 266/103/61
f 265/102/60 266/103/61 267/104/62
f 267/104/62 266/103/61 268/105/63
f 267/104/62 268/105/63 269/106/64
f 269/106/64 268/105/63 270/107/31
f 269/106/64 270/107/31 271/108/31
f 272/109/21 273/1/21 274/110/65
f 274/110/65 273/1/21 275/111/65
f 274/110/65 275/111/65 276/112/66
f 276/112/66 275/111/65 277/113/66
f 276/112/66 277/113/66 278/114/67
f 278/114/67 277/113/66 279/115/67
f 278/114/67 279/115/67 280/116/68
f 280/116/68 279/115/67 281/117/68
f 280/116/68 281/117/68 282/118/69
f 282/118/69 281/117/68 283/119/69
f 282/118/69 283/119/69 284/120/70
f 284/120/70 283/119/69 285/121/70
f 284/120/70 285/121/70 286/122/71
f 286/122/71 285/121/70 287/123/71
f 286/122/71 287/123/71 288/124/72
f 288/124/72 287/123/71 289/125/72
f 288/124/72 289/125/72 290/126/73
f 290/126/73 289/125/72 291/127/73
f 290/126/73 291/127/73 292/128/74
f 292/128/74 291/127/73 293/129/74
f 292/128/74 293/129/74 294/130/75
f 294/130/75 293/129/74 295/131/75
f 294/130/75 295/131/75 296/132/76
f 296/132/76 295/131/75 297/133/76
f 296/132/76 297/133/76 298/134/1
f 298/134/1 297/133/76 299/135/1
f 300/1/21 301/136/77 302/137/19
f 302/137/19 301/136/77 303/138/78
f 302/137/19 303/138/78 304/139/17
f 304/139/17 303/138/78 305/140/79
f 304/139/17 305/140/79 306/141/15
f 306/141/15 305/140/79 307/142/80
f 306/141/15 307/142/80 308/143/13
f 308/143/13 307/142/80 309/144/81
f 308/143/13 309/144/81 310/145/11
f 310/145/11 309/144/81 311/146/11
f 311/146/11 309/144/81 312/147/11
f 312/147/11 309/144/81 313/148/82
f 312/147/11 313/148/82 314/149/11
f 314/149/11 313/148/82 315/150/83
f 314/149/11 315/150/83 316/151/11
f 316/151/11 315/150/83 317/152/84
f 316/151/11 317/152/84 318/153/11
f 318/153/11 317/152/84 319/154/85
f 318/153/11 319/154/85 320/155/11
f 320/155/11 319/154/85 321/156/86
f 320/155/11 321/156/86 322/157/11
f 322/157/11 321/156/86 323/158/87
f 322/157/11 323/158/87 324/159/11
f 324/159/11 323/158/87 325/160/88
f 324/159/11 325/160/88 326/161/11
f 326/161/11 325/160/88 327/162/9
f 327/162/9 325/160/88 328/163/89
f 327/162/9 328/163/89 329/164/7
f 329/164/7 328/163/89 330/165/90
f 329/164/7 330/165/90 331/166/5
f 331/166/5 330/165/90 332/167/91
f 331/166/5 332/167/91 333/168/3
f 333/168/3 332/167/91 334/169/92
f 333/168/3 334/169/92 335/170/1
f 303/138/78 301/136/77 336/171/93
f 336/171/93 301/136/77 337/172/94
f 336/171/93 337/172/94 338/173/95
f 338/173/95 337/172/94 339/174/96
f 338/173/95 339/174/96 340/175/97
f 340/175/97 339/174/96 341/176/98
f 340/175/97 341/176/98 342/177/99
f 342/177/99 341/176/98 343/178/100
f 342/177/99 343/178/100 344/179/101
f 344/179/101 343/178/100 345/180/102
f 344/179/101 345/180/102 346/181/103
f 346/181/103 345/180/102 347/182/104
f 346/181/103 347/182/104 332/167/91
f 332/167/91 347/182/104 334/169/92
f 305/140/79 303/138/78 348/183/105
f 348/183/105 303/138/78 336/171/93
f 348/183/105 336/171/93 349/184/106
f 349/184/106 336/171/93 338/173/95
f 349/184/106 338/173/95 350/185/107
f 350/185/107 338/173/95 340/175/97
f 350/185/107 340/175/97 351/186/108
f 351/186/108 340/175/97 342/177/99
f 351/186/108 342/177/99 352/187/109
f 352/187/109 342/177/99 344/179/101
f 352/187/109 344/179/101 353/188/110
f 353/188/110 344/179/101 346/181/103
f 353/188/110 346/181/103 330/165/90
f 330/165/90 346/181/103 332/167/91
f 313/148/82 309/144/81 307/142/80
f 307/142/80 305/140/79 354/189/111
f 354/189/111 305/140/79 348/183/105
f 354/189/111 348/183/105 355/190/112
f 355/190/112 348/183/105 349/184/106
f 355/190/112 349/184/106 356/191/113
f 356/191/113 349/184/106 350/185/107
f 356/191/113 350/185/107 357/192/114
f 357/192/114 350/185/107 351/186/108
f 357/192/114 351/186/108 358/193/115
f 358/193/115 351/186/108 352/187/109
f 358/193/115 352/187/109 359/194/116
f 359/194/116 352/187/109 353/188/110
f 359/194/116 353/188/110 328/163/89
f 328/163/89 353/188/110 330/165/90
f 315/150/83 313/148/82 354/189/111
f 354/189/111 313/148/82 307/142/80
f 315/150/83 354/189/111 355/190/112
f 317/152/84 315/150/83 355/190/112
f 317/152/84 355/190/112 356/191/113
f 319/154/85 317/152/84 356/191/113
f 319/154/85 356/191/113 357/192/114
f 321/156/86 319/154/85 357/192/114
f 321/156/86 357/192/114 358/193/115
f 323/158/87 321/156/86 358/193/115
f 323/158/87 358/193/115 359/194/116
f 325/160/88 323/158/87 359/194/116
f 325/160/88 359/194/116 328/163/89
f 360/195/1 361/196/1 362/197/117
f 362/197/117 361/196/1 363/198/92
f 362/197/117 363/198/92 364/199/118
f 364/199/118 363/198/92 365/200/119
f 365/200/119 363/198/92 366/201/104
f 365/200/119 366/201/104 367/202/120
f 367/202/120 366/201/104 368/203/102
f 367/202/120 368/203/102 369/204/121
f 369/204/121 368/203/102 370/205/122
f 370/205/122 368/203/102 371/206/100
f 370/205/122 371/206/100 372/207/123
f 372/207/123 371/206/100 373/208/124
f 373/208/124 371/206/100 374/209/98
f 373/208/124 374/209/98 375/210/125
f 375/210/125 374/209/98 376/211/126
f 376/211/126 374/209/98 377/212/96
f 376/211/126 377/212/96 378/213/127
f 378/213/127 377/212/96 379/214/128
f 379/214/128 377/212/96 380/215/94
f 379/214/128 380/215/94 381/216/129
f 381/216/129 380/215/94 382/217/77
f 381/216/129 382/217/77 383/218/130
f 383/218/130 382/217/77 384/219/131
f 384/219/131 382/217/77 385/220/21
f 384/219/131 385/220/21 386/221/21
f 387/1/22 388/81/22 389/222/132
f 389/222/132 388/81/22 390/223/133
f 389/222/132 390/223/133 391/224/134
f 391/224/134 390/223/133 392/225/23
f 391/224/134 392/225/23 393/226/135
f 393/226/135 392/225/23 394/227/136
f 393/226/135 394/227/136 395/228/137
f 395/228/137 394/227/136 396/229/24
f 395/228/137 396/229/24 397/230/138
f 397/230/138 396/229/24 398/231/139
f 397/230/138 398/231/139 399/232/140
f 399/232/140 398/231/139 400/233/25
f 399/232/140 400/233/25 401/234/141
f 401/234/141 400/233/25 402/235/142
f 401/234/141 402/235/142 403/236/143
f 403/236/143 402/235/142 404/237/26
f 403/236/143 404/237/26 405/238/144
f 405/238/144 404/237/26 406/239/52
f 405/238/144 406/239/52 407/240/145
f 407/240/145 406/239/52 408/241/27
f 407/240/145 408/241/27 409/242/146
f 409/242/146 408/241/27 410/243/147
f 409/242/146 410/243/147 411/244/148
f 411/244/148 410/243/147 412/245/28
f 411/244/148 412/245/28 413/246/149
f 413/246/149 412/245/28 414/247/150
f 413/246/149 414/247/150 415/248/151
f 415/248/151 414/247/150 416/249/29
f 415/248/151 416/249/29 417/250/152
f 417/250/152 416/249/29 418/251/153
f 417/250/152 418/251/153 419/252/154
f 419/252/154 418/251/153 420/253/30
f 419/252/154 420/253/30 421/254/155
f 421/254/155 420/253/30 422/255/156
f 421/254/155 422/255/156 423/256/157
f 423/256/157 422/255/156 424/257/31
f 423/256/157 424/257/31 425/258/31
f 426/1/22 427/81/22 428/259/158
f 428/259/158 427/81/22 429/260/158
f 428/259/158 429/260/158 430/261/159
f 430/261/159 429/260/158 431/262/159
f 430/261/159 431/262/159 432/263/160
f 432/263/160 431/262/159 433/264/160
f 432/263/160 433/264/160 434/265/161
f 434/265/161 433/264/160 435/266/161
f 434/265/161 435/266/161 436/267/162
f 436/267/162 435/266/161 437/268/162
f 436/267/162 437/268/162 438/269/163
f 438/269/163 437/268/162 439/270/163
f 438/269/163 439/270/163 440/271/164
f 440/271/164 439/270/163 441/272/164
f 440/271/164 441/272/164 442/273/165
f 442/273/165 441/272/164 443/274/165
f 442/273/165 443/274/165 444/275/166
f 444/275/166 443/274/165 445/276/166
f 444/275/166 445/276/166 446/277/52
f 446/277/52 445/276/166 447/278/52
f 446/277/52 447/278/52 448/279/167
f 448/279/167 447/278/52 449/280/167
f 448/279/167 449/280/167 450/281/168
f 450/281/168 449/280/167 451/282/168
f 450/281/168 451/282/168 452/283/169
f 452/283/169 451/282/168 453/284/169
f 452/283/169 453/284/169 454/285/170
f 454/285/170 453/284/169 455/286/170
f 454/285/170 455/286/170 456/287/171
f 456/287/171 455/286/170 457/288/171
f 456/287/171 457/288/171 458/289/172
f 458/289/172 457/288/171 459/290/172
f 458/289/172 459/290/172 460/291/173
f 460/291/173 459/290/172 461/292/173
f 460/291/173 461/292/173 462/293/174
f 462/293/174 461/292/173 463/294/174
f 462/293/174 463/294/174 464/295/175
f 464/295/175 463/294/174 465/296/175
f 464/295/175 465/296/175 466/297/31
f 466/297/31 465/296/175 467/298/31
f 468/196/21 469/299/176 470/300/21
f 470/300/21 469/299/176 471/301/176
f 471/301/176 469/299/176 472/302/177
f 471/301/176 472/302/177 473/303/177
f 473/303/177 472/302/177 474/304/178
f 473/303/177 474/304/178 475/305/178
f 475/305/178 474/304/178 476/306/179
f 475/305/178 476/306/179 477/307/179
f 477/307/179 476/306/179 478/308/180
f 477/307/179 478/308/180 479/309/180
f 479/309/180 478/308/180 480/310/181
f 479/309/180 480/310/181 481/311/181
f 481/311/181 480/310/181 482/312/182
f 481/311/181 482/312/182 483/313/182
f 483/313/182 482/312/182 484/314/183
f 483/313/182 484/314/183 485/315/183
f 485/315/183 484/314/183 486/316/184
f 485/315/183 486/316/184 487/317/184
f 487/317/184 486/316/184 488/318/185
f 487/317/184 488/318/185 489/319/185
f 489/319/185 488/318/185 490/320/186
f 489/319/185 490/320/186 491/321/186
f 491/321/186 490/320/186 492/322/187
f 491/321/186 492/322/187 493/323/187
f 493/323/187 492/322/187 494/324/188
f 493/323/187 494/324/188 495/325/188
f 495/325/188 494/324/188 496/326/189
f 495/325/188 496/326/189 497/327/189
f 497/327/189 496/326/189 498/328/190
f 497/327/189 498/328/190 499/329/190
f 499/329/190 498/328/190 500/330/191
f 499/329/190 500/330/191 501/331/191
f 501/331/191 500/330/191 502/332/192
f 501/331/191 502/332/192 503/333/192
f 503/333/192 502/332/192 504/334/193
f 503/333/192 504/334/193 505/335/193
f 505/335/193 504/334/193 506/336/1
f 506/336/1 504/334/193 507/337/1
f 508/338/21 509/339/21 510/340/20
f 510/340/20 509/339/21 511/341/20
f 510/340/20 511/341/20 512/342/19
f 512/342/19 511/341/20 513/343/19
f 512/342/19 513/343/19 514/344/18
f 514/344/18 513/343/19 515/345/18
f 514/344/18 515/345/18 516/346/17
f 516/346/17 515/345/18 517/347/17
f 516/346/17 517/347/17 518/348/16
f 518/348/16 517/347/17 519/349/16
f 518/348/16 519/349/16 520/350/15
f 520/350/15 519/349/16 521/351/15
f 520/350/15 521/351/15 522/352/14
f 522/352/14 521/351/15 523/353/14
f 522/352/14 523/353/14 524/354/13
f 524/354/13 523/353/14 525/355/13
f 524/354/13 525/355/13 526/356/194
f 526/356/194 525/355/13 527/357/195
f 527/357/195 525/355/13 528/358/12
f 527/357/195 528/358/12 529/359/196
f 529/359/196 528/358/12 530/360/197
f 530/360/197 528/358/12 531/361/198
f 531/361/198 528/358/12 532/362/199
f 532/362/199 528/358/12 533/363/200
f 533/363/200 528/358/12 534/364/11
f 533/363/200 534/364/11 535/365/201
f 535/365/201 534/364/11 536/366/11
f 536/366/11 534/364/11 537/367/202
f 537/367/202 534/364/11 538/368/203
f 538/368/203 534/364/11 539/369/10
f 538/368/203 539/369/10 540/370/204
f 540/370/204 539/369/10 541/371/205
f 541/371/205 539/369/10 542/372/206
f 542/372/206 539/369/10 543/373/207
f 543/373/207 539/369/10 544/374/208
f 544/374/208 539/369/10 545/375/209
f 545/375/209 539/369/10 546/376/9
f 545/375/209 546/376/9 547/377/9
f 547/377/9 546/376/9 548/378/8
f 548/378/8 546/376/9 549/379/8
f 548/378/8 549/379/8 550/380/7
f 550/380/7 549/379/8 551/381/7
f 550/380/7 551/381/7 552/382/6
f 552/382/6 551/381/7 553/383/6
f 552/382/6 553/383/6 554/384/5
f 554/384/5 553/383/6 555/385/5
f 554/384/5 555/385/5 556/386/4
f 556/386/4 555/385/5 557/387/4
f 556/386/4 557/387/4 558/388/3
f 558/388/3 557/387/4 559/389/3
f 558/388/3 559/389/3 560/390/2
f 560/390/2 559/389/3 561/391/2
f 560/390/2 561/391/2 562/392/1
f 562/392/1 561/391/2 563/393/1
f 547/377/9 564/394/10 545/375/209
f 545/375/209 564/394/10 565/395/208
f 565/395/208 564/394/10 566/396/207
f 566/396/207 564/394/10 567/397/206
f 567/397/206 564/394/10 568/398/205
f 568/398/205 564/394/10 569/399/204
f 569/399/204 564/394/10 570/400/203
f 570/400/203 564/394/10 571/401/11
f 570/400/203 571/401/11 572/402/202
f 572/402/202 571/401/11 573/403/11
f 573/403/11 571/401/11 574/404/201
f 574/404/201 571/401/11 575/405/200
f 575/405/200 571/401/11 576/406/12
f 575/405/200 576/406/12 577/407/199
f 577/407/199 576/406/12 578/408/198
f 578/408/198 576/406/12 579/409/197
f 579/409/197 576/406/12 580/410/196
f 580/410/196 576/406/12 581/411/195
f 581/411/195 576/406/12 524/354/13
f 581/411/195 524/354/13 526/356/194
f 582/412/1 583/413/1 584/414/210
f 584/414/210 583/413/1 585/415/210
f 584/414/210 585/415/210 586/416/211
f 586/416/211 585/415/210 587/417/211
f 586/416/211 587/417/211 588/418/212
f 588/418/212 587/417/211 589/419/212
f 588/418/212 589/419/212 590/420/213
f 590/420/213 589/419/212 591/421/213
f 590/420/213 591/421/213 592/422/214
f 592/422/214 591/421/213 593/423/214
f 592/422/214 593/423/214 594/424/215
f 594/424/215 593/423/214 595/425/215
f 594/424/215 595/425/215 596/426/216
f 596/426/216 595/425/215 597/427/216
f 596/426/216 597/427/216 598/428/217
f 598/428/217 597/427/216 599/429/217
f 598/428/217 599/429/217 600/430/218
f 600/430/218 599/429/217 601/431/218
f 600/430/218 601/431/218 602/432/219
f 602/432/219 601/431/218 603/433/219
f 602/432/219 603/433/219 604/434/220
f 604/434/220 603/433/219 605/435/220
f 604/434/220 605/435/220 606/436/221
f 606/436/221 605/435/220 607/437/221
f 606/436/221 607/437/221 608/438/222
f 608/438/222 607/437/221 609/439/222
f 608/438/222 609/439/222 610/440/223
f 610/440/223 609/439/222 611/441/223
f 610/440/223 611/441/223 612/442/224
f 612/442/224 611/441/223 613/443/224
f 612/442/224 613/443/224 614/444/225
f 614/444/225 613/443/224 615/445/225
f 614/444/225 615/445/225 616/446/226
f 616/446/226 615/445/225 617/447/226
f 616/446/226 617/447/226 618/448/227
f 618/448/227 617/447/226 619/449/227
f 618/448/227 619/449/227 620/450/228
f 620/450/228 619/449/227 621/451/228
f 620/450/228 621/451/228 508/338/21
f 508/338/21 621/451/228 509/339/21
f 622/452/124 623/453/124 624/454/124
f 624/454/124 623/453/124 625/455/124
f 624/454/124 625/455/124 626/456/124
f 626/456/124 625/455/124 627/457/124
f 626/456/124 627/457/124 628/458/124
f 628/458/124 627/457/124 629/459/124
f 628/458/124 629/459/124 630/460/124
f 629/459/124 627/457/124 631/461/124
f 631/461/124 627/457/124 632/462/124
f 631/461/124 632/462/124 633/463/124
f 633/463/124 632/462/124 634/464/124
f 634/464/124 632/462/124 635/465/124
f 634/464/124 635/465/124 636/466/124
f 636/466/124 635/465/124 637/467/124
f 637/467/124 635/465/124 638/468/124
f 637/467/124 638/468/124 639/469/124
f 639/469/124 638/468/124 640/470/124
f 640/470/124 638/468/124 641/471/124
f 641/471/124 638/468/124 642/472/124
f 641/471/124 642/472/124 643/473/124
f 643/473/124 642/472/124 644/474/124
f 644/474/124 642/472/124 645/475/124
f 644/474/124 645/475/124 646/476/124
f 646/476/124 645/475/124 647/477/124
f 646/476/124 647/477/124 648/478/124
f 648/478/124 647/477/124 649/479/124
f 648/478/124 649/479/124 650/480/124
f 650/480/124 649/479/124 651/481/124
f 651/481/124 649/479/124 652/482/124
f 651/481/124 652/482/124 653/483/124
f 653/483/124 652/482/124 654/484/124
f 654/484/124 652/482/124 628/458/124
f 654/484/124 628/458/124 630/460/124
f 647/477/124 645/475/124 655/485/124
f 655/485/124 645/475/124 656/486/124
f 655/485/124 656/486/124 657/487/124
f 657/487/124 656/486/124 658/488/124
f 657/487/124 658/488/124 659/489/124
f 657/487/124 659/489/124 660/490/124
f 660/490/124 659/489/124 661/491/124
f 660/490/124 661/491/124 662/492/124
f 662/492/124 661/491/124 663/493/124
f 662/492/124 663/493/124 664/494/124
f 663/493/124 661/491/124 665/495/124
f 665/495/124 661/491/124 666/496/124
f 665/495/124 666/496/124 667/497/124
f 667/497/124 666/496/124 668/498/124
f 668/498/124 666/496/124 669/499/124
f 668/498/124 669/499/124 670/500/124
f 670/500/124 669/499/124 671/501/124
f 671/501/124 669/499/124 672/502/124
f 672/502/124 669/499/124 673/503/124
f 672/502/124 673/503/124 674/504/124
f 674/504/124 673/503/124 675/505/124
f 675/505/124 673/503/124 676/506/124
f 675/505/124 676/506/124 677/507/124
f 677/507/124 676/506/124 678/508/124
f 678/508/124 676/506/124 679/509/124
f 678/508/124 679/509/124 680/510/124
f 680/510/124 679/509/124 681/511/124
f 680/510/124 681/511/124 682/512/124
f 682/512/124 681/511/124 683/513/124
f 683/513/124 681/511/124 684/514/124
f 683/513/124 684/514/124 685/515/124
f 685/515/124 684/514/124 686/516/124
f 686/516/124 684/514/124 687/517/124
f 686/516/124 687/517/124 688/518/124
f 688/518/124 687/517/124 664/494/124
f 664/494/124 687/517/124 662/492/124
f 681/511/124 679/509/124 689/519/124
f 689/519/124 679/509/124 690/520/124
f 689/519/124 690/520/124 691/521/124
f 691/521/124 690/520/124 692/522/124
f 691/521/124 692/522/124 693/523/124
f 691/521/124 693/523/124 694/524/124
f 694/524/124 693/523/124 695/525/124
f 694/524/124 695/525/124 696/526/124
f 696/526/124 695/525/124 697/527/124
f 696/526/124 697/527/124 698/528/124
f 697/527/124 695/525/124 699/529/124
f 699/529/124 695/525/124 700/530/124
f 699/529/124 700/530/124 701/531/124
f 701/531/124 700/530/124 702/532/124
f 702/532/124 700/530/124 703/533/124
f 702/532/124 703/533/124 704/534/124
f 704/534/124 703/533/124 705/535/124
f 705/535/124 703/533/124 706/536/124
f 705/535/124 706/536/124 707/537/124
f 707/537/124 706/536/124 708/538/124
f 708/538/124 706/536/124 709/539/124
f 709/539/124 706/536/124 710/540/124
f 709/539/124 710/540/124 711/541/124
f 711/541/124 710/540/124 712/542/124
f 712/542/124 710/540/124 713/543/124
f 712/542/124 713/543/124 714/544/124
f 714/544/124 713/543/124 715/545/124
f 715/545/124 713/543/124 716/546/124
f 716/546/124 713/543/124 717/547/124
f 716/546/124 717/547/124 718/548/124
f 718/548/124 717/547/124 719/549/124
f 719/549/124 717/547/124 720/550/124
f 719/549/124 720/550/124 721/551/124
f 721/551/124 720/550/124 722/552/124
f 722/552/124 720/550/124 723/553/124
f 723/553/124 720/550/124 724/554/124
f 723/553/124 724/554/124 725/555/124
f 725/555/124 724/554/124 726/556/124
f 726/556/124 724/554/124 727/557/124
f 726/556/124 727/557/124 728/558/124
f 728/558/124 727/557/124 729/559/124
f 729/559/124 727/557/124 730/560/124
f 729/559/124 730/560/124 731/561/124
f 727/557/124 732/562/124 730/560/124
f 730/560/124 732/562/124 733/563/124
f 733/563/124 732/562/124 734/564/124
f 734/564/124 732/562/124 735/565/124
f 734/564/124 735/565/124 736/566/124
f 736/566/124 735/565/124 737/567/124
f 737/567/124 735/565/124 738/568/124
f 738/568/124 735/565/124 739/569/124
f 738/568/124 739/569/124 740/570/124
f 740/570/124 739/569/124 741/571/124
f 741/571/124 739/569/124 742/572/124
f 741/571/124 742/572/124 743/573/124
f 743/573/124 742/572/124 744/574/124
f 744/574/124 742/572/124 745/575/124
f 744/574/124 745/575/124 746/576/124
f 746/576/124 745/575/124 747/577/124
f 746/576/124 747/577/124 748/578/124
f 748/578/124 747/577/124 749/579/124
f 749/579/124 747/577/124 750/580/124
f 749/579/124 750/580/124 751/581/124
f 751/581/124 750/580/124 752/582/124
f 752/582/124 750/580/124 753/583/124
f 752/582/124 753/583/124 754/584/124
f 754/584/124 753/583/124 755/585/124
f 755/585/124 753/583/124 756/586/124
f 755/585/124 756/586/124 731/561/124
f 731/561/124 756/586/124 729/559/124
f 747/577/124 745/575/124 757/587/124
f 757/587/124 745/575/124 622/452/124
f 757/587/124 622/452/124 624/454/124
f 698/528/124 758/588/124 696/526/124
f 696/526/124 758/588/124 759/589/124
f 759/589/124 758/588/124 760/590/124
f 759/589/124 760/590/124 761/591/124
f 759/589/124 761/591/124 762/592/124
f 762/592/124 761/591/124 763/593/124
f 762/592/124 763/593/124 764/594/124
f 762/592/124 764/594/124 765/595/124
f 765/595/124 764/594/124 766/596/124
f 765/595/124 766/596/124 714/544/124
f 714/544/124 766/596/124 712/542/124
f 714/544/124 767/597/124 765/595/124
f 765/595/124 767/597/124 768/598/124
f 768/598/124 767/597/124 769/599/124
f 768/598/124 769/599/124 770/600/124
f 768/598/124 770/600/124 771/601/124
f 771/601/124 770/600/124 772/602/124
f 771/601/124 772/602/124 773/603/124
f 773/603/124 772/602/124 774/604/124
f 773/603/124 774/604/124 775/605/124
f 773/603/124 775/605/124 756/586/124
f 756/586/124 775/605/124 729/559/124
f 776/606/1 777/607/1 778/608/229
f 778/608/229 777/607/1 779/609/229
f 778/608/229 779/609/229 780/610/230
f 778/608/229 780/610/230 781/611/230
f 781/611/230 780/610/230 782/612/231
f 781/611/230 782/612/231 783/613/231
f 783/613/231 782/612/231 784/614/232
f 783/613/231 784/614/232 785/615/232
f 785/615/232 784/614/232 786/616/233
f 785/615/232 786/616/233 787/617/233
f 787/617/233 786/616/233 788/618/234
f 787/617/233 788/618/234 789/619/234
f 789/619/234 788/618/234 790/620/235
f 789/619/234 790/620/235 791/621/235
f 791/621/235 790/620/235 792/622/236
f 791/621/235 792/622/236 793/623/236
f 793/623/236 792/622/236 794/624/237
f 793/623/236 794/624/237 795/625/237
f 795/625/237 794/624/237 796/626/238
f 795/625/237 796/626/238 797/627/238
f 797/627/238 796/626/238 798/628/239
f 797/627/238 798/628/239 799/629/239
f 799/629/239 798/628/239 800/630/240
f 799/629/239 800/630/240 801/631/240
f 801/631/240 800/630/240 802/632/241
f 801/631/240 802/632/241 803/633/241
f 803/633/241 802/632/241 804/634/242
f 803/633/241 804/634/242 805/635/242
f 805/635/242 804/634/242 806/636/243
f 805/635/242 806/636/243 807/637/243
f 807/637/243 806/636/243 808/638/244
f 807/637/243 808/638/244 809/639/244
f 809/639/244 808/638/244 810/640/245
f 809/639/244 810/640/245 811/641/245
f 811/641/245 810/640/245 812/642/246
f 811/641/245 812/642/246 813/643/246
f 813/643/246 812/642/246 468/196/21
f 813/643/246 468/196/21 470/300/21
f 814/644/124 815/645/124 816/646/124
f 816/646/124 815/645/124 817/647/124
f 816/646/124 817/647/124 818/648/124
f 818/648/124 817/647/124 819/649/124
f 818/648/124 819/649/124 820/650/124
f 820/650/124 819/649/124 821/651/124
f 820/650/124 821/651/124 822/652/124
f 822/652/124 821/651/124 823/653/124
f 822/652/124 823/653/124 824/654/124
f 824/654/124 823/653/124 825/655/124
f 824/654/124 825/655/124 826/656/124
f 826/656/124 825/655/124 827/657/124
f 826/656/124 827/657/124 828/658/124
f 828/658/124 827/657/124 829/659/124
f 828/658/124 829/659/124 830/660/124
f 830/660/124 829/659/124 831/661/124
f 830/660/124 831/661/124 832/662/124
f 832/662/124 831/661/124 833/663/124
f 832/662/124 833/663/124 834/664/124
f 834/664/124 833/663/124 835/665/124
f 834/664/124 835/665/124 836/666/124
f 836/666/124 835/665/124 837/667/124
f 836/666/124 837/667/124 838/668/124
f 838/668/124 837/667/124 839/669/124
f 838/668/124 839/669/124 840/670/124
f 840/670/124 839/669/124 841/671/124
f 840/670/124 841/671/124 842/672/124
f 842/672/124 841/671/124 843/673/124
f 842/672/124 843/673/124 844/674/124
f 844/674/124 843/673/124 845/675/124
f 844/674/124 845/675/124 846/676/124
f 846/676/124 845/675/124 847/677/124
f 846/676/124 847/677/124 848/678/124
f 848/678/124 847/677/124 849/679/124
f 848/678/124 849/679/124 850/680/124
f 850/680/124 849/679/124 851/681/124
f 850/680/124 851/681/124 852/682/124
f 852/682/124 851/681/124 853/683/124
f 852/682/124 853/683/124 854/684/124
f 854/684/124 853/683/124 855/685/124
f 854/684/124 855/685/124 856/686/124
f 854/684/124 856/686/124 857/687/124
f 857/687/124 856/686/124 858/688/124
f 857/687/124 858/688/124 859/689/124
f 859/689/124 858/688/124 860/690/124
f 859/689/124 860/690/124 861/691/124
f 861/691/124 860/690/124 862/692/124
f 861/691/124 862/692/124 863/693/124
f 863/693/124 862/692/124 864/694/124
f 863/693/124 864/694/124 865/695/124
f 865/695/124 864/694/124 866/696/124
f 865/695/124 866/696/124 867/697/124
f 867/697/124 866/696/124 868/698/124
f 867/697/124 868/698/124 869/699/124
f 869/699/124 868/698/124 870/700/124
f 869/699/124 870/700/124 871/701/124
f 871/701/124 870/700/124 872/702/124
f 871/701/124 872/702/124 873/703/124
f 873/703/124 872/702/124 874/704/124
f 873/703/124 874/704/124 875/705/124
f 875/705/124 874/704/124 876/706/124
f 875/705/124 876/706/124 877/707/124
f 877/707/124 876/706/124 878/708/124
f 877/707/124 878/708/124 879/709/124
f 879/709/124 878/708/124 880/710/124
f 879/709/124 880/710/124 881/711/124
f 881/711/124 880/710/124 882/712/124
f 881/711/124 882/712/124 883/713/124
f 883/713/124 882/712/124 884/714/124
f 883/713/124 884/714/124 885/715/124
f 885/715/124 884/714/124 886/716/124
f 885/715/124 886/716/124 887/717/124
f 887/717/124 886/716/124 888/718/124
f 887/717/124 888/718/124 889/719/124
f 889/719/124 888/718/124 890/720/124
f 889/719/124 890/720/124 891/721/124
f 891/721/124 890/720/124 814/644/124
f 891/721/124 814/644/124 816/646/124
f 892/722/247 893/723/247 894/724/247
f 894/724/247 893/723/247 895/725/247
f 894/724/247 895/725/247 896/726/247
f 896/726/247 895/725/247 897/727/247
f 896/726/247 897/727/247 898/728/247
f 898/728/247 897/727/247 899/729/247
f 898/728/247 899/729/247 900/730/247
f 900/730/247 899/729/247 901/731/247
f 900/730/247 901/731/247 902/732/247
f 902/732/247 901/731/247 903/733/247
f 902/732/247 903/733/247 904/734/247
f 904/734/247 903/733/247 905/735/247
f 904/734/247 905/735/247 906/736/247
f 906/736/247 905/735/247 907/737/247
f 906/736/247 907/737/247 908/738/247
f 908/738/247 907/737/247 909/739/247
f 908/738/247 909/739/247 910/740/247
f 910/740/247 909/739/247 911/741/247
f 910/740/247 911/741/247 912/742/247
f 912/742/247 911/741/247 913/1/247
f 912/742/247 913/1/247 914/743/247
f 914/743/247 913/1/247 915/744/247
f 915/744/247 913/1/247 916/745/247
f 915/744/247 916/745/247 917/746/247
f 917/746/247 916/745/247 918/747/247
f 917/746/247 918/747/247 919/748/247
f 919/748/247 918/747/247 920/749/247
f 919/748/247 920/749/247 921/750/247
f 921/750/247 920/749/247 922/751/247
f 921/750/247 922/751/247 923/752/247
f 923/752/247 922/751/247 924/753/247
f 923/752/247 924/753/247 925/754/247
f 925/754/247 924/753/247 926/755/247
f 925/754/247 926/755/247 927/756/247
f 927/756/247 926/755/247 928/757/247
f 927/756/247 928/757/247 929/758/247
f 929/758/247 928/757/247 930/759/247
f 929/758/247 930/759/247 931/760/247
f 931/760/247 930/759/247 932/761/247
f 931/760/247 932/761/247 933/762/247
f 933/762/247 932/761/247 934/763/247
f 933/762/247 934/763/247 935/764/247
f 933/762/247 935/764/247 936/765/247
f 936/765/247 935/764/247 937/766/247
f 936/765/247 937/766/247 938/767/247
f 938/767/247 937/766/247 939/768/247
f 938/767/247 939/768/247 940/769/247
f 940/769/247 939/768/247 941/770/247
f 940/769/247 941/770/247 942/771/247
f 942/771/247 941/770/247 943/772/247
f 942/771/247 943/772/247 944/773/247
f 944/773/247 943/772/247 945/774/247
f 944/773/247 945/774/247 946/775/247
f 946/775/247 945/774/247 947/776/247
f 946/775/247 947/776/247 948/777/247
f 948/777/247 947/776/247 949/778/247
f 948/777/247 949/778/247 950/779/247
f 950/779/247 949/778/247 951/780/247
f 950/779/247 951/780/247 952/781/247
f 952/781/247 951/780/247 953/782/247
f 952/781/247 953/782/247 954/783/247
f 954/783/247 953/782/247 955/784/247
f 955/784/247 953/782/247 956/785/247
f 955/784/247 956/785/247 957/786/247
f 957/786/247 956/785/247 958/787/247
f 957/786/247 958/787/247 959/788/247
f 959/788/247 958/787/247 960/789/247
f 959/788/247 960/789/247 961/790/247
f 961/790/247 960/789/247 962/791/247
f 961/790/247 962/791/247 963/792/247
f 963/792/247 962/791/247 964/793/247
f 963/792/247 964/793/247 965/794/247
f 965/794/247 964/793/247 966/795/247
f 965/794/247 966/795/247 967/796/247
f 967/796/247 966/795/247 968/797/247
f 967/796/247 968/797/247 969/798/247
f 969/798/247 968/797/247 970/799/247
f 969/798/247 970/799/247 971/800/247
f 971/800/247 970/799/247 892/722/247
f 971/800/247 892/722/247 894/724/247
f 972/801/31 973/802/31 974/803/248
f 974/803/248 973/802/31 975/804/248
f 974/803/248 975/804/248 976/805/249
f 976/805/249 975/804/248 977/806/249
f 976/805/249 977/806/249 978/807/250
f 978/807/250 977/806/249 979/808/250
f 978/807/250 979/808/250 980/809/251
f 980/809/251 979/808/250 981/810/251
f 980/809/251 981/810/251 982/811/252
f 982/811/252 981/810/251 983/812/252
f 982/811/252 983/812/252 984/813/253
f 984/813/253 983/812/252 985/814/253
f 984/813/253 985/814/253 986/815/254
f 986/815/254 985/814/253 987/816/254
f 986/815/254 987/816/254 988/817/255
f 988/817/255 987/816/254 989/818/255
f 988/817/255 989/818/255 990/819/256
f 990/819/256 989/818/255 991/820/256
f 990/819/256 991/820/256 992/821/257
f 992/821/257 991/820/256 993/822/257
f 992/821/257 993/822/257 994/823/258
f 994/823/258 993/822/257 995/824/258
f 994/823/258 995/824/258 996/825/259
f 996/825/259 995/824/258 997/826/259
f 996/825/259 997/826/259 998/827/260
f 998/827/260 997/826/259 999/828/260
f 998/827/260 999/828/260 1000/829/261
f 1000/829/261 999/828/260 1001/830/261
f 1000/829/261 1001/830/261 1002/831/262
f 1002/831/262 1001/830/261 1003/832/262
f 1002/831/262 1003/832/262 1004/833/263
f 1004/833/263 1003/832/262 1005/834/263
f 1004/833/263 1005/834/263 1006/835/264
f 1006/835/264 1005/834/263 1007/836/264
f 1006/835/264 1007/836/264 1008/837/265
f 1008/837/265 1007/836/264 1009/838/265
f 1008/837/265 1009/838/265 1010/839/266
f 1010/839/266 1009/838/265 1011/840/266
f 1010/839/266 1011/840/266 426/1/22
f 426/1/22 1011/840/266 427/81/22
f 1012/841/31 1013/842/31 1014/843/267
f 1014/843/267 1013/842/31 1015/844/268
f 1014/843/267 1015/844/268 1016/845/269
f 1016/845/269 1015/844/268 1017/846/270
f 1016/845/269 1017/846/270 1018/847/271
f 1018/847/271 1017/846/270 1019/848/272
f 1018/847/271 1019/848/272 1020/849/273
f 1020/849/273 1019/848/272 1021/850/274
f 1020/849/273 1021/850/274 1022/851/275
f 1022/851/275 1021/850/274 1023/852/276
f 1022/851/275 1023/852/276 1024/853/277
f 1024/853/277 1023/852/276 1025/854/278
f 1024/853/277 1025/854/278 1026/855/279
f 1026/855/279 1025/854/278 1027/856/280
f 1026/855/279 1027/856/280 1028/857/281
f 1028/857/281 1027/856/280 1029/858/282
f 1028/857/281 1029/858/282 1030/859/283
f 1030/859/283 1029/858/282 1031/860/257
f 1030/859/283 1031/860/257 1032/861/284
f 1032/861/284 1031/860/257 1033/862/285
f 1032/861/284 1033/862/285 1034/863/286
f 1034/863/286 1033/862/285 1035/864/287
f 1034/863/286 1035/864/287 1036/865/288
f 1036/865/288 1035/864/287 1037/866/289
f 1036/865/288 1037/866/289 1038/867/290
f 1038/867/290 1037/866/289 1039/868/291
f 1038/867/290 1039/868/291 1040/869/292
f 1040/869/292 1039/868/291 1041/870/293
f 1040/869/292 1041/870/293 1042/871/294
f 1042/871/294 1041/870/293 1043/872/295
f 1042/871/294 1043/872/295 1044/873/296
f 1044/873/296 1043/872/295 1045/874/297
f 1044/873/296 1045/874/297 1046/875/298
f 1046/875/298 1045/874/297 1047/876/299
f 1046/875/298 1047/876/299 1048/877/300
f 1048/877/300 1047/876/299 388/81/22
f 1048/877/300 388/81/22 387/1/22
f 1049/878/21 1050/879/21 1051/880/301
f 1051/880/301 1050/879/21 1052/881/302
f 1051/880/301 1052/881/302 1053/882/303
f 1053/882/303 1052/881/302 1054/883/304
f 1054/883/304 1052/881/302 1055/884/305
f 1054/883/304 1055/884/305 1056/885/306
f 1056/885/306 1055/884/305 1057/886/307
f 1056/885/306 1057/886/307 1058/887/308
f 1058/887/308 1057/886/307 1059/888/309
f 1059/888/309 1057/886/307 1060/889/310
f 1059/888/309 1060/889/310 1061/890/311
f 1061/890/311 1060/889/310 1062/891/247
f 1062/891/247 1060/889/310 1063/892/312
f 1062/891/247 1063/892/312 1064/893/313
f 1064/893/313 1063/892/312 1065/894/314
f 1065/894/314 1063/892/312 1066/895/315
f 1065/894/314 1066/895/315 1067/896/316
f 1067/896/316 1066/895/315 1068/897/317
f 1068/897/317 1066/895/315 1069/898/318
f 1068/897/317 1069/898/318 1070/899/319
f 1070/899/319 1069/898/318 1071/900/320
f 1070/899/319 1071/900/320 1072/901/321
f 1072/901/321 1071/900/320 1073/902/322
f 1073/902/322 1071/900/320 361/196/1
f 1073/902/322 361/196/1 360/195/1
f 1074/903/11 1075/904/11 1076/905/11
f 1076/905/11 1075/904/11 1077/906/11
f 1076/905/11 1077/906/11 1078/907/11
f 1078/907/11 1077/906/11 1079/908/11
f 1078/907/11 1079/908/11 1080/909/11
f 1080/909/11 1079/908/11 1081/910/11
f 1080/909/11 1081/910/11 1082/911/11
f 1075/904/11 1074/903/11 1083/912/11
f 1083/912/11 1074/903/11 1084/913/11
f 1083/912/11 1084/913/11 1085/914/11
f 1085/914/11 1084/913/11 1086/915/11
f 1085/914/11 1086/915/11 1087/916/11
f 1087/916/11 1086/915/11 1088/917/11
f 1087/916/11 1088/917/11 1089/918/11
f 1082/911/11 1090/919/11 1080/909/11
f 1080/909/11 1090/919/11 1091/920/11
f 1092/921/11 1093/922/11 1094/923/323
f 1094/923/323 1093/922/11 1095/924/9
f 1094/923/323 1095/924/9 1096/925/324
f 1096/925/324 1095/924/9 1097/926/7
f 1096/925/324 1097/926/7 1098/927/325
f 1098/927/325 1097/926/7 1099/928/5
f 1098/927/325 1099/928/5 1100/929/326
f 1100/929/326 1099/928/5 1101/930/3
f 1100/929/326 1101/930/3 1102/931/320
f 1102/931/320 1101/930/3 1103/932/1
f 1100/929/326 1102/931/320 1104/933/327
f 1104/933/327 1102/931/320 1105/934/318
f 1104/933/327 1105/934/318 1106/935/328
f 1106/935/328 1105/934/318 1107/936/315
f 1106/935/328 1107/936/315 1108/937/329
f 1108/937/329 1107/936/315 1109/938/312
f 1108/937/329 1109/938/312 1110/939/330
f 1110/939/330 1109/938/312 1111/940/310
f 1110/939/330 1111/940/310 1112/941/331
f 1112/941/331 1111/940/310 1113/942/307
f 1112/941/331 1113/942/307 1114/943/332
f 1114/943/332 1113/942/307 1115/944/305
f 1114/943/332 1115/944/305 1116/945/333
f 1116/945/333 1115/944/305 1117/946/302
f 1116/945/333 1117/946/302 302/137/19
f 302/137/19 1117/946/302 300/1/21
f 302/137/19 304/139/17 1116/945/333
f 1116/945/333 304/139/17 1118/947/334
f 1116/945/333 1118/947/334 1114/943/332
f 1114/943/332 1118/947/334 1119/948/335
f 1114/943/332 1119/948/335 1112/941/331
f 1112/941/331 1119/948/335 1120/949/336
f 1112/941/331 1120/949/336 1110/939/330
f 1110/939/330 1120/949/336 1121/950/337
f 1110/939/330 1121/950/337 1108/937/329
f 1108/937/329 1121/950/337 1122/951/338
f 1108/937/329 1122/951/338 1106/935/328
f 1106/935/328 1122/951/338 1123/952/339
f 1106/935/328 1123/952/339 1104/933/327
f 1104/933/327 1123/952/339 1124/953/340
f 1104/933/327 1124/953/340 1100/929/326
f 1100/929/326 1124/953/340 1098/927/325
f 304/139/17 306/141/15 1118/947/334
f 1118/947/334 306/141/15 1125/954/341
f 1118/947/334 1125/954/341 1119/948/335
f 1119/948/335 1125/954/341 1126/955/342
f 1119/948/335 1126/955/342 1120/949/336
f 1120/949/336 1126/955/342 1127/956/343
f 1120/949/336 1127/956/343 1121/950/337
f 1121/950/337 1127/956/343 1128/957/344
f 1121/950/337 1128/957/344 1122/951/338
f 1122/951/338 1128/957/344 1129/958/345
f 1122/951/338 1129/958/345 1123/952/339
f 1123/952/339 1129/958/345 1130/959/346
f 1123/952/339 1130/959/346 1124/953/340
f 1124/953/340 1130/959/346 1131/960/347
f 1124/953/340 1131/960/347 1098/927/325
f 1098/927/325 1131/960/347 1096/925/324
f 306/141/15 308/143/13 1125/954/341
f 1125/954/341 308/143/13 1132/961/348
f 1125/954/341 1132/961/348 1126/955/342
f 1126/955/342 1132/961/348 1133/962/349
f 1126/955/342 1133/962/349 1127/956/343
f 1127/956/343 1133/962/349 1134/963/350
f 1127/956/343 1134/963/350 1128/957/344
f 1128/957/344 1134/963/350 1135/964/351
f 1128/957/344 1135/964/351 1129/958/345
f 1129/958/345 1135/964/351 1136/965/352
f 1129/958/345 1136/965/352 1130/959/346
f 1130/959/346 1136/965/352 1137/966/353
f 1130/959/346 1137/966/353 1131/960/347
f 1131/960/347 1137/966/353 1138/967/354
f 1131/960/347 1138/967/354 1096/925/324
f 1096/925/324 1138/967/354 1094/923/323
f 308/143/13 310/145/11 1132/961/348
f 1132/961/348 310/145/11 1139/968/11
f 1132/961/348 1139/968/11 1133/962/349
f 1133/962/349 1139/968/11 1140/969/11
f 1133/962/349 1140/969/11 1134/963/350
f 1134/963/350 1140/969/11 1141/970/11
f 1134/963/350 1141/970/11 1135/964/351
f 1135/964/351 1141/970/11 1142/971/11
f 1135/964/351 1142/971/11 1136/965/352
f 1136/965/352 1142/971/11 1143/972/11
f 1136/965/352 1143/972/11 1137/966/353
f 1137/966/353 1143/972/11 1144/973/11
f 1137/966/353 1144/973/11 1138/967/354
f 1138/967/354 1144/973/11 1145/974/11
f 1138/967/354 1145/974/11 1094/923/323
f 1094/923/323 1145/974/11 1092/921/11
f 1146/975/1 1147/976/1 1148/977/355
f 1148/977/355 1147/976/1 1149/978/355
f 1148/977/355 1149/978/355 1150/979/356
f 1150/979/356 1149/978/355 1151/980/356
f 1150/979/356 1151/980/356 1152/981/357
f 1152/981/357 1151/980/356 1153/982/357
f 1152/981/357 1153/982/357 1154/983/358
f 1154/983/358 1153/982/357 1155/984/358
f 1154/983/358 1155/984/358 1156/985/359
f 1156/985/359 1155/984/358 1157/986/359
f 1156/985/359 1157/986/359 1158/987/360
f 1158/987/360 1157/986/359 1159/988/360
f 1158/987/360 1159/988/360 1160/989/361
f 1160/989/361 1159/988/360 1161/990/361
f 1160/989/361 1161/990/361 1162/991/362
f 1162/991/362 1161/990/361 1163/992/362
f 1162/991/362 1163/992/362 1164/993/363
f 1164/993/363 1163/992/362 1165/994/363
f 1164/993/363 1165/994/363 1166/995/364
f 1166/995/364 1165/994/363 1167/996/364
f 1166/995/364 1167/996/364 1168/997/365
f 1168/997/365 1167/996/364 1169/998/365
f 1168/997/365 1169/998/365 1170/999/366
f 1170/999/366 1169/998/365 1171/1000/366
f 1170/999/366 1171/1000/366 272/109/21
f 272/109/21 1171/1000/366 273/1/21
f 1172/1001/124 1173/1002/124 1174/1003/124
f 1174/1003/124 1173/1002/124 1175/1004/124
f 1175/1004/124 1173/1002/124 1176/1005/124
f 1176/1005/124 1173/1002/124 1177/1006/124
f 1177/1006/124 1173/1002/124 1178/1007/124
f 1178/1007/124 1173/1002/124 1179/1008/124
f 1178/1007/124 1179/1008/124 1180/1009/124
f 1180/1009/124 1179/1008/124 1181/1010/124
f 1181/1010/124 1179/1008/124 1182/1011/124
f 1182/1011/124 1179/1008/124 1183/1012/124
f 1183/1012/124 1179/1008/124 1184/1013/124
f 1184/1013/124 1179/1008/124 1185/1014/124
f 1185/1014/124 1179/1008/124 1186/1015/124
f 1186/1015/124 1179/1008/124 1187/1016/124
f 1187/1016/124 1179/1008/124 1188/1017/124
f 1188/1017/124 1179/1008/124 1189/1018/124
f 1189/1018/124 1179/1008/124 1190/1019/124
f 1189/1018/124 1190/1019/124 1191/1020/124
f 1191/1020/124 1190/1019/124 1192/1021/124
f 1191/1020/124 1192/1021/124 1193/1022/124
f 1193/1022/124 1192/1021/124 1194/1023/124
f 1193/1022/124 1194/1023/124 1195/1024/124
f 1195/1024/124 1194/1023/124 1196/1025/124
f 1195/1024/124 1196/1025/124 1197/1026/124
f 1198/1027/31 1199/1028/31 1200/1029/367
f 1200/1029/367 1199/1028/31 1201/1030/368
f 1200/1029/367 1201/1030/368 1202/1031/369
f 1202/1031/369 1201/1030/368 1203/1032/370
f 1202/1031/369 1203/1032/370 1204/1033/371
f 1204/1033/371 1203/1032/370 1205/1034/372
f 1204/1033/371 1205/1034/372 1206/1035/373
f 1206/1035/373 1205/1034/372 1207/1036/374
f 1206/1035/373 1207/1036/374 1208/1037/375
f 1208/1037/375 1207/1036/374 1209/1038/376
f 1208/1037/375 1209/1038/376 1210/1039/377
f 1210/1039/377 1209/1038/376 1211/1040/378
f 1210/1039/377 1211/1040/378 1212/1041/257
f 1212/1041/257 1211/1040/378 1213/1042/379
f 1212/1041/257 1213/1042/379 1214/1043/380
f 1214/1043/380 1213/1042/379 1215/1044/381
f 1214/1043/380 1215/1044/381 1216/1045/382
f 1216/1045/382 1215/1044/381 1217/1046/383
f 1216/1045/382 1217/1046/383 1218/1047/384
f 1218/1047/384 1217/1046/383 1219/1048/385
f 1218/1047/384 1219/1048/385 1220/1049/386
f 1220/1049/386 1219/1048/385 1221/1050/387
f 1220/1049/386 1221/1050/387 1222/1051/388
f 1222/1051/388 1221/1050/387 1223/1052/389
f 1222/1051/388 1223/1052/389 1224/1053/390
f 1224/1053/390 1223/1052/389 244/1/22
f 1224/1053/390 244/1/22 243/81/22
f 1225/1054/1 1226/1055/1 1227/1056/391
f 1227/1056/391 1226/1055/1 1228/1057/391
f 1227/1056/391 1228/1057/391 1229/1058/392
f 1229/1058/392 1228/1057/391 1230/1059/392
f 1229/1058/392 1230/1059/392 1231/1060/393
f 1231/1060/393 1230/1059/392 1232/1061/393
f 1231/1060/393 1232/1061/393 1233/1062/394
f 1233/1062/394 1232/1061/393 1234/1063/394
f 1233/1062/394 1234/1063/394 1235/1064/395
f 1235/1064/395 1234/1063/394 1236/1065/395
f 1235/1064/395 1236/1065/395 1237/1066/396
f 1237/1066/396 1236/1065/395 1238/1067/396
f 1237/1066/396 1238/1067/396 1239/1068/397
f 1239/1068/397 1238/1067/396 1240/1069/397
f 1239/1068/397 1240/1069/397 1241/1070/398
f 1241/1070/398 1240/1069/397 1242/1071/398
f 1241/1070/398 1242/1071/398 223/62/21
f 223/62/21 1242/1071/398 224/1/21
f 1243/1072/124 1244/1073/124 1245/1074/124
f 1245/1074/124 1244/1073/124 1246/1075/124
f 1245/1074/124 1246/1075/124 1247/1076/124
f 1247/1076/124 1246/1075/124 1248/1077/124
f 1247/1076/124 1248/1077/124 1249/1078/124
f 1249/1078/124 1248/1077/124 1250/1079/124
f 1249/1078/124 1250/1079/124 1251/1080/124
f 1244/1073/124 1243/1072/124 1252/1081/124
f 1252/1081/124 1243/1072/124 1253/1082/124
f 1252/1081/124 1253/1082/124 1254/1083/124
f 1254/1083/124 1253/1082/124 1255/1084/124
f 1254/1083/124 1255/1084/124 1256/1085/124
f 1256/1085/124 1255/1084/124 1257/1086/124
f 1256/1085/124 1257/1086/124 1258/1087/124
f 1251/1080/124 1259/1088/124 1249/1078/124
f 1249/1078/124 1259/1088/124 1260/1089/124
f 1261/1054/1 1262/1055/1 1263/1056/391
f 1263/1056/391 1262/1055/1 1264/1057/391
f 1263/1056/391 1264/1057/391 1265/1058/392
f 1265/1058/392 1264/1057/391 1266/1059/392
f 1265/1058/392 1266/1059/392 1267/1060/393
f 1267/1060/393 1266/1059/392 1268/1061/393
f 1267/1060/393 1268/1061/393 1269/1062/394
f 1269/1062/394 1268/1061/393 1270/1063/394
f 1269/1062/394 1270/1063/394 1271/1064/395
f 1271/1064/395 1270/1063/394 1272/1065/395
f 1271/1064/395 1272/1065/395 1273/1066/396
f 1273/1066/396 1272/1065/395 1274/1067/396
f 1273/1066/396 1274/1067/396 1275/1068/397
f 1275/1068/397 1274/1067/396 1276/1069/397
f 1275/1068/397 1276/1069/397 1277/1070/398
f 1277/1070/398 1276/1069/397 1278/1071/398
f 1277/1070/398 1278/1071/398 203/62/21
f 203/62/21 1278/1071/398 204/1/21
f 1279/1072/124 1280/1073/124 1281/1074/124
f 1281/1074/124 1280/1073/124 1282/1075/124
f 1281/1074/124 1282/1075/124 1283/1076/124
f 1283/1076/124 1282/1075/124 1284/1077/124
f 1283/1076/124 1284/1077/124 1285/1078/124
f 1285/1078/124 1284/1077/124 1286/1079/124
f 1285/1078/124 1286/1079/124 1287/1080/124
f 1280/1073/124 1279/1072/124 1288/1081/124
f 1288/1081/124 1279/1072/124 1289/1082/124
f 1288/1081/124 1289/1082/124 1290/1083/124
f 1290/1083/124 1289/1082/124 1291/1084/124
f 1290/1083/124 1291/1084/124 1292/1085/124
f 1292/1085/124 1291/1084/124 1293/1086/124
f 1292/1085/124 1293/1086/124 1294/1087/124
f 1287/1080/124 1295/1088/124 1285/1078/124
f 1285/1078/124 1295/1088/124 1296/1089/124
f 1297/1054/1 1298/1055/1 1299/1056/391
f 1299/1056/391 1298/1055/1 1300/1057/391
f 1299/1056/391 1300/1057/391 1301/1058/392
f 1301/1058/392 1300/1057/391 1302/1059/392
f 1301/1058/392 1302/1059/392 1303/1060/393
f 1303/1060/393 1302/1059/392 1304/1061/393
f 1303/1060/393 1304/1061/393 1305/1062/394
f 1305/1062/394 1304/1061/393 1306/1063/394
f 1305/1062/394 1306/1063/394 1307/1064/395
f 1307/1064/395 1306/1063/394 1308/1065/395
f 1307/1064/395 1308/1065/395 1309/1066/396
f 1309/1066/396 1308/1065/395 1310/1067/396
f 1309/1066/396 1310/1067/396 1311/1068/397
f 1311/1068/397 1310/1067/396 1312/1069/397
f 1311/1068/397 1312/1069/397 1313/1070/398
f 1313/1070/398 1312/1069/397 1314/1071/398
f 1313/1070/398 1314/1071/398 183/62/21
f 183/62/21 1314/1071/398 184/1/21
f 1315/1072/124 1316/1073/124 1317/1074/124
f 1317/1074/124 1316/1073/124 1318/1075/124
f 1317/1074/124 1318/1075/124 1319/1076/124
f 1319/1076/124 1318/1075/124 1320/1077/124
f 1319/1076/124 1320/1077/124 1321/1078/124
f 1321/1078/124 1320/1077/124 1322/1079/124
f 1321/1078/124 1322/1079/124 1323/1080/124
f 1316/1073/124 1315/1072/124 1324/1081/124
f 1324/1081/124 1315/1072/124 1325/1082/124
f 1324/1081/124 1325/1082/124 1326/1083/124
f 1326/1083/124 1325/1082/124 1327/1084/124
f 1326/1083/124 1327/1084/124 1328/1085/124
f 1328/1085/124 1327/1084/124 1329/1086/124
f 1328/1085/124 1329/1086/124 1330/1087/124
f 1323/1080/124 1331/1088/124 1321/1078/124
f 1321/1078/124 1331/1088/124 1332/1089/124
f 1333/1054/1 1334/1055/1 1335/1056/391
f 1335/1056/391 1334/1055/1 1336/1057/391
f 1335/1056/391 1336/1057/391 1337/1058/392
f 1337/1058/392 1336/1057/391 1338/1059/392
f 1337/1058/392 1338/1059/392 1339/1060/393
f 1339/1060/393 1338/1059/392 1340/1061/393
f 1339/1060/393 1340/1061/393 1341/1062/394
f 1341/1062/394 1340/1061/393 1342/1063/394
f 1341/1062/394 1342/1063/394 1343/1064/395
f 1343/1064/395 1342/1063/394 1344/1065/395
f 1343/1064/395 1344/1065/395 1345/1066/396
f 1345/1066/396 1344/1065/395 1346/1067/396
f 1345/1066/396 1346/1067/396 1347/1068/397
f 1347/1068/397 1346/1067/396 1348/1069/397
f 1347/1068/397 1348/1069/397 1349/1070/398
f 1349/1070/398 1348/1069/397 1350/1071/398
f 1349/1070/398 1350/1071/398 163/62/21
f 163/62/21 1350/1071/398 164/1/21
f 1351/1072/124 1352/1073/124 1353/1074/124
f 1353/1074/124 1352/1073/124 1354/1075/124
f 1353/1074/124 1354/1075/124 1355/1076/124
f 1355/1076/124 1354/1075/124 1356/1077/124
f 1355/1076/124 1356/1077/124 1357/1078/124
f 1357/1078/124 1356/1077/124 1358/1079/124
f 1357/1078/124 1358/1079/124 1359/1080/124
f 1352/1073/124 1351/1072/124 1360/1081/124
f 1360/1081/124 1351/1072/124 1361/1082/124
f 1360/1081/124 1361/1082/124 1362/1083/124
f 1362/1083/124 1361/1082/124 1363/1084/124
f 1362/1083/124 1363/1084/124 1364/1085/124
f 1364/1085/124 1363/1084/124 1365/1086/124
f 1364/1085/124 1365/1086/124 1366/1087/124
f 1359/1080/124 1367/1088/124 1357/1078/124
f 1357/1078/124 1367/1088/124 1368/1089/124
f 1369/1054/1 1370/1055/1 1371/1056/391
f 1371/1056/391 1370/1055/1 1372/1057/391
f 1371/1056/391 1372/1057/391 1373/1058/392
f 1373/1058/392 1372/1057/391 1374/1059/392
f 1373/1058/392 1374/1059/392 1375/1060/393
f 1375/1060/393 1374/1059/392 1376/1061/393
f 1375/1060/393 1376/1061/393 1377/1062/394
f 1377/1062/394 1376/1061/393 1378/1063/394
f 1377/1062/394 1378/1063/394 1379/1064/395
f 1379/1064/395 1378/1063/394 1380/1065/395
f 1379/1064/395 1380/1065/395 1381/1066/396
f 1381/1066/396 1380/1065/395 1382/1067/396
f 1381/1066/396 1382/1067/396 1383/1068/397
f 1383/1068/397 1382/1067/396 1384/1069/397
f 1383/1068/397 1384/1069/397 1385/1070/398
f 1385/1070/398 1384/1069/397 1386/1071/398
f 1385/1070/398 1386/1071/398 143/62/21
f 143/62/21 1386/1071/398 144/1/21
f 1387/1072/124 1388/1073/124 1389/1074/124
f 1389/1074/124 1388/1073/124 1390/1075/124
f 1389/1074/124 1390/1075/124 1391/1076/124
f 1391/1076/124 1390/1075/124 1392/1077/124
f 1391/1076/124 1392/1077/124 1393/1078/124
f 1393/1078/124 1392/1077/124 1394/1079/124
f 1393/1078/124 1394/1079/124 1395/1080/124
f 1388/1073/124 1387/1072/124 1396/1081/124
f 1396/1081/124 1387/1072/124 1397/1082/124
f 1396/1081/124 1397/1082/124 1398/1083/124
f 1398/1083/124 1397/1082/124 1399/1084/124
f 1398/1083/124 1399/1084/124 1400/1085/124
f 1400/1085/124 1399/1084/124 1401/1086/124
f 1400/1085/124 1401/1086/124 1402/1087/124
f 1395/1080/124 1403/1088/124 1393/1078/124
f 1393/1078/124 1403/1088/124 1404/1089/124
f 1405/1090/31 1406/1091/31 1407/1092/270
f 1407/1092/270 1406/1091/31 1408/1093/270
f 1407/1092/270 1408/1093/270 1409/1094/274
f 1409/1094/274 1408/1093/270 1410/1095/274
f 1409/1094/274 1410/1095/274 1411/1096/278
f 1411/1096/278 1410/1095/274 1412/1097/278
f 1411/1096/278 1412/1097/278 1413/1098/282
f 1413/1098/282 1412/1097/278 1414/1099/282
f 1413/1098/282 1414/1099/282 1415/1100/285
f 1415/1100/285 1414/1099/282 1416/1101/285
f 1415/1100/285 1416/1101/285 1417/1102/289
f 1417/1102/289 1416/1101/285 1418/1103/289
f 1417/1102/289 1418/1103/289 1419/1104/293
f 1419/1104/293 1418/1103/289 1420/1105/293
f 1419/1104/293 1420/1105/293 1421/1106/297
f 1421/1106/297 1420/1105/293 1422/1107/297
f 1421/1106/297 1422/1107/297 123/43/22
f 123/43/22 1422/1107/297 124/1/22
f 1423/1090/31 1424/1091/31 1425/1092/270
f 1425/1092/270 1424/1091/31 1426/1093/270
f 1425/1092/270 1426/1093/270 1427/1094/274
f 1427/1094/274 1426/1093/270 1428/1095/274
f 1427/1094/274 1428/1095/274 1429/1096/278
f 1429/1096/278 1428/1095/274 1430/1097/278
f 1429/1096/278 1430/1097/278 1431/1098/282
f 1431/1098/282 1430/1097/278 1432/1099/282
f 1431/1098/282 1432/1099/282 1433/1100/285
f 1433/1100/285 1432/1099/282 1434/1101/285
f 1433/1100/285 1434/1101/285 1435/1102/289
f 1435/1102/289 1434/1101/285 1436/1103/289
f 1435/1102/289 1436/1103/289 1437/1104/293
f 1437/1104/293 1436/1103/289 1438/1105/293
f 1437/1104/293 1438/1105/293 1439/1106/297
f 1439/1106/297 1438/1105/293 1440/1107/297
f 1439/1106/297 1440/1107/297 103/43/22
f 103/43/22 1440/1107/297 104/1/22
f 1441/1090/31 1442/1091/31 1443/1092/270
f 1443/1092/270 1442/1091/31 1444/1093/270
f 1443/1092/270 1444/1093/270 1445/1094/274
f 1445/1094/274 1444/1093/270 1446/1095/274
f 1445/1094/274 1446/1095/274 1447/1096/278
f 1447/1096/278 1446/1095/274 1448/1097/278
f 1447/1096/278 1448/1097/278 1449/1098/282
f 1449/1098/282 1448/1097/278 1450/1099/282
f 1449/1098/282 1450/1099/282 1451/1100/285
f 1451/1100/285 1450/1099/282 1452/1101/285
f 1451/1100/285 1452/1101/285 1453/1102/289
f 1453/1102/289 1452/1101/285 1454/1103/289
f 1453/1102/289 1454/1103/289 1455/1104/293
f 1455/1104/293 1454/1103/289 1456/1105/293
f 1455/1104/293 1456/1105/293 1457/1106/297
f 1457/1106/297 1456/1105/293 1458/1107/297
f 1457/1106/297 1458/1107/297 83/43/22
f 83/43/22 1458/1107/297 84/1/22
f 1459/1090/31 1460/1091/31 1461/1092/270
f 1461/1092/270 1460/1091/31 1462/1093/270
f 1461/1092/270 1462/1093/270 1463/1094/274
f 1463/1094/274 1462/1093/270 1464/1095/274
f 1463/1094/274 1464/1095/274 1465/1096/278
f 1465/1096/278 1464/1095/274 1466/1097/278
f 1465/1096/278 1466/1097/278 1467/1098/282
f 1467/1098/282 1466/1097/278 1468/1099/282
f 1467/1098/282 1468/1099/282 1469/1100/285
f 1469/1100/285 1468/1099/282 1470/1101/285
f 1469/1100/285 1470/1101/285 1471/1102/289
f 1471/1102/289 1470/1101/285 1472/1103/289
f 1471/1102/289 1472/1103/289 1473/1104/293
f 1473/1104/293 1472/1103/289 1474/1105/293
f 1473/1104/293 1474/1105/293 1475/1106/297
f 1475/1106/297 1474/1105/293 1476/1107/297
f 1475/1106/297 1476/1107/297 63/43/22
f 63/43/22 1476/1107/297 64/1/22
f 1477/1090/31 1478/1091/31 1479/1092/270
f 1479/1092/270 1478/1091/31 1480/1093/270
f 1479/1092/270 1480/1093/270 1481/1094/274
f 1481/1094/274 1480/1093/270 1482/1095/274
f 1481/1094/274 1482/1095/274 1483/1096/278
f 1483/1096/278 1482/1095/274 1484/1097/278
f 1483/1096/278 1484/1097/278 1485/1098/282
f 1485/1098/282 1484/1097/278 1486/1099/282
f 1485/1098/282 1486/1099/282 1487/1100/285
f 1487/1100/285 1486/1099/282 1488/1101/285
f 1487/1100/285 1488/1101/285 1489/1102/289
f 1489/1102/289 1488/1101/285 1490/1103/289
f 1489/1102/289 1490/1103/289 1491/1104/293
f 1491/1104/293 1490/1103/289 1492/1105/293
f 1491/1104/293 1492/1105/293 1493/1106/297
f 1493/1106/297 1492/1105/293 1494/1107/297
f 1493/1106/297 1494/1107/297 43/43/22
f 43/43/22 1494/1107/297 44/1/22
f 1495/1108/21 1496/1109/21 1497/1110/228
f 1497/1110/228 1496/1109/21 1498/1111/228
f 1497/1110/228 1498/1111/228 1499/1112/227
f 1497/1110/228 1499/1112/227 1500/1113/227
f 1500/1113/227 1499/1112/227 1501/1114/226
f 1500/1113/227 1501/1114/226 1502/1115/226
f 1502/1115/226 1501/1114/226 1503/1116/225
f 1502/1115/226 1503/1116/225 1504/1117/225
f 1504/1117/225 1503/1116/225 1505/1118/224
f 1504/1117/225 1505/1118/224 1506/1119/224
f 1506/1119/224 1505/1118/224 1507/1120/223
f 1506/1119/224 1507/1120/223 1508/1121/223
f 1508/1121/223 1507/1120/223 1509/1122/222
f 1508/1121/223 1509/1122/222 1510/1123/222
f 1510/1123/222 1509/1122/222 1511/1124/221
f 1510/1123/222 1511/1124/221 1512/1125/221
f 1512/1125/221 1511/1124/221 1513/1126/220
f 1512/1125/221 1513/1126/220 1514/1127/220
f 1514/1127/220 1513/1126/220 1515/1128/219
f 1514/1127/220 1515/1128/219 1516/1129/219
f 1516/1129/219 1515/1128/219 1517/1130/218
f 1516/1129/219 1517/1130/218 1518/1131/218
f 1518/1131/218 1517/1130/218 1519/1132/217
f 1518/1131/218 1519/1132/217 1520/1133/217
f 1520/1133/217 1519/1132/217 1521/1134/216
f 1520/1133/217 1521/1134/216 1522/1135/216
f 1522/1135/216 1521/1134/216 1523/1136/215
f 1522/1135/216 1523/1136/215 1524/1137/215
f 1524/1137/215 1523/1136/215 1525/1138/214
f 1524/1137/215 1525/1138/214 1526/1139/214
f 1526/1139/214 1525/1138/214 1527/1140/213
f 1526/1139/214 1527/1140/213 1528/1141/213
f 1528/1141/213 1527/1140/213 1529/1142/212
f 1528/1141/213 1529/1142/212 1530/1143/212
f 1530/1143/212 1529/1142/212 1531/1144/211
f 1530/1143/212 1531/1144/211 1532/1145/211
f 1532/1145/211 1531/1144/211 1533/1146/210
f 1532/1145/211 1533/1146/210 1534/1147/210
f 1534/1147/210 1533/1146/210 1/1/1
f 1534/1147/210 1/1/1 3/3/1
f 1535/1148/247 1536/1149/247 1537/1150/247
f 1537/1150/247 1536/1149/247 1538/1151/247
f 1537/1150/247 1538/1151/247 1539/1152/247
f 1539/1152/247 1538/1151/247 1540/1153/247
f 1539/1152/247 1540/1153/247 1541/1154/247
f 1541/1154/247 1540/1153/247 1542/1155/247
f 1541/1154/247 1542/1155/247 1543/1156/247
f 1543/1156/247 1542/1155/247 1544/1157/247
f 1543/1156/247 1544/1157/247 1545/1158/247
f 1545/1158/247 1544/1157/247 1546/1159/247
f 1545/1158/247 1546/1159/247 1547/1160/247
f 1547/1160/247 1546/1159/247 1548/1161/247
f 1547/1160/247 1548/1161/247 1549/1162/247
f 1549/1162/247 1548/1161/247 1550/1163/247
f 1549/1162/247 1550/1163/247 1551/1164/247
f 1551/1164/247 1550/1163/247 1552/1165/247
f 1551/1164/247 1552/1165/247 1553/1166/247
f 1553/1166/247 1552/1165/247 1554/1167/247
f 1553/1166/247 1554/1167/247 1555/1168/247
f 1555/1168/247 1554/1167/247 1556/1169/247
f 1555/1168/247 1556/1169/247 1557/1170/247
f 1536/1149/247 1535/1148/247 1558/1171/247
f 1558/1171/247 1535/1148/247 1559/1172/247
f 1558/1171/247 1559/1172/247 1560/1173/247
f 1560/1173/247 1559/1172/247 1561/1174/247
f 1560/1173/247 1561/1174/247 1562/1175/247
f 1562/1175/247 1561/1174/247 1563/1176/247
f 1562/1175/247 1563/1176/247 1564/1177/247
f 1564/1177/247 1563/1176/247 1565/1178/247
f 1564/1177/247 1565/1178/247 1566/1179/247
f 1566/1179/247 1565/1178/247 1567/1180/247
f 1566/1179/247 1567/1180/247 1568/1181/247
f 1568/1181/247 1567/1180/247 1569/1182/247
f 1568/1181/247 1569/1182/247 1570/1183/247
f 1570/1183/247 1569/1182/247 1571/1184/247
f 1570/1183/247 1571/1184/247 1572/1185/247
f 1572/1185/247 1571/1184/247 1573/1186/247
f 1572/1185/247 1573/1186/247 1574/1187/247
# Vertices: 1574, normals: 398, texture coordinates: 1187, faces: 1600

